phase,objects,individual,frame_ms,draw_calls,submitted_instances,submitted_elements,previous_present_result
0,0,0,3.4391,214,244,1047927,0
0,0,0,3.1336,214,244,1047927,0
0,0,0,3.2529,214,244,1047927,0
0,0,0,3.0243,214,244,1047927,0
0,0,0,12.7688,214,244,1047927,0
0,0,0,2.4461,214,244,1047927,0
0,0,0,2.3827,214,244,1047927,0
0,0,0,74.4014,214,244,1047927,0
0,0,0,4.4687,214,244,1047927,0
0,0,0,2.9488,214,244,1047927,0
0,0,0,2.2956,214,244,1047927,0
0,0,0,2.461,214,244,1047927,0
0,0,0,2.3231,214,244,1047927,0
0,0,0,2.1438,214,244,1047927,0
0,0,0,1.7881,214,244,1047927,0
0,0,0,2.153,214,244,1047927,0
0,0,0,2.1245,214,244,1047927,0
0,0,0,1.8682,214,244,1047927,0
0,0,0,2.0762,214,244,1047927,0
0,0,0,2.3838,214,244,1047927,0
0,0,0,2.2629,214,244,1047927,0
0,0,0,2.1611,214,244,1047927,0
0,0,0,2.4099,214,244,1047927,0
0,0,0,1.9898,214,244,1047927,0
0,0,0,2.0361,214,244,1047927,0
0,0,0,2.5919,214,244,1047927,0
0,0,0,2.5961,214,244,1047927,0
0,0,0,2.3936,214,244,1047927,0
0,0,0,2.1895,214,244,1047927,0
0,0,0,2.4338,214,244,1047927,0
0,0,0,2.4843,214,244,1047927,0
0,0,0,2.2375,214,244,1047927,0
0,0,0,2.2852,214,244,1047927,0
0,0,0,2.2535,214,244,1047927,0
0,0,0,2.2464,214,244,1047927,0
0,0,0,2.5044,214,244,1047927,0
0,0,0,2.4416,214,244,1047927,0
0,0,0,2.4901,214,244,1047927,0
0,0,0,2.3012,214,244,1047927,0
0,0,0,2.15,214,244,1047927,0
0,0,0,2.0191,214,244,1047927,0
0,0,0,2.1875,214,244,1047927,0
0,0,0,2.2214,214,244,1047927,0
0,0,0,2.2391,214,244,1047927,0
0,0,0,2.2395,214,244,1047927,0
0,0,0,2.3376,214,244,1047927,0
0,0,0,2.3621,214,244,1047927,0
0,0,0,2.4627,214,244,1047927,0
0,0,0,2.3513,214,244,1047927,0
0,0,0,2.3055,214,244,1047927,0
0,0,0,2.016,214,244,1047927,0
0,0,0,2.3073,214,244,1047927,0
0,0,0,3.076,214,244,1047927,0
0,0,0,2.4614,214,244,1047927,0
0,0,0,2.3091,214,244,1047927,0
0,0,0,2.4209,214,244,1047927,0
0,0,0,2.3576,214,244,1047927,0
0,0,0,1.8551,214,244,1047927,0
0,0,0,2.0803,214,244,1047927,0
0,0,0,2.1421,214,244,1047927,0
0,0,0,2.1782,214,244,1047927,0
0,0,0,2.0303,214,244,1047927,0
0,0,0,2.3264,214,244,1047927,0
0,0,0,2.2545,214,244,1047927,0
0,0,0,2.1326,214,244,1047927,0
0,0,0,2.417,214,244,1047927,0
0,0,0,2.2165,214,244,1047927,0
0,0,0,1.8036,214,244,1047927,0
0,0,0,2.1152,214,244,1047927,0
0,0,0,2.0766,214,244,1047927,0
0,0,0,2.0005,214,244,1047927,0
0,0,0,2.4204,214,244,1047927,0
0,0,0,2.2274,214,244,1047927,0
0,0,0,2.2607,214,244,1047927,0
0,0,0,2.3539,214,244,1047927,0
0,0,0,2.3794,214,244,1047927,0
0,0,0,2.2441,214,244,1047927,0
0,0,0,2.1111,214,244,1047927,0
0,0,0,2.257,214,244,1047927,0
0,0,0,2.1536,214,244,1047927,0
0,0,0,2.0506,214,244,1047927,0
0,0,0,2.1667,214,244,1047927,0
0,0,0,2.1662,214,244,1047927,0
0,0,0,1.8006,214,244,1047927,0
0,0,0,2.1851,214,244,1047927,0
0,0,0,2.2254,214,244,1047927,0
0,0,0,3.3726,214,244,1047927,0
0,0,0,2.0578,214,244,1047927,0
0,0,0,2.1731,214,244,1047927,0
0,0,0,2.2397,214,244,1047927,0
0,0,0,2.1239,214,244,1047927,0
0,0,0,2.1772,214,244,1047927,0
0,0,0,1.8886,214,244,1047927,0
0,0,0,3.0636,214,244,1047927,0
0,0,0,2.7045,214,244,1047927,0
0,0,0,3.7061,214,244,1047927,0
0,0,0,3.2806,214,244,1047927,0
0,0,0,3.0257,214,244,1047927,0
0,0,0,3.2806,214,244,1047927,0
0,0,0,3.1865,214,244,1047927,0
0,0,0,2.9264,214,244,1047927,0
0,0,0,3.4845,214,244,1047927,0
0,0,0,3.0729,214,244,1047927,0
0,0,0,3.3775,214,244,1047927,0
0,0,0,3.0157,214,244,1047927,0
0,0,0,3.1476,214,244,1047927,0
0,0,0,3.6607,214,244,1047927,0
0,0,0,2.686,214,244,1047927,0
0,0,0,3.3709,214,244,1047927,0
0,0,0,29.389,214,244,1047927,0
0,0,0,3.0481,214,244,1047927,0
0,0,0,2.3892,214,244,1047927,0
0,0,0,2.3297,214,244,1047927,0
0,0,0,2.3219,214,244,1047927,0
0,0,0,2.2549,214,244,1047927,0
0,0,0,2.8224,214,244,1047927,0
0,0,0,2.1875,214,244,1047927,0
0,0,0,1.7774,214,244,1047927,0
0,0,0,2.1564,214,244,1047927,0
0,0,0,2.0845,214,244,1047927,0
0,0,0,2.4379,214,244,1047927,0
0,0,0,2.2307,214,244,1047927,0
0,0,0,2.0179,214,244,1047927,0
0,0,0,2.1472,214,244,1047927,0
0,0,0,2.387,214,244,1047927,0
0,0,0,2.312,214,244,1047927,0
0,0,0,2.2457,214,244,1047927,0
0,0,0,2.1146,214,244,1047927,0
0,0,0,2.5175,214,244,1047927,0
0,0,0,2.8161,214,244,1047927,0
0,0,0,2.2137,214,244,1047927,0
0,0,0,2.1278,214,244,1047927,0
0,0,0,5.8369,214,244,1047927,0
0,0,0,2.1231,214,244,1047927,0
0,0,0,2.1352,214,244,1047927,0
0,0,0,4.8298,214,244,1047927,0
0,0,0,25.4281,214,244,1047927,0
0,0,0,22.3305,214,244,1047927,0
0,0,0,22.2474,214,244,1047927,0
0,0,0,3.6257,214,244,1047927,0
0,0,0,2.2863,214,244,1047927,0
0,0,0,2.2924,214,244,1047927,0
0,0,0,2.1336,214,244,1047927,0
0,0,0,2.3467,214,244,1047927,0
0,0,0,2.1396,214,244,1047927,0
0,0,0,2.1888,214,244,1047927,0
0,0,0,2.0083,214,244,1047927,0
0,0,0,2.1478,214,244,1047927,0
0,0,0,2.2256,214,244,1047927,0
0,0,0,2.1261,214,244,1047927,0
0,0,0,1.8195,214,244,1047927,0
0,0,0,2.0682,214,244,1047927,0
0,0,0,2.2346,214,244,1047927,0
0,0,0,2.5525,214,244,1047927,0
0,0,0,2.1813,214,244,1047927,0
0,0,0,2.1233,214,244,1047927,0
0,0,0,2.0528,214,244,1047927,0
0,0,0,2.7438,214,244,1047927,0
0,0,0,2.829,214,244,1047927,0
0,0,0,2.1825,214,244,1047927,0
0,0,0,2.2643,214,244,1047927,0
0,0,0,2.4151,214,244,1047927,0
0,0,0,2.2949,214,244,1047927,0
0,0,0,2.1458,214,244,1047927,0
0,0,0,2.1581,214,244,1047927,0
0,0,0,2.1432,214,244,1047927,0
0,0,0,2.3928,214,244,1047927,0
0,0,0,2.1178,214,244,1047927,0
0,0,0,1.8632,214,244,1047927,0
0,0,0,2.2025,214,244,1047927,0
0,0,0,2.1419,214,244,1047927,0
0,0,0,2.188,214,244,1047927,0
0,0,0,2.297,214,244,1047927,0
0,0,0,2.3641,214,244,1047927,0
0,0,0,2.1237,214,244,1047927,0
0,0,0,2.1966,214,244,1047927,0
0,0,0,2.1707,214,244,1047927,0
0,0,0,2.2251,214,244,1047927,0
0,0,0,2.1387,214,244,1047927,0
0,0,0,2.0477,214,244,1047927,0
0,0,0,2.2097,214,244,1047927,0
0,0,0,2.0872,214,244,1047927,0
0,0,0,2.2218,214,244,1047927,0
0,0,0,3.8698,214,244,1047927,0
0,0,0,3.1809,214,244,1047927,0
0,0,0,2.2379,214,244,1047927,0
0,0,0,2.0554,214,244,1047927,0
0,0,0,2.2263,214,244,1047927,0
0,0,0,2.3821,214,244,1047927,0
0,0,0,2.5386,214,244,1047927,0
0,0,0,2.1872,214,244,1047927,0
0,0,0,2.1484,214,244,1047927,0
0,0,0,2.4642,214,244,1047927,0
0,0,0,3.1499,214,244,1047927,0
0,0,0,2.3879,214,244,1047927,0
0,0,0,2.2125,214,244,1047927,0
0,0,0,2.2355,214,244,1047927,0
0,0,0,2.2654,214,244,1047927,0
0,0,0,2.154,214,244,1047927,0
0,0,0,2.1681,214,244,1047927,0
0,0,0,2.139,214,244,1047927,0
0,0,0,2.9017,214,244,1047927,0
0,0,0,2.324,214,244,1047927,0
0,0,0,1.7519,214,244,1047927,0
0,0,0,2.2224,214,244,1047927,0
0,0,0,2.2434,214,244,1047927,0
0,0,0,2.3336,214,244,1047927,0
0,0,0,2.1317,214,244,1047927,0
0,0,0,2.0087,214,244,1047927,0
0,0,0,2.1594,214,244,1047927,0
0,0,0,2.1013,214,244,1047927,0
0,0,0,2.1784,214,244,1047927,0
0,0,0,1.8597,214,244,1047927,0
0,0,0,2.055,214,244,1047927,0
0,0,0,2.1663,214,244,1047927,0
0,0,0,2.4757,214,244,1047927,0
0,0,0,3.6805,214,244,1047927,0
0,0,0,3.1059,214,244,1047927,0
0,0,0,3.3169,214,244,1047927,0
0,0,0,3.185,214,244,1047927,0
0,0,0,9.8662,214,244,1047927,0
0,0,0,2.3588,214,244,1047927,0
0,0,0,2.1657,214,244,1047927,0
0,0,0,2.2098,214,244,1047927,0
0,0,0,2.4158,214,244,1047927,0
0,0,0,2.3087,214,244,1047927,0
0,0,0,2.0569,214,244,1047927,0
0,0,0,2.306,214,244,1047927,0
0,0,0,2.8495,214,244,1047927,0
0,0,0,3.4211,214,244,1047927,0
0,0,0,3.1121,214,244,1047927,0
0,0,0,3.3749,214,244,1047927,0
0,0,0,3.1384,214,244,1047927,0
0,0,0,3.1144,214,244,1047927,0
0,0,0,3.3942,214,244,1047927,0
0,0,0,2.7687,214,244,1047927,0
0,0,0,3.4481,214,244,1047927,0
0,0,0,3.4855,214,244,1047927,0
0,0,0,2.8334,214,244,1047927,0
0,0,0,3.3863,214,244,1047927,0
0,0,0,2.7293,214,244,1047927,0
0,0,0,3.7843,214,244,1047927,0
0,0,0,3.1807,214,244,1047927,0
0,0,0,12.8558,214,244,1047927,0
0,0,0,2.8995,214,244,1047927,0
0,0,0,2.2294,214,244,1047927,0
0,0,0,2.2051,214,244,1047927,0
0,0,0,2.1866,214,244,1047927,0
0,0,0,2.1455,214,244,1047927,0
0,0,0,3.4225,214,244,1047927,0
0,0,0,2.4186,214,244,1047927,0
0,0,0,2.2622,214,244,1047927,0
0,0,0,2.3247,214,244,1047927,0
0,0,0,2.3405,214,244,1047927,0
0,0,0,2.083,214,244,1047927,0
0,0,0,2.3052,214,244,1047927,0
0,0,0,2.7557,214,244,1047927,0
0,0,0,3.2096,214,244,1047927,0
0,0,0,3.0289,214,244,1047927,0
0,0,0,3.2485,214,244,1047927,0
0,0,0,13.034,214,244,1047927,0
0,0,0,2.4873,214,244,1047927,0
0,0,0,2.6104,214,244,1047927,0
0,0,0,73.6583,214,244,1047927,0
0,0,0,4.2441,214,244,1047927,0
0,0,0,2.4776,214,244,1047927,0
0,0,0,2.0955,214,244,1047927,0
0,0,0,2.1697,214,244,1047927,0
0,0,0,2.0978,214,244,1047927,0
0,0,0,2.1629,214,244,1047927,0
0,0,0,2.1834,214,244,1047927,0
0,0,0,2.11,214,244,1047927,0
0,0,0,2.1291,214,244,1047927,0
0,0,0,2.1786,214,244,1047927,0
0,0,0,2.0747,214,244,1047927,0
0,0,0,2.1077,214,244,1047927,0
0,0,0,2.0549,214,244,1047927,0
0,0,0,2.1481,214,244,1047927,0
0,0,0,2.3605,214,244,1047927,0
0,0,0,2.0955,214,244,1047927,0
0,0,0,2.0769,214,244,1047927,0
0,0,0,2.1099,214,244,1047927,0
0,0,0,1.8699,214,244,1047927,0
0,0,0,2.6621,214,244,1047927,0
0,0,0,2.2773,214,244,1047927,0
0,0,0,2.1504,214,244,1047927,0
0,0,0,2.1997,214,244,1047927,0
0,0,0,2.1942,214,244,1047927,0
0,0,0,2.208,214,244,1047927,0
0,0,0,2.2753,214,244,1047927,0
0,0,0,2.068,214,244,1047927,0
0,0,0,2.1717,214,244,1047927,0
0,0,0,2.4903,214,244,1047927,0
0,0,0,2.1421,214,244,1047927,0
0,0,0,2.2975,214,244,1047927,0
0,0,0,2.3164,214,244,1047927,0
0,0,0,2.4392,214,244,1047927,0
0,0,0,2.3476,214,244,1047927,0
0,0,0,2.0964,214,244,1047927,0
0,0,0,1.8106,214,244,1047927,0
0,0,0,2.2125,214,244,1047927,0
0,0,0,2.5514,214,244,1047927,0
0,0,0,2.2332,214,244,1047927,0
0,0,0,2.0634,214,244,1047927,0
0,0,0,2.1071,214,244,1047927,0
0,0,0,2.2674,214,244,1047927,0
0,0,0,2.065,214,244,1047927,0
0,0,0,2.1136,214,244,1047927,0
0,0,0,2.1334,214,244,1047927,0
0,0,0,2.1296,214,244,1047927,0
0,0,0,2.3684,214,244,1047927,0
0,0,0,2.2328,214,244,1047927,0
0,0,0,2.2255,214,244,1047927,0
0,0,0,2.2438,214,244,1047927,0
0,0,0,2.1762,214,244,1047927,0
0,0,0,3.1117,214,244,1047927,0
0,0,0,2.6183,214,244,1047927,0
0,0,0,2.3377,214,244,1047927,0
0,0,0,2.822,214,244,1047927,0
0,0,0,2.4208,214,244,1047927,0
0,0,0,2.2345,214,244,1047927,0
0,0,0,2.3904,214,244,1047927,0
0,0,0,2.6408,214,244,1047927,0
0,0,0,3.7796,214,244,1047927,0
0,0,0,2.623,214,244,1047927,0
0,0,0,2.4864,214,244,1047927,0
0,0,0,2.5795,214,244,1047927,0
0,0,0,3.0474,214,244,1047927,0
0,0,0,2.6648,214,244,1047927,0
0,0,0,2.4889,214,244,1047927,0
0,0,0,2.376,214,244,1047927,0
0,0,0,2.3097,214,244,1047927,0
0,0,0,2.3001,214,244,1047927,0
0,0,0,2.1127,214,244,1047927,0
0,0,0,2.2395,214,244,1047927,0
0,0,0,2.3283,214,244,1047927,0
0,0,0,2.4042,214,244,1047927,0
0,0,0,2.3769,214,244,1047927,0
0,0,0,2.0181,214,244,1047927,0
0,0,0,2.1803,214,244,1047927,0
0,0,0,2.2188,214,244,1047927,0
0,0,0,2.1942,214,244,1047927,0
0,0,0,2.2249,214,244,1047927,0
0,0,0,2.1527,214,244,1047927,0
0,0,0,2.4302,214,244,1047927,0
0,0,0,2.2814,214,244,1047927,0
0,0,0,2.1938,214,244,1047927,0
0,0,0,2.2361,214,244,1047927,0
0,0,0,2.2559,214,244,1047927,0
0,0,0,2.2688,214,244,1047927,0
0,0,0,2.3041,214,244,1047927,0
0,0,0,2.3324,214,244,1047927,0
0,0,0,2.5865,214,244,1047927,0
0,0,0,2.8232,214,244,1047927,0
0,0,0,3.494,214,244,1047927,0
0,0,0,2.7123,214,244,1047927,0
0,0,0,3.9344,214,244,1047927,0
0,0,0,3.0507,214,244,1047927,0
0,0,0,2.7985,214,244,1047927,0
0,0,0,3.7547,214,244,1047927,0
0,0,0,2.8302,214,244,1047927,0
0,0,0,3.226,214,244,1047927,0
0,0,0,3.3804,214,244,1047927,0
0,0,0,3.0425,214,244,1047927,0
0,0,0,3.2803,214,244,1047927,0
0,0,0,3.4665,214,244,1047927,0
0,0,0,4.2577,214,244,1047927,0
0,0,0,2.8289,214,244,1047927,0
0,0,0,2.9549,214,244,1047927,0
0,0,0,3.1845,214,244,1047927,0
0,0,0,3.2697,214,244,1047927,0
0,0,0,12.8767,214,244,1047927,0
0,0,0,2.4314,214,244,1047927,0
0,0,0,2.3457,214,244,1047927,0
0,0,0,2.2045,214,244,1047927,0
0,0,0,2.1319,214,244,1047927,0
0,0,0,1.757,214,244,1047927,0
0,0,0,2.6758,214,244,1047927,0
0,0,0,2.2729,214,244,1047927,0
0,0,0,2.2645,214,244,1047927,0
0,0,0,2.114,214,244,1047927,0
0,0,0,2.3189,214,244,1047927,0
0,0,0,3.0657,214,244,1047927,0
0,0,0,3.3442,214,244,1047927,0
0,0,0,3.1894,214,244,1047927,0
0,0,0,3.0976,214,244,1047927,0
0,0,0,3.3273,214,244,1047927,0
0,0,0,3.0904,214,244,1047927,0
0,0,0,12.7843,214,244,1047927,0
0,0,0,2.3803,214,244,1047927,0
0,0,0,2.225,214,244,1047927,0
0,0,0,4.3329,214,244,1047927,0
0,0,0,25.2213,214,244,1047927,0
0,0,0,22.3107,214,244,1047927,0
0,0,0,22.348,214,244,1047927,0
0,0,0,2.7033,214,244,1047927,0
0,0,0,2.376,214,244,1047927,0
0,0,0,2.1803,214,244,1047927,0
0,0,0,2.735,214,244,1047927,0
0,0,0,2.6349,214,244,1047927,0
0,0,0,2.3425,214,244,1047927,0
0,0,0,2.3776,214,244,1047927,0
0,0,0,2.0565,214,244,1047927,0
0,0,0,2.0928,214,244,1047927,0
0,0,0,2.3632,214,244,1047927,0
0,0,0,2.1894,214,244,1047927,0
0,0,0,2.264,214,244,1047927,0
0,0,0,2.2725,214,244,1047927,0
0,0,0,2.0897,214,244,1047927,0
0,0,0,2.1114,214,244,1047927,0
0,0,0,2.2178,214,244,1047927,0
0,0,0,2.2857,214,244,1047927,0
0,0,0,2.2826,214,244,1047927,0
0,0,0,2.7229,214,244,1047927,0
0,0,0,2.6358,214,244,1047927,0
0,0,0,2.138,214,244,1047927,0
0,0,0,2.2297,214,244,1047927,0
0,0,0,2.2795,214,244,1047927,0
0,0,0,2.1367,214,244,1047927,0
0,0,0,2.3393,214,244,1047927,0
0,0,0,2.3401,214,244,1047927,0
0,0,0,2.164,214,244,1047927,0
0,0,0,2.2448,214,244,1047927,0
0,0,0,2.5201,214,244,1047927,0
0,0,0,2.6261,214,244,1047927,0
0,0,0,2.3754,214,244,1047927,0
0,0,0,2.7584,214,244,1047927,0
0,0,0,2.3503,214,244,1047927,0
0,0,0,2.3072,214,244,1047927,0
0,0,0,2.1304,214,244,1047927,0
0,0,0,2.4516,214,244,1047927,0
0,0,0,2.1498,214,244,1047927,0
0,0,0,2.0959,214,244,1047927,0
0,0,0,2.4457,214,244,1047927,0
0,0,0,2.3557,214,244,1047927,0
0,0,0,2.2752,214,244,1047927,0
0,0,0,2.2597,214,244,1047927,0
0,0,0,1.7635,214,244,1047927,0
0,0,0,2.1451,214,244,1047927,0
0,0,0,2.8282,214,244,1047927,0
0,0,0,2.265,214,244,1047927,0
0,0,0,2.4406,214,244,1047927,0
0,0,0,2.1337,214,244,1047927,0
0,0,0,2.1973,214,244,1047927,0
0,0,0,2.3081,214,244,1047927,0
0,0,0,2.2846,214,244,1047927,0
0,0,0,2.3837,214,244,1047927,0
0,0,0,2.3278,214,244,1047927,0
0,0,0,2.3644,214,244,1047927,0
0,0,0,2.0443,214,244,1047927,0
0,0,0,2.2099,214,244,1047927,0
0,0,0,2.1022,214,244,1047927,0
0,0,0,2.2001,214,244,1047927,0
0,0,0,1.7377,214,244,1047927,0
0,0,0,2.078,214,244,1047927,0
0,0,0,2.1241,214,244,1047927,0
0,0,0,2.4302,214,244,1047927,0
0,0,0,1.8524,214,244,1047927,0
0,0,0,2.0674,214,244,1047927,0
0,0,0,2.1524,214,244,1047927,0
0,0,0,2.2259,214,244,1047927,0
0,0,0,2.8744,214,244,1047927,0
0,0,0,2.4125,214,244,1047927,0
0,0,0,2.2187,214,244,1047927,0
0,0,0,2.0802,214,244,1047927,0
0,0,0,2.3694,214,244,1047927,0
0,0,0,3.2068,214,244,1047927,0
0,0,0,2.3201,214,244,1047927,0
0,0,0,2.1821,214,244,1047927,0
0,0,0,2.1142,214,244,1047927,0
0,0,0,2.1994,214,244,1047927,0
0,0,0,2.4442,214,244,1047927,0
0,0,0,2.1204,214,244,1047927,0
0,0,0,3.3925,214,244,1047927,0
0,0,0,2.6881,214,244,1047927,0
0,0,0,3.5858,214,244,1047927,0
0,0,0,9.9583,214,244,1047927,0
0,0,0,2.3425,214,244,1047927,0
0,0,0,1.879,214,244,1047927,0
0,0,0,2.1233,214,244,1047927,0
0,0,0,2.2004,214,244,1047927,0
0,0,0,2.4098,214,244,1047927,0
0,0,0,2.594,214,244,1047927,0
0,0,0,2.6435,214,244,1047927,0
0,0,0,2.7767,214,244,1047927,0
0,0,0,3.2058,214,244,1047927,0
0,0,0,3.0995,214,244,1047927,0
0,0,0,3.1318,214,244,1047927,0
0,0,0,3.3217,214,244,1047927,0
0,0,0,3.2305,214,244,1047927,0
0,0,0,3.0358,214,244,1047927,0
0,0,0,3.1728,214,244,1047927,0
0,0,0,3.4212,214,244,1047927,0
0,0,0,3.1793,214,244,1047927,0
0,0,0,3.1716,214,244,1047927,0
0,0,0,3.3022,214,244,1047927,0
0,0,0,3.3043,214,244,1047927,0
0,0,0,3.1726,214,244,1047927,0
0,0,0,3.1342,214,244,1047927,0
0,0,0,13.0736,214,244,1047927,0
0,0,0,2.9837,214,244,1047927,0
0,0,0,2.292,214,244,1047927,0
0,0,0,2.4138,214,244,1047927,0
0,0,0,2.347,214,244,1047927,0
0,0,0,1.9122,214,244,1047927,0
0,0,0,2.196,214,244,1047927,0
0,0,0,2.2416,214,244,1047927,0
0,0,0,2.0085,214,244,1047927,0
0,0,0,2.1907,214,244,1047927,0
0,0,0,2.2577,214,244,1047927,0
0,0,0,2.2903,214,244,1047927,0
0,0,0,3.0107,214,244,1047927,0
0,0,0,3.2994,214,244,1047927,0
0,0,0,12.7634,214,244,1047927,0
0,0,0,2.4398,214,244,1047927,0
0,0,0,2.3369,214,244,1047927,0
0,0,0,1.8629,214,244,1047927,0
0,0,0,2.1308,214,244,1047927,0
0,0,0,2.3294,214,244,1047927,0
0,0,0,78.4306,214,244,1047927,0
0,0,0,4.2172,214,244,1047927,0
0,0,0,2.6248,214,244,1047927,0
0,0,0,2.1774,214,244,1047927,0
0,0,0,2.1375,214,244,1047927,0
0,0,0,2.2692,214,244,1047927,0
0,0,0,2.3014,214,244,1047927,0
0,0,0,2.0983,214,244,1047927,0
0,0,0,2.2442,214,244,1047927,0
0,0,0,2.1166,214,244,1047927,0
0,0,0,2.4323,214,244,1047927,0
0,0,0,2.2196,214,244,1047927,0
0,0,0,2.3281,214,244,1047927,0
0,0,0,2.1122,214,244,1047927,0
0,0,0,2.2485,214,244,1047927,0
0,0,0,2.6025,214,244,1047927,0
0,0,0,2.3686,214,244,1047927,0
0,0,0,2.4622,214,244,1047927,0
0,0,0,2.4341,214,244,1047927,0
0,0,0,2.3995,214,244,1047927,0
0,0,0,2.2708,214,244,1047927,0
0,0,0,2.2154,214,244,1047927,0
0,0,0,2.1186,214,244,1047927,0
0,0,0,2.4601,214,244,1047927,0
0,0,0,2.3329,214,244,1047927,0
0,0,0,2.2052,214,244,1047927,0
0,0,0,2.2389,214,244,1047927,0
0,0,0,2.1635,214,244,1047927,0
0,0,0,3.8107,214,244,1047927,0
0,0,0,2.5336,214,244,1047927,0
0,0,0,2.405,214,244,1047927,0
0,0,0,2.3493,214,244,1047927,0
0,0,0,1.8919,214,244,1047927,0
0,0,0,2.1002,214,244,1047927,0
0,0,0,2.2971,214,244,1047927,0
0,0,0,2.1474,214,244,1047927,0
0,0,0,2.3892,214,244,1047927,0
0,0,0,2.2242,214,244,1047927,0
0,0,0,2.4103,214,244,1047927,0
0,0,0,2.4414,214,244,1047927,0
0,0,0,2.3729,214,244,1047927,0
0,0,0,2.0669,214,244,1047927,0
0,0,0,2.2293,214,244,1047927,0
0,0,0,2.0963,214,244,1047927,0
0,0,0,2.2008,214,244,1047927,0
0,0,0,2.5867,214,244,1047927,0
0,0,0,2.3455,214,244,1047927,0
0,0,0,2.3079,214,244,1047927,0
0,0,0,2.0869,214,244,1047927,0
0,0,0,2.7881,214,244,1047927,0
0,0,0,2.4937,214,244,1047927,0
0,0,0,2.281,214,244,1047927,0
0,0,0,2.2908,214,244,1047927,0
0,0,0,2.2398,214,244,1047927,0
0,0,0,2.0978,214,244,1047927,0
0,0,0,2.0927,214,244,1047927,0
0,0,0,2.2415,214,244,1047927,0
0,0,0,2.1272,214,244,1047927,0
0,0,0,2.6451,214,244,1047927,0
0,0,0,2.6102,214,244,1047927,0
0,0,0,2.3269,214,244,1047927,0
0,0,0,2.1545,214,244,1047927,0
0,0,0,2.4044,214,244,1047927,0
0,0,0,2.7311,214,244,1047927,0
0,0,0,2.419,214,244,1047927,0
0,0,0,2.2403,214,244,1047927,0
0,0,0,2.2741,214,244,1047927,0
0,0,0,2.8476,214,244,1047927,0
0,0,0,2.3229,214,244,1047927,0
0,0,0,2.4182,214,244,1047927,0
0,0,0,2.1307,214,244,1047927,0
0,0,0,2.5284,214,244,1047927,0
0,0,0,2.2426,214,244,1047927,0
0,0,0,2.1381,214,244,1047927,0
0,0,0,2.3646,214,244,1047927,0
0,0,0,2.3017,214,244,1047927,0
0,0,0,2.3026,214,244,1047927,0
0,0,0,2.4832,214,244,1047927,0
0,0,0,2.3795,214,244,1047927,0
0,0,0,2.4582,214,244,1047927,0
0,0,0,2.2252,214,244,1047927,0
0,0,0,2.3022,214,244,1047927,0
0,0,0,2.1116,214,244,1047927,0
0,0,0,2.0431,214,244,1047927,0
0,0,0,2.3442,214,244,1047927,0
0,0,0,2.3085,214,244,1047927,0
0,0,0,2.1419,214,244,1047927,0
0,0,0,2.0035,214,244,1047927,0
0,0,0,2.2476,214,244,1047927,0
0,0,0,2.26,214,244,1047927,0
0,0,0,2.2197,214,244,1047927,0
0,0,0,2.6212,214,244,1047927,0
0,0,0,2.8824,214,244,1047927,0
0,0,0,3.1803,214,244,1047927,0
0,0,0,3.5565,214,244,1047927,0
0,0,0,2.735,214,244,1047927,0
0,0,0,3.8166,214,244,1047927,0
0,0,0,2.6645,214,244,1047927,0
0,0,0,3.5325,214,244,1047927,0
0,0,0,3.4214,214,244,1047927,0
0,0,0,2.9833,214,244,1047927,0
0,0,0,3.1984,214,244,1047927,0
0,0,0,3.0943,214,244,1047927,0
0,0,0,3.3709,214,244,1047927,0
0,0,0,3.0971,214,244,1047927,0
0,0,0,3.418,214,244,1047927,0
0,0,0,3.2485,214,244,1047927,0
0,0,0,3.0696,214,244,1047927,0
0,0,0,3.218,214,244,1047927,0
0,0,0,3.2365,214,244,1047927,0
0,0,0,2.9892,214,244,1047927,0
0,0,0,3.2925,214,244,1047927,0
0,0,0,3.4,214,244,1047927,0
0,0,0,3.063,214,244,1047927,0
0,0,0,3.0424,214,244,1047927,0
0,0,0,3.3413,214,244,1047927,0
0,0,0,3.1211,214,244,1047927,0
0,0,0,19.5936,214,244,1047927,0
0,0,0,2.3972,214,244,1047927,0
0,0,0,2.1948,214,244,1047927,0
0,0,0,2.1622,214,244,1047927,0
0,0,0,2.1476,214,244,1047927,0
0,0,0,2.2175,214,244,1047927,0
0,0,0,2.1272,214,244,1047927,0
0,0,0,2.0755,214,244,1047927,0
0,0,0,2.1893,214,244,1047927,0
0,0,0,2.1748,214,244,1047927,0
0,0,0,2.1454,214,244,1047927,0
0,0,0,2.5109,214,244,1047927,0
0,0,0,22.419,214,244,1047927,0
0,0,0,25.6708,214,244,1047927,0
0,0,0,21.7402,214,244,1047927,0
0,0,0,3.4009,214,244,1047927,0
0,0,0,2.2176,214,244,1047927,0
0,0,0,2.2485,214,244,1047927,0
0,0,0,2.2245,214,244,1047927,0
0,0,0,2.0895,214,244,1047927,0
0,0,0,1.8014,214,244,1047927,0
0,0,0,2.7675,214,244,1047927,0
0,0,0,2.1412,214,244,1047927,0
0,0,0,2.2101,214,244,1047927,0
0,0,0,2.2431,214,244,1047927,0
0,0,0,2.3718,214,244,1047927,0
0,0,0,2.23,214,244,1047927,0
0,0,0,2.1192,214,244,1047927,0
0,0,0,2.0908,214,244,1047927,0
0,0,0,2.1807,214,244,1047927,0
0,0,0,2.2647,214,244,1047927,0
0,0,0,2.1362,214,244,1047927,0
0,0,0,2.1677,214,244,1047927,0
0,0,0,2.0455,214,244,1047927,0
0,0,0,2.3804,214,244,1047927,0
0,0,0,2.1865,214,244,1047927,0
0,0,0,2.2401,214,244,1047927,0
0,0,0,2.2009,214,244,1047927,0
0,0,0,2.1458,214,244,1047927,0
0,0,0,2.283,214,244,1047927,0
0,0,0,2.5321,214,244,1047927,0
0,0,0,2.1653,214,244,1047927,0
0,0,0,2.1605,214,244,1047927,0
0,0,0,2.2219,214,244,1047927,0
0,0,0,2.2871,214,244,1047927,0
0,0,0,2.8098,214,244,1047927,0
0,0,0,2.1009,214,244,1047927,0
0,0,0,2.1927,214,244,1047927,0
0,0,0,2.7655,214,244,1047927,0
0,0,0,3.5855,214,244,1047927,0
0,0,0,2.612,214,244,1047927,0
0,0,0,2.1716,214,244,1047927,0
0,0,0,2.1049,214,244,1047927,0
0,0,0,2.3931,214,244,1047927,0
0,0,0,2.6396,214,244,1047927,0
0,0,0,2.2818,214,244,1047927,0
0,0,0,2.2541,214,244,1047927,0
0,0,0,2.2883,214,244,1047927,0
0,0,0,2.3619,214,244,1047927,0
0,0,0,2.2578,214,244,1047927,0
0,0,0,1.7197,214,244,1047927,0
0,0,0,2.2475,214,244,1047927,0
0,0,0,2.2965,214,244,1047927,0
0,0,0,2.1773,214,244,1047927,0
0,0,0,1.756,214,244,1047927,0
0,0,0,2.0939,214,244,1047927,0
0,0,0,2.4318,214,244,1047927,0
0,0,0,2.4129,214,244,1047927,0
0,0,0,2.2223,214,244,1047927,0
0,0,0,2.2382,214,244,1047927,0
0,0,0,2.0797,214,244,1047927,0
0,0,0,2.458,214,244,1047927,0
0,0,0,2.3447,214,244,1047927,0
0,0,0,2.1073,214,244,1047927,0
0,0,0,2.1474,214,244,1047927,0
0,0,0,2.139,214,244,1047927,0
0,0,0,1.9034,214,244,1047927,0
0,0,0,2.2165,214,244,1047927,0
0,0,0,2.053,214,244,1047927,0
0,0,0,2.1112,214,244,1047927,0
0,0,0,2.2963,214,244,1047927,0
0,0,0,2.0391,214,244,1047927,0
0,0,0,2.1243,214,244,1047927,0
0,0,0,2.1439,214,244,1047927,0
0,0,0,2.1873,214,244,1047927,0
0,0,0,2.9628,214,244,1047927,0
0,0,0,3.2617,214,244,1047927,0
0,0,0,2.922,214,244,1047927,0
0,0,0,2.8176,214,244,1047927,0
0,0,0,2.9093,214,244,1047927,0
0,0,0,3.1287,214,244,1047927,0
0,0,0,2.8729,214,244,1047927,0
0,0,0,3.5793,214,244,1047927,0
0,0,0,3.2086,214,244,1047927,0
0,0,0,3.1714,214,244,1047927,0
0,0,0,3.3741,214,244,1047927,0
0,0,0,9.8249,214,244,1047927,0
0,0,0,2.6741,214,244,1047927,0
0,0,0,2.6667,214,244,1047927,0
0,0,0,2.3891,214,244,1047927,0
0,0,0,2.4557,214,244,1047927,0
0,0,0,2.4066,214,244,1047927,0
0,0,0,2.3323,214,244,1047927,0
0,0,0,2.308,214,244,1047927,0
0,0,0,2.3516,214,244,1047927,0
0,0,0,2.3667,214,244,1047927,0
0,0,0,3.0674,214,244,1047927,0
0,0,0,3.2865,214,244,1047927,0
0,0,0,3.2582,214,244,1047927,0
0,0,0,3.1177,214,244,1047927,0
0,0,0,3.1509,214,244,1047927,0
0,0,0,3.2733,214,244,1047927,0
0,0,0,3.2845,214,244,1047927,0
0,0,0,3.2338,214,244,1047927,0
0,0,0,3.1385,214,244,1047927,0
0,0,0,3.4401,214,244,1047927,0
0,0,0,3.5839,214,244,1047927,0
0,0,0,3.014,214,244,1047927,0
0,0,0,3.1991,214,244,1047927,0
0,0,0,3.1047,214,244,1047927,0
0,0,0,3.0634,214,244,1047927,0
0,0,0,3.1198,214,244,1047927,0
0,0,0,3.2486,214,244,1047927,0
0,0,0,3.0832,214,244,1047927,0
0,0,0,3.4913,214,244,1047927,0
0,0,0,3.0861,214,244,1047927,0
0,0,0,2.955,214,244,1047927,0
0,0,0,3.5184,214,244,1047927,0
0,0,0,2.7279,214,244,1047927,0
0,0,0,3.6246,214,244,1047927,0
0,0,0,2.9986,214,244,1047927,0
0,0,0,3.0022,214,244,1047927,0
0,0,0,3.4667,214,244,1047927,0
0,0,0,3.3283,214,244,1047927,0
0,0,0,3.0392,214,244,1047927,0
0,0,0,3.0509,214,244,1047927,0
0,0,0,3.5558,214,244,1047927,0
0,0,0,3.0923,214,244,1047927,0
0,0,0,3.0965,214,244,1047927,0
0,0,0,81.9248,214,244,1047927,0
0,0,0,4.4278,214,244,1047927,0
0,0,0,2.4294,214,244,1047927,0
0,0,0,2.0918,214,244,1047927,0
0,0,0,2.1493,214,244,1047927,0
0,0,0,2.5219,214,244,1047927,0
0,0,0,2.9031,214,244,1047927,0
0,0,0,2.6673,214,244,1047927,0
0,0,0,2.291,214,244,1047927,0
0,0,0,2.3245,214,244,1047927,0
0,0,0,2.283,214,244,1047927,0
0,0,0,2.0608,214,244,1047927,0
0,0,0,2.3615,214,244,1047927,0
0,0,0,2.2844,214,244,1047927,0
0,0,0,2.5163,214,244,1047927,0
0,0,0,2.2085,214,244,1047927,0
0,0,0,2.0172,214,244,1047927,0
0,0,0,2.1461,214,244,1047927,0
0,0,0,1.8446,214,244,1047927,0
0,0,0,2.2596,214,244,1047927,0
0,0,0,2.1439,214,244,1047927,0
0,0,0,2.1265,214,244,1047927,0
0,0,0,2.0531,214,244,1047927,0
0,0,0,2.9261,214,244,1047927,0
0,0,0,2.6605,214,244,1047927,0
0,0,0,2.3082,214,244,1047927,0
0,0,0,2.364,214,244,1047927,0
0,0,0,2.3144,214,244,1047927,0
0,0,0,2.2555,214,244,1047927,0
0,0,0,2.3729,214,244,1047927,0
0,0,0,2.363,214,244,1047927,0
0,0,0,2.3967,214,244,1047927,0
0,0,0,2.0463,214,244,1047927,0
0,0,0,2.0647,214,244,1047927,0
0,0,0,2.196,214,244,1047927,0
0,0,0,2.0627,214,244,1047927,0
0,0,0,1.9344,214,244,1047927,0
0,0,0,2.1418,214,244,1047927,0
0,0,0,2.0939,214,244,1047927,0
0,0,0,2.2481,214,244,1047927,0
0,0,0,2.0184,214,244,1047927,0
0,0,0,2.1899,214,244,1047927,0
0,0,0,2.2747,214,244,1047927,0
0,0,0,2.1188,214,244,1047927,0
0,0,0,2.2036,214,244,1047927,0
0,0,0,2.101,214,244,1047927,0
0,0,0,2.4023,214,244,1047927,0
0,0,0,2.141,214,244,1047927,0
0,0,0,2.0848,214,244,1047927,0
0,0,0,2.1734,214,244,1047927,0
0,0,0,1.9612,214,244,1047927,0
0,0,0,2.241,214,244,1047927,0
0,0,0,2.2737,214,244,1047927,0
0,0,0,2.2477,214,244,1047927,0
0,0,0,2.2707,214,244,1047927,0
0,0,0,2.314,214,244,1047927,0
0,0,0,2.224,214,244,1047927,0
0,0,0,2.2406,214,244,1047927,0
0,0,0,2.0632,214,244,1047927,0
0,0,0,2.1625,214,244,1047927,0
0,0,0,2.1782,214,244,1047927,0
0,0,0,2.1336,214,244,1047927,0
0,0,0,2.0374,214,244,1047927,0
0,0,0,2.1489,214,244,1047927,0
0,0,0,2.2794,214,244,1047927,0
0,0,0,2.0907,214,244,1047927,0
0,0,0,2.2268,214,244,1047927,0
0,0,0,2.0181,214,244,1047927,0
0,0,0,2.1286,214,244,1047927,0
0,0,0,2.3032,214,244,1047927,0
0,0,0,2.5127,214,244,1047927,0
0,0,0,2.3044,214,244,1047927,0
0,0,0,2.2134,214,244,1047927,0
0,0,0,2.1979,214,244,1047927,0
0,0,0,2.3768,214,244,1047927,0
0,0,0,2.106,214,244,1047927,0
0,0,0,2.168,214,244,1047927,0
0,0,0,2.1249,214,244,1047927,0
0,0,0,2.4242,214,244,1047927,0
0,0,0,8.0009,214,244,1047927,0
0,0,0,2.3614,214,244,1047927,0
0,0,0,2.4204,214,244,1047927,0
0,0,0,2.355,214,244,1047927,0
0,0,0,2.2318,214,244,1047927,0
0,0,0,2.2045,214,244,1047927,0
0,0,0,2.4532,214,244,1047927,0
0,0,0,2.6283,214,244,1047927,0
0,0,0,2.2666,214,244,1047927,0
0,0,0,2.1257,214,244,1047927,0
0,0,0,2.1524,214,244,1047927,0
0,0,0,2.3022,214,244,1047927,0
0,0,0,3.6312,214,244,1047927,0
0,0,0,2.5368,214,244,1047927,0
0,0,0,3.7958,214,244,1047927,0
0,0,0,3.2441,214,244,1047927,0
0,0,0,2.9053,214,244,1047927,0
0,0,0,3.4145,214,244,1047927,0
0,0,0,3.5682,214,244,1047927,0
0,0,0,3.2409,214,244,1047927,0
0,0,0,2.7512,214,244,1047927,0
0,0,0,3.0241,214,244,1047927,0
0,0,0,3.4248,214,244,1047927,0
0,0,0,12.8654,214,244,1047927,0
0,0,0,4.4611,214,244,1047927,0
0,0,0,3.9201,214,244,1047927,0
0,0,0,2.5701,214,244,1047927,0
0,0,0,2.3863,214,244,1047927,0
0,0,0,2.1478,214,244,1047927,0
0,0,0,2.2036,214,244,1047927,0
0,0,0,2.1801,214,244,1047927,0
0,0,0,2.3827,214,244,1047927,0
0,0,0,2.8153,214,244,1047927,0
0,0,0,2.9729,214,244,1047927,0
0,0,0,4.0508,214,244,1047927,0
0,0,0,3.7591,214,244,1047927,0
0,0,0,3.5996,214,244,1047927,0
0,0,0,3.4518,214,244,1047927,0
0,0,0,2.97,214,244,1047927,0
0,0,0,3.0321,214,244,1047927,0
0,0,0,2.4932,214,244,1047927,0
0,0,0,2.4339,214,244,1047927,0
0,0,0,2.4965,214,244,1047927,0
0,0,0,2.5497,214,244,1047927,0
0,0,0,2.3724,214,244,1047927,0
0,0,0,2.7725,214,244,1047927,0
0,0,0,28.9196,214,244,1047927,0
0,0,0,3.8902,214,244,1047927,0
0,0,0,2.8247,214,244,1047927,0
0,0,0,2.5526,214,244,1047927,0
0,0,0,2.5899,214,244,1047927,0
0,0,0,9.5456,214,244,1047927,0
0,0,0,25.2204,214,244,1047927,0
0,0,0,12.2998,214,244,1047927,0
0,0,0,2.3153,214,244,1047927,0
0,0,0,3.6584,214,244,1047927,0
0,0,0,2.6362,214,244,1047927,0
0,0,0,2.3012,214,244,1047927,0
0,0,0,2.3037,214,244,1047927,0
0,0,0,2.4723,214,244,1047927,0
0,0,0,2.1557,214,244,1047927,0
0,0,0,2.1234,214,244,1047927,0
0,0,0,2.0806,214,244,1047927,0
0,0,0,2.541,214,244,1047927,0
0,0,0,2.546,214,244,1047927,0
0,0,0,2.1115,214,244,1047927,0
0,0,0,2.2298,214,244,1047927,0
0,0,0,2.224,214,244,1047927,0
0,0,0,2.3853,214,244,1047927,0
0,0,0,2.2197,214,244,1047927,0
0,0,0,2.1749,214,244,1047927,0
0,0,0,1.9966,214,244,1047927,0
0,0,0,2.3346,214,244,1047927,0
0,0,0,2.3182,214,244,1047927,0
0,0,0,2.1425,214,244,1047927,0
0,0,0,2.2118,214,244,1047927,0
0,0,0,1.7661,214,244,1047927,0
0,0,0,2.2086,214,244,1047927,0
0,0,0,2.3482,214,244,1047927,0
0,0,0,2.275,214,244,1047927,0
0,0,0,2.1539,214,244,1047927,0
0,0,0,2.2859,214,244,1047927,0
0,0,0,2.472,214,244,1047927,0
0,0,0,1.9745,214,244,1047927,0
0,0,0,2.0611,214,244,1047927,0
0,0,0,2.1765,214,244,1047927,0
0,0,0,2.2688,214,244,1047927,0
0,0,0,2.4274,214,244,1047927,0
0,0,0,2.3469,214,244,1047927,0
0,0,0,1.7795,214,244,1047927,0
0,0,0,2.1206,214,244,1047927,0
0,0,0,2.5494,214,244,1047927,0
0,0,0,2.1997,214,244,1047927,0
0,0,0,2.1656,214,244,1047927,0
0,0,0,1.8424,214,244,1047927,0
0,0,0,2.0985,214,244,1047927,0
0,0,0,2.1419,214,244,1047927,0
0,0,0,2.1943,214,244,1047927,0
0,0,0,2.1116,214,244,1047927,0
0,0,0,2.1552,214,244,1047927,0
0,0,0,2.1774,214,244,1047927,0
0,0,0,2.2166,214,244,1047927,0
0,0,0,2.5164,214,244,1047927,0
0,0,0,2.2067,214,244,1047927,0
0,0,0,2.1891,214,244,1047927,0
0,0,0,2.1649,214,244,1047927,0
0,0,0,2.117,214,244,1047927,0
0,0,0,2.1781,214,244,1047927,0
0,0,0,2.1277,214,244,1047927,0
0,0,0,1.7676,214,244,1047927,0
0,0,0,2.6584,214,244,1047927,0
0,0,0,2.101,214,244,1047927,0
0,0,0,2.2627,214,244,1047927,0
0,0,0,2.2354,214,244,1047927,0
0,0,0,2.1812,214,244,1047927,0
0,0,0,2.0986,214,244,1047927,0
0,0,0,1.9627,214,244,1047927,0
0,0,0,2.2662,214,244,1047927,0
0,0,0,2.2102,214,244,1047927,0
0,0,0,2.0948,214,244,1047927,0
0,0,0,1.7517,214,244,1047927,0
0,0,0,2.2567,214,244,1047927,0
0,0,0,3.1627,214,244,1047927,0
0,0,0,3.0562,214,244,1047927,0
0,0,0,2.7535,214,244,1047927,0
0,0,0,3.3706,214,244,1047927,0
0,0,0,3.2447,214,244,1047927,0
0,0,0,3.2127,214,244,1047927,0
0,0,0,3.1529,214,244,1047927,0
0,0,0,3.2076,214,244,1047927,0
0,0,0,3.0908,214,244,1047927,0
0,0,0,3.347,214,244,1047927,0
0,0,0,3.1834,214,244,1047927,0
0,0,0,3.0273,214,244,1047927,0
0,0,0,10.1807,214,244,1047927,0
0,0,0,2.4856,214,244,1047927,0
0,0,0,2.2437,214,244,1047927,0
0,0,0,2.1368,214,244,1047927,0
0,0,0,2.1523,214,244,1047927,0
0,0,0,2.192,214,244,1047927,0
0,0,0,2.0787,214,244,1047927,0
0,0,0,2.1606,214,244,1047927,0
0,0,0,3.1938,214,244,1047927,0
0,0,0,3.4,214,244,1047927,0
0,0,0,2.9708,214,244,1047927,0
0,0,0,22.6779,214,244,1047927,0
0,0,0,2.8776,214,244,1047927,0
0,0,0,3.1256,214,244,1047927,0
0,0,0,2.3491,214,244,1047927,0
0,0,0,2.0939,214,244,1047927,0
0,0,0,2.7702,214,244,1047927,0
0,0,0,2.6854,214,244,1047927,0
0,0,0,2.2968,214,244,1047927,0
0,0,0,2.1516,214,244,1047927,0
0,0,0,2.4344,214,244,1047927,0
0,0,0,2.3922,214,244,1047927,0
0,0,0,2.0134,214,244,1047927,0
0,0,0,2.3645,214,244,1047927,0
0,0,0,2.1796,214,244,1047927,0
0,0,0,2.4482,214,244,1047927,0
0,0,0,2.211,214,244,1047927,0
0,0,0,2.2195,214,244,1047927,0
0,0,0,2.1336,214,244,1047927,0
0,0,0,2.1248,214,244,1047927,0
0,0,0,2.0589,214,244,1047927,0
0,0,0,2.2187,214,244,1047927,0
0,0,0,17.5008,214,244,1047927,0
0,0,0,3.2697,214,244,1047927,0
0,0,0,2.3599,214,244,1047927,0
0,0,0,2.3347,214,244,1047927,0
0,0,0,2.1568,214,244,1047927,0
0,0,0,2.1925,214,244,1047927,0
0,0,0,2.3456,214,244,1047927,0
0,0,0,2.4221,214,244,1047927,0
0,0,0,2.2338,214,244,1047927,0
0,0,0,2.0086,214,244,1047927,0
0,0,0,2.3944,214,244,1047927,0
0,0,0,74.2357,214,244,1047927,0
0,0,0,4.1819,214,244,1047927,0
0,0,0,2.5557,214,244,1047927,0
0,0,0,2.226,214,244,1047927,0
0,0,0,2.2126,214,244,1047927,0
0,0,0,2.0895,214,244,1047927,0
0,0,0,2.3685,214,244,1047927,0
0,0,0,2.2229,214,244,1047927,0
0,0,0,2.1637,214,244,1047927,0
0,0,0,2.1324,214,244,1047927,0
0,0,0,2.4276,214,244,1047927,0
0,0,0,2.14,214,244,1047927,0
0,0,0,2.3141,214,244,1047927,0
0,0,0,2.4793,214,244,1047927,0
0,0,0,2.3227,214,244,1047927,0
0,0,0,3.1302,214,244,1047927,0
0,0,0,2.4948,214,244,1047927,0
0,0,0,2.4846,214,244,1047927,0
0,0,0,2.4416,214,244,1047927,0
0,0,0,2.34,214,244,1047927,0
0,0,0,2.1909,214,244,1047927,0
0,0,0,2.3007,214,244,1047927,0
0,0,0,2.2294,214,244,1047927,0
0,0,0,1.8018,214,244,1047927,0
0,0,0,2.143,214,244,1047927,0
0,0,0,2.1533,214,244,1047927,0
0,0,0,2.6871,214,244,1047927,0
0,0,0,2.3794,214,244,1047927,0
0,0,0,2.925,214,244,1047927,0
0,0,0,2.3623,214,244,1047927,0
0,0,0,2.0923,214,244,1047927,0
0,0,0,2.2118,214,244,1047927,0
0,0,0,2.1717,214,244,1047927,0
0,0,0,2.2738,214,244,1047927,0
0,0,0,2.4123,214,244,1047927,0
0,0,0,1.775,214,244,1047927,0
0,0,0,2.3558,214,244,1047927,0
0,0,0,2.2998,214,244,1047927,0
0,0,0,2.1948,214,244,1047927,0
0,0,0,2.2623,214,244,1047927,0
0,0,0,2.135,214,244,1047927,0
0,0,0,2.0705,214,244,1047927,0
0,0,0,2.1787,214,244,1047927,0
0,0,0,2.1818,214,244,1047927,0
0,0,0,2.1954,214,244,1047927,0
0,0,0,2.1636,214,244,1047927,0
0,0,0,2.0178,214,244,1047927,0
0,0,0,2.3872,214,244,1047927,0
0,0,0,2.2866,214,244,1047927,0
0,0,0,2.3027,214,244,1047927,0
0,0,0,2.1666,214,244,1047927,0
0,0,0,2.0755,214,244,1047927,0
0,0,0,2.2053,214,244,1047927,0
0,0,0,3.322,214,244,1047927,0
0,0,0,2.4908,214,244,1047927,0
0,0,0,2.2978,214,244,1047927,0
0,0,0,2.2833,214,244,1047927,0
0,0,0,2.2078,214,244,1047927,0
0,0,0,2.3223,214,244,1047927,0
0,0,0,2.1668,214,244,1047927,0
0,0,0,1.7725,214,244,1047927,0
0,0,0,3.0099,214,244,1047927,0
0,0,0,2.7276,214,244,1047927,0
0,0,0,2.282,214,244,1047927,0
0,0,0,2.2358,214,244,1047927,0
0,0,0,2.4677,214,244,1047927,0
0,0,0,2.3797,214,244,1047927,0
0,0,0,2.2527,214,244,1047927,0
0,0,0,2.0181,214,244,1047927,0
0,0,0,2.5509,214,244,1047927,0
0,0,0,2.7079,214,244,1047927,0
0,0,0,2.3542,214,244,1047927,0
0,0,0,2.372,214,244,1047927,0
0,0,0,2.1622,214,244,1047927,0
0,0,0,2.2861,214,244,1047927,0
0,0,0,2.052,214,244,1047927,0
0,0,0,2.1009,214,244,1047927,0
0,0,0,2.2034,214,244,1047927,0
0,0,0,2.2424,214,244,1047927,0
0,0,0,2.9687,214,244,1047927,0
0,0,0,2.1767,214,244,1047927,0
0,0,0,1.7848,214,244,1047927,0
0,0,0,2.3032,214,244,1047927,0
0,0,0,2.2978,214,244,1047927,0
0,0,0,2.1872,214,244,1047927,0
0,0,0,2.1369,214,244,1047927,0
0,0,0,2.1483,214,244,1047927,0
0,0,0,2.3425,214,244,1047927,0
0,0,0,2.1609,214,244,1047927,0
0,0,0,2.4786,214,244,1047927,0
0,0,0,3.0572,214,244,1047927,0
0,0,0,3.4984,214,244,1047927,0
0,0,0,2.7259,214,244,1047927,0
0,0,0,3.7211,214,244,1047927,0
0,0,0,3.2408,214,244,1047927,0
0,0,0,2.8703,214,244,1047927,0
0,0,0,3.4829,214,244,1047927,0
0,0,0,3.1763,214,244,1047927,0
0,0,0,3.2508,214,244,1047927,0
0,0,0,3.1786,214,244,1047927,0
0,0,0,2.9495,214,244,1047927,0
0,0,0,3.5128,214,244,1047927,0
0,0,0,32.7354,214,244,1047927,0
0,0,0,2.977,214,244,1047927,0
0,0,0,2.4685,214,244,1047927,0
0,0,0,2.2388,214,244,1047927,0
0,0,0,2.275,214,244,1047927,0
0,0,0,2.0951,214,244,1047927,0
0,0,0,2.3119,214,244,1047927,0
0,0,0,2.5858,214,244,1047927,0
0,0,0,2.1243,214,244,1047927,0
0,0,0,1.7316,214,244,1047927,0
0,0,0,2.1607,214,244,1047927,0
0,0,0,2.2453,214,244,1047927,0
0,0,0,2.3287,214,244,1047927,0
0,0,0,1.748,214,244,1047927,0
0,0,0,2.1765,214,244,1047927,0
0,0,0,2.1931,214,244,1047927,0
0,0,0,2.2264,214,244,1047927,0
0,0,0,2.1422,214,244,1047927,0
0,0,0,2.4261,214,244,1047927,0
0,0,0,2.0156,214,244,1047927,0
0,0,0,2.1686,214,244,1047927,0
0,0,0,2.2591,214,244,1047927,0
0,0,0,2.3206,214,244,1047927,0
0,0,0,2.2955,214,244,1047927,0
0,0,0,1.8343,214,244,1047927,0
0,0,0,2.1439,214,244,1047927,0
0,0,0,9.5318,214,244,1047927,0
0,0,0,12.9747,214,244,1047927,0
0,0,0,25.2931,214,244,1047927,0
0,0,0,9.9049,214,244,1047927,0
0,0,0,19.2156,214,244,1047927,0
0,0,0,2.6963,214,244,1047927,0
0,0,0,2.3079,214,244,1047927,0
0,0,0,3.333,214,244,1047927,0
0,0,0,2.3231,214,244,1047927,0
0,0,0,2.1662,214,244,1047927,0
0,0,0,2.2359,214,244,1047927,0
0,0,0,2.146,214,244,1047927,0
0,0,0,2.1265,214,244,1047927,0
0,0,0,2.1779,214,244,1047927,0
0,0,0,2.1448,214,244,1047927,0
0,0,0,2.1654,214,244,1047927,0
0,0,0,2.5713,214,244,1047927,0
0,0,0,2.8892,214,244,1047927,0
0,0,0,2.8442,214,244,1047927,0
0,0,0,2.3316,214,244,1047927,0
0,0,0,2.0513,214,244,1047927,0
0,0,0,2.511,214,244,1047927,0
0,0,0,2.4078,214,244,1047927,0
0,0,0,2.3025,214,244,1047927,0
0,0,0,2.0992,214,244,1047927,0
0,0,0,2.0968,214,244,1047927,0
0,0,0,2.2362,214,244,1047927,0
0,0,0,1.9985,214,244,1047927,0
0,0,0,2.1204,214,244,1047927,0
0,0,0,2.302,214,244,1047927,0
0,0,0,2.6798,214,244,1047927,0
0,0,0,2.2902,214,244,1047927,0
0,0,0,2.236,214,244,1047927,0
0,0,0,2.111,214,244,1047927,0
0,0,0,2.4953,214,244,1047927,0
0,0,0,2.6147,214,244,1047927,0
0,0,0,2.3751,214,244,1047927,0
0,0,0,2.2174,214,244,1047927,0
0,0,0,2.2161,214,244,1047927,0
0,0,0,2.2229,214,244,1047927,0
0,0,0,2.1297,214,244,1047927,0
0,0,0,2.1409,214,244,1047927,0
0,0,0,2.1646,214,244,1047927,0
0,0,0,2.3422,214,244,1047927,0
0,0,0,2.2607,214,244,1047927,0
0,0,0,1.8377,214,244,1047927,0
0,0,0,2.1357,214,244,1047927,0
0,0,0,2.2135,214,244,1047927,0
0,0,0,2.3172,214,244,1047927,0
0,0,0,2.0751,214,244,1047927,0
0,0,0,2.2637,214,244,1047927,0
0,0,0,2.1006,214,244,1047927,0
0,0,0,2.3294,214,244,1047927,0
0,0,0,2.1346,214,244,1047927,0
0,0,0,2.1318,214,244,1047927,0
0,0,0,2.0341,214,244,1047927,0
0,0,0,2.2042,214,244,1047927,0
0,0,0,2.1585,214,244,1047927,0
0,0,0,2.1337,214,244,1047927,0
0,0,0,1.7937,214,244,1047927,0
0,0,0,2.2533,214,244,1047927,0
0,0,0,2.2224,214,244,1047927,0
0,0,0,2.2063,214,244,1047927,0
0,0,0,2.1803,214,244,1047927,0
0,0,0,2.1339,214,244,1047927,0
0,0,0,2.019,214,244,1047927,0
0,0,0,2.2442,214,244,1047927,0
0,0,0,2.2107,214,244,1047927,0
0,0,0,2.127,214,244,1047927,0
0,0,0,2.1327,214,244,1047927,0
0,0,0,2.1264,214,244,1047927,0
0,0,0,2.3244,214,244,1047927,0
0,0,0,2.2206,214,244,1047927,0
0,0,0,2.0791,214,244,1047927,0
0,0,0,1.9543,214,244,1047927,0
0,0,0,3.4481,214,244,1047927,0
0,0,0,3.3874,214,244,1047927,0
0,0,0,3.0482,214,244,1047927,0
0,0,0,2.6424,214,244,1047927,0
0,0,0,3.6867,214,244,1047927,0
0,0,0,3.0704,214,244,1047927,0
0,0,0,3.2042,214,244,1047927,0
0,0,0,3.2397,214,244,1047927,0
0,0,0,3.1039,214,244,1047927,0
0,0,0,3.3304,214,244,1047927,0
0,0,0,12.9915,214,244,1047927,0
0,0,0,2.3627,214,244,1047927,0
0,0,0,2.2445,214,244,1047927,0
0,0,0,2.3965,214,244,1047927,0
0,0,0,2.3585,214,244,1047927,0
0,0,0,2.179,214,244,1047927,0
0,0,0,2.4342,214,244,1047927,0
0,0,0,2.0972,214,244,1047927,0
0,0,0,2.11,214,244,1047927,0
0,0,0,2.3478,214,244,1047927,0
0,0,0,2.32,214,244,1047927,0
0,0,0,2.3472,214,244,1047927,0
0,0,0,3.5054,214,244,1047927,0
0,0,0,2.8805,214,244,1047927,0
0,0,0,3.4023,214,244,1047927,0
0,0,0,3.1266,214,244,1047927,0
0,0,0,3.1241,214,244,1047927,0
0,0,0,3.3884,214,244,1047927,0
0,0,0,3.1074,214,244,1047927,0
0,0,0,3.1973,214,244,1047927,0
0,0,0,3.2851,214,244,1047927,0
0,0,0,3.0006,214,244,1047927,0
0,0,0,3.4604,214,244,1047927,0
0,0,0,3.5681,214,244,1047927,0
0,0,0,2.5301,214,244,1047927,0
0,0,0,3.1826,214,244,1047927,0
0,0,0,3.2999,214,244,1047927,0
0,0,0,3.0994,214,244,1047927,0
0,0,0,3.3917,214,244,1047927,0
0,0,0,2.9538,214,244,1047927,0
0,0,0,3.4084,214,244,1047927,0
0,0,0,3.1959,214,244,1047927,0
0,0,0,3.1974,214,244,1047927,0
0,0,0,3.0245,214,244,1047927,0
0,0,0,3.3992,214,244,1047927,0
0,0,0,3.3135,214,244,1047927,0
0,0,0,3.0566,214,244,1047927,0
0,0,0,3.1825,214,244,1047927,0
0,0,0,3.0869,214,244,1047927,0
0,0,0,3.4314,214,244,1047927,0
0,0,0,4.243,214,244,1047927,0
0,0,0,2.7229,214,244,1047927,0
0,0,0,2.7836,214,244,1047927,0
0,0,0,81.6271,214,244,1047927,0
0,0,0,4.436,214,244,1047927,0
0,0,0,2.5844,214,244,1047927,0
0,0,0,2.5432,214,244,1047927,0
0,0,0,2.2745,214,244,1047927,0
0,0,0,2.2007,214,244,1047927,0
0,0,0,2.0978,214,244,1047927,0
0,0,0,2.3221,214,244,1047927,0
0,0,0,2.3627,214,244,1047927,0
0,0,0,2.1443,214,244,1047927,0
0,0,0,2.2387,214,244,1047927,0
0,0,0,2.1156,214,244,1047927,0
0,0,0,2.637,214,244,1047927,0
0,0,0,3.2903,214,244,1047927,0
0,0,0,2.5571,214,244,1047927,0
0,0,0,2.599,214,244,1047927,0
0,0,0,2.6317,214,244,1047927,0
0,0,0,2.181,214,244,1047927,0
0,0,0,2.2305,214,244,1047927,0
0,0,0,2.3685,214,244,1047927,0
0,0,0,2.2694,214,244,1047927,0
0,0,0,2.1373,214,244,1047927,0
0,0,0,2.0757,214,244,1047927,0
0,0,0,2.1914,214,244,1047927,0
0,0,0,2.2339,214,244,1047927,0
0,0,0,2.3715,214,244,1047927,0
0,0,0,2.6088,214,244,1047927,0
0,0,0,2.4241,214,244,1047927,0
0,0,0,2.242,214,244,1047927,0
0,0,0,2.575,214,244,1047927,0
0,0,0,2.1785,214,244,1047927,0
0,0,0,2.2001,214,244,1047927,0
0,0,0,2.3006,214,244,1047927,0
0,0,0,2.1195,214,244,1047927,0
0,0,0,2.4754,214,244,1047927,0
0,0,0,2.1563,214,244,1047927,0
0,0,0,2.136,214,244,1047927,0
0,0,0,2.249,214,244,1047927,0
0,0,0,2.3501,214,244,1047927,0
0,0,0,2.3214,214,244,1047927,0
0,0,0,1.7353,214,244,1047927,0
0,0,0,2.2813,214,244,1047927,0
0,0,0,2.2903,214,244,1047927,0
0,0,0,2.1253,214,244,1047927,0
0,0,0,2.1891,214,244,1047927,0
0,0,0,2.2495,214,244,1047927,0
0,0,0,2.0332,214,244,1047927,0
0,0,0,2.3256,214,244,1047927,0
0,0,0,2.1213,214,244,1047927,0
0,0,0,2.331,214,244,1047927,0
0,0,0,2.2114,214,244,1047927,0
0,0,0,2.0032,214,244,1047927,0
0,0,0,2.1375,214,244,1047927,0
0,0,0,2.2647,214,244,1047927,0
0,0,0,2.1956,214,244,1047927,0
0,0,0,2.2326,214,244,1047927,0
0,0,0,2.0183,214,244,1047927,0
0,0,0,2.6172,214,244,1047927,0
0,0,0,2.1301,214,244,1047927,0
0,0,0,2.2541,214,244,1047927,0
0,0,0,2.1961,214,244,1047927,0
0,0,0,2.6413,214,244,1047927,0
0,0,0,3.6327,214,244,1047927,0
0,0,0,3.0297,214,244,1047927,0
0,0,0,2.5304,214,244,1047927,0
0,0,0,2.281,214,244,1047927,0
0,0,0,2.4124,214,244,1047927,0
0,0,0,2.506,214,244,1047927,0
0,0,0,2.3172,214,244,1047927,0
0,0,0,2.6379,214,244,1047927,0
0,0,0,2.2946,214,244,1047927,0
0,0,0,2.1933,214,244,1047927,0
0,0,0,2.4266,214,244,1047927,0
0,0,0,2.3706,214,244,1047927,0
0,0,0,2.469,214,244,1047927,0
0,0,0,2.1106,214,244,1047927,0
0,0,0,2.1292,214,244,1047927,0
0,0,0,2.5199,214,244,1047927,0
0,0,0,2.3202,214,244,1047927,0
0,0,0,2.7715,214,244,1047927,0
0,0,0,2.4583,214,244,1047927,0
0,0,0,2.4569,214,244,1047927,0
0,0,0,2.3389,214,244,1047927,0
0,0,0,2.5589,214,244,1047927,0
0,0,0,2.3689,214,244,1047927,0
0,0,0,2.277,214,244,1047927,0
0,0,0,1.8284,214,244,1047927,0
0,0,0,2.2193,214,244,1047927,0
0,0,0,2.1996,214,244,1047927,0
0,0,0,2.1361,214,244,1047927,0
0,0,0,1.7266,214,244,1047927,0
0,0,0,2.2948,214,244,1047927,0
0,0,0,2.7247,214,244,1047927,0
0,0,0,3.3387,214,244,1047927,0
0,0,0,4.0003,214,244,1047927,0
0,0,0,2.8078,214,244,1047927,0
0,0,0,3.1323,214,244,1047927,0
0,0,0,2.8714,214,244,1047927,0
0,0,0,3.5139,214,244,1047927,0
0,0,0,3.1064,214,244,1047927,0
0,0,0,3.2877,214,244,1047927,0
0,0,0,3.2612,214,244,1047927,0
0,0,0,3.2415,214,244,1047927,0
0,0,0,3.1278,214,244,1047927,0
0,0,0,3.268,214,244,1047927,0
0,0,0,3.2899,214,244,1047927,0
0,0,0,3.1165,214,244,1047927,0
0,0,0,3.3865,214,244,1047927,0
0,0,0,3.355,214,244,1047927,0
0,0,0,2.9654,214,244,1047927,0
0,0,0,2.9926,214,244,1047927,0
0,0,0,3.3303,214,244,1047927,0
0,0,0,2.9508,214,244,1047927,0
0,0,0,3.0994,214,244,1047927,0
0,0,0,3.3882,214,244,1047927,0
0,0,0,3.4326,214,244,1047927,0
0,0,0,3.1542,214,244,1047927,0
0,0,0,19.712,214,244,1047927,0
0,0,0,2.723,214,244,1047927,0
0,0,0,2.3064,214,244,1047927,0
0,0,0,2.4876,214,244,1047927,0
0,0,0,2.3608,214,244,1047927,0
0,0,0,2.1581,214,244,1047927,0
0,0,0,2.1704,214,244,1047927,0
0,0,0,2.3487,214,244,1047927,0
0,0,0,2.278,214,244,1047927,0
0,0,0,2.1819,214,244,1047927,0
0,0,0,2.2933,214,244,1047927,0
0,0,0,2.4249,214,244,1047927,0
0,0,0,8.0599,214,244,1047927,0
0,0,0,23.4783,214,244,1047927,0
0,0,0,24.4845,214,244,1047927,0
0,0,0,15.9051,214,244,1047927,0
0,0,0,2.8353,214,244,1047927,0
0,0,0,2.4824,214,244,1047927,0
0,0,0,2.3351,214,244,1047927,0
0,0,0,2.3832,214,244,1047927,0
0,0,0,2.2742,214,244,1047927,0
0,0,0,2.2812,214,244,1047927,0
0,0,0,1.6574,214,244,1047927,0
0,0,0,2.0371,214,244,1047927,0
0,0,0,2.3556,214,244,1047927,0
0,0,0,2.3082,214,244,1047927,0
0,0,0,2.3387,214,244,1047927,0
0,0,0,2.2875,214,244,1047927,0
0,0,0,2.2784,214,244,1047927,0
0,0,0,2.1609,214,244,1047927,0
0,0,0,1.9356,214,244,1047927,0
0,0,0,2.2775,214,244,1047927,0
0,0,0,2.2808,214,244,1047927,0
0,0,0,1.7064,214,244,1047927,0
0,0,0,2.2553,214,244,1047927,0
0,0,0,2.2902,214,244,1047927,0
0,0,0,2.2602,214,244,1047927,0
0,0,0,2.2465,214,244,1047927,0
0,0,0,2.4227,214,244,1047927,0
0,0,0,2.4197,214,244,1047927,0
0,0,0,2.3131,214,244,1047927,0
0,0,0,2.0666,214,244,1047927,0
0,0,0,2.3385,214,244,1047927,0
0,0,0,2.6925,214,244,1047927,0
0,0,0,2.6179,214,244,1047927,0
0,0,0,2.3381,214,244,1047927,0
0,0,0,1.8687,214,244,1047927,0
0,0,0,2.3609,214,244,1047927,0
0,0,0,2.3665,214,244,1047927,0
0,0,0,2.065,214,244,1047927,0
0,0,0,2.2077,214,244,1047927,0
0,0,0,2.3369,214,244,1047927,0
0,0,0,2.1468,214,244,1047927,0
0,0,0,2.1655,214,244,1047927,0
0,0,0,2.253,214,244,1047927,0
0,0,0,2.1185,214,244,1047927,0
0,0,0,2.3417,214,244,1047927,0
0,0,0,2.1878,214,244,1047927,0
0,0,0,2.0902,214,244,1047927,0
0,0,0,2.1565,214,244,1047927,0
0,0,0,2.0711,214,244,1047927,0
0,0,0,2.3481,214,244,1047927,0
0,0,0,2.2016,214,244,1047927,0
0,0,0,1.7894,214,244,1047927,0
0,0,0,2.1573,214,244,1047927,0
0,0,0,2.1448,214,244,1047927,0
0,0,0,2.2852,214,244,1047927,0
0,0,0,2.2573,214,244,1047927,0
0,0,0,1.9914,214,244,1047927,0
0,0,0,2.1515,214,244,1047927,0
0,0,0,2.3855,214,244,1047927,0
0,0,0,2.2407,214,244,1047927,0
0,0,0,2.1802,214,244,1047927,0
0,0,0,2.1626,214,244,1047927,0
0,0,0,2.0354,214,244,1047927,0
0,0,0,2.3195,214,244,1047927,0
0,0,0,2.1511,214,244,1047927,0
0,0,0,2.1194,214,244,1047927,0
0,0,0,1.7642,214,244,1047927,0
0,0,0,2.08,214,244,1047927,0
0,0,0,2.267,214,244,1047927,0
0,0,0,2.281,214,244,1047927,0
0,0,0,1.7676,214,244,1047927,0
0,0,0,2.2364,214,244,1047927,0
0,0,0,3.211,214,244,1047927,0
0,0,0,3.0277,214,244,1047927,0
0,0,0,2.6935,214,244,1047927,0
0,0,0,3.6079,214,244,1047927,0
0,0,0,3.6147,214,244,1047927,0
0,0,0,2.8381,214,244,1047927,0
0,0,0,3.2713,214,244,1047927,0
0,0,0,3.1459,214,244,1047927,0
0,0,0,3.2743,214,244,1047927,0
0,0,0,3.0483,214,244,1047927,0
0,0,0,3.3455,214,244,1047927,0
0,0,0,3.2321,214,244,1047927,0
0,0,0,12.8729,214,244,1047927,0
0,0,0,2.7354,214,244,1047927,0
0,0,0,2.426,214,244,1047927,0
0,0,0,2.2272,214,244,1047927,0
0,0,0,2.0962,214,244,1047927,0
0,0,0,2.3919,214,244,1047927,0
0,0,0,2.5532,214,244,1047927,0
0,0,0,2.3006,214,244,1047927,0
0,0,0,2.2233,214,244,1047927,0
0,0,0,1.9967,214,244,1047927,0
0,0,0,2.0823,214,244,1047927,0
0,0,0,21.7587,214,244,1047927,0
0,0,0,2.7983,214,244,1047927,0
0,0,0,2.1834,214,244,1047927,0
0,0,0,2.4191,214,244,1047927,0
0,0,0,2.1704,214,244,1047927,0
0,0,0,2.3383,214,244,1047927,0
0,0,0,2.175,214,244,1047927,0
0,0,0,2.1731,214,244,1047927,0
0,0,0,2.1942,214,244,1047927,0
0,0,0,2.6503,214,244,1047927,0
0,0,0,3.648,214,244,1047927,0
0,0,0,2.6561,214,244,1047927,0
0,0,0,2.2705,214,244,1047927,0
0,0,0,2.2422,214,244,1047927,0
0,0,0,2.0874,214,244,1047927,0
0,0,0,2.0394,214,244,1047927,0
0,0,0,2.2825,214,244,1047927,0
0,0,0,2.2766,214,244,1047927,0
0,0,0,2.2433,214,244,1047927,0
0,0,0,1.6914,214,244,1047927,0
0,0,0,2.2188,214,244,1047927,0
0,0,0,17.9929,214,244,1047927,0
0,0,0,2.5713,214,244,1047927,0
0,0,0,2.3346,214,244,1047927,0
0,0,0,2.4142,214,244,1047927,0
0,0,0,2.2534,214,244,1047927,0
0,0,0,2.2084,214,244,1047927,0
0,0,0,2.1636,214,244,1047927,0
0,0,0,2.3671,214,244,1047927,0
0,0,0,2.275,214,244,1047927,0
0,0,0,2.1126,214,244,1047927,0
0,0,0,2.3081,214,244,1047927,0
0,0,0,74.3144,214,244,1047927,0
0,0,0,4.2139,214,244,1047927,0
0,0,0,2.6181,214,244,1047927,0
0,0,0,2.2354,214,244,1047927,0
0,0,0,2.3338,214,244,1047927,0
0,0,0,2.5091,214,244,1047927,0
0,0,0,2.1999,214,244,1047927,0
0,0,0,2.1608,214,244,1047927,0
0,0,0,2.269,214,244,1047927,0
0,0,0,2.1769,214,244,1047927,0
0,0,0,2.3263,214,244,1047927,0
0,0,0,2.2357,214,244,1047927,0
0,0,0,2.0828,214,244,1047927,0
0,0,0,2.5756,214,244,1047927,0
0,0,0,2.3197,214,244,1047927,0
0,0,0,2.4623,214,244,1047927,0
0,0,0,2.3055,214,244,1047927,0
0,0,0,2.3891,214,244,1047927,0
0,0,0,1.8642,214,244,1047927,0
0,0,0,2.1255,214,244,1047927,0
0,0,0,2.2164,214,244,1047927,0
0,0,0,2.2519,214,244,1047927,0
0,0,0,2.5084,214,244,1047927,0
0,0,0,2.3479,214,244,1047927,0
0,0,0,2.0206,214,244,1047927,0
0,0,0,2.373,214,244,1047927,0
0,0,0,2.6989,214,244,1047927,0
0,0,0,2.5663,214,244,1047927,0
0,0,0,2.3044,214,244,1047927,0
0,0,0,1.8769,214,244,1047927,0
0,0,0,2.3091,214,244,1047927,0
0,0,0,2.3269,214,244,1047927,0
0,0,0,2.2111,214,244,1047927,0
0,0,0,2.1435,214,244,1047927,0
0,0,0,2.3116,214,244,1047927,0
0,0,0,2.3821,214,244,1047927,0
0,0,0,2.3599,214,244,1047927,0
0,0,0,2.2659,214,244,1047927,0
0,0,0,1.9825,214,244,1047927,0
0,0,0,2.4265,214,244,1047927,0
0,0,0,2.1858,214,244,1047927,0
0,0,0,2.1446,214,244,1047927,0
0,0,0,2.2135,214,244,1047927,0
0,0,0,2.0938,214,244,1047927,0
0,0,0,2.1922,214,244,1047927,0
0,0,0,2.2328,214,244,1047927,0
0,0,0,2.1239,214,244,1047927,0
0,0,0,2.1918,214,244,1047927,0
0,0,0,2.0453,214,244,1047927,0
0,0,0,2.1256,214,244,1047927,0
0,0,0,2.4051,214,244,1047927,0
0,0,0,2.0891,214,244,1047927,0
0,0,0,2.1959,214,244,1047927,0
0,0,0,2.4348,214,244,1047927,0
0,0,0,2.0986,214,244,1047927,0
0,0,0,2.1664,214,244,1047927,0
0,0,0,2.1825,214,244,1047927,0
0,0,0,2.1005,214,244,1047927,0
0,0,0,2.3567,214,244,1047927,0
0,0,0,2.2993,214,244,1047927,0
0,0,0,2.393,214,244,1047927,0
0,0,0,1.8139,214,244,1047927,0
0,0,0,2.1049,214,244,1047927,0
0,0,0,2.4283,214,244,1047927,0
0,0,0,2.3321,214,244,1047927,0
0,0,0,2.3763,214,244,1047927,0
0,0,0,2.1983,214,244,1047927,0
0,0,0,1.8797,214,244,1047927,0
0,0,0,2.185,214,244,1047927,0
0,0,0,2.2057,214,244,1047927,0
0,0,0,2.1621,214,244,1047927,0
0,0,0,2.3835,214,244,1047927,0
0,0,0,2.6202,214,244,1047927,0
0,0,0,2.8216,214,244,1047927,0
0,0,0,2.5309,214,244,1047927,0
0,0,0,2.2644,214,244,1047927,0
0,0,0,2.3289,214,244,1047927,0
0,0,0,2.3862,214,244,1047927,0
0,0,0,2.34,214,244,1047927,0
0,0,0,5.2301,214,244,1047927,0
0,0,0,2.3398,214,244,1047927,0
0,0,0,2.2918,214,244,1047927,0
0,0,0,2.1232,214,244,1047927,0
0,0,0,2.3697,214,244,1047927,0
0,0,0,2.3409,214,244,1047927,0
0,0,0,2.1997,214,244,1047927,0
0,0,0,2.0449,214,244,1047927,0
0,0,0,1.7199,214,244,1047927,0
0,0,0,2.6052,214,244,1047927,0
0,0,0,2.2944,214,244,1047927,0
0,0,0,2.6386,214,244,1047927,0
0,0,0,3.6505,214,244,1047927,0
0,0,0,2.9356,214,244,1047927,0
0,0,0,3.4118,214,244,1047927,0
0,0,0,3.266,214,244,1047927,0
0,0,0,3.0381,214,244,1047927,0
0,0,0,3.2087,214,244,1047927,0
0,0,0,3.1567,214,244,1047927,0
0,0,0,3.1986,214,244,1047927,0
0,0,0,3.393,214,244,1047927,0
0,0,0,3.0164,214,244,1047927,0
0,0,0,3.3336,214,244,1047927,0
0,0,0,12.711,214,244,1047927,0
0,0,0,2.2488,214,244,1047927,0
0,0,0,2.3077,214,244,1047927,0
0,0,0,2.082,214,244,1047927,0
0,0,0,2.2959,214,244,1047927,0
0,0,0,2.5247,214,244,1047927,0
0,0,0,2.4881,214,244,1047927,0
0,0,0,2.181,214,244,1047927,0
0,0,0,2.138,214,244,1047927,0
0,0,0,2.696,214,244,1047927,0
0,0,0,2.3951,214,244,1047927,0
0,0,0,2.2717,214,244,1047927,0
0,0,0,3.1396,214,244,1047927,0
0,0,0,3.4302,214,244,1047927,0
0,0,0,3.1209,214,244,1047927,0
0,0,0,3.2225,214,244,1047927,0
0,0,0,4.0051,214,244,1047927,0
0,0,0,2.6009,214,244,1047927,0
0,0,0,2.9627,214,244,1047927,0
0,0,0,2.9711,214,244,1047927,0
0,0,0,2.9712,214,244,1047927,0
0,0,0,3.6124,214,244,1047927,0
0,0,0,3.2767,214,244,1047927,0
0,0,0,3.0774,214,244,1047927,0
0,0,0,29.2008,214,244,1047927,0
0,0,0,2.9413,214,244,1047927,0
0,0,0,2.4478,214,244,1047927,0
0,0,0,2.3902,214,244,1047927,0
0,0,0,3.8256,214,244,1047927,0
0,0,0,22.2834,214,244,1047927,0
0,0,0,26.2556,214,244,1047927,0
0,0,0,3.4662,214,244,1047927,0
0,0,0,2.4276,214,244,1047927,0
0,0,0,2.5357,214,244,1047927,0
0,0,0,2.0263,214,244,1047927,0
0,0,0,2.2698,214,244,1047927,0
0,0,0,2.2743,214,244,1047927,0
0,0,0,2.165,214,244,1047927,0
0,0,0,2.3261,214,244,1047927,0
0,0,0,2.4686,214,244,1047927,0
0,0,0,2.4082,214,244,1047927,0
0,0,0,2.3592,214,244,1047927,0
0,0,0,2.3855,214,244,1047927,0
0,0,0,2.1138,214,244,1047927,0
0,0,0,2.465,214,244,1047927,0
0,0,0,2.1241,214,244,1047927,0
0,0,0,2.0877,214,244,1047927,0
0,0,0,2.176,214,244,1047927,0
0,0,0,2.1426,214,244,1047927,0
0,0,0,1.8532,214,244,1047927,0
0,0,0,2.257,214,244,1047927,0
0,0,0,2.094,214,244,1047927,0
0,0,0,1.7889,214,244,1047927,0
0,0,0,2.154,214,244,1047927,0
0,0,0,2.0826,214,244,1047927,0
0,0,0,2.2649,214,244,1047927,0
0,0,0,1.9213,214,244,1047927,0
0,0,0,2.0853,214,244,1047927,0
0,0,0,3.3306,214,244,1047927,0
0,0,0,4.0919,214,244,1047927,0
0,0,0,2.7644,214,244,1047927,0
0,0,0,2.5744,214,244,1047927,0
0,0,0,2.1033,214,244,1047927,0
0,0,0,2.1856,214,244,1047927,0
0,0,0,2.1257,214,244,1047927,0
0,0,0,2.1444,214,244,1047927,0
0,0,0,2.3104,214,244,1047927,0
0,0,0,1.8197,214,244,1047927,0
0,0,0,2.1209,214,244,1047927,0
0,0,0,2.0774,214,244,1047927,0
0,0,0,1.8334,214,244,1047927,0
0,0,0,2.4006,214,244,1047927,0
0,0,0,2.123,214,244,1047927,0
0,0,0,2.1266,214,244,1047927,0
0,0,0,2.2613,214,244,1047927,0
0,0,0,2.1377,214,244,1047927,0
0,0,0,2.4058,214,244,1047927,0
0,0,0,2.0397,214,244,1047927,0
0,0,0,2.1447,214,244,1047927,0
0,0,0,2.1559,214,244,1047927,0
0,0,0,1.8891,214,244,1047927,0
0,0,0,2.2601,214,244,1047927,0
0,0,0,2.231,214,244,1047927,0
0,0,0,2.1414,214,244,1047927,0
0,0,0,2.1646,214,244,1047927,0
0,0,0,2.4684,214,244,1047927,0
0,0,0,2.0671,214,244,1047927,0
0,0,0,2.168,214,244,1047927,0
0,0,0,2.1933,214,244,1047927,0
0,0,0,2.2138,214,244,1047927,0
0,0,0,2.2734,214,244,1047927,0
0,0,0,1.7898,214,244,1047927,0
0,0,0,2.1525,214,244,1047927,0
0,0,0,2.1546,214,244,1047927,0
0,0,0,2.2638,214,244,1047927,0
0,0,0,2.424,214,244,1047927,0
0,0,0,1.7814,214,244,1047927,0
0,0,0,2.0512,214,244,1047927,0
0,0,0,2.219,214,244,1047927,0
0,0,0,2.216,214,244,1047927,0
0,0,0,2.4755,214,244,1047927,0
0,0,0,2.3186,214,244,1047927,0
0,0,0,2.9192,214,244,1047927,0
0,0,0,3.9544,214,244,1047927,0
0,0,0,3.1861,214,244,1047927,0
0,0,0,2.8442,214,244,1047927,0
0,0,0,3.4614,214,244,1047927,0
0,0,0,3.0019,214,244,1047927,0
0,0,0,3.1235,214,244,1047927,0
0,0,0,3.4284,214,244,1047927,0
0,0,0,3.0091,214,244,1047927,0
0,0,0,13.0093,214,244,1047927,0
0,0,0,2.4267,214,244,1047927,0
0,0,0,2.4934,214,244,1047927,0
0,0,0,2.4241,214,244,1047927,0
0,0,0,2.2715,214,244,1047927,0
0,0,0,2.1081,214,244,1047927,0
0,0,0,2.2375,214,244,1047927,0
0,0,0,2.0847,214,244,1047927,0
0,0,0,2.1928,214,244,1047927,0
0,0,0,2.1819,214,244,1047927,0
0,0,0,2.0537,214,244,1047927,0
0,0,0,2.8281,214,244,1047927,0
0,0,0,3.2791,214,244,1047927,0
0,0,0,3.2166,214,244,1047927,0
0,0,0,3.0897,214,244,1047927,0
0,0,0,3.3242,214,244,1047927,0
0,0,0,3.1385,214,244,1047927,0
0,0,0,3.2439,214,244,1047927,0
0,0,0,3.0313,214,244,1047927,0
0,0,0,3.4267,214,244,1047927,0
0,0,0,3.1613,214,244,1047927,0
0,0,0,3.1425,214,244,1047927,0
0,0,0,3.1206,214,244,1047927,0
0,0,0,12.9448,214,244,1047927,0
0,0,0,2.9349,214,244,1047927,0
0,0,0,2.2309,214,244,1047927,0
0,0,0,2.146,214,244,1047927,0
0,0,0,2.2003,214,244,1047927,0
0,0,0,1.9582,214,244,1047927,0
0,0,0,1.9551,214,244,1047927,0
0,0,0,2.1237,214,244,1047927,0
0,0,0,2.0019,214,244,1047927,0
0,0,0,2.1974,214,244,1047927,0
0,0,0,2.484,214,244,1047927,0
0,0,0,3.2007,214,244,1047927,0
0,0,0,3.0809,214,244,1047927,0
0,0,0,3.3883,214,244,1047927,0
0,0,0,3.1106,214,244,1047927,0
0,0,0,3.0112,214,244,1047927,0
0,0,0,3.3205,214,244,1047927,0
0,0,0,3.2477,214,244,1047927,0
0,0,0,3.0488,214,244,1047927,0
0,0,0,3.4253,214,244,1047927,0
0,0,0,81.7831,214,244,1047927,0
0,0,0,4.3659,214,244,1047927,0
0,0,0,2.6013,214,244,1047927,0
0,0,0,2.4223,214,244,1047927,0
0,0,0,2.1699,214,244,1047927,0
0,0,0,2.2389,214,244,1047927,0
0,0,0,2.092,214,244,1047927,0
0,0,0,2.0973,214,244,1047927,0
0,0,0,2.2268,214,244,1047927,0
0,0,0,2.7765,214,244,1047927,0
0,0,0,2.4907,214,244,1047927,0
0,0,0,2.2802,214,244,1047927,0
0,0,0,2.0435,214,244,1047927,0
0,0,0,2.2164,214,244,1047927,0
0,0,0,2.1573,214,244,1047927,0
0,0,0,2.2011,214,244,1047927,0
0,0,0,2.0767,214,244,1047927,0
0,0,0,2.072,214,244,1047927,0
0,0,0,2.1931,214,244,1047927,0
0,0,0,2.1864,214,244,1047927,0
0,0,0,2.1728,214,244,1047927,0
0,0,0,1.8257,214,244,1047927,0
0,0,0,2.0784,214,244,1047927,0
0,0,0,2.4312,214,244,1047927,0
0,0,0,2.1272,214,244,1047927,0
0,0,0,2.1806,214,244,1047927,0
0,0,0,1.8004,214,244,1047927,0
0,0,0,2.209,214,244,1047927,0
0,0,0,3.5848,214,244,1047927,0
0,0,0,2.5546,214,244,1047927,0
0,0,0,2.2415,214,244,1047927,0
0,0,0,2.2386,214,244,1047927,0
0,0,0,2.2375,214,244,1047927,0
0,0,0,1.7836,214,244,1047927,0
0,0,0,2.2223,214,244,1047927,0
0,0,0,2.183,214,244,1047927,0
0,0,0,2.3287,214,244,1047927,0
0,0,0,2.4953,214,244,1047927,0
0,0,0,2.2513,214,244,1047927,0
0,0,0,2.293,214,244,1047927,0
0,0,0,2.0807,214,244,1047927,0
0,0,0,3.157,214,244,1047927,0
0,0,0,2.9133,214,244,1047927,0
0,0,0,2.505,214,244,1047927,0
0,0,0,2.1768,214,244,1047927,0
0,0,0,2.1366,214,244,1047927,0
0,0,0,2.0916,214,244,1047927,0
0,0,0,2.32,214,244,1047927,0
0,0,0,2.3244,214,244,1047927,0
0,0,0,2.3618,214,244,1047927,0
0,0,0,2.1625,214,244,1047927,0
0,0,0,2.1076,214,244,1047927,0
0,0,0,2.1128,214,244,1047927,0
0,0,0,2.2245,214,244,1047927,0
0,0,0,2.1791,214,244,1047927,0
0,0,0,2.1088,214,244,1047927,0
0,0,0,2.1715,214,244,1047927,0
0,0,0,2.1123,214,244,1047927,0
0,0,0,2.1753,214,244,1047927,0
0,0,0,2.1822,214,244,1047927,0
0,0,0,2.0613,214,244,1047927,0
0,0,0,2.5063,214,244,1047927,0
0,0,0,2.3374,214,244,1047927,0
0,0,0,2.0969,214,244,1047927,0
0,0,0,2.2976,214,244,1047927,0
0,0,0,2.3725,214,244,1047927,0
0,0,0,2.1375,214,244,1047927,0
0,0,0,2.1118,214,244,1047927,0
0,0,0,2.3031,214,244,1047927,0
0,0,0,2.4251,214,244,1047927,0
0,0,0,2.3139,214,244,1047927,0
1,128,0,4.2246,214,500,2431095,0
1,128,0,3.8245,214,500,2431095,0
1,128,0,4.1361,214,500,2431095,0
1,128,0,3.8654,214,500,2431095,0
1,128,0,4.1213,214,500,2431095,0
1,128,0,4.0834,214,500,2431095,0
1,128,0,3.6831,214,500,2431095,0
1,128,0,4.0449,214,500,2431095,0
1,128,0,3.9959,214,500,2431095,0
1,128,0,3.9834,214,500,2431095,0
1,128,0,4.109,214,500,2431095,0
1,128,0,3.8473,214,500,2431095,0
1,128,0,4.1779,214,500,2431095,0
1,128,0,4.0612,214,500,2431095,0
1,128,0,16.4918,214,500,2431095,0
1,128,0,3.1612,214,500,2431095,0
1,128,0,2.5254,214,500,2431095,0
1,128,0,2.2815,214,500,2431095,0
1,128,0,2.1853,214,500,2431095,0
1,128,0,2.4449,214,500,2431095,0
1,128,0,3.1158,214,500,2431095,0
1,128,0,2.7188,214,500,2431095,0
1,128,0,3.2198,214,500,2431095,0
1,128,0,3.1784,214,500,2431095,0
1,128,0,3.1448,214,500,2431095,0
1,128,0,3.9882,214,500,2431095,0
1,128,0,4.1075,214,500,2431095,0
1,128,0,3.9838,214,500,2431095,0
1,128,0,4.009,214,500,2431095,0
1,128,0,4.5527,214,500,2431095,0
1,128,0,3.4173,214,500,2431095,0
1,128,0,4.1106,214,500,2431095,0
1,128,0,3.4936,214,500,2431095,0
1,128,0,4.1769,214,500,2431095,0
1,128,0,3.6611,214,500,2431095,0
1,128,0,4.2013,214,500,2431095,0
1,128,0,3.9943,214,500,2431095,0
1,128,0,3.8184,214,500,2431095,0
1,128,0,36.4695,214,500,2431095,0
1,128,0,3.1563,214,500,2431095,0
1,128,0,2.5887,214,500,2431095,0
1,128,0,2.3633,214,500,2431095,0
1,128,0,2.4035,214,500,2431095,0
1,128,0,2.3862,214,500,2431095,0
1,128,0,2.3791,214,500,2431095,0
1,128,0,2.208,214,500,2431095,0
1,128,0,2.205,214,500,2431095,0
1,128,0,2.6231,214,500,2431095,0
1,128,0,2.2844,214,500,2431095,0
1,128,0,2.2542,214,500,2431095,0
1,128,0,2.1773,214,500,2431095,0
1,128,0,2.2603,214,500,2431095,0
1,128,0,2.0309,214,500,2431095,0
1,128,0,2.1889,214,500,2431095,0
1,128,0,2.1874,214,500,2431095,0
1,128,0,2.2473,214,500,2431095,0
1,128,0,2.2403,214,500,2431095,0
1,128,0,2.2343,214,500,2431095,0
1,128,0,2.4512,214,500,2431095,0
1,128,0,4.1128,214,500,2431095,0
1,128,0,3.9747,214,500,2431095,0
1,128,0,3.911,214,500,2431095,0
1,128,0,4.0752,214,500,2431095,0
1,128,0,7.394,214,500,2431095,0
1,128,0,16.2453,214,500,2431095,0
1,128,0,31.7986,214,500,2431095,0
1,128,0,11.839,214,500,2431095,0
1,128,0,31.7964,214,500,2431095,0
1,128,0,3.998,214,500,2431095,0
1,128,0,2.4184,214,500,2431095,0
1,128,0,2.4227,214,500,2431095,0
1,128,0,2.3842,214,500,2431095,0
1,128,0,3.2316,214,500,2431095,0
1,128,0,2.4616,214,500,2431095,0
1,128,0,2.2843,214,500,2431095,0
1,128,0,2.287,214,500,2431095,0
1,128,0,2.0395,214,500,2431095,0
1,128,0,2.6252,214,500,2431095,0
1,128,0,2.1755,214,500,2431095,0
1,128,0,2.2164,214,500,2431095,0
1,128,0,2.5943,214,500,2431095,0
1,128,0,2.6065,214,500,2431095,0
1,128,0,2.2614,214,500,2431095,0
1,128,0,2.2095,214,500,2431095,0
1,128,0,3.6376,214,500,2431095,0
1,128,0,2.6251,214,500,2431095,0
1,128,0,2.491,214,500,2431095,0
1,128,0,2.6232,214,500,2431095,0
1,128,0,2.2455,214,500,2431095,0
1,128,0,2.2039,214,500,2431095,0
1,128,0,2.1685,214,500,2431095,0
1,128,0,2.283,214,500,2431095,0
1,128,0,2.2645,214,500,2431095,0
1,128,0,2.1756,214,500,2431095,0
1,128,0,2.2799,214,500,2431095,0
1,128,0,2.1697,214,500,2431095,0
1,128,0,2.3286,214,500,2431095,0
1,128,0,2.1653,214,500,2431095,0
1,128,0,2.189,214,500,2431095,0
1,128,0,2.1742,214,500,2431095,0
1,128,0,2.4137,214,500,2431095,0
1,128,0,2.3397,214,500,2431095,0
1,128,0,2.3371,214,500,2431095,0
1,128,0,2.3822,214,500,2431095,0
1,128,0,2.312,214,500,2431095,0
1,128,0,2.7105,214,500,2431095,0
1,128,0,2.3009,214,500,2431095,0
1,128,0,2.2903,214,500,2431095,0
1,128,0,2.2746,214,500,2431095,0
1,128,0,2.523,214,500,2431095,0
1,128,0,2.3506,214,500,2431095,0
1,128,0,2.478,214,500,2431095,0
1,128,0,2.9854,214,500,2431095,0
1,128,0,5.6692,214,500,2431095,0
1,128,0,2.4435,214,500,2431095,0
1,128,0,2.2122,214,500,2431095,0
1,128,0,2.2186,214,500,2431095,0
1,128,0,1.89,214,500,2431095,0
1,128,0,2.8503,214,500,2431095,0
1,128,0,2.4535,214,500,2431095,0
1,128,0,1.9319,214,500,2431095,0
1,128,0,3.0823,214,500,2431095,0
1,128,0,4.5216,214,500,2431095,0
1,128,0,4.0386,214,500,2431095,0
1,128,0,3.7891,214,500,2431095,0
1,128,0,4.0701,214,500,2431095,0
1,128,0,4.5378,214,500,2431095,0
1,128,0,3.7059,214,500,2431095,0
1,128,0,3.9154,214,500,2431095,0
1,128,0,3.8548,214,500,2431095,0
1,128,0,3.9107,214,500,2431095,0
1,128,0,3.9715,214,500,2431095,0
1,128,0,4.0261,214,500,2431095,0
1,128,0,3.9978,214,500,2431095,0
1,128,0,4.1107,214,500,2431095,0
1,128,0,4.0173,214,500,2431095,0
1,128,0,4.0266,214,500,2431095,0
1,128,0,35.9086,214,500,2431095,0
1,128,0,2.5931,214,500,2431095,0
1,128,0,2.8988,214,500,2431095,0
1,128,0,3.5866,214,500,2431095,0
1,128,0,2.7996,214,500,2431095,0
1,128,0,2.5342,214,500,2431095,0
1,128,0,2.1731,214,500,2431095,0
1,128,0,2.183,214,500,2431095,0
1,128,0,2.713,214,500,2431095,0
1,128,0,2.2505,214,500,2431095,0
1,128,0,2.2433,214,500,2431095,0
1,128,0,2.4001,214,500,2431095,0
1,128,0,2.2654,214,500,2431095,0
1,128,0,1.8471,214,500,2431095,0
1,128,0,2.1941,214,500,2431095,0
1,128,0,2.5331,214,500,2431095,0
1,128,0,2.1808,214,500,2431095,0
1,128,0,2.342,214,500,2431095,0
1,128,0,2.2409,214,500,2431095,0
1,128,0,2.201,214,500,2431095,0
1,128,0,1.924,214,500,2431095,0
1,128,0,3.6853,214,500,2431095,0
1,128,0,4.2301,214,500,2431095,0
1,128,0,3.7959,214,500,2431095,0
1,128,0,4.1367,214,500,2431095,0
1,128,0,3.9565,214,500,2431095,0
1,128,0,3.8996,214,500,2431095,0
1,128,0,4.0436,214,500,2431095,0
1,128,0,4.0309,214,500,2431095,0
1,128,0,3.7986,214,500,2431095,0
1,128,0,4.1339,214,500,2431095,0
1,128,0,3.9962,214,500,2431095,0
1,128,0,3.9491,214,500,2431095,0
1,128,0,4.1126,214,500,2431095,0
1,128,0,3.8075,214,500,2431095,0
1,128,0,4.0845,214,500,2431095,0
1,128,0,4.0095,214,500,2431095,0
1,128,0,4.0383,214,500,2431095,0
1,128,0,4.2009,214,500,2431095,0
1,128,0,3.7459,214,500,2431095,0
1,128,0,4.0718,214,500,2431095,0
1,128,0,3.8757,214,500,2431095,0
1,128,0,3.8999,214,500,2431095,0
1,128,0,4.1517,214,500,2431095,0
1,128,0,3.7182,214,500,2431095,0
1,128,0,4.1867,214,500,2431095,0
1,128,0,15.5209,214,500,2431095,0
1,128,0,2.31,214,500,2431095,0
1,128,0,2.3754,214,500,2431095,0
1,128,0,2.2316,214,500,2431095,0
1,128,0,2.2126,214,500,2431095,0
1,128,0,2.2326,214,500,2431095,0
1,128,0,2.1493,214,500,2431095,0
1,128,0,2.6448,214,500,2431095,0
1,128,0,70.4238,214,500,2431095,0
1,128,0,32.8137,214,500,2431095,0
1,128,0,3.5262,214,500,2431095,0
1,128,0,3.8986,214,500,2431095,0
1,128,0,2.3568,214,500,2431095,0
1,128,0,2.4178,214,500,2431095,0
1,128,0,2.2505,214,500,2431095,0
1,128,0,1.8838,214,500,2431095,0
1,128,0,2.3774,214,500,2431095,0
1,128,0,2.4484,214,500,2431095,0
1,128,0,2.4712,214,500,2431095,0
1,128,0,2.1888,214,500,2431095,0
1,128,0,2.2214,214,500,2431095,0
1,128,0,2.2181,214,500,2431095,0
1,128,0,2.5026,214,500,2431095,0
1,128,0,2.3634,214,500,2431095,0
1,128,0,2.3393,214,500,2431095,0
1,128,0,2.2074,214,500,2431095,0
1,128,0,2.636,214,500,2431095,0
1,128,0,2.2769,214,500,2431095,0
1,128,0,2.3174,214,500,2431095,0
1,128,0,2.3956,214,500,2431095,0
1,128,0,1.9156,214,500,2431095,0
1,128,0,2.3637,214,500,2431095,0
1,128,0,2.1198,214,500,2431095,0
1,128,0,2.1719,214,500,2431095,0
1,128,0,2.2838,214,500,2431095,0
1,128,0,2.2433,214,500,2431095,0
1,128,0,2.0842,214,500,2431095,0
1,128,0,2.232,214,500,2431095,0
1,128,0,2.1708,214,500,2431095,0
1,128,0,2.5252,214,500,2431095,0
1,128,0,2.2301,214,500,2431095,0
1,128,0,2.2515,214,500,2431095,0
1,128,0,2.3544,214,500,2431095,0
1,128,0,2.1904,214,500,2431095,0
1,128,0,2.5373,214,500,2431095,0
1,128,0,2.2877,214,500,2431095,0
1,128,0,2.4099,214,500,2431095,0
1,128,0,2.398,214,500,2431095,0
1,128,0,2.5568,214,500,2431095,0
1,128,0,2.3975,214,500,2431095,0
1,128,0,2.2397,214,500,2431095,0
1,128,0,2.1341,214,500,2431095,0
1,128,0,2.1215,214,500,2431095,0
1,128,0,2.2528,214,500,2431095,0
1,128,0,2.2608,214,500,2431095,0
1,128,0,2.1988,214,500,2431095,0
1,128,0,2.1991,214,500,2431095,0
1,128,0,2.4154,214,500,2431095,0
1,128,0,2.518,214,500,2431095,0
1,128,0,2.3163,214,500,2431095,0
1,128,0,1.9178,214,500,2431095,0
1,128,0,2.2436,214,500,2431095,0
1,128,0,2.2187,214,500,2431095,0
1,128,0,2.2328,214,500,2431095,0
1,128,0,2.2313,214,500,2431095,0
1,128,0,2.2414,214,500,2431095,0
1,128,0,2.1823,214,500,2431095,0
1,128,0,2.4132,214,500,2431095,0
1,128,0,2.4641,214,500,2431095,0
1,128,0,5.2772,214,500,2431095,0
1,128,0,4.179,214,500,2431095,0
1,128,0,3.782,214,500,2431095,0
1,128,0,4.1769,214,500,2431095,0
1,128,0,3.9442,214,500,2431095,0
1,128,0,4.1534,214,500,2431095,0
1,128,0,3.9587,214,500,2431095,0
1,128,0,3.965,214,500,2431095,0
1,128,0,4.1339,214,500,2431095,0
1,128,0,3.8484,214,500,2431095,0
1,128,0,4.0698,214,500,2431095,0
1,128,0,4.0422,214,500,2431095,0
1,128,0,3.8789,214,500,2431095,0
1,128,0,4.1822,214,500,2431095,0
1,128,0,3.8313,214,500,2431095,0
1,128,0,3.9578,214,500,2431095,0
1,128,0,4.1231,214,500,2431095,0
1,128,0,3.9183,214,500,2431095,0
1,128,0,4.2002,214,500,2431095,0
1,128,0,4.2086,214,500,2431095,0
1,128,0,3.8433,214,500,2431095,0
1,128,0,3.894,214,500,2431095,0
1,128,0,3.9321,214,500,2431095,0
1,128,0,3.912,214,500,2431095,0
1,128,0,15.8669,214,500,2431095,0
1,128,0,5.3528,214,500,2431095,0
1,128,0,3.9791,214,500,2431095,0
1,128,0,3.2918,214,500,2431095,0
1,128,0,2.8378,214,500,2431095,0
1,128,0,3.1599,214,500,2431095,0
1,128,0,3.4605,214,500,2431095,0
1,128,0,3.5432,214,500,2431095,0
1,128,0,3.095,214,500,2431095,0
1,128,0,3.0621,214,500,2431095,0
1,128,0,3.8612,214,500,2431095,0
1,128,0,3.9435,214,500,2431095,0
1,128,0,3.0848,214,500,2431095,0
1,128,0,3.7303,214,500,2431095,0
1,128,0,2.9571,214,500,2431095,0
1,128,0,2.5496,214,500,2431095,0
1,128,0,2.4549,214,500,2431095,0
1,128,0,3.0849,214,500,2431095,0
1,128,0,3.0865,214,500,2431095,0
1,128,0,3.9757,214,500,2431095,0
1,128,0,3.5172,214,500,2431095,0
1,128,0,4.5817,214,500,2431095,0
1,128,0,3.7353,214,500,2431095,0
1,128,0,3.8636,214,500,2431095,0
1,128,0,36.301,214,500,2431095,0
1,128,0,3.121,214,500,2431095,0
1,128,0,3.1582,214,500,2431095,0
1,128,0,2.3814,214,500,2431095,0
1,128,0,2.3203,214,500,2431095,0
1,128,0,2.2752,214,500,2431095,0
1,128,0,2.1595,214,500,2431095,0
1,128,0,2.1588,214,500,2431095,0
1,128,0,2.2461,214,500,2431095,0
1,128,0,2.237,214,500,2431095,0
1,128,0,2.2752,214,500,2431095,0
1,128,0,2.1807,214,500,2431095,0
1,128,0,2.3469,214,500,2431095,0
1,128,0,2.2463,214,500,2431095,0
1,128,0,2.1304,214,500,2431095,0
1,128,0,2.1656,214,500,2431095,0
1,128,0,2.463,214,500,2431095,0
1,128,0,2.8287,214,500,2431095,0
1,128,0,2.5994,214,500,2431095,0
1,128,0,2.7577,214,500,2431095,0
1,128,0,16.071,214,500,2431095,0
1,128,0,31.155,214,500,2431095,0
1,128,0,12.3851,214,500,2431095,0
1,128,0,31.457,214,500,2431095,0
1,128,0,4.4875,214,500,2431095,0
1,128,0,2.4233,214,500,2431095,0
1,128,0,2.3586,214,500,2431095,0
1,128,0,2.5038,214,500,2431095,0
1,128,0,2.4386,214,500,2431095,0
1,128,0,2.4446,214,500,2431095,0
1,128,0,2.2038,214,500,2431095,0
1,128,0,2.2423,214,500,2431095,0
1,128,0,2.4427,214,500,2431095,0
1,128,0,2.2847,214,500,2431095,0
1,128,0,2.2251,214,500,2431095,0
1,128,0,2.0908,214,500,2431095,0
1,128,0,2.758,214,500,2431095,0
1,128,0,2.6986,214,500,2431095,0
1,128,0,2.4357,214,500,2431095,0
1,128,0,2.5413,214,500,2431095,0
1,128,0,2.6111,214,500,2431095,0
1,128,0,2.2632,214,500,2431095,0
1,128,0,2.2358,214,500,2431095,0
1,128,0,2.2718,214,500,2431095,0
1,128,0,2.4223,214,500,2431095,0
1,128,0,2.283,214,500,2431095,0
1,128,0,2.2715,214,500,2431095,0
1,128,0,2.3387,214,500,2431095,0
1,128,0,2.4889,214,500,2431095,0
1,128,0,2.3199,214,500,2431095,0
1,128,0,2.3877,214,500,2431095,0
1,128,0,2.4445,214,500,2431095,0
1,128,0,2.0996,214,500,2431095,0
1,128,0,2.8986,214,500,2431095,0
1,128,0,2.2495,214,500,2431095,0
1,128,0,2.3224,214,500,2431095,0
1,128,0,2.4873,214,500,2431095,0
1,128,0,1.8759,214,500,2431095,0
1,128,0,1.9455,214,500,2431095,0
1,128,0,2.1937,214,500,2431095,0
1,128,0,1.7953,214,500,2431095,0
1,128,0,2.2564,214,500,2431095,0
1,128,0,2.3039,214,500,2431095,0
1,128,0,2.6314,214,500,2431095,0
1,128,0,2.6125,214,500,2431095,0
1,128,0,3.1512,214,500,2431095,0
1,128,0,2.6678,214,500,2431095,0
1,128,0,2.5088,214,500,2431095,0
1,128,0,2.1121,214,500,2431095,0
1,128,0,2.2485,214,500,2431095,0
1,128,0,2.1794,214,500,2431095,0
1,128,0,2.4981,214,500,2431095,0
1,128,0,2.5233,214,500,2431095,0
1,128,0,2.1715,214,500,2431095,0
1,128,0,3.3402,214,500,2431095,0
1,128,0,16.3665,214,500,2431095,0
1,128,0,2.8851,214,500,2431095,0
1,128,0,3.5678,214,500,2431095,0
1,128,0,2.3957,214,500,2431095,0
1,128,0,2.4669,214,500,2431095,0
1,128,0,2.5574,214,500,2431095,0
1,128,0,2.3532,214,500,2431095,0
1,128,0,2.3879,214,500,2431095,0
1,128,0,2.4292,214,500,2431095,0
1,128,0,2.6304,214,500,2431095,0
1,128,0,2.3939,214,500,2431095,0
1,128,0,5.5108,214,500,2431095,0
1,128,0,4.1118,214,500,2431095,0
1,128,0,3.8843,214,500,2431095,0
1,128,0,4.2137,214,500,2431095,0
1,128,0,3.6585,214,500,2431095,0
1,128,0,4.1135,214,500,2431095,0
1,128,0,3.9907,214,500,2431095,0
1,128,0,4.0051,214,500,2431095,0
1,128,0,3.9251,214,500,2431095,0
1,128,0,3.9339,214,500,2431095,0
1,128,0,4.0509,214,500,2431095,0
1,128,0,4.1092,214,500,2431095,0
1,128,0,3.8145,214,500,2431095,0
1,128,0,36.7969,214,500,2431095,0
1,128,0,3.0797,214,500,2431095,0
1,128,0,2.3012,214,500,2431095,0
1,128,0,2.2608,214,500,2431095,0
1,128,0,2.5694,214,500,2431095,0
1,128,0,2.4745,214,500,2431095,0
1,128,0,2.157,214,500,2431095,0
1,128,0,2.2309,214,500,2431095,0
1,128,0,2.1586,214,500,2431095,0
1,128,0,2.4709,214,500,2431095,0
1,128,0,2.9032,214,500,2431095,0
1,128,0,2.7694,214,500,2431095,0
1,128,0,2.4111,214,500,2431095,0
1,128,0,2.3165,214,500,2431095,0
1,128,0,2.472,214,500,2431095,0
1,128,0,2.3463,214,500,2431095,0
1,128,0,2.2675,214,500,2431095,0
1,128,0,2.1015,214,500,2431095,0
1,128,0,2.2405,214,500,2431095,0
1,128,0,2.1444,214,500,2431095,0
1,128,0,2.2201,214,500,2431095,0
1,128,0,3.116,214,500,2431095,0
1,128,0,4.2261,214,500,2431095,0
1,128,0,3.8256,214,500,2431095,0
1,128,0,4.1256,214,500,2431095,0
1,128,0,3.9359,214,500,2431095,0
1,128,0,3.8442,214,500,2431095,0
1,128,0,4.0051,214,500,2431095,0
1,128,0,4.0167,214,500,2431095,0
1,128,0,3.9938,214,500,2431095,0
1,128,0,4.0979,214,500,2431095,0
1,128,0,3.9264,214,500,2431095,0
1,128,0,5.3007,214,500,2431095,0
1,128,0,4.1882,214,500,2431095,0
1,128,0,3.2589,214,500,2431095,0
1,128,0,3.5758,214,500,2431095,0
1,128,0,4.2788,214,500,2431095,0
1,128,0,4.3425,214,500,2431095,0
1,128,0,3.0939,214,500,2431095,0
1,128,0,3.8274,214,500,2431095,0
1,128,0,15.7509,214,500,2431095,0
1,128,0,2.3452,214,500,2431095,0
1,128,0,2.2257,214,500,2431095,0
1,128,0,3.7164,214,500,2431095,0
1,128,0,2.2254,214,500,2431095,0
1,128,0,2.3656,214,500,2431095,0
1,128,0,2.1485,214,500,2431095,0
1,128,0,2.4686,214,500,2431095,0
1,128,0,33.6475,214,500,2431095,0
1,128,0,68.5579,214,500,2431095,0
1,128,0,3.496,214,500,2431095,0
1,128,0,3.7219,214,500,2431095,0
1,128,0,2.4047,214,500,2431095,0
1,128,0,2.2054,214,500,2431095,0
1,128,0,2.2636,214,500,2431095,0
1,128,0,2.2528,214,500,2431095,0
1,128,0,2.2205,214,500,2431095,0
1,128,0,2.3723,214,500,2431095,0
1,128,0,2.3687,214,500,2431095,0
1,128,0,1.948,214,500,2431095,0
1,128,0,2.1742,214,500,2431095,0
1,128,0,2.4428,214,500,2431095,0
1,128,0,2.2211,214,500,2431095,0
1,128,0,2.3491,214,500,2431095,0
1,128,0,2.7121,214,500,2431095,0
1,128,0,2.1661,214,500,2431095,0
1,128,0,2.9646,214,500,2431095,0
1,128,0,10.3561,214,500,2431095,0
1,128,0,14.2639,214,500,2431095,0
1,128,0,2.3981,214,500,2431095,0
1,128,0,2.3862,214,500,2431095,0
1,128,0,2.3042,214,500,2431095,0
1,128,0,2.2134,214,500,2431095,0
1,128,0,2.2704,214,500,2431095,0
1,128,0,2.4575,214,500,2431095,0
1,128,0,2.3775,214,500,2431095,0
1,128,0,2.335,214,500,2431095,0
1,128,0,2.1575,214,500,2431095,0
1,128,0,2.2309,214,500,2431095,0
1,128,0,2.5089,214,500,2431095,0
1,128,0,2.5443,214,500,2431095,0
1,128,0,2.4465,214,500,2431095,0
1,128,0,2.2666,214,500,2431095,0
1,128,0,2.578,214,500,2431095,0
1,128,0,2.163,214,500,2431095,0
1,128,0,2.1779,214,500,2431095,0
1,128,0,2.3435,214,500,2431095,0
1,128,0,2.2075,214,500,2431095,0
1,128,0,2.4241,214,500,2431095,0
1,128,0,2.2219,214,500,2431095,0
1,128,0,2.3157,214,500,2431095,0
1,128,0,2.1312,214,500,2431095,0
1,128,0,2.1112,214,500,2431095,0
1,128,0,2.3718,214,500,2431095,0
1,128,0,2.3622,214,500,2431095,0
1,128,0,2.18,214,500,2431095,0
1,128,0,2.1333,214,500,2431095,0
1,128,0,2.3729,214,500,2431095,0
1,128,0,2.3735,214,500,2431095,0
1,128,0,2.1924,214,500,2431095,0
1,128,0,2.0982,214,500,2431095,0
1,128,0,2.2318,214,500,2431095,0
1,128,0,2.5949,214,500,2431095,0
1,128,0,2.6188,214,500,2431095,0
1,128,0,2.3845,214,500,2431095,0
1,128,0,2.2458,214,500,2431095,0
1,128,0,2.6357,214,500,2431095,0
1,128,0,2.5013,214,500,2431095,0
1,128,0,2.4677,214,500,2431095,0
1,128,0,2.2763,214,500,2431095,0
1,128,0,2.2311,214,500,2431095,0
1,128,0,2.2081,214,500,2431095,0
1,128,0,4.7862,214,500,2431095,0
1,128,0,4.0331,214,500,2431095,0
1,128,0,3.9661,214,500,2431095,0
1,128,0,4.0546,214,500,2431095,0
1,128,0,16.1735,214,500,2431095,0
1,128,0,2.4949,214,500,2431095,0
1,128,0,2.3467,214,500,2431095,0
1,128,0,2.5343,214,500,2431095,0
1,128,0,2.3693,214,500,2431095,0
1,128,0,2.3106,214,500,2431095,0
1,128,0,2.4311,214,500,2431095,0
1,128,0,2.4073,214,500,2431095,0
1,128,0,2.4818,214,500,2431095,0
1,128,0,4.2521,214,500,2431095,0
1,128,0,3.9107,214,500,2431095,0
1,128,0,3.968,214,500,2431095,0
1,128,0,4.0616,214,500,2431095,0
1,128,0,3.7185,214,500,2431095,0
1,128,0,4.3146,214,500,2431095,0
1,128,0,3.9957,214,500,2431095,0
1,128,0,4.007,214,500,2431095,0
1,128,0,3.9572,214,500,2431095,0
1,128,0,3.888,214,500,2431095,0
1,128,0,4.0729,214,500,2431095,0
1,128,0,4.0182,214,500,2431095,0
1,128,0,3.8534,214,500,2431095,0
1,128,0,4.0353,214,500,2431095,0
1,128,0,40.9798,214,500,2431095,0
1,128,0,3.4571,214,500,2431095,0
1,128,0,2.4722,214,500,2431095,0
1,128,0,2.2136,214,500,2431095,0
1,128,0,2.4067,214,500,2431095,0
1,128,0,2.5049,214,500,2431095,0
1,128,0,2.4377,214,500,2431095,0
1,128,0,2.347,214,500,2431095,0
1,128,0,2.1447,214,500,2431095,0
1,128,0,2.1662,214,500,2431095,0
1,128,0,2.5836,214,500,2431095,0
1,128,0,2.4342,214,500,2431095,0
1,128,0,2.1669,214,500,2431095,0
1,128,0,2.1019,214,500,2431095,0
1,128,0,2.6348,214,500,2431095,0
1,128,0,2.9791,214,500,2431095,0
1,128,0,3.0167,214,500,2431095,0
1,128,0,2.3145,214,500,2431095,0
1,128,0,2.661,214,500,2431095,0
1,128,0,2.2428,214,500,2431095,0
1,128,0,2.3664,214,500,2431095,0
1,128,0,2.4557,214,500,2431095,0
1,128,0,2.2027,214,500,2431095,0
1,128,0,2.2103,214,500,2431095,0
1,128,0,2.1974,214,500,2431095,0
1,128,0,3.9987,214,500,2431095,0
1,128,0,4.5103,214,500,2431095,0
1,128,0,2.3397,214,500,2431095,0
1,128,0,5.3516,214,500,2431095,0
1,128,0,2.7234,214,500,2431095,0
1,128,0,5.2227,214,500,2431095,0
1,128,0,4.185,214,500,2431095,0
1,128,0,3.806,214,500,2431095,0
1,128,0,4.1306,214,500,2431095,0
1,128,0,3.9683,214,500,2431095,0
1,128,0,3.944,214,500,2431095,0
1,128,0,4.058,214,500,2431095,0
1,128,0,4.0337,214,500,2431095,0
1,128,0,16.1025,214,500,2431095,0
1,128,0,31.2754,214,500,2431095,0
1,128,0,15.7977,214,500,2431095,0
1,128,0,27.5469,214,500,2431095,0
1,128,0,8.2424,214,500,2431095,0
1,128,0,3.6369,214,500,2431095,0
1,128,0,2.5269,214,500,2431095,0
1,128,0,2.2483,214,500,2431095,0
1,128,0,2.4692,214,500,2431095,0
1,128,0,2.4532,214,500,2431095,0
1,128,0,2.3973,214,500,2431095,0
1,128,0,2.2704,214,500,2431095,0
1,128,0,2.271,214,500,2431095,0
1,128,0,2.1927,214,500,2431095,0
1,128,0,2.4681,214,500,2431095,0
1,128,0,2.0908,214,500,2431095,0
1,128,0,2.8604,214,500,2431095,0
1,128,0,2.9292,214,500,2431095,0
1,128,0,2.4397,214,500,2431095,0
1,128,0,2.3315,214,500,2431095,0
1,128,0,2.7072,214,500,2431095,0
1,128,0,2.3198,214,500,2431095,0
1,128,0,2.4103,214,500,2431095,0
1,128,0,2.1004,214,500,2431095,0
1,128,0,2.3233,214,500,2431095,0
1,128,0,2.604,214,500,2431095,0
1,128,0,2.144,214,500,2431095,0
1,128,0,2.1689,214,500,2431095,0
1,128,0,2.6108,214,500,2431095,0
1,128,0,3.1064,214,500,2431095,0
1,128,0,2.6374,214,500,2431095,0
1,128,0,2.4306,214,500,2431095,0
1,128,0,2.2748,214,500,2431095,0
1,128,0,2.3489,214,500,2431095,0
1,128,0,2.0253,214,500,2431095,0
1,128,0,2.4027,214,500,2431095,0
1,128,0,2.2553,214,500,2431095,0
1,128,0,2.2491,214,500,2431095,0
1,128,0,2.2623,214,500,2431095,0
1,128,0,2.3322,214,500,2431095,0
1,128,0,2.346,214,500,2431095,0
1,128,0,2.3449,214,500,2431095,0
1,128,0,2.4065,214,500,2431095,0
1,128,0,3.1577,214,500,2431095,0
1,128,0,3.2316,214,500,2431095,0
1,128,0,2.4928,214,500,2431095,0
1,128,0,2.5379,214,500,2431095,0
1,128,0,2.2289,214,500,2431095,0
1,128,0,2.2974,214,500,2431095,0
1,128,0,2.2417,214,500,2431095,0
1,128,0,2.3202,214,500,2431095,0
1,128,0,2.4461,214,500,2431095,0
1,128,0,2.5201,214,500,2431095,0
1,128,0,2.3326,214,500,2431095,0
1,128,0,2.1811,214,500,2431095,0
1,128,0,2.5042,214,500,2431095,0
1,128,0,2.1973,214,500,2431095,0
1,128,0,4.6464,214,500,2431095,0
1,128,0,2.4496,214,500,2431095,0
1,128,0,5.5942,214,500,2431095,0
1,128,0,4.3895,214,500,2431095,0
1,128,0,3.5725,214,500,2431095,0
1,128,0,4.1544,214,500,2431095,0
1,128,0,3.9256,214,500,2431095,0
1,128,0,4.0194,214,500,2431095,0
1,128,0,4.1403,214,500,2431095,0
1,128,0,15.6916,214,500,2431095,0
1,128,0,2.5782,214,500,2431095,0
1,128,0,2.4758,214,500,2431095,0
1,128,0,2.3149,214,500,2431095,0
1,128,0,1.8247,214,500,2431095,0
1,128,0,2.1983,214,500,2431095,0
1,128,0,2.3109,214,500,2431095,0
1,128,0,38.5406,214,500,2431095,0
1,128,0,2.677,214,500,2431095,0
1,128,0,2.5702,214,500,2431095,0
1,128,0,2.6805,214,500,2431095,0
1,128,0,2.4597,214,500,2431095,0
1,128,0,2.4587,214,500,2431095,0
1,128,0,2.6947,214,500,2431095,0
1,128,0,2.3752,214,500,2431095,0
1,128,0,2.2568,214,500,2431095,0
1,128,0,2.1501,214,500,2431095,0
1,128,0,2.0133,214,500,2431095,0
1,128,0,2.3259,214,500,2431095,0
1,128,0,2.3095,214,500,2431095,0
1,128,0,2.2836,214,500,2431095,0
1,128,0,2.2463,214,500,2431095,0
1,128,0,2.4272,214,500,2431095,0
1,128,0,2.2624,214,500,2431095,0
1,128,0,2.1791,214,500,2431095,0
1,128,0,2.1441,214,500,2431095,0
1,128,0,2.5063,214,500,2431095,0
1,128,0,2.6745,214,500,2431095,0
1,128,0,2.4876,214,500,2431095,0
1,128,0,2.479,214,500,2431095,0
1,128,0,2.3561,214,500,2431095,0
1,128,0,2.2229,214,500,2431095,0
1,128,0,5.8113,214,500,2431095,0
1,128,0,4.4831,214,500,2431095,0
1,128,0,4.9563,214,500,2431095,0
1,128,0,3.6238,214,500,2431095,0
1,128,0,3.795,214,500,2431095,0
1,128,0,4.0379,214,500,2431095,0
1,128,0,3.9751,214,500,2431095,0
1,128,0,3.9518,214,500,2431095,0
1,128,0,4.1405,214,500,2431095,0
1,128,0,3.7817,214,500,2431095,0
1,128,0,4.1907,214,500,2431095,0
1,128,0,4.3987,214,500,2431095,0
1,128,0,3.6455,214,500,2431095,0
1,128,0,4.1225,214,500,2431095,0
1,128,0,3.8641,214,500,2431095,0
1,128,0,4.0348,214,500,2431095,0
1,128,0,11.8177,214,500,2431095,0
1,128,0,2.3641,214,500,2431095,0
1,128,0,2.2684,214,500,2431095,0
1,128,0,2.3749,214,500,2431095,0
1,128,0,2.227,214,500,2431095,0
1,128,0,2.5163,214,500,2431095,0
1,128,0,4.0919,214,500,2431095,0
1,128,0,4.2199,214,500,2431095,0
1,128,0,3.7372,214,500,2431095,0
1,128,0,4.0366,214,500,2431095,0
1,128,0,4.1301,214,500,2431095,0
1,128,0,3.7332,214,500,2431095,0
1,128,0,4.4716,214,500,2431095,0
1,128,0,34.7685,214,500,2431095,0
1,128,0,68.9039,214,500,2431095,0
1,128,0,3.4047,214,500,2431095,0
1,128,0,3.3877,214,500,2431095,0
1,128,0,2.3604,214,500,2431095,0
1,128,0,2.2482,214,500,2431095,0
1,128,0,2.4541,214,500,2431095,0
1,128,0,2.2948,214,500,2431095,0
1,128,0,1.8137,214,500,2431095,0
1,128,0,2.3175,214,500,2431095,0
1,128,0,2.3395,214,500,2431095,0
1,128,0,2.3026,214,500,2431095,0
1,128,0,2.2654,214,500,2431095,0
1,128,0,2.2811,214,500,2431095,0
1,128,0,2.8918,214,500,2431095,0
1,128,0,2.4755,214,500,2431095,0
1,128,0,2.4151,214,500,2431095,0
1,128,0,2.1876,214,500,2431095,0
1,128,0,2.3228,214,500,2431095,0
1,128,0,2.3125,214,500,2431095,0
1,128,0,2.4059,214,500,2431095,0
1,128,0,2.3337,214,500,2431095,0
1,128,0,2.2383,214,500,2431095,0
1,128,0,2.4225,214,500,2431095,0
1,128,0,2.3654,214,500,2431095,0
1,128,0,2.3619,214,500,2431095,0
1,128,0,2.4933,214,500,2431095,0
1,128,0,2.8897,214,500,2431095,0
1,128,0,4.3381,214,500,2431095,0
1,128,0,2.4657,214,500,2431095,0
1,128,0,2.5145,214,500,2431095,0
1,128,0,2.3817,214,500,2431095,0
1,128,0,2.268,214,500,2431095,0
1,128,0,2.2977,214,500,2431095,0
1,128,0,1.8944,214,500,2431095,0
1,128,0,2.529,214,500,2431095,0
1,128,0,2.156,214,500,2431095,0
1,128,0,2.2097,214,500,2431095,0
1,128,0,2.1977,214,500,2431095,0
1,128,0,2.2961,214,500,2431095,0
1,128,0,2.2371,214,500,2431095,0
1,128,0,2.147,214,500,2431095,0
1,128,0,2.2363,214,500,2431095,0
1,128,0,2.0667,214,500,2431095,0
1,128,0,2.2957,214,500,2431095,0
1,128,0,2.2532,214,500,2431095,0
1,128,0,2.1899,214,500,2431095,0
1,128,0,2.1765,214,500,2431095,0
1,128,0,2.2774,214,500,2431095,0
1,128,0,2.3431,214,500,2431095,0
1,128,0,2.335,214,500,2431095,0
1,128,0,2.3169,214,500,2431095,0
1,128,0,2.2599,214,500,2431095,0
1,128,0,2.2827,214,500,2431095,0
1,128,0,2.1552,214,500,2431095,0
1,128,0,2.2664,214,500,2431095,0
1,128,0,1.8059,214,500,2431095,0
1,128,0,2.1204,214,500,2431095,0
1,128,0,2.4449,214,500,2431095,0
1,128,0,2.4739,214,500,2431095,0
1,128,0,2.3578,214,500,2431095,0
1,128,0,2.3935,214,500,2431095,0
1,128,0,2.453,214,500,2431095,0
1,128,0,5.3054,214,500,2431095,0
1,128,0,2.2854,214,500,2431095,0
1,128,0,5.6079,214,500,2431095,0
1,128,0,4.1919,214,500,2431095,0
1,128,0,3.7315,214,500,2431095,0
1,128,0,3.9258,214,500,2431095,0
1,128,0,4.0509,214,500,2431095,0
1,128,0,4.0328,214,500,2431095,0
1,128,0,4.1777,214,500,2431095,0
1,128,0,3.9078,214,500,2431095,0
1,128,0,4.1052,214,500,2431095,0
1,128,0,16.0432,214,500,2431095,0
1,128,0,2.6647,214,500,2431095,0
1,128,0,2.196,214,500,2431095,0
1,128,0,2.4352,214,500,2431095,0
1,128,0,2.1564,214,500,2431095,0
1,128,0,2.1986,214,500,2431095,0
1,128,0,2.2188,214,500,2431095,0
1,128,0,1.9275,214,500,2431095,0
1,128,0,3.8966,214,500,2431095,0
1,128,0,4.0556,214,500,2431095,0
1,128,0,3.7863,214,500,2431095,0
1,128,0,4.9659,214,500,2431095,0
1,128,0,3.229,214,500,2431095,0
1,128,0,3.9574,214,500,2431095,0
1,128,0,3.9633,214,500,2431095,0
1,128,0,3.8369,214,500,2431095,0
1,128,0,4.303,214,500,2431095,0
1,128,0,3.9056,214,500,2431095,0
1,128,0,3.9394,214,500,2431095,0
1,128,0,3.9281,214,500,2431095,0
1,128,0,4.133,214,500,2431095,0
1,128,0,3.8879,214,500,2431095,0
1,128,0,3.9704,214,500,2431095,0
1,128,0,40.535,214,500,2431095,0
1,128,0,3.3644,214,500,2431095,0
1,128,0,2.4594,214,500,2431095,0
1,128,0,2.6148,214,500,2431095,0
1,128,0,2.4023,214,500,2431095,0
1,128,0,2.2902,214,500,2431095,0
1,128,0,2.3064,214,500,2431095,0
1,128,0,2.4446,214,500,2431095,0
1,128,0,2.2796,214,500,2431095,0
1,128,0,2.3801,214,500,2431095,0
1,128,0,2.7288,214,500,2431095,0
1,128,0,2.374,214,500,2431095,0
1,128,0,2.2752,214,500,2431095,0
1,128,0,2.3047,214,500,2431095,0
1,128,0,2.2997,214,500,2431095,0
1,128,0,3.0422,214,500,2431095,0
1,128,0,2.9877,214,500,2431095,0
1,128,0,2.4935,214,500,2431095,0
1,128,0,2.4101,214,500,2431095,0
1,128,0,2.4592,214,500,2431095,0
1,128,0,2.5209,214,500,2431095,0
1,128,0,2.2624,214,500,2431095,0
1,128,0,2.2354,214,500,2431095,0
1,128,0,2.2916,214,500,2431095,0
1,128,0,2.2164,214,500,2431095,0
1,128,0,3.5519,214,500,2431095,0
1,128,0,3.9203,214,500,2431095,0
1,128,0,3.9155,214,500,2431095,0
1,128,0,4.0153,214,500,2431095,0
1,128,0,4.0131,214,500,2431095,0
1,128,0,4.1365,214,500,2431095,0
1,128,0,3.9779,214,500,2431095,0
1,128,0,12.2068,214,500,2431095,0
1,128,0,16.4548,214,500,2431095,0
1,128,0,30.3823,214,500,2431095,0
1,128,0,27.9242,214,500,2431095,0
1,128,0,12.4184,214,500,2431095,0
1,128,0,2.4604,214,500,2431095,0
1,128,0,2.6804,214,500,2431095,0
1,128,0,2.172,214,500,2431095,0
1,128,0,2.3278,214,500,2431095,0
1,128,0,2.3775,214,500,2431095,0
1,128,0,3.2014,214,500,2431095,0
1,128,0,3.2831,214,500,2431095,0
1,128,0,2.6155,214,500,2431095,0
1,128,0,2.5667,214,500,2431095,0
1,128,0,2.4825,214,500,2431095,0
1,128,0,2.3637,214,500,2431095,0
1,128,0,2.3217,214,500,2431095,0
1,128,0,3.0881,214,500,2431095,0
1,128,0,3.2091,214,500,2431095,0
1,128,0,2.4542,214,500,2431095,0
1,128,0,2.23,214,500,2431095,0
1,128,0,2.9609,214,500,2431095,0
1,128,0,3.0029,214,500,2431095,0
1,128,0,2.4007,214,500,2431095,0
1,128,0,2.3817,214,500,2431095,0
1,128,0,2.4907,214,500,2431095,0
1,128,0,2.3627,214,500,2431095,0
1,128,0,2.3167,214,500,2431095,0
1,128,0,2.664,214,500,2431095,0
1,128,0,3.3883,214,500,2431095,0
1,128,0,3.1213,214,500,2431095,0
1,128,0,3.7626,214,500,2431095,0
1,128,0,4.1277,214,500,2431095,0
1,128,0,3.6891,214,500,2431095,0
1,128,0,3.2552,214,500,2431095,0
1,128,0,3.2127,214,500,2431095,0
1,128,0,2.7747,214,500,2431095,0
1,128,0,2.333,214,500,2431095,0
1,128,0,2.2464,214,500,2431095,0
1,128,0,2.3028,214,500,2431095,0
1,128,0,1.8787,214,500,2431095,0
1,128,0,2.3433,214,500,2431095,0
1,128,0,2.2573,214,500,2431095,0
1,128,0,2.3606,214,500,2431095,0
1,128,0,2.2918,214,500,2431095,0
1,128,0,2.2272,214,500,2431095,0
1,128,0,2.4168,214,500,2431095,0
1,128,0,2.255,214,500,2431095,0
1,128,0,2.2314,214,500,2431095,0
1,128,0,2.472,214,500,2431095,0
1,128,0,2.5236,214,500,2431095,0
1,128,0,2.3745,214,500,2431095,0
1,128,0,2.2983,214,500,2431095,0
1,128,0,2.1625,214,500,2431095,0
1,128,0,2.2135,214,500,2431095,0
1,128,0,2.1951,214,500,2431095,0
1,128,0,2.2362,214,500,2431095,0
1,128,0,2.2807,214,500,2431095,0
1,128,0,2.2458,214,500,2431095,0
1,128,0,2.3315,214,500,2431095,0
1,128,0,2.7446,214,500,2431095,0
1,128,0,2.4556,214,500,2431095,0
1,128,0,2.3421,214,500,2431095,0
1,128,0,5.6333,214,500,2431095,0
1,128,0,2.4687,214,500,2431095,0
1,128,0,5.4431,214,500,2431095,0
1,128,0,3.7654,214,500,2431095,0
1,128,0,4.0088,214,500,2431095,0
1,128,0,4.1315,214,500,2431095,0
1,128,0,3.8734,214,500,2431095,0
1,128,0,4.182,214,500,2431095,0
1,128,0,3.7724,214,500,2431095,0
1,128,0,4.0704,214,500,2431095,0
1,128,0,4.0561,214,500,2431095,0
1,128,0,3.8563,214,500,2431095,0
1,128,0,4.1369,214,500,2431095,0
1,128,0,3.976,214,500,2431095,0
1,128,0,4.0711,214,500,2431095,0
1,128,0,3.8903,214,500,2431095,0
1,128,0,16.111,214,500,2431095,0
1,128,0,2.734,214,500,2431095,0
1,128,0,2.6405,214,500,2431095,0
1,128,0,2.1726,214,500,2431095,0
1,128,0,2.1707,214,500,2431095,0
1,128,0,2.0718,214,500,2431095,0
1,128,0,2.0612,214,500,2431095,0
1,128,0,3.205,214,500,2431095,0
1,128,0,2.8672,214,500,2431095,0
1,128,0,4.4503,214,500,2431095,0
1,128,0,3.3791,214,500,2431095,0
1,128,0,3.9494,214,500,2431095,0
1,128,0,4.0164,214,500,2431095,0
1,128,0,3.989,214,500,2431095,0
1,128,0,3.9298,214,500,2431095,0
1,128,0,4.3299,214,500,2431095,0
1,128,0,3.4557,214,500,2431095,0
1,128,0,4.3526,214,500,2431095,0
1,128,0,3.6978,214,500,2431095,0
1,128,0,3.9911,214,500,2431095,0
1,128,0,4.1316,214,500,2431095,0
1,128,0,3.807,214,500,2431095,0
1,128,0,4.2804,214,500,2431095,0
1,128,0,3.8741,214,500,2431095,0
1,128,0,3.8321,214,500,2431095,0
1,128,0,3.9967,214,500,2431095,0
1,128,0,3.8086,214,500,2431095,0
1,128,0,3.9201,214,500,2431095,0
1,128,0,4.1626,214,500,2431095,0
1,128,0,3.8378,214,500,2431095,0
1,128,0,4.4005,214,500,2431095,0
1,128,0,4.8544,214,500,2431095,0
1,128,0,4.1155,214,500,2431095,0
1,128,0,3.4785,214,500,2431095,0
1,128,0,4.1818,214,500,2431095,0
1,128,0,15.4611,214,500,2431095,0
1,128,0,2.638,214,500,2431095,0
1,128,0,2.6308,214,500,2431095,0
1,128,0,2.1864,214,500,2431095,0
1,128,0,2.464,214,500,2431095,0
1,128,0,2.2127,214,500,2431095,0
1,128,0,2.6397,214,500,2431095,0
1,128,0,2.4956,214,500,2431095,0
1,128,0,2.6963,214,500,2431095,0
1,128,0,4.0952,214,500,2431095,0
1,128,0,4.0687,214,500,2431095,0
1,128,0,3.8086,214,500,2431095,0
1,128,0,4.2862,214,500,2431095,0
1,128,0,34.7379,214,500,2431095,0
1,128,0,68.783,214,500,2431095,0
1,128,0,3.7251,214,500,2431095,0
1,128,0,3.4362,214,500,2431095,0
1,128,0,2.3595,214,500,2431095,0
1,128,0,2.3414,214,500,2431095,0
1,128,0,2.3887,214,500,2431095,0
1,128,0,2.3719,214,500,2431095,0
1,128,0,2.2626,214,500,2431095,0
1,128,0,2.1327,214,500,2431095,0
1,128,0,2.23,214,500,2431095,0
1,128,0,2.2091,214,500,2431095,0
1,128,0,2.3514,214,500,2431095,0
1,128,0,2.227,214,500,2431095,0
1,128,0,2.4678,214,500,2431095,0
1,128,0,2.4761,214,500,2431095,0
1,128,0,2.637,214,500,2431095,0
1,128,0,2.5608,214,500,2431095,0
1,128,0,2.724,214,500,2431095,0
1,128,0,2.3711,214,500,2431095,0
1,128,0,2.6418,214,500,2431095,0
1,128,0,2.9084,214,500,2431095,0
1,128,0,2.2738,214,500,2431095,0
1,128,0,2.2728,214,500,2431095,0
1,128,0,2.223,214,500,2431095,0
1,128,0,2.5522,214,500,2431095,0
1,128,0,2.3898,214,500,2431095,0
1,128,0,1.8325,214,500,2431095,0
1,128,0,2.4333,214,500,2431095,0
1,128,0,2.3449,214,500,2431095,0
1,128,0,2.3739,214,500,2431095,0
1,128,0,2.2412,214,500,2431095,0
1,128,0,2.1713,214,500,2431095,0
1,128,0,2.3553,214,500,2431095,0
1,128,0,2.4099,214,500,2431095,0
1,128,0,2.2001,214,500,2431095,0
1,128,0,1.901,214,500,2431095,0
1,128,0,2.1805,214,500,2431095,0
1,128,0,2.2467,214,500,2431095,0
1,128,0,2.235,214,500,2431095,0
1,128,0,2.3291,214,500,2431095,0
1,128,0,2.278,214,500,2431095,0
1,128,0,1.8676,214,500,2431095,0
1,128,0,2.2372,214,500,2431095,0
1,128,0,2.2635,214,500,2431095,0
1,128,0,2.2339,214,500,2431095,0
1,128,0,2.1597,214,500,2431095,0
1,128,0,2.519,214,500,2431095,0
1,128,0,2.5093,214,500,2431095,0
1,128,0,2.5823,214,500,2431095,0
1,128,0,2.4472,214,500,2431095,0
1,128,0,2.5505,214,500,2431095,0
1,128,0,2.3714,214,500,2431095,0
1,128,0,2.4259,214,500,2431095,0
1,128,0,2.3626,214,500,2431095,0
1,128,0,2.3739,214,500,2431095,0
1,128,0,2.3373,214,500,2431095,0
1,128,0,2.2215,214,500,2431095,0
1,128,0,2.2474,214,500,2431095,0
1,128,0,2.099,214,500,2431095,0
1,128,0,2.3979,214,500,2431095,0
1,128,0,2.296,214,500,2431095,0
1,128,0,2.1396,214,500,2431095,0
1,128,0,5.955,214,500,2431095,0
1,128,0,2.7356,214,500,2431095,0
1,128,0,5.2937,214,500,2431095,0
1,128,0,4.2037,214,500,2431095,0
1,128,0,3.7901,214,500,2431095,0
1,128,0,16.3253,214,500,2431095,0
1,128,0,2.987,214,500,2431095,0
1,128,0,2.2841,214,500,2431095,0
1,128,0,2.2579,214,500,2431095,0
1,128,0,2.4248,214,500,2431095,0
1,128,0,2.146,214,500,2431095,0
1,128,0,2.2446,214,500,2431095,0
1,128,0,2.2735,214,500,2431095,0
1,128,0,2.8034,214,500,2431095,0
1,128,0,4.0231,214,500,2431095,0
1,128,0,4.0829,214,500,2431095,0
1,128,0,3.8815,214,500,2431095,0
1,128,0,3.9347,214,500,2431095,0
1,128,0,4.2235,214,500,2431095,0
1,128,0,3.9388,214,500,2431095,0
1,128,0,3.9518,214,500,2431095,0
1,128,0,3.8712,214,500,2431095,0
1,128,0,4.2541,214,500,2431095,0
1,128,0,4.0109,214,500,2431095,0
1,128,0,3.9038,214,500,2431095,0
1,128,0,3.9995,214,500,2431095,0
1,128,0,4.5095,214,500,2431095,0
1,128,0,3.553,214,500,2431095,0
1,128,0,4.0613,214,500,2431095,0
1,128,0,35.8652,214,500,2431095,0
1,128,0,2.9338,214,500,2431095,0
1,128,0,2.5631,214,500,2431095,0
1,128,0,2.3363,214,500,2431095,0
1,128,0,2.2312,214,500,2431095,0
1,128,0,2.3196,214,500,2431095,0
1,128,0,2.1534,214,500,2431095,0
1,128,0,2.2051,214,500,2431095,0
1,128,0,2.3992,214,500,2431095,0
1,128,0,2.4158,214,500,2431095,0
1,128,0,2.3192,214,500,2431095,0
1,128,0,2.9387,214,500,2431095,0
1,128,0,2.6093,214,500,2431095,0
1,128,0,2.3781,214,500,2431095,0
1,128,0,2.3125,214,500,2431095,0
1,128,0,2.4171,214,500,2431095,0
1,128,0,2.517,214,500,2431095,0
1,128,0,2.3745,214,500,2431095,0
1,128,0,2.1522,214,500,2431095,0
1,128,0,2.5081,214,500,2431095,0
1,128,0,2.816,214,500,2431095,0
1,128,0,2.5147,214,500,2431095,0
1,128,0,4.3209,214,500,2431095,0
1,128,0,4.2782,214,500,2431095,0
1,128,0,4.0183,214,500,2431095,0
1,128,0,4.0097,214,500,2431095,0
1,128,0,3.7742,214,500,2431095,0
1,128,0,4.0644,214,500,2431095,0
1,128,0,4.0423,214,500,2431095,0
1,128,0,3.7823,214,500,2431095,0
1,128,0,4.2766,214,500,2431095,0
1,128,0,3.7523,214,500,2431095,0
1,128,0,4.0727,214,500,2431095,0
1,128,0,4.0314,214,500,2431095,0
1,128,0,12.5914,214,500,2431095,0
1,128,0,3.0774,214,500,2431095,0
1,128,0,7.1929,214,500,2431095,0
1,128,0,15.9336,214,500,2431095,0
1,128,0,11.9305,214,500,2431095,0
1,128,0,15.9879,214,500,2431095,0
1,128,0,31.843,214,500,2431095,0
1,128,0,12.4962,214,500,2431095,0
1,128,0,2.7512,214,500,2431095,0
1,128,0,2.4025,214,500,2431095,0
1,128,0,2.2068,214,500,2431095,0
1,128,0,2.2408,214,500,2431095,0
1,128,0,2.2938,214,500,2431095,0
1,128,0,2.27,214,500,2431095,0
1,128,0,2.273,214,500,2431095,0
1,128,0,2.3194,214,500,2431095,0
1,128,0,2.4682,214,500,2431095,0
1,128,0,2.466,214,500,2431095,0
1,128,0,2.2882,214,500,2431095,0
1,128,0,1.8181,214,500,2431095,0
1,128,0,2.3871,214,500,2431095,0
1,128,0,2.6432,214,500,2431095,0
1,128,0,2.3205,214,500,2431095,0
1,128,0,2.4837,214,500,2431095,0
1,128,0,2.1713,214,500,2431095,0
1,128,0,2.5248,214,500,2431095,0
1,128,0,2.287,214,500,2431095,0
1,128,0,2.1691,214,500,2431095,0
1,128,0,2.4969,214,500,2431095,0
1,128,0,3.3399,214,500,2431095,0
1,128,0,3.6745,214,500,2431095,0
1,128,0,2.4551,214,500,2431095,0
1,128,0,2.5786,214,500,2431095,0
1,128,0,2.4544,214,500,2431095,0
1,128,0,2.1681,214,500,2431095,0
1,128,0,2.2136,214,500,2431095,0
1,128,0,2.2216,214,500,2431095,0
1,128,0,2.2922,214,500,2431095,0
1,128,0,1.9376,214,500,2431095,0
1,128,0,2.2278,214,500,2431095,0
1,128,0,2.179,214,500,2431095,0
1,128,0,2.491,214,500,2431095,0
1,128,0,2.7696,214,500,2431095,0
1,128,0,2.3631,214,500,2431095,0
1,128,0,2.2682,214,500,2431095,0
1,128,0,2.1261,214,500,2431095,0
1,128,0,2.3553,214,500,2431095,0
1,128,0,2.3258,214,500,2431095,0
1,128,0,2.2075,214,500,2431095,0
1,128,0,2.2782,214,500,2431095,0
1,128,0,1.8495,214,500,2431095,0
1,128,0,3.0285,214,500,2431095,0
1,128,0,2.5238,214,500,2431095,0
1,128,0,8.3906,214,500,2431095,0
1,128,0,2.3694,214,500,2431095,0
1,128,0,2.2344,214,500,2431095,0
1,128,0,2.3156,214,500,2431095,0
1,128,0,2.2052,214,500,2431095,0
1,128,0,2.2834,214,500,2431095,0
1,128,0,2.1988,214,500,2431095,0
1,128,0,2.2862,214,500,2431095,0
1,128,0,2.314,214,500,2431095,0
1,128,0,5.4378,214,500,2431095,0
1,128,0,4.0512,214,500,2431095,0
1,128,0,3.8255,214,500,2431095,0
1,128,0,4.1053,214,500,2431095,0
1,128,0,4.2311,214,500,2431095,0
1,128,0,3.8258,214,500,2431095,0
1,128,0,4.0344,214,500,2431095,0
1,128,0,3.8354,214,500,2431095,0
1,128,0,3.9578,214,500,2431095,0
1,128,0,4.0382,214,500,2431095,0
1,128,0,3.931,214,500,2431095,0
1,128,0,3.9615,214,500,2431095,0
1,128,0,4.0645,214,500,2431095,0
1,128,0,3.9976,214,500,2431095,0
1,128,0,39.8016,214,500,2431095,0
1,128,0,2.5288,214,500,2431095,0
1,128,0,2.3898,214,500,2431095,0
1,128,0,2.3873,214,500,2431095,0
1,128,0,2.2534,214,500,2431095,0
1,128,0,2.2498,214,500,2431095,0
1,128,0,2.0958,214,500,2431095,0
1,128,0,2.1931,214,500,2431095,0
1,128,0,2.3912,214,500,2431095,0
1,128,0,2.3317,214,500,2431095,0
1,128,0,2.1691,214,500,2431095,0
1,128,0,2.517,214,500,2431095,0
1,128,0,2.5758,214,500,2431095,0
1,128,0,2.2363,214,500,2431095,0
1,128,0,2.2435,214,500,2431095,0
1,128,0,2.2856,214,500,2431095,0
1,128,0,2.4927,214,500,2431095,0
1,128,0,2.1566,214,500,2431095,0
1,128,0,2.1532,214,500,2431095,0
1,128,0,2.2219,214,500,2431095,0
1,128,0,2.3529,214,500,2431095,0
1,128,0,2.2531,214,500,2431095,0
1,128,0,2.8753,214,500,2431095,0
1,128,0,4.1573,214,500,2431095,0
1,128,0,12.3587,214,500,2431095,0
1,128,0,2.4759,214,500,2431095,0
1,128,0,2.1981,214,500,2431095,0
1,128,0,2.4613,214,500,2431095,0
1,128,0,2.2545,214,500,2431095,0
1,128,0,38.2961,214,500,2431095,0
1,128,0,3.252,214,500,2431095,0
1,128,0,2.3417,214,500,2431095,0
1,128,0,2.2561,214,500,2431095,0
1,128,0,2.1422,214,500,2431095,0
1,128,0,2.8624,214,500,2431095,0
1,128,0,2.4836,214,500,2431095,0
1,128,0,2.1883,214,500,2431095,0
1,128,0,1.8702,214,500,2431095,0
1,128,0,2.3362,214,500,2431095,0
1,128,0,2.1649,214,500,2431095,0
1,128,0,2.2362,214,500,2431095,0
1,128,0,2.2388,214,500,2431095,0
1,128,0,2.6912,214,500,2431095,0
1,128,0,2.8053,214,500,2431095,0
1,128,0,2.5414,214,500,2431095,0
1,128,0,3.9151,214,500,2431095,0
1,128,0,2.6683,214,500,2431095,0
1,128,0,2.3784,214,500,2431095,0
1,128,0,2.4818,214,500,2431095,0
1,128,0,2.2867,214,500,2431095,0
1,128,0,2.2365,214,500,2431095,0
1,128,0,2.4188,214,500,2431095,0
1,128,0,2.3274,214,500,2431095,0
1,128,0,3.7268,214,500,2431095,0
1,128,0,35.2077,214,500,2431095,0
1,128,0,68.7031,214,500,2431095,0
1,128,0,3.7146,214,500,2431095,0
1,128,0,3.1901,214,500,2431095,0
1,128,0,2.4063,214,500,2431095,0
1,128,0,2.336,214,500,2431095,0
1,128,0,2.3166,214,500,2431095,0
1,128,0,2.198,214,500,2431095,0
1,128,0,2.2895,214,500,2431095,0
1,128,0,2.2929,214,500,2431095,0
1,128,0,2.4028,214,500,2431095,0
1,128,0,2.5682,214,500,2431095,0
1,128,0,2.2061,214,500,2431095,0
1,128,0,1.8525,214,500,2431095,0
1,128,0,2.5194,214,500,2431095,0
1,128,0,2.4235,214,500,2431095,0
1,128,0,2.185,214,500,2431095,0
1,128,0,2.2454,214,500,2431095,0
1,128,0,2.2758,214,500,2431095,0
1,128,0,2.235,214,500,2431095,0
1,128,0,2.2741,214,500,2431095,0
1,128,0,2.4734,214,500,2431095,0
1,128,0,2.3143,214,500,2431095,0
1,128,0,2.3678,214,500,2431095,0
1,128,0,3.0213,214,500,2431095,0
1,128,0,2.4748,214,500,2431095,0
1,128,0,2.4006,214,500,2431095,0
1,128,0,2.2936,214,500,2431095,0
1,128,0,2.2871,214,500,2431095,0
1,128,0,2.2358,214,500,2431095,0
1,128,0,2.2299,214,500,2431095,0
1,128,0,2.3386,214,500,2431095,0
1,128,0,2.5929,214,500,2431095,0
1,128,0,2.2721,214,500,2431095,0
1,128,0,2.4429,214,500,2431095,0
1,128,0,2.347,214,500,2431095,0
1,128,0,2.3061,214,500,2431095,0
1,128,0,2.5151,214,500,2431095,0
1,128,0,2.3532,214,500,2431095,0
1,128,0,2.2674,214,500,2431095,0
1,128,0,2.2558,214,500,2431095,0
1,128,0,2.1599,214,500,2431095,0
1,128,0,2.3214,214,500,2431095,0
1,128,0,2.177,214,500,2431095,0
1,128,0,2.3112,214,500,2431095,0
1,128,0,2.5344,214,500,2431095,0
1,128,0,2.1676,214,500,2431095,0
1,128,0,2.1816,214,500,2431095,0
1,128,0,1.8512,214,500,2431095,0
1,128,0,2.2219,214,500,2431095,0
1,128,0,2.3112,214,500,2431095,0
1,128,0,2.1275,214,500,2431095,0
1,128,0,2.1847,214,500,2431095,0
1,128,0,2.2334,214,500,2431095,0
1,128,0,2.177,214,500,2431095,0
1,128,0,2.1859,214,500,2431095,0
1,128,0,2.1767,214,500,2431095,0
1,128,0,2.1857,214,500,2431095,0
1,128,0,2.2899,214,500,2431095,0
1,128,0,2.412,214,500,2431095,0
1,128,0,2.3875,214,500,2431095,0
1,128,0,1.9808,214,500,2431095,0
1,128,0,6.1781,214,500,2431095,0
1,128,0,2.2965,214,500,2431095,0
1,128,0,5.7925,214,500,2431095,0
1,128,0,4.2238,214,500,2431095,0
1,128,0,3.814,214,500,2431095,0
1,128,0,4.0657,214,500,2431095,0
1,128,0,3.8468,214,500,2431095,0
1,128,0,12.2827,214,500,2431095,0
1,128,0,2.6234,214,500,2431095,0
1,128,0,2.5879,214,500,2431095,0
1,128,0,2.2252,214,500,2431095,0
1,128,0,2.1922,214,500,2431095,0
1,128,0,2.4025,214,500,2431095,0
1,128,0,3.5398,214,500,2431095,0
1,128,0,3.9188,214,500,2431095,0
1,128,0,4.1792,214,500,2431095,0
1,128,0,3.777,214,500,2431095,0
1,128,0,4.1262,214,500,2431095,0
1,128,0,3.8215,214,500,2431095,0
1,128,0,4.098,214,500,2431095,0
1,128,0,4.1028,214,500,2431095,0
1,128,0,3.9199,214,500,2431095,0
1,128,0,3.9478,214,500,2431095,0
1,128,0,3.9649,214,500,2431095,0
1,128,0,4.0396,214,500,2431095,0
1,128,0,4.0185,214,500,2431095,0
1,128,0,4.0983,214,500,2431095,0
1,128,0,3.8457,214,500,2431095,0
1,128,0,4.2768,214,500,2431095,0
1,128,0,3.9242,214,500,2431095,0
1,128,0,35.7633,214,500,2431095,0
1,128,0,2.8386,214,500,2431095,0
1,128,0,2.4421,214,500,2431095,0
1,128,0,2.2461,214,500,2431095,0
1,128,0,2.1797,214,500,2431095,0
1,128,0,2.2953,214,500,2431095,0
1,128,0,2.3266,214,500,2431095,0
1,128,0,2.4108,214,500,2431095,0
1,128,0,2.4041,214,500,2431095,0
1,128,0,2.344,214,500,2431095,0
1,128,0,2.4297,214,500,2431095,0
1,128,0,2.3208,214,500,2431095,0
1,128,0,1.8829,214,500,2431095,0
1,128,0,2.1372,214,500,2431095,0
1,128,0,2.4085,214,500,2431095,0
1,128,0,2.5707,214,500,2431095,0
1,128,0,2.46,214,500,2431095,0
1,128,0,2.3145,214,500,2431095,0
1,128,0,2.38,214,500,2431095,0
1,128,0,2.5855,214,500,2431095,0
1,128,0,2.2873,214,500,2431095,0
1,128,0,3.7975,214,500,2431095,0
1,128,0,4.1575,214,500,2431095,0
1,128,0,3.7088,214,500,2431095,0
1,128,0,4.1109,214,500,2431095,0
1,128,0,3.9699,214,500,2431095,0
1,128,0,3.9093,214,500,2431095,0
1,128,0,4.1666,214,500,2431095,0
1,128,0,3.7933,214,500,2431095,0
1,128,0,4.0405,214,500,2431095,0
1,128,0,4.031,214,500,2431095,0
1,128,0,3.8263,214,500,2431095,0
1,128,0,4.5644,214,500,2431095,0
1,128,0,4.3556,214,500,2431095,0
1,128,0,12.232,214,500,2431095,0
1,128,0,2.7005,214,500,2431095,0
1,128,0,3.8072,214,500,2431095,0
1,128,0,15.9515,214,500,2431095,0
1,128,0,11.9417,214,500,2431095,0
1,128,0,15.8287,214,500,2431095,0
1,128,0,16.3363,214,500,2431095,0
1,128,0,31.5058,214,500,2431095,0
1,128,0,2.7261,214,500,2431095,0
1,128,0,2.5029,214,500,2431095,0
1,128,0,2.2082,214,500,2431095,0
1,128,0,2.2904,214,500,2431095,0
1,128,0,2.3252,214,500,2431095,0
1,128,0,2.4109,214,500,2431095,0
1,128,0,2.4365,214,500,2431095,0
1,128,0,2.4167,214,500,2431095,0
1,128,0,2.5241,214,500,2431095,0
1,128,0,3.1753,214,500,2431095,0
1,128,0,2.524,214,500,2431095,0
1,128,0,2.7347,214,500,2431095,0
1,128,0,2.792,214,500,2431095,0
1,128,0,2.3453,214,500,2431095,0
1,128,0,2.3952,214,500,2431095,0
1,128,0,2.8594,214,500,2431095,0
1,128,0,2.4574,214,500,2431095,0
1,128,0,2.4639,214,500,2431095,0
1,128,0,2.3821,214,500,2431095,0
1,128,0,2.3928,214,500,2431095,0
1,128,0,2.3686,214,500,2431095,0
1,128,0,2.3552,214,500,2431095,0
1,128,0,2.2883,214,500,2431095,0
1,128,0,2.0033,214,500,2431095,0
1,128,0,2.3431,214,500,2431095,0
1,128,0,2.2633,214,500,2431095,0
1,128,0,2.1566,214,500,2431095,0
1,128,0,2.5315,214,500,2431095,0
1,128,0,2.6381,214,500,2431095,0
1,128,0,2.2631,214,500,2431095,0
1,128,0,2.1773,214,500,2431095,0
1,128,0,2.2972,214,500,2431095,0
1,128,0,2.2713,214,500,2431095,0
1,128,0,2.2891,214,500,2431095,0
1,128,0,2.3092,214,500,2431095,0
1,128,0,2.1416,214,500,2431095,0
1,128,0,2.415,214,500,2431095,0
1,128,0,2.1692,214,500,2431095,0
1,128,0,2.1453,214,500,2431095,0
1,128,0,2.2266,214,500,2431095,0
1,128,0,2.2916,214,500,2431095,0
1,128,0,2.37,214,500,2431095,0
1,128,0,2.3173,214,500,2431095,0
1,128,0,1.8872,214,500,2431095,0
1,128,0,2.2309,214,500,2431095,0
1,128,0,9.3013,214,500,2431095,0
1,128,0,2.5535,214,500,2431095,0
1,128,0,2.2858,214,500,2431095,0
1,128,0,2.3283,214,500,2431095,0
1,128,0,2.3078,214,500,2431095,0
1,128,0,2.1558,214,500,2431095,0
1,128,0,2.5814,214,500,2431095,0
1,128,0,2.4204,214,500,2431095,0
1,128,0,2.2451,214,500,2431095,0
1,128,0,4.7369,214,500,2431095,0
1,128,0,3.8803,214,500,2431095,0
1,128,0,3.8602,214,500,2431095,0
1,128,0,4.0712,214,500,2431095,0
1,128,0,3.8624,214,500,2431095,0
1,128,0,4.0184,214,500,2431095,0
1,128,0,4.1132,214,500,2431095,0
1,128,0,3.8944,214,500,2431095,0
1,128,0,4.4068,214,500,2431095,0
1,128,0,3.6227,214,500,2431095,0
1,128,0,4.1146,214,500,2431095,0
1,128,0,4.0812,214,500,2431095,0
1,128,0,3.819,214,500,2431095,0
1,128,0,4.2286,214,500,2431095,0
1,128,0,39.8398,214,500,2431095,0
1,128,0,2.8721,214,500,2431095,0
1,128,0,2.3011,214,500,2431095,0
1,128,0,2.3426,214,500,2431095,0
1,128,0,2.3977,214,500,2431095,0
1,128,0,2.4434,214,500,2431095,0
1,128,0,2.4387,214,500,2431095,0
1,128,0,2.1696,214,500,2431095,0
1,128,0,2.3724,214,500,2431095,0
1,128,0,2.4249,214,500,2431095,0
1,128,0,2.3304,214,500,2431095,0
1,128,0,2.302,214,500,2431095,0
1,128,0,2.2787,214,500,2431095,0
1,128,0,2.3294,214,500,2431095,0
1,128,0,2.1779,214,500,2431095,0
1,128,0,1.8574,214,500,2431095,0
1,128,0,2.3123,214,500,2431095,0
1,128,0,2.2078,214,500,2431095,0
1,128,0,3.2445,214,500,2431095,0
1,128,0,2.4942,214,500,2431095,0
1,128,0,2.2216,214,500,2431095,0
1,128,0,1.9245,214,500,2431095,0
1,128,0,2.4313,214,500,2431095,0
1,128,0,3.5989,214,500,2431095,0
1,128,0,12.343,214,500,2431095,0
1,128,0,2.3033,214,500,2431095,0
1,128,0,2.8669,214,500,2431095,0
1,128,0,2.3344,214,500,2431095,0
1,128,0,2.2079,214,500,2431095,0
1,128,0,2.3189,214,500,2431095,0
1,128,0,36.1451,214,500,2431095,0
1,128,0,2.8364,214,500,2431095,0
1,128,0,2.4793,214,500,2431095,0
1,128,0,2.3801,214,500,2431095,0
1,128,0,2.2049,214,500,2431095,0
1,128,0,2.2495,214,500,2431095,0
1,128,0,2.1762,214,500,2431095,0
1,128,0,2.7685,214,500,2431095,0
1,128,0,2.3989,214,500,2431095,0
1,128,0,2.2231,214,500,2431095,0
1,128,0,2.2829,214,500,2431095,0
1,128,0,1.9382,214,500,2431095,0
1,128,0,3.2583,214,500,2431095,0
1,128,0,2.3797,214,500,2431095,0
1,128,0,2.2301,214,500,2431095,0
1,128,0,2.3606,214,500,2431095,0
1,128,0,2.3198,214,500,2431095,0
1,128,0,2.4248,214,500,2431095,0
1,128,0,2.3062,214,500,2431095,0
1,128,0,1.782,214,500,2431095,0
1,128,0,2.3305,214,500,2431095,0
1,128,0,3.458,214,500,2431095,0
1,128,0,3.9649,214,500,2431095,0
1,128,0,4.1185,214,500,2431095,0
1,128,0,7.3215,214,500,2431095,0
1,128,0,97.3709,214,500,2431095,0
1,128,0,3.7024,214,500,2431095,0
1,128,0,2.779,214,500,2431095,0
1,128,0,2.2405,214,500,2431095,0
1,128,0,2.2301,214,500,2431095,0
1,128,0,2.2931,214,500,2431095,0
1,128,0,2.4237,214,500,2431095,0
1,128,0,2.1773,214,500,2431095,0
1,128,0,2.3815,214,500,2431095,0
1,128,0,2.4402,214,500,2431095,0
2,128,1,4.4677,470,500,2431095,0
2,128,1,5.8313,470,500,2431095,0
2,128,1,4.5118,470,500,2431095,0
2,128,1,4.7085,470,500,2431095,0
2,128,1,5.8296,470,500,2431095,0
2,128,1,4.8328,470,500,2431095,0
2,128,1,4.6908,470,500,2431095,0
2,128,1,4.3617,470,500,2431095,0
2,128,1,4.6286,470,500,2431095,0
2,128,1,4.6468,470,500,2431095,0
2,128,1,4.0728,470,500,2431095,0
2,128,1,4.1269,470,500,2431095,0
2,128,1,4.1619,470,500,2431095,0
2,128,1,4.7583,470,500,2431095,0
2,128,1,4.1683,470,500,2431095,0
2,128,1,4.3927,470,500,2431095,0
2,128,1,4.3297,470,500,2431095,0
2,128,1,4.3524,470,500,2431095,0
2,128,1,4.1401,470,500,2431095,0
2,128,1,3.919,470,500,2431095,0
2,128,1,4.2595,470,500,2431095,0
2,128,1,4.2056,470,500,2431095,0
2,128,1,4.2867,470,500,2431095,0
2,128,1,4.2301,470,500,2431095,0
2,128,1,3.9894,470,500,2431095,0
2,128,1,5.0963,470,500,2431095,0
2,128,1,4.8605,470,500,2431095,0
2,128,1,3.9538,470,500,2431095,0
2,128,1,5.0965,470,500,2431095,0
2,128,1,4.5155,470,500,2431095,0
2,128,1,4.6386,470,500,2431095,0
2,128,1,4.491,470,500,2431095,0
2,128,1,4.5294,470,500,2431095,0
2,128,1,5.7564,470,500,2431095,0
2,128,1,4.6475,470,500,2431095,0
2,128,1,4.3007,470,500,2431095,0
2,128,1,4.0423,470,500,2431095,0
2,128,1,4.2911,470,500,2431095,0
2,128,1,4.6574,470,500,2431095,0
2,128,1,4.2359,470,500,2431095,0
2,128,1,4.2644,470,500,2431095,0
2,128,1,4.2421,470,500,2431095,0
2,128,1,4.2472,470,500,2431095,0
2,128,1,4.2559,470,500,2431095,0
2,128,1,4.421,470,500,2431095,0
2,128,1,3.8771,470,500,2431095,0
2,128,1,4.1341,470,500,2431095,0
2,128,1,4.3875,470,500,2431095,0
2,128,1,5.951,470,500,2431095,0
2,128,1,4.5689,470,500,2431095,0
2,128,1,4.3739,470,500,2431095,0
2,128,1,4.2785,470,500,2431095,0
2,128,1,4.5931,470,500,2431095,0
2,128,1,4.2823,470,500,2431095,0
2,128,1,4.1221,470,500,2431095,0
2,128,1,4.3988,470,500,2431095,0
2,128,1,4.5291,470,500,2431095,0
2,128,1,4.3136,470,500,2431095,0
2,128,1,4.1562,470,500,2431095,0
2,128,1,4.1922,470,500,2431095,0
2,128,1,4.2842,470,500,2431095,0
2,128,1,4.1586,470,500,2431095,0
2,128,1,4.2268,470,500,2431095,0
2,128,1,4.3825,470,500,2431095,0
2,128,1,4.305,470,500,2431095,0
2,128,1,4.1749,470,500,2431095,0
2,128,1,4.4553,470,500,2431095,0
2,128,1,4.2288,470,500,2431095,0
2,128,1,4.2764,470,500,2431095,0
2,128,1,4.8005,470,500,2431095,0
2,128,1,4.5555,470,500,2431095,0
2,128,1,4.7672,470,500,2431095,0
2,128,1,4.5666,470,500,2431095,0
2,128,1,4.332,470,500,2431095,0
2,128,1,4.2007,470,500,2431095,0
2,128,1,4.3936,470,500,2431095,0
2,128,1,4.3142,470,500,2431095,0
2,128,1,4.5276,470,500,2431095,0
2,128,1,5.4297,470,500,2431095,0
2,128,1,4.8722,470,500,2431095,0
2,128,1,4.4864,470,500,2431095,0
2,128,1,4.4913,470,500,2431095,0
2,128,1,4.1821,470,500,2431095,0
2,128,1,4.3419,470,500,2431095,0
2,128,1,4.2051,470,500,2431095,0
2,128,1,4.296,470,500,2431095,0
2,128,1,4.134,470,500,2431095,0
2,128,1,4.2341,470,500,2431095,0
2,128,1,4.2318,470,500,2431095,0
2,128,1,4.4156,470,500,2431095,0
2,128,1,4.2557,470,500,2431095,0
2,128,1,4.0921,470,500,2431095,0
2,128,1,4.2264,470,500,2431095,0
2,128,1,4.111,470,500,2431095,0
2,128,1,4.8903,470,500,2431095,0
2,128,1,5.0929,470,500,2431095,0
2,128,1,4.7583,470,500,2431095,0
2,128,1,4.1905,470,500,2431095,0
2,128,1,4.396,470,500,2431095,0
2,128,1,4.7297,470,500,2431095,0
2,128,1,4.4378,470,500,2431095,0
2,128,1,4.5949,470,500,2431095,0
2,128,1,4.4152,470,500,2431095,0
2,128,1,4.3292,470,500,2431095,0
2,128,1,4.1539,470,500,2431095,0
2,128,1,4.3058,470,500,2431095,0
2,128,1,4.3956,470,500,2431095,0
2,128,1,4.1938,470,500,2431095,0
2,128,1,4.211,470,500,2431095,0
2,128,1,4.0439,470,500,2431095,0
2,128,1,4.0928,470,500,2431095,0
2,128,1,4.6708,470,500,2431095,0
2,128,1,4.2861,470,500,2431095,0
2,128,1,4.5924,470,500,2431095,0
2,128,1,5.2068,470,500,2431095,0
2,128,1,4.4191,470,500,2431095,0
2,128,1,4.5439,470,500,2431095,0
2,128,1,5.0132,470,500,2431095,0
2,128,1,4.8165,470,500,2431095,0
2,128,1,4.7944,470,500,2431095,0
2,128,1,5.4477,470,500,2431095,0
2,128,1,4.5765,470,500,2431095,0
2,128,1,4.6065,470,500,2431095,0
2,128,1,4.634,470,500,2431095,0
2,128,1,4.2914,470,500,2431095,0
2,128,1,4.307,470,500,2431095,0
2,128,1,4.6635,470,500,2431095,0
2,128,1,4.3877,470,500,2431095,0
2,128,1,4.1473,470,500,2431095,0
2,128,1,4.057,470,500,2431095,0
2,128,1,4.0815,470,500,2431095,0
2,128,1,4.4401,470,500,2431095,0
2,128,1,4.3332,470,500,2431095,0
2,128,1,4.4905,470,500,2431095,0
2,128,1,4.1221,470,500,2431095,0
2,128,1,4.4844,470,500,2431095,0
2,128,1,4.0525,470,500,2431095,0
2,128,1,4.1565,470,500,2431095,0
2,128,1,4.5078,470,500,2431095,0
2,128,1,4.3917,470,500,2431095,0
2,128,1,3.9788,470,500,2431095,0
2,128,1,4.776,470,500,2431095,0
2,128,1,4.3747,470,500,2431095,0
2,128,1,4.2912,470,500,2431095,0
2,128,1,4.3185,470,500,2431095,0
2,128,1,4.5021,470,500,2431095,0
2,128,1,4.0775,470,500,2431095,0
2,128,1,4.4285,470,500,2431095,0
2,128,1,4.1221,470,500,2431095,0
2,128,1,4.0466,470,500,2431095,0
2,128,1,4.2402,470,500,2431095,0
2,128,1,4.2126,470,500,2431095,0
2,128,1,3.9958,470,500,2431095,0
2,128,1,4.2871,470,500,2431095,0
2,128,1,4.3307,470,500,2431095,0
2,128,1,4.2222,470,500,2431095,0
2,128,1,4.2894,470,500,2431095,0
2,128,1,3.9614,470,500,2431095,0
2,128,1,4.2366,470,500,2431095,0
2,128,1,4.5822,470,500,2431095,0
2,128,1,4.5027,470,500,2431095,0
2,128,1,4.0296,470,500,2431095,0
2,128,1,4.5696,470,500,2431095,0
2,128,1,4.2269,470,500,2431095,0
2,128,1,4.6751,470,500,2431095,0
2,128,1,4.8406,470,500,2431095,0
2,128,1,4.3899,470,500,2431095,0
2,128,1,4.3544,470,500,2431095,0
2,128,1,4.201,470,500,2431095,0
2,128,1,4.5527,470,500,2431095,0
2,128,1,4.4648,470,500,2431095,0
2,128,1,4.5351,470,500,2431095,0
2,128,1,4.4757,470,500,2431095,0
2,128,1,4.595,470,500,2431095,0
2,128,1,4.3792,470,500,2431095,0
2,128,1,4.3369,470,500,2431095,0
2,128,1,4.5013,470,500,2431095,0
2,128,1,4.3447,470,500,2431095,0
2,128,1,4.1654,470,500,2431095,0
2,128,1,4.4291,470,500,2431095,0
2,128,1,4.1451,470,500,2431095,0
2,128,1,4.46,470,500,2431095,0
2,128,1,4.156,470,500,2431095,0
2,128,1,4.4757,470,500,2431095,0
2,128,1,4.1714,470,500,2431095,0
2,128,1,4.4504,470,500,2431095,0
2,128,1,4.1715,470,500,2431095,0
2,128,1,4.1274,470,500,2431095,0
2,128,1,4.4874,470,500,2431095,0
2,128,1,4.7325,470,500,2431095,0
2,128,1,4.2965,470,500,2431095,0
2,128,1,4.2503,470,500,2431095,0
2,128,1,4.3589,470,500,2431095,0
2,128,1,4.3929,470,500,2431095,0
2,128,1,4.1719,470,500,2431095,0
2,128,1,4.4996,470,500,2431095,0
2,128,1,4.4267,470,500,2431095,0
2,128,1,4.6496,470,500,2431095,0
2,128,1,4.3067,470,500,2431095,0
2,128,1,4.2067,470,500,2431095,0
2,128,1,4.5736,470,500,2431095,0
2,128,1,4.3719,470,500,2431095,0
2,128,1,4.1294,470,500,2431095,0
2,128,1,4.0227,470,500,2431095,0
2,128,1,4.174,470,500,2431095,0
2,128,1,4.2058,470,500,2431095,0
2,128,1,4.2373,470,500,2431095,0
2,128,1,4.5252,470,500,2431095,0
2,128,1,5.0305,470,500,2431095,0
2,128,1,4.0931,470,500,2431095,0
2,128,1,4.2966,470,500,2431095,0
2,128,1,4.2993,470,500,2431095,0
2,128,1,4.8625,470,500,2431095,0
2,128,1,4.4729,470,500,2431095,0
2,128,1,4.509,470,500,2431095,0
2,128,1,4.4458,470,500,2431095,0
2,128,1,4.1932,470,500,2431095,0
2,128,1,4.526,470,500,2431095,0
2,128,1,4.5048,470,500,2431095,0
2,128,1,4.7326,470,500,2431095,0
2,128,1,4.3487,470,500,2431095,0
2,128,1,4.7543,470,500,2431095,0
2,128,1,4.3417,470,500,2431095,0
2,128,1,4.5739,470,500,2431095,0
2,128,1,4.3119,470,500,2431095,0
2,128,1,4.315,470,500,2431095,0
2,128,1,4.4254,470,500,2431095,0
2,128,1,4.3024,470,500,2431095,0
2,128,1,4.4857,470,500,2431095,0
2,128,1,4.2182,470,500,2431095,0
2,128,1,4.6021,470,500,2431095,0
2,128,1,4.2472,470,500,2431095,0
2,128,1,4.4373,470,500,2431095,0
2,128,1,4.6071,470,500,2431095,0
2,128,1,4.2733,470,500,2431095,0
2,128,1,4.6201,470,500,2431095,0
2,128,1,4.5616,470,500,2431095,0
2,128,1,4.2066,470,500,2431095,0
2,128,1,3.6904,470,500,2431095,0
2,128,1,4.2852,470,500,2431095,0
2,128,1,4.6953,470,500,2431095,0
2,128,1,4.7856,470,500,2431095,0
2,128,1,4.4971,470,500,2431095,0
2,128,1,4.5326,470,500,2431095,0
2,128,1,4.2602,470,500,2431095,0
2,128,1,4.16,470,500,2431095,0
2,128,1,4.6402,470,500,2431095,0
2,128,1,3.9283,470,500,2431095,0
2,128,1,4.2068,470,500,2431095,0
2,128,1,4.5896,470,500,2431095,0
2,128,1,4.1249,470,500,2431095,0
2,128,1,4.3972,470,500,2431095,0
2,128,1,4.4013,470,500,2431095,0
2,128,1,4.3309,470,500,2431095,0
2,128,1,4.4387,470,500,2431095,0
2,128,1,4.4084,470,500,2431095,0
2,128,1,4.2154,470,500,2431095,0
2,128,1,4.3761,470,500,2431095,0
2,128,1,4.5245,470,500,2431095,0
2,128,1,4.4488,470,500,2431095,0
2,128,1,5.9082,470,500,2431095,0
2,128,1,4.4919,470,500,2431095,0
2,128,1,4.2618,470,500,2431095,0
2,128,1,4.5774,470,500,2431095,0
2,128,1,4.4546,470,500,2431095,0
2,128,1,4.3281,470,500,2431095,0
2,128,1,4.2325,470,500,2431095,0
2,128,1,4.2668,470,500,2431095,0
2,128,1,4.1151,470,500,2431095,0
2,128,1,4.4451,470,500,2431095,0
2,128,1,4.3503,470,500,2431095,0
2,128,1,4.2708,470,500,2431095,0
2,128,1,4.7906,470,500,2431095,0
2,128,1,4.252,470,500,2431095,0
2,128,1,4.1945,470,500,2431095,0
2,128,1,4.2252,470,500,2431095,0
2,128,1,4.3065,470,500,2431095,0
2,128,1,3.7482,470,500,2431095,0
2,128,1,4.227,470,500,2431095,0
2,128,1,4.355,470,500,2431095,0
2,128,1,4.0352,470,500,2431095,0
2,128,1,4.2145,470,500,2431095,0
2,128,1,4.7964,470,500,2431095,0
2,128,1,4.1947,470,500,2431095,0
2,128,1,4.3686,470,500,2431095,0
2,128,1,4.1717,470,500,2431095,0
2,128,1,4.1902,470,500,2431095,0
2,128,1,4.2542,470,500,2431095,0
2,128,1,4.07,470,500,2431095,0
2,128,1,4.3648,470,500,2431095,0
2,128,1,4.3028,470,500,2431095,0
2,128,1,4.7675,470,500,2431095,0
2,128,1,4.1042,470,500,2431095,0
2,128,1,4.3976,470,500,2431095,0
2,128,1,4.4461,470,500,2431095,0
2,128,1,4.409,470,500,2431095,0
2,128,1,4.3185,470,500,2431095,0
2,128,1,4.2166,470,500,2431095,0
2,128,1,4.7497,470,500,2431095,0
2,128,1,4.6661,470,500,2431095,0
2,128,1,4.3768,470,500,2431095,0
2,128,1,4.2364,470,500,2431095,0
2,128,1,4.1983,470,500,2431095,0
2,128,1,4.3482,470,500,2431095,0
2,128,1,4.4214,470,500,2431095,0
2,128,1,4.4828,470,500,2431095,0
2,128,1,5.0903,470,500,2431095,0
2,128,1,4.4957,470,500,2431095,0
2,128,1,4.2438,470,500,2431095,0
2,128,1,4.3868,470,500,2431095,0
2,128,1,4.2857,470,500,2431095,0
2,128,1,4.1819,470,500,2431095,0
2,128,1,4.4743,470,500,2431095,0
2,128,1,4.1631,470,500,2431095,0
2,128,1,4.36,470,500,2431095,0
2,128,1,4.2949,470,500,2431095,0
2,128,1,4.5679,470,500,2431095,0
2,128,1,4.2383,470,500,2431095,0
2,128,1,4.3334,470,500,2431095,0
2,128,1,4.4124,470,500,2431095,0
2,128,1,4.2544,470,500,2431095,0
2,128,1,4.4858,470,500,2431095,0
2,128,1,4.2057,470,500,2431095,0
2,128,1,4.2687,470,500,2431095,0
2,128,1,4.294,470,500,2431095,0
2,128,1,4.2828,470,500,2431095,0
2,128,1,4.7632,470,500,2431095,0
2,128,1,4.2901,470,500,2431095,0
2,128,1,4.7609,470,500,2431095,0
2,128,1,4.6754,470,500,2431095,0
2,128,1,4.431,470,500,2431095,0
2,128,1,4.275,470,500,2431095,0
2,128,1,4.4586,470,500,2431095,0
2,128,1,4.5595,470,500,2431095,0
2,128,1,4.8469,470,500,2431095,0
2,128,1,4.6929,470,500,2431095,0
2,128,1,4.2891,470,500,2431095,0
2,128,1,4.4383,470,500,2431095,0
2,128,1,4.26,470,500,2431095,0
2,128,1,5.1984,470,500,2431095,0
2,128,1,5.713,470,500,2431095,0
2,128,1,4.7902,470,500,2431095,0
2,128,1,4.899,470,500,2431095,0
2,128,1,4.7075,470,500,2431095,0
2,128,1,4.321,470,500,2431095,0
2,128,1,4.2087,470,500,2431095,0
2,128,1,4.4376,470,500,2431095,0
2,128,1,4.2651,470,500,2431095,0
2,128,1,4.201,470,500,2431095,0
2,128,1,4.2646,470,500,2431095,0
2,128,1,4.6085,470,500,2431095,0
2,128,1,4.6337,470,500,2431095,0
2,128,1,4.2943,470,500,2431095,0
2,128,1,4.5692,470,500,2431095,0
2,128,1,4.0385,470,500,2431095,0
2,128,1,4.6588,470,500,2431095,0
2,128,1,4.5202,470,500,2431095,0
2,128,1,4.4112,470,500,2431095,0
2,128,1,4.2585,470,500,2431095,0
2,128,1,4.6928,470,500,2431095,0
2,128,1,4.7531,470,500,2431095,0
2,128,1,4.5533,470,500,2431095,0
2,128,1,4.2519,470,500,2431095,0
2,128,1,5.0171,470,500,2431095,0
2,128,1,4.3991,470,500,2431095,0
2,128,1,4.332,470,500,2431095,0
2,128,1,4.1349,470,500,2431095,0
2,128,1,4.9048,470,500,2431095,0
2,128,1,4.6624,470,500,2431095,0
2,128,1,4.5403,470,500,2431095,0
2,128,1,4.4794,470,500,2431095,0
2,128,1,4.4056,470,500,2431095,0
2,128,1,4.1645,470,500,2431095,0
2,128,1,4.1929,470,500,2431095,0
2,128,1,5.0199,470,500,2431095,0
2,128,1,4.8491,470,500,2431095,0
2,128,1,5.639,470,500,2431095,0
2,128,1,5.037,470,500,2431095,0
2,128,1,4.5,470,500,2431095,0
2,128,1,4.481,470,500,2431095,0
2,128,1,4.4989,470,500,2431095,0
2,128,1,3.892,470,500,2431095,0
2,128,1,4.1792,470,500,2431095,0
2,128,1,4.5662,470,500,2431095,0
2,128,1,4.1603,470,500,2431095,0
2,128,1,4.1606,470,500,2431095,0
2,128,1,4.3707,470,500,2431095,0
2,128,1,4.4816,470,500,2431095,0
2,128,1,4.3452,470,500,2431095,0
2,128,1,4.2286,470,500,2431095,0
2,128,1,4.2582,470,500,2431095,0
2,128,1,4.2078,470,500,2431095,0
2,128,1,4.3405,470,500,2431095,0
2,128,1,4.1313,470,500,2431095,0
2,128,1,4.0268,470,500,2431095,0
2,128,1,4.6243,470,500,2431095,0
2,128,1,4.112,470,500,2431095,0
2,128,1,4.3845,470,500,2431095,0
2,128,1,4.9353,470,500,2431095,0
2,128,1,4.413,470,500,2431095,0
2,128,1,3.9928,470,500,2431095,0
2,128,1,4.2117,470,500,2431095,0
2,128,1,4.2111,470,500,2431095,0
2,128,1,4.2419,470,500,2431095,0
2,128,1,4.2847,470,500,2431095,0
2,128,1,3.957,470,500,2431095,0
2,128,1,4.1949,470,500,2431095,0
2,128,1,4.0453,470,500,2431095,0
2,128,1,4.2432,470,500,2431095,0
2,128,1,4.2572,470,500,2431095,0
2,128,1,4.1893,470,500,2431095,0
2,128,1,4.2662,470,500,2431095,0
2,128,1,4.2922,470,500,2431095,0
2,128,1,4.2435,470,500,2431095,0
2,128,1,4.2287,470,500,2431095,0
2,128,1,4.2313,470,500,2431095,0
2,128,1,4.603,470,500,2431095,0
2,128,1,4.0857,470,500,2431095,0
2,128,1,4.4581,470,500,2431095,0
2,128,1,4.2847,470,500,2431095,0
2,128,1,3.9058,470,500,2431095,0
2,128,1,4.9262,470,500,2431095,0
2,128,1,4.9097,470,500,2431095,0
2,128,1,4.3068,470,500,2431095,0
2,128,1,4.4276,470,500,2431095,0
2,128,1,4.6719,470,500,2431095,0
2,128,1,3.9079,470,500,2431095,0
2,128,1,4.2294,470,500,2431095,0
2,128,1,4.2964,470,500,2431095,0
2,128,1,4.3773,470,500,2431095,0
2,128,1,4.2789,470,500,2431095,0
2,128,1,4.5781,470,500,2431095,0
2,128,1,4.0931,470,500,2431095,0
2,128,1,4.5994,470,500,2431095,0
2,128,1,4.2539,470,500,2431095,0
2,128,1,4.3271,470,500,2431095,0
2,128,1,4.2927,470,500,2431095,0
2,128,1,4.3162,470,500,2431095,0
2,128,1,4.1831,470,500,2431095,0
2,128,1,4.2825,470,500,2431095,0
2,128,1,4.6489,470,500,2431095,0
2,128,1,4.4902,470,500,2431095,0
2,128,1,5.0239,470,500,2431095,0
2,128,1,5.884,470,500,2431095,0
2,128,1,6.3117,470,500,2431095,0
2,128,1,4.8082,470,500,2431095,0
2,128,1,4.3556,470,500,2431095,0
2,128,1,4.2935,470,500,2431095,0
2,128,1,4.2052,470,500,2431095,0
2,128,1,4.5004,470,500,2431095,0
2,128,1,4.314,470,500,2431095,0
2,128,1,4.2957,470,500,2431095,0
2,128,1,4.3672,470,500,2431095,0
2,128,1,4.3681,470,500,2431095,0
2,128,1,4.211,470,500,2431095,0
2,128,1,4.5452,470,500,2431095,0
2,128,1,4.2653,470,500,2431095,0
2,128,1,4.465,470,500,2431095,0
2,128,1,4.2001,470,500,2431095,0
2,128,1,4.2725,470,500,2431095,0
2,128,1,4.2272,470,500,2431095,0
2,128,1,4.3907,470,500,2431095,0
2,128,1,4.5584,470,500,2431095,0
2,128,1,4.6356,470,500,2431095,0
2,128,1,4.2728,470,500,2431095,0
2,128,1,10.2919,470,500,2431095,0
2,128,1,16.6985,470,500,2431095,0
2,128,1,4.5803,470,500,2431095,0
2,128,1,4.6133,470,500,2431095,0
2,128,1,4.2933,470,500,2431095,0
2,128,1,4.2494,470,500,2431095,0
2,128,1,4.3731,470,500,2431095,0
2,128,1,3.9721,470,500,2431095,0
2,128,1,4.308,470,500,2431095,0
2,128,1,4.3651,470,500,2431095,0
2,128,1,4.3777,470,500,2431095,0
2,128,1,4.3504,470,500,2431095,0
2,128,1,5.4939,470,500,2431095,0
2,128,1,4.8344,470,500,2431095,0
2,128,1,4.1058,470,500,2431095,0
2,128,1,4.4368,470,500,2431095,0
2,128,1,4.2021,470,500,2431095,0
2,128,1,4.2406,470,500,2431095,0
2,128,1,5.6091,470,500,2431095,0
2,128,1,4.6472,470,500,2431095,0
2,128,1,4.1767,470,500,2431095,0
2,128,1,4.6565,470,500,2431095,0
2,128,1,4.2583,470,500,2431095,0
2,128,1,4.3302,470,500,2431095,0
2,128,1,4.1741,470,500,2431095,0
2,128,1,4.1504,470,500,2431095,0
2,128,1,4.0591,470,500,2431095,0
2,128,1,4.351,470,500,2431095,0
2,128,1,4.2816,470,500,2431095,0
2,128,1,4.0219,470,500,2431095,0
2,128,1,3.614,470,500,2431095,0
2,128,1,4.2203,470,500,2431095,0
2,128,1,3.9607,470,500,2431095,0
2,128,1,3.983,470,500,2431095,0
2,128,1,4.3876,470,500,2431095,0
2,128,1,4.1307,470,500,2431095,0
2,128,1,4.0921,470,500,2431095,0
2,128,1,4.5449,470,500,2431095,0
2,128,1,4.2206,470,500,2431095,0
2,128,1,4.298,470,500,2431095,0
2,128,1,4.263,470,500,2431095,0
2,128,1,4.1943,470,500,2431095,0
2,128,1,4.1482,470,500,2431095,0
2,128,1,4.6037,470,500,2431095,0
2,128,1,4.0062,470,500,2431095,0
2,128,1,4.4446,470,500,2431095,0
2,128,1,4.7034,470,500,2431095,0
2,128,1,4.1653,470,500,2431095,0
2,128,1,4.1146,470,500,2431095,0
2,128,1,4.2195,470,500,2431095,0
2,128,1,3.9981,470,500,2431095,0
2,128,1,4.3059,470,500,2431095,0
2,128,1,4.2138,470,500,2431095,0
2,128,1,3.9032,470,500,2431095,0
2,128,1,4.0049,470,500,2431095,0
2,128,1,4.4546,470,500,2431095,0
2,128,1,4.1047,470,500,2431095,0
2,128,1,4.6823,470,500,2431095,0
2,128,1,4.9722,470,500,2431095,0
2,128,1,4.3229,470,500,2431095,0
2,128,1,4.2654,470,500,2431095,0
2,128,1,4.292,470,500,2431095,0
2,128,1,4.2818,470,500,2431095,0
2,128,1,4.4664,470,500,2431095,0
2,128,1,4.7734,470,500,2431095,0
2,128,1,4.1995,470,500,2431095,0
2,128,1,4.6383,470,500,2431095,0
2,128,1,4.6838,470,500,2431095,0
2,128,1,4.8756,470,500,2431095,0
2,128,1,5.1061,470,500,2431095,0
2,128,1,4.9904,470,500,2431095,0
2,128,1,4.5797,470,500,2431095,0
2,128,1,4.6856,470,500,2431095,0
2,128,1,4.54,470,500,2431095,0
2,128,1,4.0761,470,500,2431095,0
2,128,1,4.8189,470,500,2431095,0
2,128,1,4.6819,470,500,2431095,0
2,128,1,4.4426,470,500,2431095,0
2,128,1,4.3293,470,500,2431095,0
2,128,1,4.645,470,500,2431095,0
2,128,1,4.2095,470,500,2431095,0
2,128,1,4.3656,470,500,2431095,0
2,128,1,4.7976,470,500,2431095,0
2,128,1,4.5047,470,500,2431095,0
2,128,1,4.6101,470,500,2431095,0
2,128,1,4.2781,470,500,2431095,0
2,128,1,4.4922,470,500,2431095,0
2,128,1,3.9502,470,500,2431095,0
2,128,1,4.4668,470,500,2431095,0
2,128,1,4.3707,470,500,2431095,0
2,128,1,4.2603,470,500,2431095,0
2,128,1,4.3135,470,500,2431095,0
2,128,1,4.7117,470,500,2431095,0
2,128,1,4.2739,470,500,2431095,0
2,128,1,4.4564,470,500,2431095,0
2,128,1,4.4179,470,500,2431095,0
2,128,1,5.0551,470,500,2431095,0
2,128,1,4.9948,470,500,2431095,0
2,128,1,4.4186,470,500,2431095,0
2,128,1,4.0258,470,500,2431095,0
2,128,1,4.7147,470,500,2431095,0
2,128,1,4.3608,470,500,2431095,0
2,128,1,4.0327,470,500,2431095,0
2,128,1,4.625,470,500,2431095,0
2,128,1,4.1961,470,500,2431095,0
2,128,1,4.1418,470,500,2431095,0
2,128,1,4.4382,470,500,2431095,0
2,128,1,4.3035,470,500,2431095,0
2,128,1,4.0748,470,500,2431095,0
2,128,1,4.2407,470,500,2431095,0
2,128,1,4.2748,470,500,2431095,0
2,128,1,4.2523,470,500,2431095,0
2,128,1,4.5395,470,500,2431095,0
2,128,1,4.4077,470,500,2431095,0
2,128,1,4.3706,470,500,2431095,0
2,128,1,5.0885,470,500,2431095,0
2,128,1,4.2655,470,500,2431095,0
2,128,1,4.2741,470,500,2431095,0
2,128,1,4.2771,470,500,2431095,0
2,128,1,4.7436,470,500,2431095,0
2,128,1,4.2633,470,500,2431095,0
2,128,1,4.0837,470,500,2431095,0
2,128,1,4.3343,470,500,2431095,0
2,128,1,4.1322,470,500,2431095,0
2,128,1,4.4995,470,500,2431095,0
2,128,1,4.1641,470,500,2431095,0
2,128,1,4.1967,470,500,2431095,0
2,128,1,4.4808,470,500,2431095,0
2,128,1,4.2082,470,500,2431095,0
2,128,1,4.1917,470,500,2431095,0
2,128,1,4.2568,470,500,2431095,0
2,128,1,4.2149,470,500,2431095,0
2,128,1,4.7315,470,500,2431095,0
2,128,1,4.5268,470,500,2431095,0
2,128,1,4.6022,470,500,2431095,0
2,128,1,4.4246,470,500,2431095,0
2,128,1,4.2951,470,500,2431095,0
2,128,1,4.2698,470,500,2431095,0
2,128,1,4.7225,470,500,2431095,0
2,128,1,4.8323,470,500,2431095,0
2,128,1,4.635,470,500,2431095,0
2,128,1,4.3009,470,500,2431095,0
2,128,1,4.2493,470,500,2431095,0
2,128,1,4.5206,470,500,2431095,0
2,128,1,4.2568,470,500,2431095,0
2,128,1,4.2421,470,500,2431095,0
2,128,1,4.1563,470,500,2431095,0
2,128,1,4.3141,470,500,2431095,0
2,128,1,4.1663,470,500,2431095,0
2,128,1,4.119,470,500,2431095,0
2,128,1,4.6917,470,500,2431095,0
2,128,1,4.5069,470,500,2431095,0
2,128,1,4.3108,470,500,2431095,0
2,128,1,4.1954,470,500,2431095,0
2,128,1,4.1387,470,500,2431095,0
2,128,1,4.3945,470,500,2431095,0
2,128,1,4.2701,470,500,2431095,0
2,128,1,3.9998,470,500,2431095,0
2,128,1,3.7869,470,500,2431095,0
2,128,1,4.1354,470,500,2431095,0
2,128,1,4.2877,470,500,2431095,0
2,128,1,4.1011,470,500,2431095,0
2,128,1,4.3735,470,500,2431095,0
2,128,1,4.8809,470,500,2431095,0
2,128,1,4.0928,470,500,2431095,0
2,128,1,4.7647,470,500,2431095,0
2,128,1,4.0884,470,500,2431095,0
2,128,1,4.1508,470,500,2431095,0
2,128,1,4.337,470,500,2431095,0
2,128,1,4.2597,470,500,2431095,0
2,128,1,4.1379,470,500,2431095,0
2,128,1,4.016,470,500,2431095,0
2,128,1,4.0425,470,500,2431095,0
2,128,1,4.3525,470,500,2431095,0
2,128,1,4.2095,470,500,2431095,0
2,128,1,3.9451,470,500,2431095,0
2,128,1,4.1096,470,500,2431095,0
2,128,1,4.2433,470,500,2431095,0
2,128,1,4.1265,470,500,2431095,0
2,128,1,4.3239,470,500,2431095,0
2,128,1,4.6517,470,500,2431095,0
2,128,1,4.573,470,500,2431095,0
2,128,1,4.1978,470,500,2431095,0
2,128,1,4.3513,470,500,2431095,0
2,128,1,4.4414,470,500,2431095,0
2,128,1,4.4888,470,500,2431095,0
2,128,1,4.5693,470,500,2431095,0
2,128,1,4.5819,470,500,2431095,0
2,128,1,4.1262,470,500,2431095,0
2,128,1,4.2032,470,500,2431095,0
2,128,1,4.0318,470,500,2431095,0
2,128,1,4.4459,470,500,2431095,0
2,128,1,4.3247,470,500,2431095,0
2,128,1,4.2147,470,500,2431095,0
2,128,1,4.4607,470,500,2431095,0
2,128,1,4.2657,470,500,2431095,0
2,128,1,4.3094,470,500,2431095,0
2,128,1,4.2195,470,500,2431095,0
2,128,1,4.1983,470,500,2431095,0
2,128,1,4.257,470,500,2431095,0
2,128,1,4.0725,470,500,2431095,0
2,128,1,4.706,470,500,2431095,0
2,128,1,4.2408,470,500,2431095,0
2,128,1,4.3482,470,500,2431095,0
2,128,1,4.316,470,500,2431095,0
2,128,1,4.0976,470,500,2431095,0
2,128,1,4.5301,470,500,2431095,0
2,128,1,4.2826,470,500,2431095,0
2,128,1,4.2929,470,500,2431095,0
2,128,1,4.4042,470,500,2431095,0
2,128,1,5.0038,470,500,2431095,0
2,128,1,4.8419,470,500,2431095,0
2,128,1,4.3188,470,500,2431095,0
2,128,1,4.4238,470,500,2431095,0
2,128,1,4.1571,470,500,2431095,0
2,128,1,4.3729,470,500,2431095,0
2,128,1,4.2776,470,500,2431095,0
2,128,1,4.3014,470,500,2431095,0
2,128,1,4.1304,470,500,2431095,0
2,128,1,4.2019,470,500,2431095,0
2,128,1,4.3312,470,500,2431095,0
2,128,1,4.2547,470,500,2431095,0
2,128,1,4.2487,470,500,2431095,0
2,128,1,3.9829,470,500,2431095,0
2,128,1,4.0821,470,500,2431095,0
2,128,1,4.0973,470,500,2431095,0
2,128,1,4.3093,470,500,2431095,0
2,128,1,4.2937,470,500,2431095,0
2,128,1,4.4074,470,500,2431095,0
2,128,1,4.2878,470,500,2431095,0
2,128,1,4.1194,470,500,2431095,0
2,128,1,4.3887,470,500,2431095,0
2,128,1,5.0399,470,500,2431095,0
2,128,1,4.7261,470,500,2431095,0
2,128,1,4.7149,470,500,2431095,0
2,128,1,4.5553,470,500,2431095,0
2,128,1,4.3273,470,500,2431095,0
2,128,1,5.3715,470,500,2431095,0
2,128,1,4.6445,470,500,2431095,0
2,128,1,4.3304,470,500,2431095,0
2,128,1,4.1367,470,500,2431095,0
2,128,1,4.4894,470,500,2431095,0
2,128,1,4.1343,470,500,2431095,0
2,128,1,4.574,470,500,2431095,0
2,128,1,4.2928,470,500,2431095,0
2,128,1,4.4185,470,500,2431095,0
2,128,1,4.3534,470,500,2431095,0
2,128,1,5.84,470,500,2431095,0
2,128,1,4.331,470,500,2431095,0
2,128,1,4.1796,470,500,2431095,0
2,128,1,4.6459,470,500,2431095,0
2,128,1,4.1481,470,500,2431095,0
2,128,1,4.4015,470,500,2431095,0
2,128,1,4.1937,470,500,2431095,0
2,128,1,4.4567,470,500,2431095,0
2,128,1,4.9431,470,500,2431095,0
2,128,1,4.7451,470,500,2431095,0
2,128,1,4.5809,470,500,2431095,0
2,128,1,4.8176,470,500,2431095,0
2,128,1,4.2884,470,500,2431095,0
2,128,1,4.4198,470,500,2431095,0
2,128,1,4.3521,470,500,2431095,0
2,128,1,4.319,470,500,2431095,0
2,128,1,4.0539,470,500,2431095,0
2,128,1,4.4261,470,500,2431095,0
2,128,1,4.2926,470,500,2431095,0
2,128,1,4.2279,470,500,2431095,0
2,128,1,4.196,470,500,2431095,0
2,128,1,4.9009,470,500,2431095,0
2,128,1,4.2174,470,500,2431095,0
2,128,1,4.1189,470,500,2431095,0
2,128,1,4.426,470,500,2431095,0
2,128,1,4.3031,470,500,2431095,0
2,128,1,4.1697,470,500,2431095,0
2,128,1,4.2783,470,500,2431095,0
2,128,1,4.7015,470,500,2431095,0
2,128,1,4.2171,470,500,2431095,0
2,128,1,4.5272,470,500,2431095,0
2,128,1,4.306,470,500,2431095,0
2,128,1,4.1668,470,500,2431095,0
2,128,1,4.5573,470,500,2431095,0
2,128,1,4.3255,470,500,2431095,0
2,128,1,4.3536,470,500,2431095,0
2,128,1,4.3002,470,500,2431095,0
2,128,1,4.4544,470,500,2431095,0
2,128,1,4.2138,470,500,2431095,0
2,128,1,4.4173,470,500,2431095,0
2,128,1,4.8938,470,500,2431095,0
2,128,1,4.3769,470,500,2431095,0
2,128,1,4.2876,470,500,2431095,0
2,128,1,4.3874,470,500,2431095,0
2,128,1,5.2104,470,500,2431095,0
2,128,1,4.7641,470,500,2431095,0
2,128,1,4.3465,470,500,2431095,0
2,128,1,4.048,470,500,2431095,0
2,128,1,3.9356,470,500,2431095,0
2,128,1,4.2014,470,500,2431095,0
2,128,1,4.2343,470,500,2431095,0
2,128,1,4.5053,470,500,2431095,0
2,128,1,4.2909,470,500,2431095,0
2,128,1,4.0248,470,500,2431095,0
2,128,1,4.3414,470,500,2431095,0
2,128,1,4.3793,470,500,2431095,0
2,128,1,4.2223,470,500,2431095,0
2,128,1,4.6275,470,500,2431095,0
2,128,1,4.4088,470,500,2431095,0
2,128,1,4.1019,470,500,2431095,0
2,128,1,4.3538,470,500,2431095,0
2,128,1,4.8825,470,500,2431095,0
2,128,1,4.4328,470,500,2431095,0
2,128,1,4.42,470,500,2431095,0
2,128,1,4.4679,470,500,2431095,0
2,128,1,3.8442,470,500,2431095,0
2,128,1,4.2009,470,500,2431095,0
2,128,1,4.2141,470,500,2431095,0
2,128,1,5.075,470,500,2431095,0
2,128,1,4.5886,470,500,2431095,0
2,128,1,4.3859,470,500,2431095,0
2,128,1,4.0843,470,500,2431095,0
2,128,1,4.5436,470,500,2431095,0
2,128,1,4.3365,470,500,2431095,0
2,128,1,4.0963,470,500,2431095,0
2,128,1,4.1271,470,500,2431095,0
2,128,1,4.392,470,500,2431095,0
2,128,1,5.2751,470,500,2431095,0
2,128,1,5.0721,470,500,2431095,0
2,128,1,5.0743,470,500,2431095,0
2,128,1,4.8549,470,500,2431095,0
2,128,1,4.5597,470,500,2431095,0
2,128,1,4.8228,470,500,2431095,0
2,128,1,4.4383,470,500,2431095,0
2,128,1,4.377,470,500,2431095,0
2,128,1,4.6613,470,500,2431095,0
2,128,1,4.0339,470,500,2431095,0
2,128,1,4.4506,470,500,2431095,0
2,128,1,4.4005,470,500,2431095,0
2,128,1,4.2562,470,500,2431095,0
2,128,1,4.402,470,500,2431095,0
2,128,1,4.4979,470,500,2431095,0
2,128,1,4.1504,470,500,2431095,0
2,128,1,4.1062,470,500,2431095,0
2,128,1,4.3856,470,500,2431095,0
2,128,1,4.0628,470,500,2431095,0
2,128,1,4.5625,470,500,2431095,0
2,128,1,4.3259,470,500,2431095,0
2,128,1,4.4888,470,500,2431095,0
2,128,1,4.5125,470,500,2431095,0
2,128,1,4.3638,470,500,2431095,0
2,128,1,4.4906,470,500,2431095,0
2,128,1,4.2266,470,500,2431095,0
2,128,1,5.2059,470,500,2431095,0
2,128,1,4.7619,470,500,2431095,0
2,128,1,4.336,470,500,2431095,0
2,128,1,4.3488,470,500,2431095,0
2,128,1,4.2966,470,500,2431095,0
2,128,1,4.1049,470,500,2431095,0
2,128,1,4.3693,470,500,2431095,0
2,128,1,4.2823,470,500,2431095,0
2,128,1,4.3819,470,500,2431095,0
2,128,1,4.1183,470,500,2431095,0
2,128,1,3.9577,470,500,2431095,0
2,128,1,4.0685,470,500,2431095,0
2,128,1,4.871,470,500,2431095,0
2,128,1,4.3138,470,500,2431095,0
2,128,1,4.3402,470,500,2431095,0
2,128,1,4.151,470,500,2431095,0
2,128,1,4.5267,470,500,2431095,0
2,128,1,4.0168,470,500,2431095,0
2,128,1,4.4105,470,500,2431095,0
2,128,1,4.3158,470,500,2431095,0
2,128,1,4.1766,470,500,2431095,0
2,128,1,4.3702,470,500,2431095,0
2,128,1,4.2117,470,500,2431095,0
2,128,1,4.1992,470,500,2431095,0
2,128,1,5.3631,470,500,2431095,0
2,128,1,5.0833,470,500,2431095,0
2,128,1,4.39,470,500,2431095,0
2,128,1,4.4528,470,500,2431095,0
2,128,1,4.6213,470,500,2431095,0
2,128,1,4.3157,470,500,2431095,0
2,128,1,4.1367,470,500,2431095,0
2,128,1,4.1742,470,500,2431095,0
2,128,1,5.0918,470,500,2431095,0
2,128,1,4.2309,470,500,2431095,0
2,128,1,4.5019,470,500,2431095,0
2,128,1,4.2636,470,500,2431095,0
2,128,1,4.4068,470,500,2431095,0
2,128,1,4.3728,470,500,2431095,0
2,128,1,4.5112,470,500,2431095,0
2,128,1,4.2372,470,500,2431095,0
2,128,1,4.4323,470,500,2431095,0
2,128,1,4.2546,470,500,2431095,0
2,128,1,4.364,470,500,2431095,0
2,128,1,4.227,470,500,2431095,0
2,128,1,4.2131,470,500,2431095,0
2,128,1,4.0703,470,500,2431095,0
2,128,1,4.9162,470,500,2431095,0
2,128,1,4.195,470,500,2431095,0
2,128,1,4.4399,470,500,2431095,0
2,128,1,4.5803,470,500,2431095,0
2,128,1,4.4933,470,500,2431095,0
2,128,1,4.1218,470,500,2431095,0
2,128,1,4.2459,470,500,2431095,0
2,128,1,4.4242,470,500,2431095,0
2,128,1,3.9627,470,500,2431095,0
2,128,1,4.3236,470,500,2431095,0
2,128,1,4.2446,470,500,2431095,0
2,128,1,4.0444,470,500,2431095,0
2,128,1,4.4563,470,500,2431095,0
2,128,1,4.2359,470,500,2431095,0
2,128,1,4.5011,470,500,2431095,0
2,128,1,4.3146,470,500,2431095,0
2,128,1,4.4031,470,500,2431095,0
2,128,1,4.3017,470,500,2431095,0
2,128,1,4.555,470,500,2431095,0
2,128,1,4.3008,470,500,2431095,0
2,128,1,4.1383,470,500,2431095,0
2,128,1,4.3718,470,500,2431095,0
2,128,1,4.4071,470,500,2431095,0
2,128,1,4.0251,470,500,2431095,0
2,128,1,4.2118,470,500,2431095,0
2,128,1,4.4106,470,500,2431095,0
2,128,1,4.6203,470,500,2431095,0
2,128,1,4.5173,470,500,2431095,0
2,128,1,5.0536,470,500,2431095,0
2,128,1,4.4275,470,500,2431095,0
2,128,1,4.4224,470,500,2431095,0
2,128,1,4.4491,470,500,2431095,0
2,128,1,4.2495,470,500,2431095,0
2,128,1,4.2788,470,500,2431095,0
2,128,1,4.2253,470,500,2431095,0
2,128,1,5.0427,470,500,2431095,0
2,128,1,5.2852,470,500,2431095,0
2,128,1,4.8374,470,500,2431095,0
2,128,1,4.6844,470,500,2431095,0
2,128,1,5.0346,470,500,2431095,0
2,128,1,4.8372,470,500,2431095,0
2,128,1,4.5987,470,500,2431095,0
2,128,1,4.4278,470,500,2431095,0
2,128,1,4.3156,470,500,2431095,0
2,128,1,4.3333,470,500,2431095,0
2,128,1,4.6072,470,500,2431095,0
2,128,1,6.1376,470,500,2431095,0
2,128,1,5.0162,470,500,2431095,0
2,128,1,5.2348,470,500,2431095,0
2,128,1,4.8773,470,500,2431095,0
2,128,1,4.4789,470,500,2431095,0
2,128,1,5.217,470,500,2431095,0
2,128,1,5.9596,470,500,2431095,0
2,128,1,4.5303,470,500,2431095,0
2,128,1,4.3575,470,500,2431095,0
2,128,1,4.2501,470,500,2431095,0
2,128,1,4.2159,470,500,2431095,0
2,128,1,4.3315,470,500,2431095,0
2,128,1,4.3224,470,500,2431095,0
2,128,1,4.2746,470,500,2431095,0
2,128,1,4.4635,470,500,2431095,0
2,128,1,4.6237,470,500,2431095,0
2,128,1,4.0929,470,500,2431095,0
2,128,1,4.2753,470,500,2431095,0
2,128,1,4.3365,470,500,2431095,0
2,128,1,4.2162,470,500,2431095,0
2,128,1,3.9982,470,500,2431095,0
2,128,1,4.02,470,500,2431095,0
2,128,1,4.6599,470,500,2431095,0
2,128,1,4.5887,470,500,2431095,0
2,128,1,4.4586,470,500,2431095,0
2,128,1,4.9816,470,500,2431095,0
2,128,1,4.6862,470,500,2431095,0
2,128,1,4.2712,470,500,2431095,0
2,128,1,4.0839,470,500,2431095,0
2,128,1,4.3479,470,500,2431095,0
2,128,1,5.8754,470,500,2431095,0
2,128,1,4.8568,470,500,2431095,0
2,128,1,4.1767,470,500,2431095,0
2,128,1,4.3207,470,500,2431095,0
2,128,1,4.7103,470,500,2431095,0
2,128,1,4.147,470,500,2431095,0
2,128,1,4.6082,470,500,2431095,0
2,128,1,4.3551,470,500,2431095,0
2,128,1,4.3299,470,500,2431095,0
2,128,1,4.3869,470,500,2431095,0
2,128,1,4.3436,470,500,2431095,0
2,128,1,4.2217,470,500,2431095,0
2,128,1,4.1966,470,500,2431095,0
2,128,1,4.3584,470,500,2431095,0
2,128,1,4.1115,470,500,2431095,0
2,128,1,4.5951,470,500,2431095,0
2,128,1,4.8628,470,500,2431095,0
2,128,1,4.5707,470,500,2431095,0
2,128,1,4.5679,470,500,2431095,0
2,128,1,4.7621,470,500,2431095,0
2,128,1,5.0255,470,500,2431095,0
2,128,1,4.6547,470,500,2431095,0
2,128,1,4.6837,470,500,2431095,0
2,128,1,4.1845,470,500,2431095,0
2,128,1,4.2859,470,500,2431095,0
2,128,1,4.2702,470,500,2431095,0
2,128,1,4.2088,470,500,2431095,0
2,128,1,4.9866,470,500,2431095,0
2,128,1,3.9812,470,500,2431095,0
2,128,1,4.2621,470,500,2431095,0
2,128,1,4.4316,470,500,2431095,0
2,128,1,4.3818,470,500,2431095,0
2,128,1,4.3654,470,500,2431095,0
2,128,1,4.2464,470,500,2431095,0
2,128,1,4.3317,470,500,2431095,0
2,128,1,4.2471,470,500,2431095,0
2,128,1,4.2647,470,500,2431095,0
2,128,1,4.1991,470,500,2431095,0
2,128,1,4.6734,470,500,2431095,0
2,128,1,4.5538,470,500,2431095,0
2,128,1,4.3789,470,500,2431095,0
2,128,1,5.0352,470,500,2431095,0
2,128,1,4.8609,470,500,2431095,0
2,128,1,4.7092,470,500,2431095,0
2,128,1,4.0663,470,500,2431095,0
2,128,1,4.8011,470,500,2431095,0
2,128,1,4.6459,470,500,2431095,0
2,128,1,4.4529,470,500,2431095,0
2,128,1,4.0004,470,500,2431095,0
2,128,1,4.316,470,500,2431095,0
2,128,1,4.1226,470,500,2431095,0
2,128,1,4.0927,470,500,2431095,0
2,128,1,4.7626,470,500,2431095,0
2,128,1,4.2891,470,500,2431095,0
2,128,1,4.2883,470,500,2431095,0
2,128,1,4.4059,470,500,2431095,0
2,128,1,4.2998,470,500,2431095,0
2,128,1,4.141,470,500,2431095,0
2,128,1,4.4598,470,500,2431095,0
2,128,1,4.2347,470,500,2431095,0
2,128,1,4.1456,470,500,2431095,0
2,128,1,4.4293,470,500,2431095,0
2,128,1,4.292,470,500,2431095,0
2,128,1,4.28,470,500,2431095,0
2,128,1,5.0015,470,500,2431095,0
2,128,1,4.6334,470,500,2431095,0
2,128,1,4.3943,470,500,2431095,0
2,128,1,4.4227,470,500,2431095,0
2,128,1,4.4352,470,500,2431095,0
2,128,1,4.2381,470,500,2431095,0
2,128,1,4.3998,470,500,2431095,0
2,128,1,4.345,470,500,2431095,0
2,128,1,4.1619,470,500,2431095,0
2,128,1,4.4846,470,500,2431095,0
2,128,1,4.1743,470,500,2431095,0
2,128,1,4.5222,470,500,2431095,0
2,128,1,4.7825,470,500,2431095,0
2,128,1,4.6507,470,500,2431095,0
2,128,1,6.0351,470,500,2431095,0
2,128,1,5.7206,470,500,2431095,0
2,128,1,4.7128,470,500,2431095,0
2,128,1,4.6704,470,500,2431095,0
2,128,1,4.6498,470,500,2431095,0
2,128,1,4.318,470,500,2431095,0
2,128,1,4.4159,470,500,2431095,0
2,128,1,4.4382,470,500,2431095,0
2,128,1,5.7066,470,500,2431095,0
2,128,1,4.7033,470,500,2431095,0
2,128,1,4.5629,470,500,2431095,0
2,128,1,4.3668,470,500,2431095,0
2,128,1,4.465,470,500,2431095,0
2,128,1,4.1776,470,500,2431095,0
2,128,1,4.2709,470,500,2431095,0
2,128,1,4.4414,470,500,2431095,0
2,128,1,4.1947,470,500,2431095,0
2,128,1,4.9322,470,500,2431095,0
2,128,1,4.2665,470,500,2431095,0
2,128,1,4.4612,470,500,2431095,0
2,128,1,4.276,470,500,2431095,0
2,128,1,4.2181,470,500,2431095,0
2,128,1,4.2492,470,500,2431095,0
2,128,1,4.2522,470,500,2431095,0
2,128,1,4.2796,470,500,2431095,0
2,128,1,3.9949,470,500,2431095,0
2,128,1,4.3483,470,500,2431095,0
2,128,1,4.3947,470,500,2431095,0
2,128,1,4.3402,470,500,2431095,0
2,128,1,4.4024,470,500,2431095,0
2,128,1,4.1403,470,500,2431095,0
2,128,1,4.3507,470,500,2431095,0
2,128,1,4.9641,470,500,2431095,0
2,128,1,4.684,470,500,2431095,0
2,128,1,4.5175,470,500,2431095,0
2,128,1,4.3029,470,500,2431095,0
2,128,1,4.1964,470,500,2431095,0
2,128,1,4.2726,470,500,2431095,0
2,128,1,4.1843,470,500,2431095,0
2,128,1,3.7184,470,500,2431095,0
2,128,1,4.6093,470,500,2431095,0
2,128,1,4.7775,470,500,2431095,0
2,128,1,4.1241,470,500,2431095,0
2,128,1,4.6353,470,500,2431095,0
2,128,1,4.3226,470,500,2431095,0
2,128,1,4.492,470,500,2431095,0
2,128,1,4.1857,470,500,2431095,0
2,128,1,4.6488,470,500,2431095,0
2,128,1,4.2567,470,500,2431095,0
2,128,1,4.0487,470,500,2431095,0
2,128,1,4.4547,470,500,2431095,0
2,128,1,4.203,470,500,2431095,0
2,128,1,4.2438,470,500,2431095,0
2,128,1,3.8609,470,500,2431095,0
2,128,1,4.3499,470,500,2431095,0
2,128,1,4.6127,470,500,2431095,0
2,128,1,4.3094,470,500,2431095,0
2,128,1,4.3558,470,500,2431095,0
2,128,1,4.019,470,500,2431095,0
2,128,1,4.3956,470,500,2431095,0
2,128,1,4.1928,470,500,2431095,0
2,128,1,4.2702,470,500,2431095,0
2,128,1,4.2392,470,500,2431095,0
2,128,1,5.152,470,500,2431095,0
2,128,1,4.4227,470,500,2431095,0
2,128,1,4.2855,470,500,2431095,0
2,128,1,4.3436,470,500,2431095,0
2,128,1,4.2888,470,500,2431095,0
2,128,1,4.2639,470,500,2431095,0
2,128,1,4.3703,470,500,2431095,0
2,128,1,4.4649,470,500,2431095,0
2,128,1,4.4486,470,500,2431095,0
2,128,1,4.2744,470,500,2431095,0
2,128,1,4.2797,470,500,2431095,0
2,128,1,4.1983,470,500,2431095,0
2,128,1,4.2052,470,500,2431095,0
2,128,1,4.161,470,500,2431095,0
2,128,1,4.2575,470,500,2431095,0
2,128,1,4.1853,470,500,2431095,0
2,128,1,4.7537,470,500,2431095,0
2,128,1,4.4853,470,500,2431095,0
2,128,1,4.093,470,500,2431095,0
2,128,1,4.0865,470,500,2431095,0
2,128,1,4.4713,470,500,2431095,0
2,128,1,4.1965,470,500,2431095,0
2,128,1,4.3395,470,500,2431095,0
2,128,1,4.2305,470,500,2431095,0
2,128,1,4.4128,470,500,2431095,0
2,128,1,4.1361,470,500,2431095,0
2,128,1,4.7737,470,500,2431095,0
2,128,1,4.3393,470,500,2431095,0
2,128,1,4.4575,470,500,2431095,0
2,128,1,4.1848,470,500,2431095,0
2,128,1,4.5047,470,500,2431095,0
2,128,1,4.2048,470,500,2431095,0
2,128,1,4.2368,470,500,2431095,0
2,128,1,4.4761,470,500,2431095,0
2,128,1,4.1789,470,500,2431095,0
2,128,1,4.4618,470,500,2431095,0
2,128,1,4.3985,470,500,2431095,0
2,128,1,4.1942,470,500,2431095,0
2,128,1,4.2264,470,500,2431095,0
2,128,1,4.8193,470,500,2431095,0
2,128,1,4.5987,470,500,2431095,0
2,128,1,4.1893,470,500,2431095,0
2,128,1,4.2723,470,500,2431095,0
2,128,1,4.0805,470,500,2431095,0
2,128,1,4.2902,470,500,2431095,0
2,128,1,4.34,470,500,2431095,0
2,128,1,4.9271,470,500,2431095,0
2,128,1,4.0396,470,500,2431095,0
2,128,1,4.5294,470,500,2431095,0
2,128,1,4.3748,470,500,2431095,0
2,128,1,4.2114,470,500,2431095,0
2,128,1,4.359,470,500,2431095,0
2,128,1,4.3083,470,500,2431095,0
2,128,1,4.9413,470,500,2431095,0
2,128,1,4.4484,470,500,2431095,0
2,128,1,4.3647,470,500,2431095,0
2,128,1,3.8752,470,500,2431095,0
2,128,1,4.4215,470,500,2431095,0
2,128,1,4.2862,470,500,2431095,0
2,128,1,4.1992,470,500,2431095,0
2,128,1,4.3306,470,500,2431095,0
2,128,1,4.2862,470,500,2431095,0
2,128,1,4.182,470,500,2431095,0
2,128,1,4.5287,470,500,2431095,0
2,128,1,4.5634,470,500,2431095,0
2,128,1,4.2116,470,500,2431095,0
2,128,1,4.4174,470,500,2431095,0
2,128,1,4.515,470,500,2431095,0
2,128,1,4.2789,470,500,2431095,0
2,128,1,4.6205,470,500,2431095,0
2,128,1,4.2003,470,500,2431095,0
2,128,1,4.2383,470,500,2431095,0
2,128,1,4.3841,470,500,2431095,0
2,128,1,4.2344,470,500,2431095,0
2,128,1,4.1992,470,500,2431095,0
2,128,1,3.8033,470,500,2431095,0
2,128,1,3.796,470,500,2431095,0
2,128,1,4.6043,470,500,2431095,0
2,128,1,5.5479,470,500,2431095,0
2,128,1,4.4664,470,500,2431095,0
2,128,1,4.4092,470,500,2431095,0
2,128,1,4.1877,470,500,2431095,0
2,128,1,4.2471,470,500,2431095,0
2,128,1,3.9935,470,500,2431095,0
2,128,1,4.3919,470,500,2431095,0
2,128,1,4.1942,470,500,2431095,0
2,128,1,5.8188,470,500,2431095,0
2,128,1,4.9961,470,500,2431095,0
2,128,1,4.176,470,500,2431095,0
2,128,1,4.0645,470,500,2431095,0
2,128,1,4.4393,470,500,2431095,0
2,128,1,4.2458,470,500,2431095,0
2,128,1,4.3774,470,500,2431095,0
2,128,1,4.0932,470,500,2431095,0
2,128,1,4.4742,470,500,2431095,0
2,128,1,4.1413,470,500,2431095,0
2,128,1,4.1735,470,500,2431095,0
2,128,1,4.2456,470,500,2431095,0
2,128,1,4.2186,470,500,2431095,0
2,128,1,4.3098,470,500,2431095,0
2,128,1,4.128,470,500,2431095,0
2,128,1,3.8947,470,500,2431095,0
2,128,1,4.3602,470,500,2431095,0
2,128,1,4.1352,470,500,2431095,0
2,128,1,3.9637,470,500,2431095,0
2,128,1,4.2934,470,500,2431095,0
2,128,1,4.0672,470,500,2431095,0
2,128,1,4.3862,470,500,2431095,0
2,128,1,5.124,470,500,2431095,0
2,128,1,4.2928,470,500,2431095,0
2,128,1,4.2018,470,500,2431095,0
2,128,1,4.5912,470,500,2431095,0
2,128,1,4.3585,470,500,2431095,0
2,128,1,4.1891,470,500,2431095,0
2,128,1,4.1178,470,500,2431095,0
2,128,1,4.5349,470,500,2431095,0
2,128,1,4.1568,470,500,2431095,0
2,128,1,3.9901,470,500,2431095,0
2,128,1,3.9461,470,500,2431095,0
2,128,1,4.4935,470,500,2431095,0
2,128,1,3.893,470,500,2431095,0
2,128,1,4.1634,470,500,2431095,0
2,128,1,4.757,470,500,2431095,0
2,128,1,5.2053,470,500,2431095,0
2,128,1,4.3692,470,500,2431095,0
2,128,1,4.5175,470,500,2431095,0
2,128,1,4.2386,470,500,2431095,0
2,128,1,4.1389,470,500,2431095,0
2,128,1,4.3481,470,500,2431095,0
2,128,1,4.5995,470,500,2431095,0
2,128,1,4.627,470,500,2431095,0
2,128,1,4.6728,470,500,2431095,0
2,128,1,4.5678,470,500,2431095,0
2,128,1,4.5841,470,500,2431095,0
2,128,1,5.3937,470,500,2431095,0
2,128,1,4.2746,470,500,2431095,0
2,128,1,4.4226,470,500,2431095,0
2,128,1,4.635,470,500,2431095,0
2,128,1,4.1508,470,500,2431095,0
2,128,1,4.5133,470,500,2431095,0
2,128,1,4.215,470,500,2431095,0
2,128,1,4.2356,470,500,2431095,0
2,128,1,4.5893,470,500,2431095,0
2,128,1,4.5861,470,500,2431095,0
2,128,1,4.0698,470,500,2431095,0
2,128,1,4.3346,470,500,2431095,0
2,128,1,4.2269,470,500,2431095,0
2,128,1,4.266,470,500,2431095,0
2,128,1,4.0668,470,500,2431095,0
2,128,1,4.1743,470,500,2431095,0
2,128,1,3.9748,470,500,2431095,0
2,128,1,4.0987,470,500,2431095,0
2,128,1,4.3979,470,500,2431095,0
2,128,1,4.1021,470,500,2431095,0
2,128,1,4.0233,470,500,2431095,0
2,128,1,4.2153,470,500,2431095,0
2,128,1,4.1437,470,500,2431095,0
2,128,1,4.4642,470,500,2431095,0
2,128,1,5.4549,470,500,2431095,0
2,128,1,4.6231,470,500,2431095,0
2,128,1,4.2579,470,500,2431095,0
2,128,1,4.6289,470,500,2431095,0
2,128,1,4.2963,470,500,2431095,0
2,128,1,4.3362,470,500,2431095,0
2,128,1,5.3739,470,500,2431095,0
2,128,1,4.7149,470,500,2431095,0
2,128,1,4.4856,470,500,2431095,0
2,128,1,4.5507,470,500,2431095,0
2,128,1,4.1125,470,500,2431095,0
2,128,1,4.1896,470,500,2431095,0
2,128,1,4.364,470,500,2431095,0
2,128,1,4.3677,470,500,2431095,0
2,128,1,4.8184,470,500,2431095,0
2,128,1,5.152,470,500,2431095,0
2,128,1,4.3484,470,500,2431095,0
2,128,1,4.3112,470,500,2431095,0
2,128,1,4.0583,470,500,2431095,0
2,128,1,4.3912,470,500,2431095,0
2,128,1,4.1552,470,500,2431095,0
2,128,1,4.0267,470,500,2431095,0
2,128,1,4.6311,470,500,2431095,0
2,128,1,4.5948,470,500,2431095,0
2,128,1,4.3423,470,500,2431095,0
2,128,1,4.3344,470,500,2431095,0
2,128,1,4.4167,470,500,2431095,0
2,128,1,5.014,470,500,2431095,0
2,128,1,4.7367,470,500,2431095,0
2,128,1,5.2345,470,500,2431095,0
2,128,1,5.1791,470,500,2431095,0
2,128,1,4.7061,470,500,2431095,0
2,128,1,4.2873,470,500,2431095,0
2,128,1,4.6491,470,500,2431095,0
2,128,1,4.0912,470,500,2431095,0
2,128,1,4.1052,470,500,2431095,0
2,128,1,3.9243,470,500,2431095,0
2,128,1,4.3545,470,500,2431095,0
2,128,1,4.3406,470,500,2431095,0
2,128,1,4.5868,470,500,2431095,0
2,128,1,4.5117,470,500,2431095,0
2,128,1,4.2199,470,500,2431095,0
2,128,1,4.3669,470,500,2431095,0
2,128,1,4.1945,470,500,2431095,0
2,128,1,4.3216,470,500,2431095,0
2,128,1,5.3584,470,500,2431095,0
2,128,1,4.4483,470,500,2431095,0
2,128,1,4.3629,470,500,2431095,0
2,128,1,4.2975,470,500,2431095,0
2,128,1,4.1865,470,500,2431095,0
2,128,1,3.9871,470,500,2431095,0
2,128,1,4.5902,470,500,2431095,0
2,128,1,4.2822,470,500,2431095,0
2,128,1,4.2807,470,500,2431095,0
2,128,1,4.4304,470,500,2431095,0
2,128,1,4.263,470,500,2431095,0
2,128,1,4.2996,470,500,2431095,0
2,128,1,4.2993,470,500,2431095,0
2,128,1,4.0867,470,500,2431095,0
2,128,1,4.616,470,500,2431095,0
2,128,1,4.3072,470,500,2431095,0
2,128,1,4.4045,470,500,2431095,0
2,128,1,4.3526,470,500,2431095,0
2,128,1,4.424,470,500,2431095,0
2,128,1,3.9077,470,500,2431095,0
2,128,1,4.3039,470,500,2431095,0
2,128,1,4.281,470,500,2431095,0
2,128,1,4.2209,470,500,2431095,0
2,128,1,4.5147,470,500,2431095,0
2,128,1,4.8258,470,500,2431095,0
2,128,1,4.4193,470,500,2431095,0
2,128,1,4.4062,470,500,2431095,0
2,128,1,4.2179,470,500,2431095,0
2,128,1,4.2939,470,500,2431095,0
2,128,1,4.0461,470,500,2431095,0
2,128,1,4.0827,470,500,2431095,0
2,128,1,3.8956,470,500,2431095,0
2,128,1,4.1583,470,500,2431095,0
2,128,1,4.2393,470,500,2431095,0
2,128,1,4.2545,470,500,2431095,0
2,128,1,4.1634,470,500,2431095,0
2,128,1,4.0884,470,500,2431095,0
2,128,1,4.4242,470,500,2431095,0
2,128,1,5.2092,470,500,2431095,0
2,128,1,5.1393,470,500,2431095,0
2,128,1,4.3275,470,500,2431095,0
2,128,1,4.5931,470,500,2431095,0
2,128,1,4.3065,470,500,2431095,0
2,128,1,4.274,470,500,2431095,0
2,128,1,4.3775,470,500,2431095,0
2,128,1,4.7916,470,500,2431095,0
2,128,1,4.1106,470,500,2431095,0
2,128,1,4.4142,470,500,2431095,0
2,128,1,5.0762,470,500,2431095,0
2,128,1,4.4533,470,500,2431095,0
2,128,1,4.3787,470,500,2431095,0
2,128,1,4.1846,470,500,2431095,0
2,128,1,4.5983,470,500,2431095,0
2,128,1,4.4211,470,500,2431095,0
2,128,1,4.2637,470,500,2431095,0
2,128,1,4.2004,470,500,2431095,0
2,128,1,4.141,470,500,2431095,0
2,128,1,4.4148,470,500,2431095,0
2,128,1,4.028,470,500,2431095,0
2,128,1,4.2565,470,500,2431095,0
2,128,1,4.5762,470,500,2431095,0
2,128,1,4.2837,470,500,2431095,0
2,128,1,4.179,470,500,2431095,0
2,128,1,4.3744,470,500,2431095,0
2,128,1,4.246,470,500,2431095,0
2,128,1,4.4056,470,500,2431095,0
2,128,1,4.2297,470,500,2431095,0
2,128,1,3.8721,470,500,2431095,0
2,128,1,4.1204,470,500,2431095,0
2,128,1,4.8816,470,500,2431095,0
2,128,1,4.1929,470,500,2431095,0
2,128,1,4.5745,470,500,2431095,0
2,128,1,4.6926,470,500,2431095,0
2,128,1,4.2927,470,500,2431095,0
2,128,1,4.2677,470,500,2431095,0
2,128,1,4.0812,470,500,2431095,0
2,128,1,3.9323,470,500,2431095,0
3,512,1,10.8162,1238,1268,6580599,0
3,512,1,10.6291,1238,1268,6580599,0
3,512,1,11.4064,1238,1268,6580599,0
3,512,1,11.8279,1238,1268,6580599,0
3,512,1,11.3052,1238,1268,6580599,0
3,512,1,10.751,1238,1268,6580599,0
3,512,1,10.7648,1238,1268,6580599,0
3,512,1,10.852,1238,1268,6580599,0
3,512,1,10.8001,1238,1268,6580599,0
3,512,1,10.9518,1238,1268,6580599,0
3,512,1,11.1979,1238,1268,6580599,0
3,512,1,11.0543,1238,1268,6580599,0
3,512,1,10.6786,1238,1268,6580599,0
3,512,1,11.4728,1238,1268,6580599,0
3,512,1,10.8175,1238,1268,6580599,0
3,512,1,11.0965,1238,1268,6580599,0
3,512,1,10.9831,1238,1268,6580599,0
3,512,1,10.8635,1238,1268,6580599,0
3,512,1,10.6242,1238,1268,6580599,0
3,512,1,10.9407,1238,1268,6580599,0
3,512,1,10.8112,1238,1268,6580599,0
3,512,1,10.8549,1238,1268,6580599,0
3,512,1,10.9736,1238,1268,6580599,0
3,512,1,10.9961,1238,1268,6580599,0
3,512,1,10.8236,1238,1268,6580599,0
3,512,1,10.952,1238,1268,6580599,0
3,512,1,10.691,1238,1268,6580599,0
3,512,1,10.7518,1238,1268,6580599,0
3,512,1,12.1724,1238,1268,6580599,0
3,512,1,11.4323,1238,1268,6580599,0
3,512,1,10.8771,1238,1268,6580599,0
3,512,1,11.0115,1238,1268,6580599,0
3,512,1,11.7018,1238,1268,6580599,0
3,512,1,11.3603,1238,1268,6580599,0
3,512,1,10.8557,1238,1268,6580599,0
3,512,1,10.7771,1238,1268,6580599,0
3,512,1,11.9272,1238,1268,6580599,0
3,512,1,10.6718,1238,1268,6580599,0
3,512,1,10.8552,1238,1268,6580599,0
3,512,1,12.3223,1238,1268,6580599,0
3,512,1,11.0479,1238,1268,6580599,0
3,512,1,10.9193,1238,1268,6580599,0
3,512,1,10.8302,1238,1268,6580599,0
3,512,1,11.161,1238,1268,6580599,0
3,512,1,12.1415,1238,1268,6580599,0
3,512,1,10.8934,1238,1268,6580599,0
3,512,1,11.7221,1238,1268,6580599,0
3,512,1,10.9801,1238,1268,6580599,0
3,512,1,11.5256,1238,1268,6580599,0
3,512,1,10.9575,1238,1268,6580599,0
3,512,1,11.3568,1238,1268,6580599,0
3,512,1,10.5774,1238,1268,6580599,0
3,512,1,11.0791,1238,1268,6580599,0
3,512,1,10.9874,1238,1268,6580599,0
3,512,1,10.6593,1238,1268,6580599,0
3,512,1,10.9887,1238,1268,6580599,0
3,512,1,10.3369,1238,1268,6580599,0
3,512,1,10.8058,1238,1268,6580599,0
3,512,1,10.8049,1238,1268,6580599,0
3,512,1,11.1863,1238,1268,6580599,0
3,512,1,10.6872,1238,1268,6580599,0
3,512,1,10.9646,1238,1268,6580599,0
3,512,1,10.83,1238,1268,6580599,0
3,512,1,11.0199,1238,1268,6580599,0
3,512,1,10.3883,1238,1268,6580599,0
3,512,1,11.2261,1238,1268,6580599,0
3,512,1,10.9106,1238,1268,6580599,0
3,512,1,10.8517,1238,1268,6580599,0
3,512,1,10.8564,1238,1268,6580599,0
3,512,1,11.0275,1238,1268,6580599,0
3,512,1,10.5374,1238,1268,6580599,0
3,512,1,10.657,1238,1268,6580599,0
3,512,1,10.2527,1238,1268,6580599,0
3,512,1,13.5831,1238,1268,6580599,0
3,512,1,13.5597,1238,1268,6580599,0
3,512,1,11.9131,1238,1268,6580599,0
3,512,1,13.5869,1238,1268,6580599,0
3,512,1,13.4264,1238,1268,6580599,0
3,512,1,10.4202,1238,1268,6580599,0
3,512,1,10.7933,1238,1268,6580599,0
3,512,1,10.7088,1238,1268,6580599,0
3,512,1,10.7477,1238,1268,6580599,0
3,512,1,11.1992,1238,1268,6580599,0
3,512,1,10.5191,1238,1268,6580599,0
3,512,1,10.4599,1238,1268,6580599,0
3,512,1,10.8294,1238,1268,6580599,0
3,512,1,11.4412,1238,1268,6580599,0
3,512,1,11.1885,1238,1268,6580599,0
3,512,1,10.8841,1238,1268,6580599,0
3,512,1,10.3204,1238,1268,6580599,0
3,512,1,10.2768,1238,1268,6580599,0
3,512,1,11.5263,1238,1268,6580599,0
3,512,1,11.4164,1238,1268,6580599,0
3,512,1,10.6775,1238,1268,6580599,0
3,512,1,11.101,1238,1268,6580599,0
3,512,1,10.9485,1238,1268,6580599,0
3,512,1,11.004,1238,1268,6580599,0
3,512,1,10.8109,1238,1268,6580599,0
3,512,1,10.9487,1238,1268,6580599,0
3,512,1,10.4509,1238,1268,6580599,0
3,512,1,13.4704,1238,1268,6580599,0
3,512,1,10.9213,1238,1268,6580599,0
3,512,1,10.7544,1238,1268,6580599,0
3,512,1,11.0414,1238,1268,6580599,0
3,512,1,10.4294,1238,1268,6580599,0
3,512,1,10.8399,1238,1268,6580599,0
3,512,1,11.0071,1238,1268,6580599,0
3,512,1,10.5534,1238,1268,6580599,0
3,512,1,10.773,1238,1268,6580599,0
3,512,1,10.6013,1238,1268,6580599,0
3,512,1,10.5507,1238,1268,6580599,0
3,512,1,10.3897,1238,1268,6580599,0
3,512,1,10.7555,1238,1268,6580599,0
3,512,1,10.1884,1238,1268,6580599,0
3,512,1,10.7162,1238,1268,6580599,0
3,512,1,10.9726,1238,1268,6580599,0
3,512,1,10.8463,1238,1268,6580599,0
3,512,1,10.7588,1238,1268,6580599,0
3,512,1,10.8773,1238,1268,6580599,0
3,512,1,10.6013,1238,1268,6580599,0
3,512,1,10.9244,1238,1268,6580599,0
3,512,1,10.8299,1238,1268,6580599,0
3,512,1,11.0251,1238,1268,6580599,0
3,512,1,11.299,1238,1268,6580599,0
3,512,1,11.5492,1238,1268,6580599,0
3,512,1,10.9537,1238,1268,6580599,0
3,512,1,10.9621,1238,1268,6580599,0
3,512,1,10.6954,1238,1268,6580599,0
3,512,1,10.4146,1238,1268,6580599,0
3,512,1,10.4996,1238,1268,6580599,0
3,512,1,10.3893,1238,1268,6580599,0
3,512,1,10.5459,1238,1268,6580599,0
3,512,1,11.0878,1238,1268,6580599,0
3,512,1,11.0691,1238,1268,6580599,0
3,512,1,11.1548,1238,1268,6580599,0
3,512,1,11.0835,1238,1268,6580599,0
3,512,1,12.5225,1238,1268,6580599,0
3,512,1,11.2269,1238,1268,6580599,0
3,512,1,10.6955,1238,1268,6580599,0
3,512,1,11.1493,1238,1268,6580599,0
3,512,1,11.3347,1238,1268,6580599,0
3,512,1,10.9924,1238,1268,6580599,0
3,512,1,11.0062,1238,1268,6580599,0
3,512,1,11.2284,1238,1268,6580599,0
3,512,1,11.072,1238,1268,6580599,0
3,512,1,11.2682,1238,1268,6580599,0
3,512,1,10.767,1238,1268,6580599,0
3,512,1,11.0395,1238,1268,6580599,0
3,512,1,10.5776,1238,1268,6580599,0
3,512,1,10.8538,1238,1268,6580599,0
3,512,1,10.4541,1238,1268,6580599,0
3,512,1,11.4054,1238,1268,6580599,0
3,512,1,11.3321,1238,1268,6580599,0
3,512,1,11.0256,1238,1268,6580599,0
3,512,1,10.7488,1238,1268,6580599,0
3,512,1,10.478,1238,1268,6580599,0
3,512,1,10.5011,1238,1268,6580599,0
3,512,1,10.9846,1238,1268,6580599,0
3,512,1,10.8861,1238,1268,6580599,0
3,512,1,10.6741,1238,1268,6580599,0
3,512,1,11.1526,1238,1268,6580599,0
3,512,1,10.9358,1238,1268,6580599,0
3,512,1,10.8656,1238,1268,6580599,0
3,512,1,10.9428,1238,1268,6580599,0
3,512,1,10.4098,1238,1268,6580599,0
3,512,1,10.6482,1238,1268,6580599,0
3,512,1,10.7598,1238,1268,6580599,0
3,512,1,10.82,1238,1268,6580599,0
3,512,1,10.8064,1238,1268,6580599,0
3,512,1,10.7499,1238,1268,6580599,0
3,512,1,11.2676,1238,1268,6580599,0
3,512,1,11.4804,1238,1268,6580599,0
3,512,1,10.6957,1238,1268,6580599,0
3,512,1,11.0175,1238,1268,6580599,0
3,512,1,11.0942,1238,1268,6580599,0
3,512,1,10.8251,1238,1268,6580599,0
3,512,1,10.5643,1238,1268,6580599,0
3,512,1,10.7811,1238,1268,6580599,0
3,512,1,10.7576,1238,1268,6580599,0
3,512,1,11.0974,1238,1268,6580599,0
3,512,1,10.8232,1238,1268,6580599,0
3,512,1,11.0625,1238,1268,6580599,0
3,512,1,10.5848,1238,1268,6580599,0
3,512,1,11.0222,1238,1268,6580599,0
3,512,1,10.9493,1238,1268,6580599,0
3,512,1,10.6898,1238,1268,6580599,0
3,512,1,10.9959,1238,1268,6580599,0
3,512,1,10.7925,1238,1268,6580599,0
3,512,1,11.3885,1238,1268,6580599,0
3,512,1,11.0247,1238,1268,6580599,0
3,512,1,11.0561,1238,1268,6580599,0
3,512,1,10.2285,1238,1268,6580599,0
3,512,1,10.1876,1238,1268,6580599,0
3,512,1,10.9219,1238,1268,6580599,0
3,512,1,10.679,1238,1268,6580599,0
3,512,1,10.8422,1238,1268,6580599,0
3,512,1,10.6654,1238,1268,6580599,0
3,512,1,10.9848,1238,1268,6580599,0
3,512,1,11.1459,1238,1268,6580599,0
3,512,1,10.9063,1238,1268,6580599,0
3,512,1,11.0522,1238,1268,6580599,0
3,512,1,10.7391,1238,1268,6580599,0
3,512,1,10.9719,1238,1268,6580599,0
3,512,1,10.392,1238,1268,6580599,0
3,512,1,10.4199,1238,1268,6580599,0
3,512,1,10.6571,1238,1268,6580599,0
3,512,1,11.1423,1238,1268,6580599,0
3,512,1,10.985,1238,1268,6580599,0
3,512,1,10.5999,1238,1268,6580599,0
3,512,1,10.7414,1238,1268,6580599,0
3,512,1,10.8577,1238,1268,6580599,0
3,512,1,11.1055,1238,1268,6580599,0
3,512,1,11.0063,1238,1268,6580599,0
3,512,1,10.8782,1238,1268,6580599,0
3,512,1,11.1463,1238,1268,6580599,0
3,512,1,10.7925,1238,1268,6580599,0
3,512,1,11.831,1238,1268,6580599,0
3,512,1,11.1175,1238,1268,6580599,0
3,512,1,10.6486,1238,1268,6580599,0
3,512,1,10.8747,1238,1268,6580599,0
3,512,1,10.8722,1238,1268,6580599,0
3,512,1,10.4646,1238,1268,6580599,0
3,512,1,10.7732,1238,1268,6580599,0
3,512,1,10.6403,1238,1268,6580599,0
3,512,1,10.8761,1238,1268,6580599,0
3,512,1,10.6818,1238,1268,6580599,0
3,512,1,10.8534,1238,1268,6580599,0
3,512,1,11.9735,1238,1268,6580599,0
3,512,1,11.2443,1238,1268,6580599,0
3,512,1,10.4494,1238,1268,6580599,0
3,512,1,11.407,1238,1268,6580599,0
3,512,1,11.0202,1238,1268,6580599,0
3,512,1,10.9063,1238,1268,6580599,0
3,512,1,10.5658,1238,1268,6580599,0
3,512,1,10.9431,1238,1268,6580599,0
3,512,1,10.7086,1238,1268,6580599,0
3,512,1,12.9686,1238,1268,6580599,0
3,512,1,11.6176,1238,1268,6580599,0
3,512,1,10.8746,1238,1268,6580599,0
3,512,1,10.9482,1238,1268,6580599,0
3,512,1,10.84,1238,1268,6580599,0
3,512,1,10.5175,1238,1268,6580599,0
3,512,1,10.6611,1238,1268,6580599,0
3,512,1,10.3301,1238,1268,6580599,0
3,512,1,10.3583,1238,1268,6580599,0
3,512,1,10.5802,1238,1268,6580599,0
3,512,1,11.0889,1238,1268,6580599,0
3,512,1,11.044,1238,1268,6580599,0
3,512,1,10.8252,1238,1268,6580599,0
3,512,1,10.7051,1238,1268,6580599,0
3,512,1,10.7156,1238,1268,6580599,0
3,512,1,10.6549,1238,1268,6580599,0
3,512,1,10.577,1238,1268,6580599,0
3,512,1,10.8714,1238,1268,6580599,0
3,512,1,10.6933,1238,1268,6580599,0
3,512,1,10.7536,1238,1268,6580599,0
3,512,1,11.5008,1238,1268,6580599,0
3,512,1,10.4616,1238,1268,6580599,0
3,512,1,10.7544,1238,1268,6580599,0
3,512,1,11.0635,1238,1268,6580599,0
3,512,1,10.8565,1238,1268,6580599,0
3,512,1,11.3005,1238,1268,6580599,0
3,512,1,11.2157,1238,1268,6580599,0
3,512,1,11.1056,1238,1268,6580599,0
3,512,1,11.0992,1238,1268,6580599,0
3,512,1,10.9394,1238,1268,6580599,0
3,512,1,11.4568,1238,1268,6580599,0
3,512,1,12.1845,1238,1268,6580599,0
3,512,1,10.8894,1238,1268,6580599,0
3,512,1,11.1426,1238,1268,6580599,0
3,512,1,10.719,1238,1268,6580599,0
3,512,1,13.9844,1238,1268,6580599,0
3,512,1,13.6846,1238,1268,6580599,0
3,512,1,11.6833,1238,1268,6580599,0
3,512,1,12.3199,1238,1268,6580599,0
3,512,1,13.0729,1238,1268,6580599,0
3,512,1,12.5339,1238,1268,6580599,0
3,512,1,12.3682,1238,1268,6580599,0
3,512,1,13.4445,1238,1268,6580599,0
3,512,1,12.1495,1238,1268,6580599,0
3,512,1,12.0918,1238,1268,6580599,0
3,512,1,15.0329,1238,1268,6580599,0
3,512,1,13.8603,1238,1268,6580599,0
3,512,1,14.4341,1238,1268,6580599,0
3,512,1,12.138,1238,1268,6580599,0
3,512,1,15.4914,1238,1268,6580599,0
3,512,1,15.8637,1238,1268,6580599,0
3,512,1,15.1792,1238,1268,6580599,0
3,512,1,12.2862,1238,1268,6580599,0
3,512,1,11.8448,1238,1268,6580599,0
3,512,1,13.2503,1238,1268,6580599,0
3,512,1,11.2548,1238,1268,6580599,0
3,512,1,11.5983,1238,1268,6580599,0
3,512,1,11.3957,1238,1268,6580599,0
3,512,1,12.0589,1238,1268,6580599,0
3,512,1,13.1752,1238,1268,6580599,0
3,512,1,12.5414,1238,1268,6580599,0
3,512,1,12.54,1238,1268,6580599,0
3,512,1,12.0703,1238,1268,6580599,0
3,512,1,13.8577,1238,1268,6580599,0
3,512,1,13.3551,1238,1268,6580599,0
3,512,1,14.0922,1238,1268,6580599,0
3,512,1,12.3019,1238,1268,6580599,0
3,512,1,13.7631,1238,1268,6580599,0
3,512,1,14.042,1238,1268,6580599,0
3,512,1,12.8452,1238,1268,6580599,0
3,512,1,12.8692,1238,1268,6580599,0
3,512,1,12.564,1238,1268,6580599,0
3,512,1,13.4273,1238,1268,6580599,0
3,512,1,13.807,1238,1268,6580599,0
3,512,1,13.2326,1238,1268,6580599,0
3,512,1,14.2199,1238,1268,6580599,0
3,512,1,11.7298,1238,1268,6580599,0
3,512,1,11.3033,1238,1268,6580599,0
3,512,1,10.9104,1238,1268,6580599,0
3,512,1,11.7965,1238,1268,6580599,0
3,512,1,11.0925,1238,1268,6580599,0
3,512,1,11.0625,1238,1268,6580599,0
3,512,1,10.9904,1238,1268,6580599,0
3,512,1,10.6023,1238,1268,6580599,0
3,512,1,10.8955,1238,1268,6580599,0
3,512,1,10.5131,1238,1268,6580599,0
3,512,1,10.9043,1238,1268,6580599,0
3,512,1,10.8121,1238,1268,6580599,0
3,512,1,11.4275,1238,1268,6580599,0
3,512,1,11.5235,1238,1268,6580599,0
3,512,1,11.4701,1238,1268,6580599,0
3,512,1,10.9912,1238,1268,6580599,0
3,512,1,11.0533,1238,1268,6580599,0
3,512,1,13.0774,1238,1268,6580599,0
3,512,1,11.2635,1238,1268,6580599,0
3,512,1,11.1964,1238,1268,6580599,0
3,512,1,10.7483,1238,1268,6580599,0
3,512,1,11.2738,1238,1268,6580599,0
3,512,1,10.5279,1238,1268,6580599,0
3,512,1,10.6129,1238,1268,6580599,0
3,512,1,12.2749,1238,1268,6580599,0
3,512,1,10.584,1238,1268,6580599,0
3,512,1,11.7392,1238,1268,6580599,0
3,512,1,10.9232,1238,1268,6580599,0
3,512,1,10.8683,1238,1268,6580599,0
3,512,1,10.357,1238,1268,6580599,0
3,512,1,10.9494,1238,1268,6580599,0
3,512,1,11.5,1238,1268,6580599,0
3,512,1,10.8661,1238,1268,6580599,0
3,512,1,12.379,1238,1268,6580599,0
3,512,1,12.8917,1238,1268,6580599,0
3,512,1,13.6556,1238,1268,6580599,0
3,512,1,11.8068,1238,1268,6580599,0
3,512,1,11.0612,1238,1268,6580599,0
3,512,1,12.0025,1238,1268,6580599,0
3,512,1,11.4024,1238,1268,6580599,0
3,512,1,11.1632,1238,1268,6580599,0
3,512,1,10.3132,1238,1268,6580599,0
3,512,1,13.535,1238,1268,6580599,0
3,512,1,12.3246,1238,1268,6580599,0
3,512,1,11.4248,1238,1268,6580599,0
3,512,1,10.6846,1238,1268,6580599,0
3,512,1,10.5174,1238,1268,6580599,0
3,512,1,11.044,1238,1268,6580599,0
3,512,1,11.1464,1238,1268,6580599,0
3,512,1,11.0699,1238,1268,6580599,0
3,512,1,10.8376,1238,1268,6580599,0
3,512,1,11.1207,1238,1268,6580599,0
3,512,1,10.7001,1238,1268,6580599,0
3,512,1,11.2382,1238,1268,6580599,0
3,512,1,10.5377,1238,1268,6580599,0
3,512,1,10.4607,1238,1268,6580599,0
3,512,1,10.9484,1238,1268,6580599,0
3,512,1,10.8455,1238,1268,6580599,0
3,512,1,11.1429,1238,1268,6580599,0
3,512,1,11.2554,1238,1268,6580599,0
3,512,1,11.1388,1238,1268,6580599,0
3,512,1,11.0316,1238,1268,6580599,0
3,512,1,10.6179,1238,1268,6580599,0
3,512,1,10.5943,1238,1268,6580599,0
3,512,1,10.6741,1238,1268,6580599,0
3,512,1,10.936,1238,1268,6580599,0
3,512,1,10.1822,1238,1268,6580599,0
3,512,1,10.9038,1238,1268,6580599,0
3,512,1,11.2561,1238,1268,6580599,0
3,512,1,11.1404,1238,1268,6580599,0
3,512,1,10.7486,1238,1268,6580599,0
3,512,1,10.5552,1238,1268,6580599,0
3,512,1,10.79,1238,1268,6580599,0
3,512,1,10.6566,1238,1268,6580599,0
3,512,1,10.4584,1238,1268,6580599,0
3,512,1,11.2654,1238,1268,6580599,0
3,512,1,11.188,1238,1268,6580599,0
3,512,1,11.9241,1238,1268,6580599,0
3,512,1,11.4759,1238,1268,6580599,0
3,512,1,11.6791,1238,1268,6580599,0
3,512,1,11.3753,1238,1268,6580599,0
3,512,1,11.1905,1238,1268,6580599,0
3,512,1,11.0237,1238,1268,6580599,0
3,512,1,10.7289,1238,1268,6580599,0
3,512,1,10.798,1238,1268,6580599,0
3,512,1,11.0626,1238,1268,6580599,0
3,512,1,11.2393,1238,1268,6580599,0
3,512,1,11.523,1238,1268,6580599,0
3,512,1,11.2957,1238,1268,6580599,0
3,512,1,10.9183,1238,1268,6580599,0
3,512,1,11.1735,1238,1268,6580599,0
3,512,1,10.7784,1238,1268,6580599,0
3,512,1,11.267,1238,1268,6580599,0
3,512,1,11.8364,1238,1268,6580599,0
3,512,1,11.0585,1238,1268,6580599,0
3,512,1,11.405,1238,1268,6580599,0
3,512,1,11.0142,1238,1268,6580599,0
3,512,1,10.7285,1238,1268,6580599,0
3,512,1,10.4172,1238,1268,6580599,0
3,512,1,10.6251,1238,1268,6580599,0
3,512,1,10.823,1238,1268,6580599,0
3,512,1,10.4763,1238,1268,6580599,0
3,512,1,10.8429,1238,1268,6580599,0
3,512,1,10.8962,1238,1268,6580599,0
3,512,1,11.3108,1238,1268,6580599,0
3,512,1,10.3452,1238,1268,6580599,0
3,512,1,11.2106,1238,1268,6580599,0
3,512,1,10.9745,1238,1268,6580599,0
3,512,1,11.3646,1238,1268,6580599,0
3,512,1,11.3017,1238,1268,6580599,0
3,512,1,10.8739,1238,1268,6580599,0
3,512,1,10.7021,1238,1268,6580599,0
3,512,1,10.4721,1238,1268,6580599,0
3,512,1,10.397,1238,1268,6580599,0
3,512,1,11.4956,1238,1268,6580599,0
3,512,1,11.2778,1238,1268,6580599,0
3,512,1,10.7116,1238,1268,6580599,0
3,512,1,10.6893,1238,1268,6580599,0
3,512,1,10.8511,1238,1268,6580599,0
3,512,1,11.0704,1238,1268,6580599,0
3,512,1,11.0838,1238,1268,6580599,0
3,512,1,11.0672,1238,1268,6580599,0
3,512,1,11.7939,1238,1268,6580599,0
3,512,1,10.4793,1238,1268,6580599,0
3,512,1,12.685,1238,1268,6580599,0
3,512,1,10.9377,1238,1268,6580599,0
3,512,1,10.7374,1238,1268,6580599,0
3,512,1,11.5952,1238,1268,6580599,0
3,512,1,10.9938,1238,1268,6580599,0
3,512,1,10.9699,1238,1268,6580599,0
3,512,1,10.9265,1238,1268,6580599,0
3,512,1,10.5896,1238,1268,6580599,0
3,512,1,10.6617,1238,1268,6580599,0
3,512,1,11.3625,1238,1268,6580599,0
3,512,1,10.9903,1238,1268,6580599,0
3,512,1,11.1414,1238,1268,6580599,0
3,512,1,10.985,1238,1268,6580599,0
3,512,1,11.3037,1238,1268,6580599,0
3,512,1,10.5022,1238,1268,6580599,0
3,512,1,10.8196,1238,1268,6580599,0
3,512,1,10.5546,1238,1268,6580599,0
3,512,1,10.5114,1238,1268,6580599,0
3,512,1,10.8484,1238,1268,6580599,0
3,512,1,11.6315,1238,1268,6580599,0
3,512,1,11.1059,1238,1268,6580599,0
3,512,1,10.7174,1238,1268,6580599,0
3,512,1,10.8604,1238,1268,6580599,0
3,512,1,10.7042,1238,1268,6580599,0
3,512,1,10.6436,1238,1268,6580599,0
3,512,1,10.6593,1238,1268,6580599,0
3,512,1,10.604,1238,1268,6580599,0
3,512,1,10.4907,1238,1268,6580599,0
3,512,1,11.797,1238,1268,6580599,0
3,512,1,10.758,1238,1268,6580599,0
3,512,1,10.7459,1238,1268,6580599,0
3,512,1,10.4419,1238,1268,6580599,0
3,512,1,10.6103,1238,1268,6580599,0
3,512,1,11.9579,1238,1268,6580599,0
3,512,1,10.4088,1238,1268,6580599,0
3,512,1,10.781,1238,1268,6580599,0
3,512,1,10.1111,1238,1268,6580599,0
3,512,1,9.9339,1238,1268,6580599,0
3,512,1,10.5094,1238,1268,6580599,0
3,512,1,10.6333,1238,1268,6580599,0
3,512,1,10.7664,1238,1268,6580599,0
3,512,1,11.3803,1238,1268,6580599,0
3,512,1,10.8706,1238,1268,6580599,0
3,512,1,10.606,1238,1268,6580599,0
3,512,1,10.8959,1238,1268,6580599,0
3,512,1,10.8997,1238,1268,6580599,0
3,512,1,10.5194,1238,1268,6580599,0
3,512,1,10.8555,1238,1268,6580599,0
3,512,1,10.9723,1238,1268,6580599,0
3,512,1,10.6755,1238,1268,6580599,0
3,512,1,11.2789,1238,1268,6580599,0
3,512,1,11.0795,1238,1268,6580599,0
3,512,1,10.7396,1238,1268,6580599,0
3,512,1,10.8508,1238,1268,6580599,0
3,512,1,10.9562,1238,1268,6580599,0
3,512,1,12.4898,1238,1268,6580599,0
3,512,1,11.2657,1238,1268,6580599,0
3,512,1,12.3456,1238,1268,6580599,0
3,512,1,11.6827,1238,1268,6580599,0
3,512,1,11.4514,1238,1268,6580599,0
3,512,1,10.8437,1238,1268,6580599,0
3,512,1,11.521,1238,1268,6580599,0
3,512,1,11.0302,1238,1268,6580599,0
3,512,1,10.6253,1238,1268,6580599,0
3,512,1,11.1368,1238,1268,6580599,0
3,512,1,11.0133,1238,1268,6580599,0
3,512,1,11.1016,1238,1268,6580599,0
3,512,1,11.3684,1238,1268,6580599,0
3,512,1,10.8201,1238,1268,6580599,0
3,512,1,10.972,1238,1268,6580599,0
3,512,1,10.9809,1238,1268,6580599,0
3,512,1,10.6531,1238,1268,6580599,0
3,512,1,10.6999,1238,1268,6580599,0
3,512,1,11.0579,1238,1268,6580599,0
3,512,1,11.0894,1238,1268,6580599,0
3,512,1,10.5572,1238,1268,6580599,0
3,512,1,11.546,1238,1268,6580599,0
3,512,1,10.864,1238,1268,6580599,0
3,512,1,12.0016,1238,1268,6580599,0
3,512,1,10.8485,1238,1268,6580599,0
3,512,1,11.079,1238,1268,6580599,0
3,512,1,11.0638,1238,1268,6580599,0
3,512,1,11.0478,1238,1268,6580599,0
3,512,1,10.8343,1238,1268,6580599,0
3,512,1,10.9583,1238,1268,6580599,0
3,512,1,10.7908,1238,1268,6580599,0
3,512,1,11.0407,1238,1268,6580599,0
3,512,1,10.6441,1238,1268,6580599,0
3,512,1,10.8038,1238,1268,6580599,0
3,512,1,10.6554,1238,1268,6580599,0
3,512,1,10.9589,1238,1268,6580599,0
3,512,1,10.8595,1238,1268,6580599,0
3,512,1,10.8738,1238,1268,6580599,0
3,512,1,11.4804,1238,1268,6580599,0
3,512,1,10.8816,1238,1268,6580599,0
3,512,1,11.2504,1238,1268,6580599,0
3,512,1,10.9643,1238,1268,6580599,0
3,512,1,11.2637,1238,1268,6580599,0
3,512,1,11.0337,1238,1268,6580599,0
3,512,1,11.1957,1238,1268,6580599,0
3,512,1,11.972,1238,1268,6580599,0
4,512,0,8.7901,214,1268,6580599,0
4,512,0,8.4586,214,1268,6580599,0
4,512,0,8.3187,214,1268,6580599,0
4,512,0,8.8445,214,1268,6580599,0
4,512,0,8.7054,214,1268,6580599,0
4,512,0,8.3129,214,1268,6580599,0
4,512,0,8.4495,214,1268,6580599,0
4,512,0,8.3273,214,1268,6580599,0
4,512,0,8.331,214,1268,6580599,0
4,512,0,8.6173,214,1268,6580599,0
4,512,0,8.3128,214,1268,6580599,0
4,512,0,8.563,214,1268,6580599,0
4,512,0,8.6214,214,1268,6580599,0
4,512,0,8.3771,214,1268,6580599,0
4,512,0,8.5434,214,1268,6580599,0
4,512,0,8.3317,214,1268,6580599,0
4,512,0,8.2831,214,1268,6580599,0
4,512,0,8.4116,214,1268,6580599,0
4,512,0,8.2491,214,1268,6580599,0
4,512,0,8.3486,214,1268,6580599,0
4,512,0,8.2695,214,1268,6580599,0
4,512,0,8.2602,214,1268,6580599,0
4,512,0,8.4481,214,1268,6580599,0
4,512,0,8.2378,214,1268,6580599,0
4,512,0,8.6369,214,1268,6580599,0
4,512,0,8.437,214,1268,6580599,0
4,512,0,8.2523,214,1268,6580599,0
4,512,0,8.3026,214,1268,6580599,0
4,512,0,8.1629,214,1268,6580599,0
4,512,0,8.2236,214,1268,6580599,0
4,512,0,8.3417,214,1268,6580599,0
4,512,0,8.2588,214,1268,6580599,0
4,512,0,8.2726,214,1268,6580599,0
4,512,0,8.7559,214,1268,6580599,0
4,512,0,8.1401,214,1268,6580599,0
4,512,0,8.3603,214,1268,6580599,0
4,512,0,8.7636,214,1268,6580599,0
4,512,0,8.3409,214,1268,6580599,0
4,512,0,8.3246,214,1268,6580599,0
4,512,0,8.4517,214,1268,6580599,0
4,512,0,8.6045,214,1268,6580599,0
4,512,0,8.2262,214,1268,6580599,0
4,512,0,8.2238,214,1268,6580599,0
4,512,0,8.8645,214,1268,6580599,0
4,512,0,8.2681,214,1268,6580599,0
4,512,0,8.2902,214,1268,6580599,0
4,512,0,8.251,214,1268,6580599,0
4,512,0,8.1737,214,1268,6580599,0
4,512,0,8.896,214,1268,6580599,0
4,512,0,8.4671,214,1268,6580599,0
4,512,0,8.4036,214,1268,6580599,0
4,512,0,8.619,214,1268,6580599,0
4,512,0,9.261,214,1268,6580599,0
4,512,0,8.6559,214,1268,6580599,0
4,512,0,8.4665,214,1268,6580599,0
4,512,0,8.4563,214,1268,6580599,0
4,512,0,8.4241,214,1268,6580599,0
4,512,0,8.1975,214,1268,6580599,0
4,512,0,8.2906,214,1268,6580599,0
4,512,0,9.4757,214,1268,6580599,0
4,512,0,8.6776,214,1268,6580599,0
4,512,0,9.6453,214,1268,6580599,0
4,512,0,9.3294,214,1268,6580599,0
4,512,0,9.213,214,1268,6580599,0
4,512,0,8.9622,214,1268,6580599,0
4,512,0,8.3559,214,1268,6580599,0
4,512,0,8.2663,214,1268,6580599,0
4,512,0,8.3284,214,1268,6580599,0
4,512,0,8.392,214,1268,6580599,0
4,512,0,8.5467,214,1268,6580599,0
4,512,0,8.8782,214,1268,6580599,0
4,512,0,8.5526,214,1268,6580599,0
4,512,0,8.7528,214,1268,6580599,0
4,512,0,8.3381,214,1268,6580599,0
4,512,0,8.3602,214,1268,6580599,0
4,512,0,8.4805,214,1268,6580599,0
4,512,0,8.2323,214,1268,6580599,0
4,512,0,8.3475,214,1268,6580599,0
4,512,0,8.2391,214,1268,6580599,0
4,512,0,8.2244,214,1268,6580599,0
4,512,0,8.3221,214,1268,6580599,0
4,512,0,8.098,214,1268,6580599,0
4,512,0,8.2408,214,1268,6580599,0
4,512,0,8.5714,214,1268,6580599,0
4,512,0,9.1742,214,1268,6580599,0
4,512,0,8.8481,214,1268,6580599,0
4,512,0,8.4749,214,1268,6580599,0
4,512,0,8.4098,214,1268,6580599,0
4,512,0,8.4643,214,1268,6580599,0
4,512,0,8.2597,214,1268,6580599,0
4,512,0,8.2751,214,1268,6580599,0
4,512,0,8.3916,214,1268,6580599,0
4,512,0,8.1953,214,1268,6580599,0
4,512,0,8.3313,214,1268,6580599,0
4,512,0,8.4033,214,1268,6580599,0
4,512,0,8.9156,214,1268,6580599,0
4,512,0,9.0499,214,1268,6580599,0
4,512,0,8.6312,214,1268,6580599,0
4,512,0,8.4453,214,1268,6580599,0
4,512,0,8.3596,214,1268,6580599,0
4,512,0,8.149,214,1268,6580599,0
4,512,0,8.2249,214,1268,6580599,0
4,512,0,8.2095,214,1268,6580599,0
4,512,0,8.1567,214,1268,6580599,0
4,512,0,8.4138,214,1268,6580599,0
4,512,0,8.6706,214,1268,6580599,0
4,512,0,8.6262,214,1268,6580599,0
4,512,0,8.4382,214,1268,6580599,0
4,512,0,8.1677,214,1268,6580599,0
4,512,0,8.9413,214,1268,6580599,0
4,512,0,8.7006,214,1268,6580599,0
4,512,0,8.5294,214,1268,6580599,0
4,512,0,8.5083,214,1268,6580599,0
4,512,0,8.5348,214,1268,6580599,0
4,512,0,9.5012,214,1268,6580599,0
4,512,0,8.8121,214,1268,6580599,0
4,512,0,8.398,214,1268,6580599,0
4,512,0,8.317,214,1268,6580599,0
4,512,0,8.4546,214,1268,6580599,0
4,512,0,8.434,214,1268,6580599,0
4,512,0,8.4924,214,1268,6580599,0
4,512,0,8.6876,214,1268,6580599,0
4,512,0,8.543,214,1268,6580599,0
4,512,0,8.456,214,1268,6580599,0
4,512,0,8.1168,214,1268,6580599,0
4,512,0,8.3248,214,1268,6580599,0
4,512,0,8.3382,214,1268,6580599,0
4,512,0,8.225,214,1268,6580599,0
4,512,0,8.2783,214,1268,6580599,0
4,512,0,8.3863,214,1268,6580599,0
4,512,0,8.7983,214,1268,6580599,0
4,512,0,8.5401,214,1268,6580599,0
4,512,0,8.2976,214,1268,6580599,0
4,512,0,8.3805,214,1268,6580599,0
4,512,0,8.4297,214,1268,6580599,0
4,512,0,8.2592,214,1268,6580599,0
4,512,0,8.405,214,1268,6580599,0
4,512,0,8.2662,214,1268,6580599,0
4,512,0,8.2364,214,1268,6580599,0
4,512,0,8.3012,214,1268,6580599,0
4,512,0,8.4531,214,1268,6580599,0
4,512,0,8.2558,214,1268,6580599,0
4,512,0,8.2874,214,1268,6580599,0
4,512,0,8.2455,214,1268,6580599,0
4,512,0,8.3755,214,1268,6580599,0
4,512,0,8.2609,214,1268,6580599,0
4,512,0,8.6902,214,1268,6580599,0
4,512,0,8.4666,214,1268,6580599,0
4,512,0,8.2527,214,1268,6580599,0
4,512,0,8.2546,214,1268,6580599,0
4,512,0,8.2285,214,1268,6580599,0
4,512,0,8.168,214,1268,6580599,0
4,512,0,8.306,214,1268,6580599,0
4,512,0,8.223,214,1268,6580599,0
4,512,0,8.2348,214,1268,6580599,0
4,512,0,8.2681,214,1268,6580599,0
4,512,0,8.1403,214,1268,6580599,0
4,512,0,8.3424,214,1268,6580599,0
4,512,0,8.5681,214,1268,6580599,0
4,512,0,8.4117,214,1268,6580599,0
4,512,0,8.357,214,1268,6580599,0
4,512,0,8.7267,214,1268,6580599,0
4,512,0,8.5271,214,1268,6580599,0
4,512,0,8.327,214,1268,6580599,0
4,512,0,8.0468,214,1268,6580599,0
4,512,0,8.3804,214,1268,6580599,0
4,512,0,8.27,214,1268,6580599,0
4,512,0,8.2278,214,1268,6580599,0
4,512,0,8.857,214,1268,6580599,0
4,512,0,8.394,214,1268,6580599,0
4,512,0,8.5731,214,1268,6580599,0
4,512,0,8.5193,214,1268,6580599,0
4,512,0,8.3593,214,1268,6580599,0
4,512,0,8.4026,214,1268,6580599,0
4,512,0,8.4277,214,1268,6580599,0
4,512,0,8.4156,214,1268,6580599,0
4,512,0,9.1736,214,1268,6580599,0
4,512,0,9.0524,214,1268,6580599,0
4,512,0,8.4847,214,1268,6580599,0
4,512,0,8.3698,214,1268,6580599,0
4,512,0,8.3102,214,1268,6580599,0
4,512,0,8.3732,214,1268,6580599,0
4,512,0,8.4031,214,1268,6580599,0
4,512,0,8.3819,214,1268,6580599,0
4,512,0,8.3622,214,1268,6580599,0
4,512,0,8.1567,214,1268,6580599,0
4,512,0,8.4332,214,1268,6580599,0
4,512,0,8.2888,214,1268,6580599,0
4,512,0,8.1762,214,1268,6580599,0
4,512,0,8.8842,214,1268,6580599,0
4,512,0,8.4357,214,1268,6580599,0
4,512,0,8.584,214,1268,6580599,0
4,512,0,8.5838,214,1268,6580599,0
4,512,0,8.4342,214,1268,6580599,0
4,512,0,8.1778,214,1268,6580599,0
4,512,0,8.6013,214,1268,6580599,0
4,512,0,8.4162,214,1268,6580599,0
4,512,0,8.4082,214,1268,6580599,0
4,512,0,8.3138,214,1268,6580599,0
4,512,0,8.3588,214,1268,6580599,0
4,512,0,8.3027,214,1268,6580599,0
4,512,0,8.1545,214,1268,6580599,0
4,512,0,8.2392,214,1268,6580599,0
4,512,0,8.4527,214,1268,6580599,0
4,512,0,8.1734,214,1268,6580599,0
4,512,0,8.2129,214,1268,6580599,0
4,512,0,8.2101,214,1268,6580599,0
4,512,0,8.5818,214,1268,6580599,0
4,512,0,8.6065,214,1268,6580599,0
4,512,0,8.2594,214,1268,6580599,0
4,512,0,8.1696,214,1268,6580599,0
4,512,0,8.1831,214,1268,6580599,0
4,512,0,8.2458,214,1268,6580599,0
4,512,0,8.3715,214,1268,6580599,0
4,512,0,8.3161,214,1268,6580599,0
4,512,0,8.2265,214,1268,6580599,0
4,512,0,8.4619,214,1268,6580599,0
4,512,0,8.0976,214,1268,6580599,0
4,512,0,8.4551,214,1268,6580599,0
4,512,0,8.6824,214,1268,6580599,0
4,512,0,8.4189,214,1268,6580599,0
4,512,0,8.3258,214,1268,6580599,0
4,512,0,8.2265,214,1268,6580599,0
4,512,0,8.128,214,1268,6580599,0
4,512,0,8.3156,214,1268,6580599,0
4,512,0,8.1052,214,1268,6580599,0
4,512,0,8.2522,214,1268,6580599,0
4,512,0,8.2569,214,1268,6580599,0
4,512,0,8.2357,214,1268,6580599,0
4,512,0,8.45,214,1268,6580599,0
4,512,0,8.2935,214,1268,6580599,0
4,512,0,8.3384,214,1268,6580599,0
4,512,0,8.4683,214,1268,6580599,0
4,512,0,8.2675,214,1268,6580599,0
4,512,0,8.5867,214,1268,6580599,0
4,512,0,8.3267,214,1268,6580599,0
4,512,0,8.2144,214,1268,6580599,0
4,512,0,8.3835,214,1268,6580599,0
4,512,0,8.2472,214,1268,6580599,0
4,512,0,8.3993,214,1268,6580599,0
4,512,0,9.5246,214,1268,6580599,0
4,512,0,8.4795,214,1268,6580599,0
4,512,0,8.4104,214,1268,6580599,0
4,512,0,8.2235,214,1268,6580599,0
4,512,0,8.5544,214,1268,6580599,0
4,512,0,8.5339,214,1268,6580599,0
4,512,0,8.1838,214,1268,6580599,0
4,512,0,8.2734,214,1268,6580599,0
4,512,0,8.3124,214,1268,6580599,0
4,512,0,8.1775,214,1268,6580599,0
4,512,0,8.4578,214,1268,6580599,0
4,512,0,8.2236,214,1268,6580599,0
4,512,0,8.2124,214,1268,6580599,0
4,512,0,8.2205,214,1268,6580599,0
4,512,0,8.1996,214,1268,6580599,0
4,512,0,8.1281,214,1268,6580599,0
4,512,0,8.6576,214,1268,6580599,0
4,512,0,8.5055,214,1268,6580599,0
4,512,0,8.3667,214,1268,6580599,0
4,512,0,8.3816,214,1268,6580599,0
4,512,0,8.8216,214,1268,6580599,0
4,512,0,8.8107,214,1268,6580599,0
4,512,0,8.3961,214,1268,6580599,0
4,512,0,8.2972,214,1268,6580599,0
4,512,0,8.3036,214,1268,6580599,0
4,512,0,8.1465,214,1268,6580599,0
4,512,0,8.2388,214,1268,6580599,0
4,512,0,8.3437,214,1268,6580599,0
4,512,0,8.3909,214,1268,6580599,0
4,512,0,8.6266,214,1268,6580599,0
4,512,0,8.3288,214,1268,6580599,0
4,512,0,8.25,214,1268,6580599,0
4,512,0,8.3191,214,1268,6580599,0
4,512,0,8.1211,214,1268,6580599,0
4,512,0,8.3804,214,1268,6580599,0
4,512,0,8.2789,214,1268,6580599,0
4,512,0,8.2979,214,1268,6580599,0
4,512,0,8.3719,214,1268,6580599,0
4,512,0,8.2173,214,1268,6580599,0
4,512,0,8.2687,214,1268,6580599,0
4,512,0,8.3583,214,1268,6580599,0
4,512,0,8.7724,214,1268,6580599,0
4,512,0,8.7718,214,1268,6580599,0
4,512,0,8.5003,214,1268,6580599,0
4,512,0,8.1142,214,1268,6580599,0
4,512,0,8.457,214,1268,6580599,0
4,512,0,8.2314,214,1268,6580599,0
4,512,0,8.2472,214,1268,6580599,0
4,512,0,8.9982,214,1268,6580599,0
4,512,0,8.5524,214,1268,6580599,0
4,512,0,8.4548,214,1268,6580599,0
4,512,0,8.3559,214,1268,6580599,0
4,512,0,8.6573,214,1268,6580599,0
4,512,0,8.7854,214,1268,6580599,0
4,512,0,8.3932,214,1268,6580599,0
4,512,0,8.6454,214,1268,6580599,0
4,512,0,9.3033,214,1268,6580599,0
4,512,0,9.477,214,1268,6580599,0
4,512,0,9.2838,214,1268,6580599,0
4,512,0,8.7781,214,1268,6580599,0
4,512,0,8.476,214,1268,6580599,0
4,512,0,8.3249,214,1268,6580599,0
4,512,0,8.2928,214,1268,6580599,0
4,512,0,9.7313,214,1268,6580599,0
4,512,0,8.8411,214,1268,6580599,0
4,512,0,8.5726,214,1268,6580599,0
4,512,0,8.3989,214,1268,6580599,0
4,512,0,8.657,214,1268,6580599,0
4,512,0,9.4381,214,1268,6580599,0
4,512,0,8.7035,214,1268,6580599,0
4,512,0,8.4687,214,1268,6580599,0
4,512,0,8.5961,214,1268,6580599,0
4,512,0,8.2803,214,1268,6580599,0
4,512,0,8.2969,214,1268,6580599,0
4,512,0,8.4645,214,1268,6580599,0
4,512,0,8.2321,214,1268,6580599,0
4,512,0,8.6992,214,1268,6580599,0
4,512,0,8.5041,214,1268,6580599,0
4,512,0,8.2417,214,1268,6580599,0
4,512,0,8.3694,214,1268,6580599,0
4,512,0,8.2112,214,1268,6580599,0
4,512,0,8.7915,214,1268,6580599,0
4,512,0,8.8458,214,1268,6580599,0
4,512,0,8.5969,214,1268,6580599,0
4,512,0,8.4812,214,1268,6580599,0
4,512,0,8.2894,214,1268,6580599,0
4,512,0,8.3033,214,1268,6580599,0
4,512,0,8.4037,214,1268,6580599,0
4,512,0,8.5717,214,1268,6580599,0
4,512,0,8.4531,214,1268,6580599,0
4,512,0,8.498,214,1268,6580599,0
4,512,0,8.3432,214,1268,6580599,0
4,512,0,8.4008,214,1268,6580599,0
4,512,0,8.5292,214,1268,6580599,0
4,512,0,8.1928,214,1268,6580599,0
4,512,0,8.4237,214,1268,6580599,0
4,512,0,8.2878,214,1268,6580599,0
4,512,0,8.2677,214,1268,6580599,0
4,512,0,8.348,214,1268,6580599,0
4,512,0,8.3181,214,1268,6580599,0
4,512,0,8.4888,214,1268,6580599,0
4,512,0,8.3651,214,1268,6580599,0
4,512,0,8.3499,214,1268,6580599,0
4,512,0,8.4078,214,1268,6580599,0
4,512,0,8.1657,214,1268,6580599,0
4,512,0,8.2403,214,1268,6580599,0
4,512,0,8.5471,214,1268,6580599,0
4,512,0,8.235,214,1268,6580599,0
4,512,0,8.6177,214,1268,6580599,0
4,512,0,8.4293,214,1268,6580599,0
4,512,0,8.3084,214,1268,6580599,0
4,512,0,8.3022,214,1268,6580599,0
4,512,0,8.2695,214,1268,6580599,0
4,512,0,8.6726,214,1268,6580599,0
4,512,0,8.6531,214,1268,6580599,0
4,512,0,8.3139,214,1268,6580599,0
4,512,0,8.372,214,1268,6580599,0
4,512,0,8.2662,214,1268,6580599,0
4,512,0,8.3209,214,1268,6580599,0
4,512,0,8.528,214,1268,6580599,0
4,512,0,8.2117,214,1268,6580599,0
4,512,0,8.3935,214,1268,6580599,0
4,512,0,8.3629,214,1268,6580599,0
4,512,0,8.1447,214,1268,6580599,0
4,512,0,8.3321,214,1268,6580599,0
4,512,0,9.7197,214,1268,6580599,0
4,512,0,8.7321,214,1268,6580599,0
4,512,0,8.6459,214,1268,6580599,0
4,512,0,8.411,214,1268,6580599,0
4,512,0,8.7081,214,1268,6580599,0
4,512,0,8.6022,214,1268,6580599,0
4,512,0,8.2445,214,1268,6580599,0
4,512,0,8.1906,214,1268,6580599,0
4,512,0,8.4058,214,1268,6580599,0
4,512,0,8.2122,214,1268,6580599,0
4,512,0,8.3665,214,1268,6580599,0
4,512,0,8.2263,214,1268,6580599,0
4,512,0,8.7323,214,1268,6580599,0
4,512,0,8.6027,214,1268,6580599,0
4,512,0,8.2934,214,1268,6580599,0
4,512,0,8.4585,214,1268,6580599,0
4,512,0,8.4962,214,1268,6580599,0
4,512,0,8.43,214,1268,6580599,0
4,512,0,8.4188,214,1268,6580599,0
4,512,0,8.2894,214,1268,6580599,0
4,512,0,8.6136,214,1268,6580599,0
4,512,0,8.6136,214,1268,6580599,0
4,512,0,9.0474,214,1268,6580599,0
4,512,0,8.9705,214,1268,6580599,0
4,512,0,8.5371,214,1268,6580599,0
4,512,0,8.3956,214,1268,6580599,0
4,512,0,8.3994,214,1268,6580599,0
4,512,0,8.242,214,1268,6580599,0
4,512,0,8.2854,214,1268,6580599,0
4,512,0,8.4332,214,1268,6580599,0
4,512,0,8.2137,214,1268,6580599,0
4,512,0,8.3456,214,1268,6580599,0
4,512,0,8.4394,214,1268,6580599,0
4,512,0,8.3401,214,1268,6580599,0
4,512,0,8.6832,214,1268,6580599,0
4,512,0,8.4024,214,1268,6580599,0
4,512,0,8.3723,214,1268,6580599,0
4,512,0,8.7911,214,1268,6580599,0
4,512,0,8.3759,214,1268,6580599,0
4,512,0,8.3414,214,1268,6580599,0
4,512,0,8.2476,214,1268,6580599,0
4,512,0,8.5756,214,1268,6580599,0
4,512,0,8.9024,214,1268,6580599,0
4,512,0,8.3324,214,1268,6580599,0
4,512,0,8.3422,214,1268,6580599,0
4,512,0,9.3031,214,1268,6580599,0
4,512,0,8.9906,214,1268,6580599,0
4,512,0,8.6471,214,1268,6580599,0
4,512,0,9.4809,214,1268,6580599,0
4,512,0,8.8825,214,1268,6580599,0
4,512,0,8.4085,214,1268,6580599,0
4,512,0,8.386,214,1268,6580599,0
4,512,0,8.5492,214,1268,6580599,0
4,512,0,8.537,214,1268,6580599,0
4,512,0,8.4494,214,1268,6580599,0
4,512,0,8.5087,214,1268,6580599,0
4,512,0,8.3189,214,1268,6580599,0
4,512,0,8.305,214,1268,6580599,0
4,512,0,8.3959,214,1268,6580599,0
4,512,0,8.2668,214,1268,6580599,0
4,512,0,8.5593,214,1268,6580599,0
4,512,0,8.488,214,1268,6580599,0
4,512,0,8.9808,214,1268,6580599,0
4,512,0,9.8075,214,1268,6580599,0
4,512,0,9.0044,214,1268,6580599,0
4,512,0,8.5967,214,1268,6580599,0
4,512,0,8.5146,214,1268,6580599,0
4,512,0,8.3961,214,1268,6580599,0
4,512,0,8.3774,214,1268,6580599,0
4,512,0,8.3259,214,1268,6580599,0
4,512,0,8.3154,214,1268,6580599,0
4,512,0,8.4467,214,1268,6580599,0
4,512,0,8.9527,214,1268,6580599,0
4,512,0,8.7405,214,1268,6580599,0
4,512,0,8.4518,214,1268,6580599,0
4,512,0,8.3211,214,1268,6580599,0
4,512,0,8.4178,214,1268,6580599,0
4,512,0,8.3181,214,1268,6580599,0
4,512,0,8.4028,214,1268,6580599,0
4,512,0,8.3292,214,1268,6580599,0
4,512,0,8.2274,214,1268,6580599,0
4,512,0,8.3705,214,1268,6580599,0
4,512,0,8.4818,214,1268,6580599,0
4,512,0,8.2384,214,1268,6580599,0
4,512,0,8.2333,214,1268,6580599,0
4,512,0,8.5931,214,1268,6580599,0
4,512,0,8.4508,214,1268,6580599,0
4,512,0,8.5072,214,1268,6580599,0
4,512,0,8.2237,214,1268,6580599,0
4,512,0,8.3369,214,1268,6580599,0
4,512,0,8.3299,214,1268,6580599,0
4,512,0,8.1883,214,1268,6580599,0
4,512,0,8.2829,214,1268,6580599,0
4,512,0,8.2271,214,1268,6580599,0
4,512,0,8.3416,214,1268,6580599,0
4,512,0,8.3416,214,1268,6580599,0
4,512,0,8.1749,214,1268,6580599,0
4,512,0,8.8093,214,1268,6580599,0
4,512,0,8.6131,214,1268,6580599,0
4,512,0,8.2919,214,1268,6580599,0
4,512,0,8.324,214,1268,6580599,0
4,512,0,8.207,214,1268,6580599,0
4,512,0,8.3804,214,1268,6580599,0
4,512,0,8.5042,214,1268,6580599,0
4,512,0,8.3298,214,1268,6580599,0
4,512,0,8.413,214,1268,6580599,0
4,512,0,8.4685,214,1268,6580599,0
4,512,0,8.7463,214,1268,6580599,0
4,512,0,8.4258,214,1268,6580599,0
4,512,0,8.6612,214,1268,6580599,0
4,512,0,8.607,214,1268,6580599,0
4,512,0,8.4516,214,1268,6580599,0
4,512,0,8.4166,214,1268,6580599,0
4,512,0,8.4772,214,1268,6580599,0
4,512,0,8.2836,214,1268,6580599,0
4,512,0,8.3318,214,1268,6580599,0
4,512,0,8.4242,214,1268,6580599,0
4,512,0,8.2409,214,1268,6580599,0
4,512,0,8.3395,214,1268,6580599,0
4,512,0,8.6809,214,1268,6580599,0
4,512,0,8.4452,214,1268,6580599,0
4,512,0,8.6355,214,1268,6580599,0
4,512,0,8.5948,214,1268,6580599,0
4,512,0,8.4692,214,1268,6580599,0
4,512,0,8.5021,214,1268,6580599,0
4,512,0,9.5066,214,1268,6580599,0
4,512,0,8.5651,214,1268,6580599,0
4,512,0,8.37,214,1268,6580599,0
4,512,0,8.2102,214,1268,6580599,0
4,512,0,8.1814,214,1268,6580599,0
4,512,0,8.327,214,1268,6580599,0
4,512,0,8.2775,214,1268,6580599,0
4,512,0,8.3231,214,1268,6580599,0
4,512,0,8.4959,214,1268,6580599,0
4,512,0,8.2975,214,1268,6580599,0
4,512,0,8.3566,214,1268,6580599,0
4,512,0,8.2495,214,1268,6580599,0
4,512,0,8.417,214,1268,6580599,0
4,512,0,8.3795,214,1268,6580599,0
4,512,0,8.1512,214,1268,6580599,0
4,512,0,8.4392,214,1268,6580599,0
4,512,0,8.3418,214,1268,6580599,0
4,512,0,8.2453,214,1268,6580599,0
4,512,0,8.2391,214,1268,6580599,0
4,512,0,8.2689,214,1268,6580599,0
4,512,0,8.2704,214,1268,6580599,0
4,512,0,8.7358,214,1268,6580599,0
4,512,0,8.1375,214,1268,6580599,0
4,512,0,8.4873,214,1268,6580599,0
4,512,0,8.3929,214,1268,6580599,0
4,512,0,8.2212,214,1268,6580599,0
4,512,0,8.6442,214,1268,6580599,0
4,512,0,8.6069,214,1268,6580599,0
4,512,0,8.511,214,1268,6580599,0
4,512,0,8.4929,214,1268,6580599,0
4,512,0,8.3066,214,1268,6580599,0
4,512,0,8.3018,214,1268,6580599,0
4,512,0,8.3563,214,1268,6580599,0
4,512,0,9.1019,214,1268,6580599,0
4,512,0,8.8005,214,1268,6580599,0
4,512,0,8.5078,214,1268,6580599,0
4,512,0,8.6398,214,1268,6580599,0
4,512,0,8.418,214,1268,6580599,0
4,512,0,8.244,214,1268,6580599,0
4,512,0,8.2293,214,1268,6580599,0
4,512,0,8.3534,214,1268,6580599,0
4,512,0,8.5865,214,1268,6580599,0
4,512,0,8.5228,214,1268,6580599,0
4,512,0,8.274,214,1268,6580599,0
4,512,0,8.2936,214,1268,6580599,0
4,512,0,8.8221,214,1268,6580599,0
4,512,0,8.47,214,1268,6580599,0
4,512,0,8.5093,214,1268,6580599,0
4,512,0,8.3307,214,1268,6580599,0
4,512,0,8.2202,214,1268,6580599,0
4,512,0,9.2257,214,1268,6580599,0
4,512,0,9.1247,214,1268,6580599,0
4,512,0,9.2737,214,1268,6580599,0
4,512,0,9.2885,214,1268,6580599,0
4,512,0,8.871,214,1268,6580599,0
4,512,0,9.2539,214,1268,6580599,0
4,512,0,8.7749,214,1268,6580599,0
4,512,0,8.766,214,1268,6580599,0
4,512,0,8.5784,214,1268,6580599,0
4,512,0,8.2885,214,1268,6580599,0
4,512,0,8.5304,214,1268,6580599,0
4,512,0,8.7664,214,1268,6580599,0
4,512,0,9.7102,214,1268,6580599,0
4,512,0,8.6094,214,1268,6580599,0
4,512,0,8.163,214,1268,6580599,0
4,512,0,8.4376,214,1268,6580599,0
4,512,0,8.3068,214,1268,6580599,0
4,512,0,8.206,214,1268,6580599,0
4,512,0,8.4177,214,1268,6580599,0
4,512,0,8.5853,214,1268,6580599,0
4,512,0,8.2132,214,1268,6580599,0
4,512,0,8.6536,214,1268,6580599,0
4,512,0,8.2086,214,1268,6580599,0
4,512,0,8.4397,214,1268,6580599,0
4,512,0,8.2313,214,1268,6580599,0
4,512,0,8.278,214,1268,6580599,0
4,512,0,8.401,214,1268,6580599,0
4,512,0,8.2651,214,1268,6580599,0
4,512,0,8.0789,214,1268,6580599,0
4,512,0,8.2263,214,1268,6580599,0
4,512,0,8.2252,214,1268,6580599,0
4,512,0,8.7379,214,1268,6580599,0
4,512,0,8.5577,214,1268,6580599,0
4,512,0,8.3044,214,1268,6580599,0
4,512,0,8.3801,214,1268,6580599,0
4,512,0,8.1765,214,1268,6580599,0
4,512,0,8.2906,214,1268,6580599,0
4,512,0,8.2905,214,1268,6580599,0
4,512,0,8.1015,214,1268,6580599,0
4,512,0,8.2132,214,1268,6580599,0
4,512,0,8.2287,214,1268,6580599,0
4,512,0,8.2689,214,1268,6580599,0
4,512,0,8.3976,214,1268,6580599,0
4,512,0,8.8362,214,1268,6580599,0
4,512,0,8.3669,214,1268,6580599,0
4,512,0,8.3131,214,1268,6580599,0
4,512,0,8.4969,214,1268,6580599,0
4,512,0,8.9295,214,1268,6580599,0
4,512,0,8.6517,214,1268,6580599,0
4,512,0,8.355,214,1268,6580599,0
4,512,0,8.5735,214,1268,6580599,0
4,512,0,8.3815,214,1268,6580599,0
4,512,0,8.4524,214,1268,6580599,0
4,512,0,8.5029,214,1268,6580599,0
4,512,0,8.19,214,1268,6580599,0
4,512,0,8.5088,214,1268,6580599,0
4,512,0,8.3832,214,1268,6580599,0
4,512,0,8.2296,214,1268,6580599,0
4,512,0,8.3311,214,1268,6580599,0
4,512,0,8.31,214,1268,6580599,0
4,512,0,8.5263,214,1268,6580599,0
4,512,0,8.4527,214,1268,6580599,0
4,512,0,8.3642,214,1268,6580599,0
4,512,0,8.3516,214,1268,6580599,0
4,512,0,8.4414,214,1268,6580599,0
4,512,0,8.7262,214,1268,6580599,0
4,512,0,8.4948,214,1268,6580599,0
4,512,0,8.4603,214,1268,6580599,0
4,512,0,8.7124,214,1268,6580599,0
4,512,0,8.639,214,1268,6580599,0
4,512,0,8.3224,214,1268,6580599,0
4,512,0,8.4115,214,1268,6580599,0
4,512,0,8.4237,214,1268,6580599,0
4,512,0,8.2586,214,1268,6580599,0
4,512,0,8.6517,214,1268,6580599,0
4,512,0,9.3053,214,1268,6580599,0
4,512,0,8.6007,214,1268,6580599,0
4,512,0,8.4819,214,1268,6580599,0
4,512,0,8.319,214,1268,6580599,0
4,512,0,8.7696,214,1268,6580599,0
4,512,0,8.6206,214,1268,6580599,0
4,512,0,8.3905,214,1268,6580599,0
4,512,0,8.4779,214,1268,6580599,0
4,512,0,8.3541,214,1268,6580599,0
4,512,0,8.3703,214,1268,6580599,0
4,512,0,8.4253,214,1268,6580599,0
4,512,0,8.2017,214,1268,6580599,0
4,512,0,8.2706,214,1268,6580599,0
4,512,0,8.3509,214,1268,6580599,0
4,512,0,8.4075,214,1268,6580599,0
4,512,0,8.4394,214,1268,6580599,0
4,512,0,8.2662,214,1268,6580599,0
4,512,0,8.6265,214,1268,6580599,0
4,512,0,8.4713,214,1268,6580599,0
4,512,0,8.2306,214,1268,6580599,0
4,512,0,8.7205,214,1268,6580599,0
4,512,0,8.5637,214,1268,6580599,0
4,512,0,8.2797,214,1268,6580599,0
4,512,0,8.4338,214,1268,6580599,0
4,512,0,8.1858,214,1268,6580599,0
4,512,0,8.2467,214,1268,6580599,0
4,512,0,8.4476,214,1268,6580599,0
4,512,0,8.2793,214,1268,6580599,0
4,512,0,8.3615,214,1268,6580599,0
4,512,0,9.1964,214,1268,6580599,0
4,512,0,8.5559,214,1268,6580599,0
4,512,0,8.4712,214,1268,6580599,0
4,512,0,8.3494,214,1268,6580599,0
4,512,0,8.2977,214,1268,6580599,0
4,512,0,8.2961,214,1268,6580599,0
4,512,0,8.5201,214,1268,6580599,0
4,512,0,8.4355,214,1268,6580599,0
4,512,0,8.4586,214,1268,6580599,0
4,512,0,8.5455,214,1268,6580599,0
4,512,0,8.5259,214,1268,6580599,0
4,512,0,8.2361,214,1268,6580599,0
4,512,0,8.692,214,1268,6580599,0
4,512,0,8.523,214,1268,6580599,0
4,512,0,8.4479,214,1268,6580599,0
4,512,0,8.4525,214,1268,6580599,0
4,512,0,8.3126,214,1268,6580599,0
4,512,0,8.3922,214,1268,6580599,0
4,512,0,8.4834,214,1268,6580599,0
4,512,0,8.2812,214,1268,6580599,0
4,512,0,8.643,214,1268,6580599,0
4,512,0,8.7603,214,1268,6580599,0
4,512,0,8.2599,214,1268,6580599,0
4,512,0,8.3781,214,1268,6580599,0
4,512,0,8.6696,214,1268,6580599,0
4,512,0,8.5861,214,1268,6580599,0
4,512,0,8.4889,214,1268,6580599,0
4,512,0,8.4275,214,1268,6580599,0
4,512,0,8.4039,214,1268,6580599,0
4,512,0,8.4435,214,1268,6580599,0
4,512,0,8.3012,214,1268,6580599,0
4,512,0,8.3684,214,1268,6580599,0
4,512,0,8.3823,214,1268,6580599,0
4,512,0,8.2926,214,1268,6580599,0
4,512,0,8.6183,214,1268,6580599,0
4,512,0,9.2887,214,1268,6580599,0
4,512,0,9.0805,214,1268,6580599,0
4,512,0,8.4887,214,1268,6580599,0
4,512,0,8.5771,214,1268,6580599,0
4,512,0,8.6908,214,1268,6580599,0
4,512,0,8.3644,214,1268,6580599,0
4,512,0,8.4896,214,1268,6580599,0
4,512,0,8.4421,214,1268,6580599,0
4,512,0,8.4652,214,1268,6580599,0
4,512,0,8.4859,214,1268,6580599,0
4,512,0,8.3441,214,1268,6580599,0
4,512,0,8.5109,214,1268,6580599,0
4,512,0,8.42,214,1268,6580599,0
4,512,0,8.817,214,1268,6580599,0
4,512,0,8.367,214,1268,6580599,0
4,512,0,8.5007,214,1268,6580599,0
4,512,0,8.0884,214,1268,6580599,0
4,512,0,8.3861,214,1268,6580599,0
4,512,0,8.3366,214,1268,6580599,0
4,512,0,8.1476,214,1268,6580599,0
4,512,0,8.3958,214,1268,6580599,0
4,512,0,8.4947,214,1268,6580599,0
4,512,0,8.1832,214,1268,6580599,0
4,512,0,8.4528,214,1268,6580599,0
4,512,0,8.2503,214,1268,6580599,0
4,512,0,8.7443,214,1268,6580599,0
4,512,0,8.5286,214,1268,6580599,0
4,512,0,9.0421,214,1268,6580599,0
4,512,0,8.8962,214,1268,6580599,0
4,512,0,8.3898,214,1268,6580599,0
4,512,0,8.3421,214,1268,6580599,0
5,1024,0,11.2283,214,2292,12113271,0
5,1024,0,11.1133,214,2292,12113271,0
5,1024,0,11.4792,214,2292,12113271,0
5,1024,0,11.2514,214,2292,12113271,0
5,1024,0,11.7317,214,2292,12113271,0
5,1024,0,11.1942,214,2292,12113271,0
5,1024,0,10.9547,214,2292,12113271,0
5,1024,0,10.8907,214,2292,12113271,0
5,1024,0,11.0111,214,2292,12113271,0
5,1024,0,11.2837,214,2292,12113271,0
5,1024,0,11.0351,214,2292,12113271,0
5,1024,0,11.4091,214,2292,12113271,0
5,1024,0,11.0668,214,2292,12113271,0
5,1024,0,11.1081,214,2292,12113271,0
5,1024,0,11.1525,214,2292,12113271,0
5,1024,0,10.8838,214,2292,12113271,0
5,1024,0,11.1077,214,2292,12113271,0
5,1024,0,11.5494,214,2292,12113271,0
5,1024,0,10.9849,214,2292,12113271,0
5,1024,0,11.0843,214,2292,12113271,0
5,1024,0,11.247,214,2292,12113271,0
5,1024,0,10.9856,214,2292,12113271,0
5,1024,0,10.9468,214,2292,12113271,0
5,1024,0,10.8105,214,2292,12113271,0
5,1024,0,11.1032,214,2292,12113271,0
5,1024,0,10.901,214,2292,12113271,0
5,1024,0,10.7724,214,2292,12113271,0
5,1024,0,11.0193,214,2292,12113271,0
5,1024,0,10.9928,214,2292,12113271,0
5,1024,0,11.0101,214,2292,12113271,0
5,1024,0,11.319,214,2292,12113271,0
5,1024,0,10.9253,214,2292,12113271,0
5,1024,0,10.8632,214,2292,12113271,0
5,1024,0,11.5107,214,2292,12113271,0
5,1024,0,12.0309,214,2292,12113271,0
5,1024,0,11.3983,214,2292,12113271,0
5,1024,0,11.1733,214,2292,12113271,0
5,1024,0,11.2328,214,2292,12113271,0
5,1024,0,11.0907,214,2292,12113271,0
5,1024,0,11.0765,214,2292,12113271,0
5,1024,0,11.2446,214,2292,12113271,0
5,1024,0,11.4638,214,2292,12113271,0
5,1024,0,11.4246,214,2292,12113271,0
5,1024,0,11.1625,214,2292,12113271,0
5,1024,0,11.1182,214,2292,12113271,0
5,1024,0,11.1323,214,2292,12113271,0
5,1024,0,11.0166,214,2292,12113271,0
5,1024,0,10.965,214,2292,12113271,0
5,1024,0,11.3966,214,2292,12113271,0
5,1024,0,11.1675,214,2292,12113271,0
5,1024,0,11.1255,214,2292,12113271,0
5,1024,0,11.3027,214,2292,12113271,0
5,1024,0,10.9622,214,2292,12113271,0
5,1024,0,11.0644,214,2292,12113271,0
5,1024,0,11.1242,214,2292,12113271,0
5,1024,0,10.9814,214,2292,12113271,0
5,1024,0,11.0861,214,2292,12113271,0
5,1024,0,11.8328,214,2292,12113271,0
5,1024,0,11.0567,214,2292,12113271,0
5,1024,0,11.2013,214,2292,12113271,0
5,1024,0,11.1529,214,2292,12113271,0
5,1024,0,11.639,214,2292,12113271,0
5,1024,0,11.2233,214,2292,12113271,0
5,1024,0,11.5742,214,2292,12113271,0
5,1024,0,11.2443,214,2292,12113271,0
5,1024,0,10.9989,214,2292,12113271,0
5,1024,0,11.2628,214,2292,12113271,0
5,1024,0,10.998,214,2292,12113271,0
5,1024,0,11.0069,214,2292,12113271,0
5,1024,0,11.0592,214,2292,12113271,0
5,1024,0,11.5772,214,2292,12113271,0
5,1024,0,11.1229,214,2292,12113271,0
5,1024,0,11.1889,214,2292,12113271,0
5,1024,0,11.2234,214,2292,12113271,0
5,1024,0,10.9767,214,2292,12113271,0
5,1024,0,11.5164,214,2292,12113271,0
5,1024,0,10.987,214,2292,12113271,0
5,1024,0,10.8592,214,2292,12113271,0
5,1024,0,11.1449,214,2292,12113271,0
5,1024,0,10.8834,214,2292,12113271,0
5,1024,0,10.9571,214,2292,12113271,0
5,1024,0,10.9441,214,2292,12113271,0
5,1024,0,12.1647,214,2292,12113271,0
5,1024,0,11.3497,214,2292,12113271,0
5,1024,0,11.0093,214,2292,12113271,0
5,1024,0,11.3553,214,2292,12113271,0
5,1024,0,11.0728,214,2292,12113271,0
5,1024,0,10.8234,214,2292,12113271,0
5,1024,0,11.125,214,2292,12113271,0
5,1024,0,11.3659,214,2292,12113271,0
5,1024,0,11.1204,214,2292,12113271,0
5,1024,0,11.0866,214,2292,12113271,0
5,1024,0,11.085,214,2292,12113271,0
5,1024,0,11.114,214,2292,12113271,0
5,1024,0,11.5878,214,2292,12113271,0
5,1024,0,11.1272,214,2292,12113271,0
5,1024,0,11.3299,214,2292,12113271,0
5,1024,0,11.347,214,2292,12113271,0
5,1024,0,11.0847,214,2292,12113271,0
5,1024,0,10.9708,214,2292,12113271,0
5,1024,0,11.0298,214,2292,12113271,0
5,1024,0,11.0185,214,2292,12113271,0
5,1024,0,11.0879,214,2292,12113271,0
5,1024,0,11.2596,214,2292,12113271,0
5,1024,0,11.1556,214,2292,12113271,0
5,1024,0,10.9986,214,2292,12113271,0
5,1024,0,10.9532,214,2292,12113271,0
5,1024,0,11.127,214,2292,12113271,0
5,1024,0,10.9904,214,2292,12113271,0
5,1024,0,10.9564,214,2292,12113271,0
5,1024,0,11.1586,214,2292,12113271,0
5,1024,0,10.8214,214,2292,12113271,0
5,1024,0,11.228,214,2292,12113271,0
5,1024,0,11.1504,214,2292,12113271,0
5,1024,0,10.8657,214,2292,12113271,0
5,1024,0,11.1068,214,2292,12113271,0
5,1024,0,10.8533,214,2292,12113271,0
5,1024,0,10.9098,214,2292,12113271,0
5,1024,0,11.063,214,2292,12113271,0
5,1024,0,10.8239,214,2292,12113271,0
5,1024,0,11.1733,214,2292,12113271,0
5,1024,0,11.2211,214,2292,12113271,0
5,1024,0,11.1647,214,2292,12113271,0
5,1024,0,11.5185,214,2292,12113271,0
5,1024,0,11.1189,214,2292,12113271,0
5,1024,0,11.0223,214,2292,12113271,0
5,1024,0,11.0803,214,2292,12113271,0
5,1024,0,10.9198,214,2292,12113271,0
5,1024,0,10.9989,214,2292,12113271,0
5,1024,0,12.2354,214,2292,12113271,0
5,1024,0,11.4672,214,2292,12113271,0
5,1024,0,11.3855,214,2292,12113271,0
5,1024,0,11.0212,214,2292,12113271,0
5,1024,0,12.2018,214,2292,12113271,0
5,1024,0,12.0276,214,2292,12113271,0
5,1024,0,11.323,214,2292,12113271,0
5,1024,0,11.0606,214,2292,12113271,0
5,1024,0,11.0047,214,2292,12113271,0
5,1024,0,11.0048,214,2292,12113271,0
5,1024,0,11.0997,214,2292,12113271,0
5,1024,0,11.166,214,2292,12113271,0
5,1024,0,11.1288,214,2292,12113271,0
5,1024,0,11.1491,214,2292,12113271,0
5,1024,0,11.0485,214,2292,12113271,0
5,1024,0,11.1713,214,2292,12113271,0
5,1024,0,10.8671,214,2292,12113271,0
5,1024,0,10.9222,214,2292,12113271,0
5,1024,0,11.2209,214,2292,12113271,0
5,1024,0,11.488,214,2292,12113271,0
5,1024,0,11.4955,214,2292,12113271,0
5,1024,0,11.1687,214,2292,12113271,0
5,1024,0,10.8843,214,2292,12113271,0
5,1024,0,11.0903,214,2292,12113271,0
5,1024,0,11.1106,214,2292,12113271,0
5,1024,0,11.4289,214,2292,12113271,0
5,1024,0,11.1827,214,2292,12113271,0
5,1024,0,10.8874,214,2292,12113271,0
5,1024,0,10.9468,214,2292,12113271,0
5,1024,0,11.328,214,2292,12113271,0
5,1024,0,11.0255,214,2292,12113271,0
5,1024,0,10.9886,214,2292,12113271,0
5,1024,0,10.9028,214,2292,12113271,0
5,1024,0,11.0715,214,2292,12113271,0
5,1024,0,11.3159,214,2292,12113271,0
5,1024,0,10.8226,214,2292,12113271,0
5,1024,0,11.1418,214,2292,12113271,0
5,1024,0,11.096,214,2292,12113271,0
5,1024,0,10.806,214,2292,12113271,0
5,1024,0,11.4944,214,2292,12113271,0
5,1024,0,10.8653,214,2292,12113271,0
5,1024,0,10.8954,214,2292,12113271,0
5,1024,0,11.0927,214,2292,12113271,0
5,1024,0,10.8382,214,2292,12113271,0
5,1024,0,10.9453,214,2292,12113271,0
5,1024,0,11.0449,214,2292,12113271,0
5,1024,0,10.8097,214,2292,12113271,0
5,1024,0,11.329,214,2292,12113271,0
5,1024,0,12.5531,214,2292,12113271,0
5,1024,0,12.0079,214,2292,12113271,0
5,1024,0,11.371,214,2292,12113271,0
5,1024,0,11.102,214,2292,12113271,0
5,1024,0,11.38,214,2292,12113271,0
5,1024,0,11.3599,214,2292,12113271,0
5,1024,0,11.3467,214,2292,12113271,0
5,1024,0,11.1024,214,2292,12113271,0
5,1024,0,10.9293,214,2292,12113271,0
5,1024,0,11.182,214,2292,12113271,0
5,1024,0,11.3218,214,2292,12113271,0
5,1024,0,11.297,214,2292,12113271,0
5,1024,0,11.2104,214,2292,12113271,0
5,1024,0,10.8743,214,2292,12113271,0
5,1024,0,11.0675,214,2292,12113271,0
5,1024,0,11.1399,214,2292,12113271,0
5,1024,0,10.8906,214,2292,12113271,0
5,1024,0,11.0562,214,2292,12113271,0
5,1024,0,10.9571,214,2292,12113271,0
5,1024,0,11.1852,214,2292,12113271,0
5,1024,0,11.1145,214,2292,12113271,0
5,1024,0,10.8461,214,2292,12113271,0
5,1024,0,11.3037,214,2292,12113271,0
5,1024,0,11.1677,214,2292,12113271,0
5,1024,0,10.9405,214,2292,12113271,0
5,1024,0,11.0078,214,2292,12113271,0
5,1024,0,11.108,214,2292,12113271,0
5,1024,0,10.9342,214,2292,12113271,0
5,1024,0,11.5353,214,2292,12113271,0
5,1024,0,11.0318,214,2292,12113271,0
5,1024,0,10.9604,214,2292,12113271,0
5,1024,0,11.1225,214,2292,12113271,0
5,1024,0,11.002,214,2292,12113271,0
5,1024,0,10.963,214,2292,12113271,0
5,1024,0,11.304,214,2292,12113271,0
5,1024,0,11.3796,214,2292,12113271,0
5,1024,0,11.3732,214,2292,12113271,0
5,1024,0,11.1233,214,2292,12113271,0
5,1024,0,11.2382,214,2292,12113271,0
5,1024,0,11.7722,214,2292,12113271,0
5,1024,0,11.3523,214,2292,12113271,0
5,1024,0,11.1454,214,2292,12113271,0
5,1024,0,10.9888,214,2292,12113271,0
5,1024,0,11.0306,214,2292,12113271,0
5,1024,0,11.6493,214,2292,12113271,0
5,1024,0,11.3162,214,2292,12113271,0
5,1024,0,11.6589,214,2292,12113271,0
5,1024,0,12.7277,214,2292,12113271,0
5,1024,0,11.2726,214,2292,12113271,0
5,1024,0,11.115,214,2292,12113271,0
5,1024,0,11.1805,214,2292,12113271,0
5,1024,0,11.1388,214,2292,12113271,0
5,1024,0,11.083,214,2292,12113271,0
5,1024,0,10.8607,214,2292,12113271,0
5,1024,0,11.2143,214,2292,12113271,0
5,1024,0,11.1623,214,2292,12113271,0
5,1024,0,11.0588,214,2292,12113271,0
5,1024,0,11.122,214,2292,12113271,0
5,1024,0,11.1423,214,2292,12113271,0
5,1024,0,10.9387,214,2292,12113271,0
5,1024,0,11.1502,214,2292,12113271,0
5,1024,0,11.5247,214,2292,12113271,0
5,1024,0,11.1192,214,2292,12113271,0
5,1024,0,11.1635,214,2292,12113271,0
5,1024,0,10.8835,214,2292,12113271,0
5,1024,0,11.228,214,2292,12113271,0
5,1024,0,11.1733,214,2292,12113271,0
5,1024,0,10.9533,214,2292,12113271,0
5,1024,0,10.9674,214,2292,12113271,0
5,1024,0,10.757,214,2292,12113271,0
5,1024,0,10.9796,214,2292,12113271,0
5,1024,0,10.9147,214,2292,12113271,0
5,1024,0,11.1296,214,2292,12113271,0
5,1024,0,11.1286,214,2292,12113271,0
5,1024,0,11.0844,214,2292,12113271,0
5,1024,0,10.934,214,2292,12113271,0
5,1024,0,11.0329,214,2292,12113271,0
5,1024,0,11.0051,214,2292,12113271,0
5,1024,0,10.8885,214,2292,12113271,0
5,1024,0,11.0545,214,2292,12113271,0
5,1024,0,10.6598,214,2292,12113271,0
5,1024,0,11.1429,214,2292,12113271,0
5,1024,0,10.9105,214,2292,12113271,0
5,1024,0,10.8329,214,2292,12113271,0
5,1024,0,11.483,214,2292,12113271,0
5,1024,0,11.1125,214,2292,12113271,0
5,1024,0,11.0108,214,2292,12113271,0
5,1024,0,11.2213,214,2292,12113271,0
5,1024,0,10.9435,214,2292,12113271,0
5,1024,0,10.9953,214,2292,12113271,0
5,1024,0,11.1637,214,2292,12113271,0
5,1024,0,10.9721,214,2292,12113271,0
5,1024,0,11.1164,214,2292,12113271,0
5,1024,0,11.3215,214,2292,12113271,0
5,1024,0,11.2767,214,2292,12113271,0
5,1024,0,12.1715,214,2292,12113271,0
5,1024,0,11.067,214,2292,12113271,0
5,1024,0,11.2696,214,2292,12113271,0
5,1024,0,11.1485,214,2292,12113271,0
5,1024,0,10.9028,214,2292,12113271,0
5,1024,0,11.0584,214,2292,12113271,0
5,1024,0,10.7086,214,2292,12113271,0
5,1024,0,11.2438,214,2292,12113271,0
5,1024,0,11.1462,214,2292,12113271,0
5,1024,0,10.8776,214,2292,12113271,0
5,1024,0,10.9071,214,2292,12113271,0
5,1024,0,11.6468,214,2292,12113271,0
5,1024,0,10.9974,214,2292,12113271,0
5,1024,0,10.9926,214,2292,12113271,0
5,1024,0,11.0147,214,2292,12113271,0
5,1024,0,10.9349,214,2292,12113271,0
5,1024,0,11.4121,214,2292,12113271,0
5,1024,0,11.0564,214,2292,12113271,0
5,1024,0,10.9839,214,2292,12113271,0
5,1024,0,10.9454,214,2292,12113271,0
5,1024,0,10.9526,214,2292,12113271,0
5,1024,0,11.0596,214,2292,12113271,0
5,1024,0,11.1157,214,2292,12113271,0
5,1024,0,11.153,214,2292,12113271,0
5,1024,0,10.9892,214,2292,12113271,0
5,1024,0,11.4089,214,2292,12113271,0
5,1024,0,11.3488,214,2292,12113271,0
5,1024,0,10.9498,214,2292,12113271,0
5,1024,0,10.9318,214,2292,12113271,0
5,1024,0,10.869,214,2292,12113271,0
5,1024,0,11.1115,214,2292,12113271,0
5,1024,0,11.2459,214,2292,12113271,0
5,1024,0,11.3082,214,2292,12113271,0
5,1024,0,10.9054,214,2292,12113271,0
5,1024,0,11.6935,214,2292,12113271,0
5,1024,0,11.3325,214,2292,12113271,0
5,1024,0,10.9193,214,2292,12113271,0
5,1024,0,11.0042,214,2292,12113271,0
5,1024,0,11.1804,214,2292,12113271,0
5,1024,0,11.1198,214,2292,12113271,0
5,1024,0,11.4396,214,2292,12113271,0
5,1024,0,11.5116,214,2292,12113271,0
5,1024,0,11.1971,214,2292,12113271,0
5,1024,0,10.8815,214,2292,12113271,0
5,1024,0,11.3897,214,2292,12113271,0
5,1024,0,11.1951,214,2292,12113271,0
5,1024,0,10.8007,214,2292,12113271,0
5,1024,0,11.265,214,2292,12113271,0
5,1024,0,11.3943,214,2292,12113271,0
5,1024,0,11.0204,214,2292,12113271,0
5,1024,0,11.3838,214,2292,12113271,0
5,1024,0,11.0239,214,2292,12113271,0
5,1024,0,11.0933,214,2292,12113271,0
5,1024,0,11.5362,214,2292,12113271,0
5,1024,0,11.0116,214,2292,12113271,0
5,1024,0,11.0223,214,2292,12113271,0
5,1024,0,10.9287,214,2292,12113271,0
5,1024,0,11.708,214,2292,12113271,0
5,1024,0,11.2968,214,2292,12113271,0
5,1024,0,10.9347,214,2292,12113271,0
5,1024,0,11.0961,214,2292,12113271,0
5,1024,0,11.0558,214,2292,12113271,0
5,1024,0,10.8812,214,2292,12113271,0
5,1024,0,11.7473,214,2292,12113271,0
5,1024,0,10.957,214,2292,12113271,0
5,1024,0,10.8024,214,2292,12113271,0
5,1024,0,11.0731,214,2292,12113271,0
5,1024,0,10.9264,214,2292,12113271,0
5,1024,0,11.004,214,2292,12113271,0
5,1024,0,11.1125,214,2292,12113271,0
5,1024,0,10.7038,214,2292,12113271,0
5,1024,0,10.8805,214,2292,12113271,0
5,1024,0,11.5151,214,2292,12113271,0
5,1024,0,10.9561,214,2292,12113271,0
5,1024,0,11.1005,214,2292,12113271,0
5,1024,0,10.8992,214,2292,12113271,0
5,1024,0,10.8335,214,2292,12113271,0
5,1024,0,11.3486,214,2292,12113271,0
5,1024,0,10.9814,214,2292,12113271,0
5,1024,0,10.9771,214,2292,12113271,0
5,1024,0,11.0482,214,2292,12113271,0
5,1024,0,11.2407,214,2292,12113271,0
5,1024,0,11.1665,214,2292,12113271,0
5,1024,0,10.9509,214,2292,12113271,0
5,1024,0,10.9042,214,2292,12113271,0
5,1024,0,10.9646,214,2292,12113271,0
5,1024,0,10.9895,214,2292,12113271,0
5,1024,0,11.0474,214,2292,12113271,0
5,1024,0,11.1359,214,2292,12113271,0
5,1024,0,10.9982,214,2292,12113271,0
5,1024,0,11.6774,214,2292,12113271,0
5,1024,0,11.1294,214,2292,12113271,0
5,1024,0,11.1663,214,2292,12113271,0
5,1024,0,11.0171,214,2292,12113271,0
5,1024,0,10.9689,214,2292,12113271,0
5,1024,0,12.054,214,2292,12113271,0
5,1024,0,11.248,214,2292,12113271,0
5,1024,0,11.0322,214,2292,12113271,0
5,1024,0,11.2584,214,2292,12113271,0
5,1024,0,10.9451,214,2292,12113271,0
5,1024,0,11.3081,214,2292,12113271,0
5,1024,0,11.1729,214,2292,12113271,0
5,1024,0,10.9062,214,2292,12113271,0
5,1024,0,10.9622,214,2292,12113271,0
5,1024,0,10.9319,214,2292,12113271,0
5,1024,0,10.9264,214,2292,12113271,0
5,1024,0,11.2724,214,2292,12113271,0
5,1024,0,11.061,214,2292,12113271,0
5,1024,0,10.7947,214,2292,12113271,0
5,1024,0,11.6404,214,2292,12113271,0
5,1024,0,11.1691,214,2292,12113271,0
5,1024,0,11.1057,214,2292,12113271,0
5,1024,0,10.9311,214,2292,12113271,0
5,1024,0,11.0201,214,2292,12113271,0
5,1024,0,11.112,214,2292,12113271,0
5,1024,0,10.8027,214,2292,12113271,0
5,1024,0,10.959,214,2292,12113271,0
5,1024,0,10.9344,214,2292,12113271,0
5,1024,0,10.9447,214,2292,12113271,0
5,1024,0,11.3835,214,2292,12113271,0
5,1024,0,11.4876,214,2292,12113271,0
5,1024,0,11.1806,214,2292,12113271,0
5,1024,0,11.1063,214,2292,12113271,0
5,1024,0,10.9154,214,2292,12113271,0
5,1024,0,11.0106,214,2292,12113271,0
5,1024,0,11.0899,214,2292,12113271,0
5,1024,0,10.8207,214,2292,12113271,0
5,1024,0,10.9306,214,2292,12113271,0
5,1024,0,11.3852,214,2292,12113271,0
5,1024,0,11.5764,214,2292,12113271,0
5,1024,0,12.4565,214,2292,12113271,0
5,1024,0,12.0101,214,2292,12113271,0
5,1024,0,11.5882,214,2292,12113271,0
5,1024,0,11.2568,214,2292,12113271,0
5,1024,0,10.974,214,2292,12113271,0
5,1024,0,10.94,214,2292,12113271,0
5,1024,0,11.0161,214,2292,12113271,0
5,1024,0,11.3678,214,2292,12113271,0
5,1024,0,11.2501,214,2292,12113271,0
5,1024,0,10.9851,214,2292,12113271,0
5,1024,0,10.9329,214,2292,12113271,0
5,1024,0,11.4016,214,2292,12113271,0
5,1024,0,12.087,214,2292,12113271,0
5,1024,0,11.4675,214,2292,12113271,0
5,1024,0,11.0504,214,2292,12113271,0
5,1024,0,10.8979,214,2292,12113271,0
5,1024,0,11.6199,214,2292,12113271,0
5,1024,0,11.6702,214,2292,12113271,0
5,1024,0,11.1469,214,2292,12113271,0
5,1024,0,11.1073,214,2292,12113271,0
5,1024,0,11.1053,214,2292,12113271,0
5,1024,0,11.1459,214,2292,12113271,0
5,1024,0,11.0585,214,2292,12113271,0
5,1024,0,11.1542,214,2292,12113271,0
5,1024,0,11.0878,214,2292,12113271,0
5,1024,0,10.9023,214,2292,12113271,0
5,1024,0,11.4202,214,2292,12113271,0
5,1024,0,11.1033,214,2292,12113271,0
5,1024,0,10.9994,214,2292,12113271,0
5,1024,0,11.4855,214,2292,12113271,0
5,1024,0,11.2303,214,2292,12113271,0
5,1024,0,11.1037,214,2292,12113271,0
5,1024,0,11.0414,214,2292,12113271,0
5,1024,0,10.9657,214,2292,12113271,0
5,1024,0,10.9608,214,2292,12113271,0
5,1024,0,11.5329,214,2292,12113271,0
5,1024,0,11.1096,214,2292,12113271,0
5,1024,0,10.9725,214,2292,12113271,0
5,1024,0,10.892,214,2292,12113271,0
5,1024,0,11.0627,214,2292,12113271,0
5,1024,0,11.1736,214,2292,12113271,0
5,1024,0,11.0296,214,2292,12113271,0
5,1024,0,11.0155,214,2292,12113271,0
5,1024,0,10.8716,214,2292,12113271,0
5,1024,0,11.362,214,2292,12113271,0
5,1024,0,11.2226,214,2292,12113271,0
5,1024,0,10.7936,214,2292,12113271,0
5,1024,0,12.2482,214,2292,12113271,0
5,1024,0,11.5303,214,2292,12113271,0
5,1024,0,11.1769,214,2292,12113271,0
5,1024,0,11.2048,214,2292,12113271,0
5,1024,0,11.1283,214,2292,12113271,0
5,1024,0,10.895,214,2292,12113271,0
5,1024,0,11.35,214,2292,12113271,0
5,1024,0,11.2916,214,2292,12113271,0
5,1024,0,11.0085,214,2292,12113271,0
5,1024,0,11.0757,214,2292,12113271,0
5,1024,0,11.3148,214,2292,12113271,0
5,1024,0,11.1462,214,2292,12113271,0
5,1024,0,10.8626,214,2292,12113271,0
5,1024,0,12.2199,214,2292,12113271,0
5,1024,0,11.4062,214,2292,12113271,0
5,1024,0,11.0119,214,2292,12113271,0
5,1024,0,11.4294,214,2292,12113271,0
5,1024,0,11.0711,214,2292,12113271,0
5,1024,0,11.0033,214,2292,12113271,0
5,1024,0,11.055,214,2292,12113271,0
5,1024,0,10.8829,214,2292,12113271,0
5,1024,0,10.9136,214,2292,12113271,0
5,1024,0,10.8756,214,2292,12113271,0
5,1024,0,10.9307,214,2292,12113271,0
5,1024,0,11.0216,214,2292,12113271,0
5,1024,0,11.443,214,2292,12113271,0
5,1024,0,11.0228,214,2292,12113271,0
5,1024,0,11.0048,214,2292,12113271,0
5,1024,0,10.9529,214,2292,12113271,0
5,1024,0,10.988,214,2292,12113271,0
5,1024,0,10.9678,214,2292,12113271,0
5,1024,0,10.8595,214,2292,12113271,0
5,1024,0,11.0707,214,2292,12113271,0
5,1024,0,11.4511,214,2292,12113271,0
5,1024,0,11.5261,214,2292,12113271,0
5,1024,0,11.2854,214,2292,12113271,0
5,1024,0,11.1116,214,2292,12113271,0
5,1024,0,10.9313,214,2292,12113271,0
5,1024,0,11.1813,214,2292,12113271,0
5,1024,0,10.9076,214,2292,12113271,0
5,1024,0,11.0206,214,2292,12113271,0
5,1024,0,10.9455,214,2292,12113271,0
5,1024,0,10.8506,214,2292,12113271,0
5,1024,0,11.0861,214,2292,12113271,0
5,1024,0,11.9266,214,2292,12113271,0
5,1024,0,11.6731,214,2292,12113271,0
5,1024,0,11.3509,214,2292,12113271,0
5,1024,0,11.1023,214,2292,12113271,0
5,1024,0,11.104,214,2292,12113271,0
5,1024,0,10.9204,214,2292,12113271,0
5,1024,0,10.9003,214,2292,12113271,0
5,1024,0,11.0345,214,2292,12113271,0
5,1024,0,10.8211,214,2292,12113271,0
5,1024,0,11.5949,214,2292,12113271,0
5,1024,0,11.1442,214,2292,12113271,0
5,1024,0,11.0434,214,2292,12113271,0
5,1024,0,11.2126,214,2292,12113271,0
5,1024,0,10.9862,214,2292,12113271,0
5,1024,0,11.0019,214,2292,12113271,0
5,1024,0,11.8172,214,2292,12113271,0
5,1024,0,12.5608,214,2292,12113271,0
5,1024,0,11.6925,214,2292,12113271,0
5,1024,0,11.6574,214,2292,12113271,0
5,1024,0,11.1086,214,2292,12113271,0
5,1024,0,11.43,214,2292,12113271,0
5,1024,0,11.13,214,2292,12113271,0
5,1024,0,11.2295,214,2292,12113271,0
5,1024,0,11.3528,214,2292,12113271,0
5,1024,0,11.0631,214,2292,12113271,0
5,1024,0,10.8494,214,2292,12113271,0
5,1024,0,11.0098,214,2292,12113271,0
5,1024,0,11.1838,214,2292,12113271,0
5,1024,0,11.122,214,2292,12113271,0
5,1024,0,11.0652,214,2292,12113271,0
5,1024,0,11.1514,214,2292,12113271,0
5,1024,0,11.4607,214,2292,12113271,0
5,1024,0,10.7858,214,2292,12113271,0
5,1024,0,10.8976,214,2292,12113271,0
5,1024,0,10.8836,214,2292,12113271,0
5,1024,0,10.8762,214,2292,12113271,0
5,1024,0,11.4724,214,2292,12113271,0
5,1024,0,11.1926,214,2292,12113271,0
5,1024,0,10.9566,214,2292,12113271,0
5,1024,0,11.152,214,2292,12113271,0
5,1024,0,10.9033,214,2292,12113271,0
5,1024,0,10.9859,214,2292,12113271,0
5,1024,0,10.953,214,2292,12113271,0
5,1024,0,10.8226,214,2292,12113271,0
5,1024,0,11.287,214,2292,12113271,0
5,1024,0,11.3127,214,2292,12113271,0
6,1024,1,19.2629,2262,2292,12113271,0
6,1024,1,20.1152,2262,2292,12113271,0
6,1024,1,19.342,2262,2292,12113271,0
6,1024,1,20.7541,2262,2292,12113271,0
6,1024,1,19.5609,2262,2292,12113271,0
6,1024,1,19.193,2262,2292,12113271,0
6,1024,1,19.1498,2262,2292,12113271,0
6,1024,1,18.9074,2262,2292,12113271,0
6,1024,1,19.1412,2262,2292,12113271,0
6,1024,1,18.9341,2262,2292,12113271,0
6,1024,1,19.3338,2262,2292,12113271,0
6,1024,1,19.072,2262,2292,12113271,0
6,1024,1,18.4426,2262,2292,12113271,0
6,1024,1,19.4063,2262,2292,12113271,0
6,1024,1,19.4015,2262,2292,12113271,0
6,1024,1,19.6698,2262,2292,12113271,0
6,1024,1,19.0378,2262,2292,12113271,0
6,1024,1,20.2114,2262,2292,12113271,0
6,1024,1,18.4288,2262,2292,12113271,0
6,1024,1,19.5431,2262,2292,12113271,0
6,1024,1,19.4596,2262,2292,12113271,0
6,1024,1,19.3101,2262,2292,12113271,0
6,1024,1,19.1244,2262,2292,12113271,0
6,1024,1,18.9483,2262,2292,12113271,0
6,1024,1,20.1105,2262,2292,12113271,0
6,1024,1,19.9581,2262,2292,12113271,0
6,1024,1,20.2943,2262,2292,12113271,0
6,1024,1,19.1974,2262,2292,12113271,0
6,1024,1,18.9708,2262,2292,12113271,0
6,1024,1,19.303,2262,2292,12113271,0
6,1024,1,19.7372,2262,2292,12113271,0
6,1024,1,19.6629,2262,2292,12113271,0
6,1024,1,19.3089,2262,2292,12113271,0
6,1024,1,19.2871,2262,2292,12113271,0
6,1024,1,19.5191,2262,2292,12113271,0
6,1024,1,19.3339,2262,2292,12113271,0
6,1024,1,19.785,2262,2292,12113271,0
6,1024,1,19.4265,2262,2292,12113271,0
6,1024,1,19.5483,2262,2292,12113271,0
6,1024,1,19.0131,2262,2292,12113271,0
6,1024,1,19.39,2262,2292,12113271,0
6,1024,1,19.6827,2262,2292,12113271,0
6,1024,1,19.7434,2262,2292,12113271,0
6,1024,1,19.0113,2262,2292,12113271,0
6,1024,1,19.3905,2262,2292,12113271,0
6,1024,1,18.8741,2262,2292,12113271,0
6,1024,1,19.7225,2262,2292,12113271,0
6,1024,1,19.6198,2262,2292,12113271,0
6,1024,1,19.0505,2262,2292,12113271,0
6,1024,1,19.2942,2262,2292,12113271,0
6,1024,1,18.8818,2262,2292,12113271,0
6,1024,1,19.4774,2262,2292,12113271,0
6,1024,1,19.4182,2262,2292,12113271,0
6,1024,1,19.5116,2262,2292,12113271,0
6,1024,1,18.8235,2262,2292,12113271,0
6,1024,1,19.0152,2262,2292,12113271,0
6,1024,1,19.9837,2262,2292,12113271,0
6,1024,1,19.2782,2262,2292,12113271,0
6,1024,1,19.1376,2262,2292,12113271,0
6,1024,1,18.4189,2262,2292,12113271,0
6,1024,1,18.0497,2262,2292,12113271,0
6,1024,1,18.6659,2262,2292,12113271,0
6,1024,1,19.4483,2262,2292,12113271,0
6,1024,1,18.9875,2262,2292,12113271,0
6,1024,1,17.7212,2262,2292,12113271,0
6,1024,1,17.7306,2262,2292,12113271,0
6,1024,1,18.7111,2262,2292,12113271,0
6,1024,1,19.411,2262,2292,12113271,0
6,1024,1,19.1695,2262,2292,12113271,0
6,1024,1,19.1343,2262,2292,12113271,0
6,1024,1,19.5037,2262,2292,12113271,0
6,1024,1,19.699,2262,2292,12113271,0
6,1024,1,19.6488,2262,2292,12113271,0
6,1024,1,19.2549,2262,2292,12113271,0
6,1024,1,18.9776,2262,2292,12113271,0
6,1024,1,18.8145,2262,2292,12113271,0
6,1024,1,18.9702,2262,2292,12113271,0
6,1024,1,20.4165,2262,2292,12113271,0
6,1024,1,19.6017,2262,2292,12113271,0
6,1024,1,19.9842,2262,2292,12113271,0
6,1024,1,19.47,2262,2292,12113271,0
6,1024,1,18.9917,2262,2292,12113271,0
6,1024,1,18.4848,2262,2292,12113271,0
6,1024,1,19.4147,2262,2292,12113271,0
6,1024,1,20.4651,2262,2292,12113271,0
6,1024,1,19.1118,2262,2292,12113271,0
6,1024,1,18.6238,2262,2292,12113271,0
6,1024,1,18.6226,2262,2292,12113271,0
6,1024,1,18.9019,2262,2292,12113271,0
6,1024,1,20.6515,2262,2292,12113271,0
6,1024,1,19.1509,2262,2292,12113271,0
6,1024,1,19.2965,2262,2292,12113271,0
6,1024,1,19.0378,2262,2292,12113271,0
6,1024,1,19.0399,2262,2292,12113271,0
6,1024,1,19.4119,2262,2292,12113271,0
6,1024,1,19.1946,2262,2292,12113271,0
6,1024,1,19.2648,2262,2292,12113271,0
6,1024,1,19.2338,2262,2292,12113271,0
6,1024,1,18.7813,2262,2292,12113271,0
6,1024,1,20.4484,2262,2292,12113271,0
6,1024,1,19.3898,2262,2292,12113271,0
6,1024,1,19.3391,2262,2292,12113271,0
6,1024,1,19.1055,2262,2292,12113271,0
6,1024,1,18.8272,2262,2292,12113271,0
6,1024,1,18.9696,2262,2292,12113271,0
6,1024,1,19.7192,2262,2292,12113271,0
6,1024,1,19.1959,2262,2292,12113271,0
6,1024,1,19.5491,2262,2292,12113271,0
6,1024,1,19.2172,2262,2292,12113271,0
6,1024,1,19.5133,2262,2292,12113271,0
6,1024,1,19.284,2262,2292,12113271,0
6,1024,1,19.423,2262,2292,12113271,0
6,1024,1,19.5931,2262,2292,12113271,0
6,1024,1,19.4227,2262,2292,12113271,0
6,1024,1,19.6153,2262,2292,12113271,0
6,1024,1,19.9431,2262,2292,12113271,0
6,1024,1,19.5716,2262,2292,12113271,0
6,1024,1,19.249,2262,2292,12113271,0
6,1024,1,19.1287,2262,2292,12113271,0
6,1024,1,19.0486,2262,2292,12113271,0
6,1024,1,19.3839,2262,2292,12113271,0
6,1024,1,19.4766,2262,2292,12113271,0
6,1024,1,19.1245,2262,2292,12113271,0
6,1024,1,19.8024,2262,2292,12113271,0
6,1024,1,19.1869,2262,2292,12113271,0
6,1024,1,18.8351,2262,2292,12113271,0
6,1024,1,20.0144,2262,2292,12113271,0
6,1024,1,19.6544,2262,2292,12113271,0
6,1024,1,20.2156,2262,2292,12113271,0
6,1024,1,19.8883,2262,2292,12113271,0
6,1024,1,19.0352,2262,2292,12113271,0
6,1024,1,20.0942,2262,2292,12113271,0
6,1024,1,19.0684,2262,2292,12113271,0
6,1024,1,19.0677,2262,2292,12113271,0
6,1024,1,18.7281,2262,2292,12113271,0
6,1024,1,18.6539,2262,2292,12113271,0
6,1024,1,17.6262,2262,2292,12113271,0
6,1024,1,18.9395,2262,2292,12113271,0
6,1024,1,18.6286,2262,2292,12113271,0
6,1024,1,19.1409,2262,2292,12113271,0
6,1024,1,19.1513,2262,2292,12113271,0
6,1024,1,19.7688,2262,2292,12113271,0
6,1024,1,19.4808,2262,2292,12113271,0
6,1024,1,19.2381,2262,2292,12113271,0
6,1024,1,19.098,2262,2292,12113271,0
6,1024,1,19.2875,2262,2292,12113271,0
6,1024,1,19.0506,2262,2292,12113271,0
6,1024,1,19.1116,2262,2292,12113271,0
6,1024,1,19.151,2262,2292,12113271,0
6,1024,1,19.259,2262,2292,12113271,0
6,1024,1,19.192,2262,2292,12113271,0
6,1024,1,18.9441,2262,2292,12113271,0
6,1024,1,18.3688,2262,2292,12113271,0
6,1024,1,18.9702,2262,2292,12113271,0
6,1024,1,19.295,2262,2292,12113271,0
6,1024,1,20.3051,2262,2292,12113271,0
6,1024,1,19.278,2262,2292,12113271,0
6,1024,1,18.3092,2262,2292,12113271,0
6,1024,1,19.34,2262,2292,12113271,0
6,1024,1,19.2327,2262,2292,12113271,0
6,1024,1,18.5122,2262,2292,12113271,0
6,1024,1,19.5696,2262,2292,12113271,0
6,1024,1,19.1341,2262,2292,12113271,0
6,1024,1,19.2151,2262,2292,12113271,0
6,1024,1,19.5754,2262,2292,12113271,0
6,1024,1,19.1504,2262,2292,12113271,0
6,1024,1,18.7985,2262,2292,12113271,0
6,1024,1,18.9304,2262,2292,12113271,0
6,1024,1,18.6176,2262,2292,12113271,0
6,1024,1,19.6457,2262,2292,12113271,0
6,1024,1,19.5953,2262,2292,12113271,0
6,1024,1,19.0207,2262,2292,12113271,0
6,1024,1,19.1024,2262,2292,12113271,0
6,1024,1,19.2565,2262,2292,12113271,0
6,1024,1,18.4798,2262,2292,12113271,0
6,1024,1,19.5495,2262,2292,12113271,0
6,1024,1,19.2831,2262,2292,12113271,0
6,1024,1,18.987,2262,2292,12113271,0
6,1024,1,19.2514,2262,2292,12113271,0
6,1024,1,18.756,2262,2292,12113271,0
6,1024,1,20.0823,2262,2292,12113271,0
6,1024,1,20.1438,2262,2292,12113271,0
6,1024,1,20.0486,2262,2292,12113271,0
6,1024,1,20.6849,2262,2292,12113271,0
6,1024,1,20.2951,2262,2292,12113271,0
6,1024,1,19.624,2262,2292,12113271,0
6,1024,1,19.0141,2262,2292,12113271,0
6,1024,1,19.5528,2262,2292,12113271,0
6,1024,1,19.8894,2262,2292,12113271,0
6,1024,1,19.1908,2262,2292,12113271,0
6,1024,1,19.2578,2262,2292,12113271,0
6,1024,1,18.8719,2262,2292,12113271,0
6,1024,1,18.7285,2262,2292,12113271,0
6,1024,1,19.4184,2262,2292,12113271,0
6,1024,1,19.1309,2262,2292,12113271,0
6,1024,1,19.9348,2262,2292,12113271,0
6,1024,1,20.417,2262,2292,12113271,0
6,1024,1,18.5683,2262,2292,12113271,0
6,1024,1,19.4908,2262,2292,12113271,0
6,1024,1,19.449,2262,2292,12113271,0
6,1024,1,19.1052,2262,2292,12113271,0
6,1024,1,19.3544,2262,2292,12113271,0
6,1024,1,18.9794,2262,2292,12113271,0
6,1024,1,19.4195,2262,2292,12113271,0
6,1024,1,18.7014,2262,2292,12113271,0
6,1024,1,18.5416,2262,2292,12113271,0
6,1024,1,18.3577,2262,2292,12113271,0
6,1024,1,19.916,2262,2292,12113271,0
6,1024,1,18.8127,2262,2292,12113271,0
6,1024,1,19.94,2262,2292,12113271,0
6,1024,1,19.3895,2262,2292,12113271,0
6,1024,1,20.258,2262,2292,12113271,0
6,1024,1,20.4212,2262,2292,12113271,0
6,1024,1,19.1489,2262,2292,12113271,0
6,1024,1,19.0754,2262,2292,12113271,0
6,1024,1,19.7152,2262,2292,12113271,0
6,1024,1,19.0578,2262,2292,12113271,0
6,1024,1,19.4734,2262,2292,12113271,0
6,1024,1,20.0203,2262,2292,12113271,0
6,1024,1,19.651,2262,2292,12113271,0
6,1024,1,18.8355,2262,2292,12113271,0
6,1024,1,20.2057,2262,2292,12113271,0
6,1024,1,19.2513,2262,2292,12113271,0
6,1024,1,19.3736,2262,2292,12113271,0
6,1024,1,19.4175,2262,2292,12113271,0
6,1024,1,19.3315,2262,2292,12113271,0
6,1024,1,19.3165,2262,2292,12113271,0
6,1024,1,19.4503,2262,2292,12113271,0
6,1024,1,19.2179,2262,2292,12113271,0
6,1024,1,19.0328,2262,2292,12113271,0
6,1024,1,19.2784,2262,2292,12113271,0
6,1024,1,18.382,2262,2292,12113271,0
6,1024,1,19.8525,2262,2292,12113271,0
6,1024,1,19.3562,2262,2292,12113271,0
6,1024,1,19.0069,2262,2292,12113271,0
6,1024,1,20.1389,2262,2292,12113271,0
6,1024,1,19.636,2262,2292,12113271,0
6,1024,1,20.134,2262,2292,12113271,0
6,1024,1,19.7316,2262,2292,12113271,0
6,1024,1,19.8392,2262,2292,12113271,0
6,1024,1,19.1214,2262,2292,12113271,0
6,1024,1,19.2175,2262,2292,12113271,0
6,1024,1,19.4483,2262,2292,12113271,0
6,1024,1,19.2145,2262,2292,12113271,0
6,1024,1,20.3371,2262,2292,12113271,0
6,1024,1,20.6509,2262,2292,12113271,0
6,1024,1,19.9003,2262,2292,12113271,0
6,1024,1,22.8399,2262,2292,12113271,0
6,1024,1,21.4791,2262,2292,12113271,0
6,1024,1,20.9161,2262,2292,12113271,0
6,1024,1,20.1623,2262,2292,12113271,0
6,1024,1,19.5124,2262,2292,12113271,0
6,1024,1,19.0912,2262,2292,12113271,0
6,1024,1,19.7834,2262,2292,12113271,0
6,1024,1,19.5176,2262,2292,12113271,0
6,1024,1,18.9698,2262,2292,12113271,0
6,1024,1,19.0606,2262,2292,12113271,0
6,1024,1,18.9115,2262,2292,12113271,0
6,1024,1,19.3042,2262,2292,12113271,0
6,1024,1,19.6716,2262,2292,12113271,0
6,1024,1,19.763,2262,2292,12113271,0
6,1024,1,19.3443,2262,2292,12113271,0
6,1024,1,20.1928,2262,2292,12113271,0
6,1024,1,19.7236,2262,2292,12113271,0
6,1024,1,19.8983,2262,2292,12113271,0
6,1024,1,19.3134,2262,2292,12113271,0
6,1024,1,19.2514,2262,2292,12113271,0
6,1024,1,18.9484,2262,2292,12113271,0
6,1024,1,18.9657,2262,2292,12113271,0
6,1024,1,20.13,2262,2292,12113271,0
6,1024,1,19.3992,2262,2292,12113271,0
6,1024,1,19.1516,2262,2292,12113271,0
6,1024,1,19.1903,2262,2292,12113271,0
6,1024,1,18.8789,2262,2292,12113271,0
6,1024,1,19.3923,2262,2292,12113271,0
6,1024,1,19.5044,2262,2292,12113271,0
6,1024,1,18.6169,2262,2292,12113271,0
6,1024,1,18.3814,2262,2292,12113271,0
6,1024,1,19.1062,2262,2292,12113271,0
6,1024,1,19.3732,2262,2292,12113271,0
6,1024,1,19.4517,2262,2292,12113271,0
6,1024,1,18.4633,2262,2292,12113271,0
6,1024,1,18.6053,2262,2292,12113271,0
6,1024,1,18.966,2262,2292,12113271,0
6,1024,1,22.2779,2262,2292,12113271,0
6,1024,1,20.5691,2262,2292,12113271,0
6,1024,1,19.1685,2262,2292,12113271,0
6,1024,1,18.6504,2262,2292,12113271,0
6,1024,1,19.2068,2262,2292,12113271,0
6,1024,1,19.2142,2262,2292,12113271,0
6,1024,1,20.6503,2262,2292,12113271,0
6,1024,1,19.5103,2262,2292,12113271,0
6,1024,1,19.0389,2262,2292,12113271,0
6,1024,1,19.0555,2262,2292,12113271,0
6,1024,1,19.2792,2262,2292,12113271,0
6,1024,1,18.6137,2262,2292,12113271,0
6,1024,1,18.8001,2262,2292,12113271,0
6,1024,1,20.0447,2262,2292,12113271,0
6,1024,1,19.4185,2262,2292,12113271,0
6,1024,1,18.9517,2262,2292,12113271,0
6,1024,1,18.8563,2262,2292,12113271,0
6,1024,1,18.9432,2262,2292,12113271,0
6,1024,1,21.7442,2262,2292,12113271,0
6,1024,1,19.7393,2262,2292,12113271,0
6,1024,1,18.772,2262,2292,12113271,0
6,1024,1,19.1772,2262,2292,12113271,0
6,1024,1,19.2421,2262,2292,12113271,0
6,1024,1,18.9647,2262,2292,12113271,0
6,1024,1,19.0901,2262,2292,12113271,0
6,1024,1,18.8657,2262,2292,12113271,0
6,1024,1,18.9908,2262,2292,12113271,0
7,128,1,4.2995,470,500,2431095,0
7,128,1,4.2605,470,500,2431095,0
7,128,1,4.6847,470,500,2431095,0
7,128,1,4.335,470,500,2431095,0
7,128,1,5.0067,470,500,2431095,0
7,128,1,5.0917,470,500,2431095,0
7,128,1,4.7931,470,500,2431095,0
7,128,1,4.3756,470,500,2431095,0
7,128,1,4.7392,470,500,2431095,0
7,128,1,4.6734,470,500,2431095,0
7,128,1,4.3516,470,500,2431095,0
7,128,1,4.439,470,500,2431095,0
7,128,1,3.8446,470,500,2431095,0
7,128,1,4.1869,470,500,2431095,0
7,128,1,4.4553,470,500,2431095,0
7,128,1,4.1941,470,500,2431095,0
7,128,1,4.4706,470,500,2431095,0
7,128,1,4.3016,470,500,2431095,0
7,128,1,4.6001,470,500,2431095,0
7,128,1,4.3924,470,500,2431095,0
7,128,1,4.6064,470,500,2431095,0
7,128,1,4.3169,470,500,2431095,0
7,128,1,4.52,470,500,2431095,0
7,128,1,4.4592,470,500,2431095,0
7,128,1,4.2687,470,500,2431095,0
7,128,1,4.0932,470,500,2431095,0
7,128,1,4.282,470,500,2431095,0
7,128,1,4.2512,470,500,2431095,0
7,128,1,4.487,470,500,2431095,0
7,128,1,4.2628,470,500,2431095,0
7,128,1,4.2798,470,500,2431095,0
7,128,1,4.3774,470,500,2431095,0
7,128,1,4.2037,470,500,2431095,0
7,128,1,4.4823,470,500,2431095,0
7,128,1,4.4965,470,500,2431095,0
7,128,1,4.3054,470,500,2431095,0
7,128,1,4.4088,470,500,2431095,0
7,128,1,4.1713,470,500,2431095,0
7,128,1,4.3141,470,500,2431095,0
7,128,1,4.3834,470,500,2431095,0
7,128,1,4.327,470,500,2431095,0
7,128,1,5.2832,470,500,2431095,0
7,128,1,5.2064,470,500,2431095,0
7,128,1,4.7645,470,500,2431095,0
7,128,1,4.4822,470,500,2431095,0
7,128,1,4.1523,470,500,2431095,0
7,128,1,3.9354,470,500,2431095,0
7,128,1,4.0536,470,500,2431095,0
7,128,1,4.6251,470,500,2431095,0
7,128,1,4.3748,470,500,2431095,0
7,128,1,4.7597,470,500,2431095,0
7,128,1,4.2738,470,500,2431095,0
7,128,1,4.2616,470,500,2431095,0
7,128,1,4.2815,470,500,2431095,0
7,128,1,4.113,470,500,2431095,0
7,128,1,4.3936,470,500,2431095,0
7,128,1,4.1299,470,500,2431095,0
7,128,1,4.0917,470,500,2431095,0
7,128,1,4.1873,470,500,2431095,0
7,128,1,4.3502,470,500,2431095,0
7,128,1,5.1476,470,500,2431095,0
7,128,1,5.1779,470,500,2431095,0
7,128,1,4.5309,470,500,2431095,0
7,128,1,4.5252,470,500,2431095,0
7,128,1,4.7116,470,500,2431095,0
7,128,1,4.5579,470,500,2431095,0
7,128,1,4.2048,470,500,2431095,0
7,128,1,4.345,470,500,2431095,0
7,128,1,4.4768,470,500,2431095,0
7,128,1,4.1455,470,500,2431095,0
7,128,1,4.3557,470,500,2431095,0
7,128,1,4.237,470,500,2431095,0
7,128,1,4.3488,470,500,2431095,0
7,128,1,4.3651,470,500,2431095,0
7,128,1,4.1647,470,500,2431095,0
7,128,1,4.2239,470,500,2431095,0
7,128,1,4.1534,470,500,2431095,0
7,128,1,4.2051,470,500,2431095,0
7,128,1,3.9377,470,500,2431095,0
7,128,1,4.1676,470,500,2431095,0
7,128,1,4.277,470,500,2431095,0
7,128,1,4.3791,470,500,2431095,0
7,128,1,4.3324,470,500,2431095,0
7,128,1,4.6566,470,500,2431095,0
7,128,1,4.7783,470,500,2431095,0
7,128,1,4.1701,470,500,2431095,0
7,128,1,4.0671,470,500,2431095,0
7,128,1,4.3872,470,500,2431095,0
7,128,1,4.7334,470,500,2431095,0
7,128,1,4.5389,470,500,2431095,0
7,128,1,4.2849,470,500,2431095,0
7,128,1,4.5996,470,500,2431095,0
7,128,1,4.2842,470,500,2431095,0
7,128,1,4.14,470,500,2431095,0
7,128,1,4.4788,470,500,2431095,0
7,128,1,3.9188,470,500,2431095,0
7,128,1,4.2161,470,500,2431095,0
7,128,1,3.8821,470,500,2431095,0
7,128,1,4.2023,470,500,2431095,0
7,128,1,4.0721,470,500,2431095,0
7,128,1,4.3212,470,500,2431095,0
7,128,1,4.5163,470,500,2431095,0
7,128,1,4.3117,470,500,2431095,0
7,128,1,4.1284,470,500,2431095,0
7,128,1,4.2716,470,500,2431095,0
7,128,1,4.284,470,500,2431095,0
7,128,1,5.0851,470,500,2431095,0
7,128,1,5.113,470,500,2431095,0
7,128,1,5.2809,470,500,2431095,0
7,128,1,4.7932,470,500,2431095,0
7,128,1,4.7166,470,500,2431095,0
7,128,1,4.2631,470,500,2431095,0
7,128,1,4.4932,470,500,2431095,0
7,128,1,4.7774,470,500,2431095,0
7,128,1,4.3384,470,500,2431095,0
7,128,1,4.2473,470,500,2431095,0
7,128,1,4.4365,470,500,2431095,0
7,128,1,4.0755,470,500,2431095,0
7,128,1,4.056,470,500,2431095,0
7,128,1,4.4433,470,500,2431095,0
7,128,1,4.5023,470,500,2431095,0
7,128,1,4.0585,470,500,2431095,0
7,128,1,4.907,470,500,2431095,0
7,128,1,4.0805,470,500,2431095,0
7,128,1,6.0563,470,500,2431095,0
7,128,1,4.8171,470,500,2431095,0
7,128,1,4.7458,470,500,2431095,0
7,128,1,4.2207,470,500,2431095,0
7,128,1,4.7296,470,500,2431095,0
7,128,1,4.4485,470,500,2431095,0
7,128,1,4.1236,470,500,2431095,0
7,128,1,4.2172,470,500,2431095,0
7,128,1,4.3308,470,500,2431095,0
7,128,1,4.6769,470,500,2431095,0
7,128,1,4.286,470,500,2431095,0
7,128,1,4.9365,470,500,2431095,0
7,128,1,4.7964,470,500,2431095,0
7,128,1,4.6707,470,500,2431095,0
7,128,1,4.276,470,500,2431095,0
7,128,1,4.1917,470,500,2431095,0
7,128,1,4.7051,470,500,2431095,0
7,128,1,4.3013,470,500,2431095,0
7,128,1,4.4786,470,500,2431095,0
7,128,1,4.3635,470,500,2431095,0
7,128,1,4.1478,470,500,2431095,0
7,128,1,3.8972,470,500,2431095,0
7,128,1,4.6946,470,500,2431095,0
7,128,1,4.253,470,500,2431095,0
7,128,1,4.2022,470,500,2431095,0
7,128,1,4.2742,470,500,2431095,0
7,128,1,4.4622,470,500,2431095,0
7,128,1,4.1511,470,500,2431095,0
7,128,1,4.634,470,500,2431095,0
7,128,1,4.3966,470,500,2431095,0
7,128,1,5.1849,470,500,2431095,0
7,128,1,4.2983,470,500,2431095,0
7,128,1,4.9972,470,500,2431095,0
7,128,1,4.5048,470,500,2431095,0
7,128,1,4.789,470,500,2431095,0
7,128,1,4.6942,470,500,2431095,0
7,128,1,4.1155,470,500,2431095,0
7,128,1,4.2185,470,500,2431095,0
7,128,1,4.3817,470,500,2431095,0
7,128,1,4.1801,470,500,2431095,0
7,128,1,4.2673,470,500,2431095,0
7,128,1,4.2657,470,500,2431095,0
7,128,1,5.602,470,500,2431095,0
7,128,1,4.687,470,500,2431095,0
7,128,1,4.278,470,500,2431095,0
7,128,1,4.7474,470,500,2431095,0
7,128,1,4.5646,470,500,2431095,0
7,128,1,4.8403,470,500,2431095,0
7,128,1,4.3306,470,500,2431095,0
7,128,1,4.492,470,500,2431095,0
7,128,1,4.9814,470,500,2431095,0
7,128,1,4.7719,470,500,2431095,0
7,128,1,4.5186,470,500,2431095,0
7,128,1,4.2524,470,500,2431095,0
7,128,1,4.486,470,500,2431095,0
7,128,1,5.0407,470,500,2431095,0
7,128,1,4.9091,470,500,2431095,0
7,128,1,4.9073,470,500,2431095,0
7,128,1,4.2774,470,500,2431095,0
7,128,1,4.3763,470,500,2431095,0
7,128,1,4.204,470,500,2431095,0
7,128,1,4.2915,470,500,2431095,0
7,128,1,4.3475,470,500,2431095,0
7,128,1,4.2924,470,500,2431095,0
7,128,1,4.4027,470,500,2431095,0
7,128,1,4.3576,470,500,2431095,0
7,128,1,4.3931,470,500,2431095,0
7,128,1,4.5194,470,500,2431095,0
7,128,1,4.9595,470,500,2431095,0
7,128,1,4.5098,470,500,2431095,0
7,128,1,4.4146,470,500,2431095,0
7,128,1,4.5963,470,500,2431095,0
7,128,1,4.4352,470,500,2431095,0
7,128,1,4.2493,470,500,2431095,0
7,128,1,4.4016,470,500,2431095,0
7,128,1,4.1051,470,500,2431095,0
7,128,1,4.3298,470,500,2431095,0
7,128,1,4.2473,470,500,2431095,0
7,128,1,4.5672,470,500,2431095,0
7,128,1,4.126,470,500,2431095,0
7,128,1,4.8091,470,500,2431095,0
7,128,1,4.6097,470,500,2431095,0
7,128,1,4.3936,470,500,2431095,0
7,128,1,4.348,470,500,2431095,0
7,128,1,4.4004,470,500,2431095,0
7,128,1,4.1767,470,500,2431095,0
7,128,1,4.1758,470,500,2431095,0
7,128,1,4.3662,470,500,2431095,0
7,128,1,4.3093,470,500,2431095,0
7,128,1,4.3068,470,500,2431095,0
7,128,1,4.094,470,500,2431095,0
7,128,1,4.2152,470,500,2431095,0
7,128,1,4.3456,470,500,2431095,0
7,128,1,4.3517,470,500,2431095,0
7,128,1,4.9947,470,500,2431095,0
7,128,1,4.7312,470,500,2431095,0
7,128,1,4.9088,470,500,2431095,0
7,128,1,4.5819,470,500,2431095,0
7,128,1,5.0713,470,500,2431095,0
7,128,1,4.8528,470,500,2431095,0
7,128,1,4.1971,470,500,2431095,0
7,128,1,4.3783,470,500,2431095,0
7,128,1,4.3699,470,500,2431095,0
7,128,1,4.7999,470,500,2431095,0
7,128,1,4.6612,470,500,2431095,0
7,128,1,4.6544,470,500,2431095,0
7,128,1,4.3755,470,500,2431095,0
7,128,1,4.3133,470,500,2431095,0
7,128,1,4.3544,470,500,2431095,0
7,128,1,4.4897,470,500,2431095,0
7,128,1,4.2359,470,500,2431095,0
7,128,1,4.4153,470,500,2431095,0
7,128,1,4.2453,470,500,2431095,0
7,128,1,4.2823,470,500,2431095,0
7,128,1,4.5202,470,500,2431095,0
7,128,1,4.3219,470,500,2431095,0
7,128,1,4.508,470,500,2431095,0
7,128,1,4.6323,470,500,2431095,0
7,128,1,4.3461,470,500,2431095,0
7,128,1,4.3298,470,500,2431095,0
7,128,1,4.4034,470,500,2431095,0
7,128,1,4.572,470,500,2431095,0
7,128,1,4.3746,470,500,2431095,0
7,128,1,4.3208,470,500,2431095,0
7,128,1,4.3219,470,500,2431095,0
7,128,1,4.2951,470,500,2431095,0
7,128,1,4.7294,470,500,2431095,0
7,128,1,4.3976,470,500,2431095,0
7,128,1,4.4638,470,500,2431095,0
7,128,1,4.2524,470,500,2431095,0
7,128,1,4.3713,470,500,2431095,0
7,128,1,4.1376,470,500,2431095,0
7,128,1,4.2634,470,500,2431095,0
7,128,1,4.3061,470,500,2431095,0
7,128,1,4.4199,470,500,2431095,0
7,128,1,4.6056,470,500,2431095,0
7,128,1,4.4545,470,500,2431095,0
7,128,1,4.6151,470,500,2431095,0
7,128,1,4.834,470,500,2431095,0
7,128,1,4.7499,470,500,2431095,0
7,128,1,5.837,470,500,2431095,0
7,128,1,5.0051,470,500,2431095,0
7,128,1,4.6835,470,500,2431095,0
7,128,1,4.3241,470,500,2431095,0
7,128,1,4.537,470,500,2431095,0
7,128,1,4.3077,470,500,2431095,0
7,128,1,4.3377,470,500,2431095,0
7,128,1,4.3212,470,500,2431095,0
7,128,1,4.5606,470,500,2431095,0
7,128,1,5.0554,470,500,2431095,0
7,128,1,4.6371,470,500,2431095,0
7,128,1,4.2185,470,500,2431095,0
7,128,1,4.7222,470,500,2431095,0
7,128,1,4.5522,470,500,2431095,0
7,128,1,4.2913,470,500,2431095,0
7,128,1,4.4873,470,500,2431095,0
7,128,1,4.45,470,500,2431095,0
7,128,1,4.7522,470,500,2431095,0
7,128,1,5.6099,470,500,2431095,0
7,128,1,5.0199,470,500,2431095,0
7,128,1,4.419,470,500,2431095,0
7,128,1,4.2889,470,500,2431095,0
7,128,1,4.4896,470,500,2431095,0
7,128,1,4.3661,470,500,2431095,0
7,128,1,4.161,470,500,2431095,0
7,128,1,4.3618,470,500,2431095,0
7,128,1,4.3997,470,500,2431095,0
7,128,1,4.1256,470,500,2431095,0
7,128,1,4.251,470,500,2431095,0
7,128,1,4.2078,470,500,2431095,0
7,128,1,4.1127,470,500,2431095,0
7,128,1,4.4582,470,500,2431095,0
7,128,1,4.7236,470,500,2431095,0
7,128,1,4.3729,470,500,2431095,0
7,128,1,4.9336,470,500,2431095,0
7,128,1,4.8159,470,500,2431095,0
7,128,1,4.4898,470,500,2431095,0
7,128,1,4.3885,470,500,2431095,0
7,128,1,4.3424,470,500,2431095,0
7,128,1,4.0192,470,500,2431095,0
7,128,1,4.4499,470,500,2431095,0
7,128,1,4.3822,470,500,2431095,0
7,128,1,4.4492,470,500,2431095,0
7,128,1,5.4037,470,500,2431095,0
7,128,1,4.4813,470,500,2431095,0
7,128,1,4.6247,470,500,2431095,0
7,128,1,4.266,470,500,2431095,0
7,128,1,4.3416,470,500,2431095,0
7,128,1,4.4202,470,500,2431095,0
7,128,1,4.5844,470,500,2431095,0
7,128,1,4.2288,470,500,2431095,0
7,128,1,4.3443,470,500,2431095,0
7,128,1,4.3142,470,500,2431095,0
7,128,1,4.2106,470,500,2431095,0
7,128,1,4.2837,470,500,2431095,0
7,128,1,4.7055,470,500,2431095,0
7,128,1,4.567,470,500,2431095,0
7,128,1,4.3956,470,500,2431095,0
7,128,1,4.1965,470,500,2431095,0
7,128,1,4.3806,470,500,2431095,0
7,128,1,4.8174,470,500,2431095,0
7,128,1,4.357,470,500,2431095,0
7,128,1,4.3056,470,500,2431095,0
7,128,1,4.2896,470,500,2431095,0
7,128,1,4.2634,470,500,2431095,0
7,128,1,4.4029,470,500,2431095,0
7,128,1,4.513,470,500,2431095,0
7,128,1,5.3709,470,500,2431095,0
7,128,1,4.7899,470,500,2431095,0
7,128,1,4.4448,470,500,2431095,0
7,128,1,4.3978,470,500,2431095,0
7,128,1,4.4975,470,500,2431095,0
7,128,1,4.335,470,500,2431095,0
7,128,1,4.3368,470,500,2431095,0
7,128,1,4.2749,470,500,2431095,0
7,128,1,4.4353,470,500,2431095,0
7,128,1,4.2044,470,500,2431095,0
7,128,1,4.1878,470,500,2431095,0
7,128,1,4.709,470,500,2431095,0
7,128,1,4.6752,470,500,2431095,0
7,128,1,4.198,470,500,2431095,0
7,128,1,4.2229,470,500,2431095,0
7,128,1,4.2788,470,500,2431095,0
7,128,1,4.3132,470,500,2431095,0
7,128,1,4.2363,470,500,2431095,0
7,128,1,4.9564,470,500,2431095,0
7,128,1,4.6083,470,500,2431095,0
7,128,1,4.4875,470,500,2431095,0
7,128,1,4.5434,470,500,2431095,0
7,128,1,4.524,470,500,2431095,0
7,128,1,4.278,470,500,2431095,0
7,128,1,4.5432,470,500,2431095,0
7,128,1,4.29,470,500,2431095,0
7,128,1,4.2339,470,500,2431095,0
7,128,1,4.4389,470,500,2431095,0
7,128,1,4.2996,470,500,2431095,0
7,128,1,4.2517,470,500,2431095,0
7,128,1,4.3855,470,500,2431095,0
7,128,1,4.088,470,500,2431095,0
7,128,1,4.3675,470,500,2431095,0
7,128,1,4.2921,470,500,2431095,0
7,128,1,4.3189,470,500,2431095,0
7,128,1,4.5003,470,500,2431095,0
7,128,1,4.4481,470,500,2431095,0
7,128,1,4.4997,470,500,2431095,0
7,128,1,4.3458,470,500,2431095,0
7,128,1,4.359,470,500,2431095,0
7,128,1,4.2959,470,500,2431095,0
7,128,1,4.2126,470,500,2431095,0
7,128,1,4.3234,470,500,2431095,0
7,128,1,4.2248,470,500,2431095,0
7,128,1,4.5841,470,500,2431095,0
7,128,1,4.4363,470,500,2431095,0
7,128,1,4.4559,470,500,2431095,0
7,128,1,4.3687,470,500,2431095,0
7,128,1,4.4654,470,500,2431095,0
7,128,1,3.8128,470,500,2431095,0
7,128,1,3.9352,470,500,2431095,0
7,128,1,5.2438,470,500,2431095,0
7,128,1,4.7917,470,500,2431095,0
7,128,1,4.9339,470,500,2431095,0
7,128,1,5.1184,470,500,2431095,0
7,128,1,4.3248,470,500,2431095,0
7,128,1,4.5494,470,500,2431095,0
7,128,1,4.4549,470,500,2431095,0
7,128,1,4.7946,470,500,2431095,0
7,128,1,5.8109,470,500,2431095,0
7,128,1,4.7331,470,500,2431095,0
7,128,1,4.2019,470,500,2431095,0
7,128,1,4.1231,470,500,2431095,0
7,128,1,4.444,470,500,2431095,0
7,128,1,4.4843,470,500,2431095,0
7,128,1,4.7945,470,500,2431095,0
7,128,1,4.8534,470,500,2431095,0
7,128,1,4.3114,470,500,2431095,0
7,128,1,4.711,470,500,2431095,0
7,128,1,4.2791,470,500,2431095,0
7,128,1,4.4597,470,500,2431095,0
7,128,1,5.9458,470,500,2431095,0
7,128,1,5.3361,470,500,2431095,0
7,128,1,4.55,470,500,2431095,0
7,128,1,4.4075,470,500,2431095,0
7,128,1,4.4783,470,500,2431095,0
7,128,1,3.9301,470,500,2431095,0
7,128,1,4.2809,470,500,2431095,0
7,128,1,4.1541,470,500,2431095,0
7,128,1,4.2427,470,500,2431095,0
7,128,1,4.1692,470,500,2431095,0
7,128,1,4.7092,470,500,2431095,0
7,128,1,4.783,470,500,2431095,0
7,128,1,4.5209,470,500,2431095,0
7,128,1,5.2546,470,500,2431095,0
7,128,1,4.877,470,500,2431095,0
7,128,1,5.0445,470,500,2431095,0
7,128,1,5.7697,470,500,2431095,0
7,128,1,4.7859,470,500,2431095,0
7,128,1,4.2367,470,500,2431095,0
7,128,1,4.4224,470,500,2431095,0
7,128,1,4.3046,470,500,2431095,0
7,128,1,4.3147,470,500,2431095,0
7,128,1,4.5674,470,500,2431095,0
7,128,1,5.3726,470,500,2431095,0
7,128,1,4.7818,470,500,2431095,0
7,128,1,4.6214,470,500,2431095,0
7,128,1,5.8148,470,500,2431095,0
7,128,1,6.1357,470,500,2431095,0
7,128,1,4.4577,470,500,2431095,0
7,128,1,4.5184,470,500,2431095,0
7,128,1,4.3515,470,500,2431095,0
7,128,1,4.2642,470,500,2431095,0
7,128,1,4.4529,470,500,2431095,0
7,128,1,4.6083,470,500,2431095,0
7,128,1,4.4509,470,500,2431095,0
7,128,1,4.3067,470,500,2431095,0
7,128,1,3.9603,470,500,2431095,0
7,128,1,4.348,470,500,2431095,0
7,128,1,4.1763,470,500,2431095,0
7,128,1,4.3214,470,500,2431095,0
7,128,1,4.3641,470,500,2431095,0
7,128,1,4.2099,470,500,2431095,0
7,128,1,4.4678,470,500,2431095,0
7,128,1,4.2625,470,500,2431095,0
7,128,1,4.8227,470,500,2431095,0
7,128,1,4.4776,470,500,2431095,0
7,128,1,4.6328,470,500,2431095,0
7,128,1,4.3836,470,500,2431095,0
7,128,1,4.2036,470,500,2431095,0
7,128,1,5.9251,470,500,2431095,0
7,128,1,4.4148,470,500,2431095,0
7,128,1,4.3586,470,500,2431095,0
7,128,1,4.2641,470,500,2431095,0
7,128,1,4.3318,470,500,2431095,0
7,128,1,4.1031,470,500,2431095,0
7,128,1,4.2869,470,500,2431095,0
7,128,1,5.2741,470,500,2431095,0
7,128,1,4.408,470,500,2431095,0
7,128,1,4.4077,470,500,2431095,0
7,128,1,4.3802,470,500,2431095,0
7,128,1,4.1732,470,500,2431095,0
7,128,1,4.5487,470,500,2431095,0
7,128,1,4.3763,470,500,2431095,0
7,128,1,4.1856,470,500,2431095,0
7,128,1,4.2687,470,500,2431095,0
7,128,1,4.8045,470,500,2431095,0
7,128,1,4.4638,470,500,2431095,0
7,128,1,4.326,470,500,2431095,0
7,128,1,4.6514,470,500,2431095,0
7,128,1,4.3011,470,500,2431095,0
7,128,1,4.4562,470,500,2431095,0
7,128,1,4.2129,470,500,2431095,0
7,128,1,4.4049,470,500,2431095,0
7,128,1,4.2429,470,500,2431095,0
7,128,1,4.2352,470,500,2431095,0
7,128,1,4.087,470,500,2431095,0
7,128,1,4.0797,470,500,2431095,0
7,128,1,3.9463,470,500,2431095,0
7,128,1,3.7443,470,500,2431095,0
7,128,1,4.3293,470,500,2431095,0
7,128,1,5.2344,470,500,2431095,0
7,128,1,4.185,470,500,2431095,0
7,128,1,4.4002,470,500,2431095,0
7,128,1,4.4239,470,500,2431095,0
7,128,1,4.5167,470,500,2431095,0
7,128,1,4.2947,470,500,2431095,0
7,128,1,4.6646,470,500,2431095,0
7,128,1,4.3485,470,500,2431095,0
7,128,1,3.9903,470,500,2431095,0
7,128,1,4.3455,470,500,2431095,0
7,128,1,4.4498,470,500,2431095,0
7,128,1,4.1075,470,500,2431095,0
7,128,1,4.0207,470,500,2431095,0
7,128,1,4.2553,470,500,2431095,0
7,128,1,4.3995,470,500,2431095,0
7,128,1,4.256,470,500,2431095,0
7,128,1,4.2738,470,500,2431095,0
7,128,1,4.3258,470,500,2431095,0
7,128,1,4.4991,470,500,2431095,0
7,128,1,4.0789,470,500,2431095,0
7,128,1,4.0579,470,500,2431095,0
7,128,1,4.6511,470,500,2431095,0
7,128,1,4.215,470,500,2431095,0
7,128,1,4.8888,470,500,2431095,0
7,128,1,4.9884,470,500,2431095,0
7,128,1,4.2195,470,500,2431095,0
7,128,1,3.7561,470,500,2431095,0
7,128,1,4.3578,470,500,2431095,0
7,128,1,4.2714,470,500,2431095,0
7,128,1,4.0388,470,500,2431095,0
7,128,1,4.3544,470,500,2431095,0
7,128,1,4.0134,470,500,2431095,0
7,128,1,3.8857,470,500,2431095,0
7,128,1,4.2842,470,500,2431095,0
7,128,1,4.05,470,500,2431095,0
7,128,1,4.2779,470,500,2431095,0
7,128,1,4.0866,470,500,2431095,0
7,128,1,4.1757,470,500,2431095,0
7,128,1,4.1445,470,500,2431095,0
7,128,1,4.3044,470,500,2431095,0
7,128,1,4.0082,470,500,2431095,0
7,128,1,4.0697,470,500,2431095,0
7,128,1,4.0524,470,500,2431095,0
7,128,1,4.5425,470,500,2431095,0
7,128,1,4.4965,470,500,2431095,0
7,128,1,4.3734,470,500,2431095,0
7,128,1,4.4283,470,500,2431095,0
7,128,1,3.9483,470,500,2431095,0
7,128,1,4.6352,470,500,2431095,0
7,128,1,5.1434,470,500,2431095,0
7,128,1,5.0825,470,500,2431095,0
7,128,1,4.3928,470,500,2431095,0
7,128,1,5.083,470,500,2431095,0
7,128,1,4.6397,470,500,2431095,0
7,128,1,4.4962,470,500,2431095,0
7,128,1,4.5915,470,500,2431095,0
7,128,1,4.6119,470,500,2431095,0
7,128,1,4.515,470,500,2431095,0
7,128,1,4.2492,470,500,2431095,0
7,128,1,4.463,470,500,2431095,0
7,128,1,4.2472,470,500,2431095,0
7,128,1,4.3185,470,500,2431095,0
7,128,1,4.0817,470,500,2431095,0
7,128,1,4.2824,470,500,2431095,0
7,128,1,4.0357,470,500,2431095,0
7,128,1,4.0535,470,500,2431095,0
7,128,1,3.7626,470,500,2431095,0
7,128,1,3.9627,470,500,2431095,0
7,128,1,4.1413,470,500,2431095,0
7,128,1,4.202,470,500,2431095,0
7,128,1,4.3963,470,500,2431095,0
7,128,1,4.0664,470,500,2431095,0
7,128,1,4.2673,470,500,2431095,0
7,128,1,5.3855,470,500,2431095,0
7,128,1,4.6184,470,500,2431095,0
7,128,1,4.3768,470,500,2431095,0
7,128,1,4.2009,470,500,2431095,0
7,128,1,4.4472,470,500,2431095,0
7,128,1,4.4003,470,500,2431095,0
7,128,1,4.2971,470,500,2431095,0
7,128,1,4.1616,470,500,2431095,0
7,128,1,4.4659,470,500,2431095,0
7,128,1,4.3709,470,500,2431095,0
7,128,1,4.2081,470,500,2431095,0
7,128,1,4.594,470,500,2431095,0
7,128,1,4.3426,470,500,2431095,0
7,128,1,4.2509,470,500,2431095,0
7,128,1,4.2224,470,500,2431095,0
7,128,1,4.2228,470,500,2431095,0
7,128,1,4.1165,470,500,2431095,0
7,128,1,4.3662,470,500,2431095,0
7,128,1,4.4832,470,500,2431095,0
7,128,1,4.212,470,500,2431095,0
7,128,1,4.29,470,500,2431095,0
7,128,1,5.2988,470,500,2431095,0
7,128,1,4.1559,470,500,2431095,0
7,128,1,4.688,470,500,2431095,0
7,128,1,4.8739,470,500,2431095,0
7,128,1,4.4233,470,500,2431095,0
7,128,1,4.2214,470,500,2431095,0
7,128,1,4.3656,470,500,2431095,0
7,128,1,4.2503,470,500,2431095,0
7,128,1,4.3159,470,500,2431095,0
7,128,1,4.1863,470,500,2431095,0
7,128,1,4.2693,470,500,2431095,0
7,128,1,4.385,470,500,2431095,0
7,128,1,4.4538,470,500,2431095,0
7,128,1,4.0749,470,500,2431095,0
7,128,1,4.2723,470,500,2431095,0
7,128,1,4.3537,470,500,2431095,0
7,128,1,4.003,470,500,2431095,0
7,128,1,4.0337,470,500,2431095,0
7,128,1,4.0192,470,500,2431095,0
7,128,1,4.086,470,500,2431095,0
7,128,1,4.28,470,500,2431095,0
7,128,1,4.2368,470,500,2431095,0
7,128,1,4.0962,470,500,2431095,0
7,128,1,4.3245,470,500,2431095,0
7,128,1,4.529,470,500,2431095,0
7,128,1,4.2158,470,500,2431095,0
7,128,1,4.7233,470,500,2431095,0
7,128,1,4.5923,470,500,2431095,0
7,128,1,4.5451,470,500,2431095,0
7,128,1,4.0711,470,500,2431095,0
7,128,1,4.2595,470,500,2431095,0
7,128,1,4.2858,470,500,2431095,0
7,128,1,4.2805,470,500,2431095,0
7,128,1,4.1396,470,500,2431095,0
7,128,1,4.3544,470,500,2431095,0
7,128,1,4.4038,470,500,2431095,0
7,128,1,4.4188,470,500,2431095,0
7,128,1,4.3552,470,500,2431095,0
7,128,1,4.3592,470,500,2431095,0
7,128,1,4.3083,470,500,2431095,0
7,128,1,5.565,470,500,2431095,0
7,128,1,4.4538,470,500,2431095,0
7,128,1,4.6051,470,500,2431095,0
7,128,1,4.5519,470,500,2431095,0
7,128,1,4.1573,470,500,2431095,0
7,128,1,4.4183,470,500,2431095,0
7,128,1,4.3627,470,500,2431095,0
7,128,1,3.8982,470,500,2431095,0
7,128,1,4.1909,470,500,2431095,0
7,128,1,4.412,470,500,2431095,0
7,128,1,4.5583,470,500,2431095,0
7,128,1,4.2785,470,500,2431095,0
7,128,1,4.6075,470,500,2431095,0
7,128,1,4.2706,470,500,2431095,0
7,128,1,4.3888,470,500,2431095,0
7,128,1,4.6028,470,500,2431095,0
7,128,1,4.216,470,500,2431095,0
7,128,1,4.0922,470,500,2431095,0
7,128,1,4.4198,470,500,2431095,0
7,128,1,4.0581,470,500,2431095,0
7,128,1,4.195,470,500,2431095,0
7,128,1,4.9397,470,500,2431095,0
7,128,1,4.3599,470,500,2431095,0
7,128,1,4.2647,470,500,2431095,0
7,128,1,4.2212,470,500,2431095,0
7,128,1,4.1417,470,500,2431095,0
7,128,1,4.3585,470,500,2431095,0
7,128,1,4.4209,470,500,2431095,0
7,128,1,4.194,470,500,2431095,0
7,128,1,4.0541,470,500,2431095,0
7,128,1,4.3363,470,500,2431095,0
7,128,1,4.3253,470,500,2431095,0
7,128,1,3.8333,470,500,2431095,0
7,128,1,4.0805,470,500,2431095,0
7,128,1,4.7175,470,500,2431095,0
7,128,1,4.2417,470,500,2431095,0
7,128,1,4.4487,470,500,2431095,0
7,128,1,4.0901,470,500,2431095,0
7,128,1,4.5983,470,500,2431095,0
7,128,1,4.5822,470,500,2431095,0
7,128,1,4.3763,470,500,2431095,0
7,128,1,4.7137,470,500,2431095,0
7,128,1,4.7858,470,500,2431095,0
7,128,1,4.5508,470,500,2431095,0
7,128,1,4.3452,470,500,2431095,0
7,128,1,4.4867,470,500,2431095,0
7,128,1,4.3468,470,500,2431095,0
7,128,1,4.354,470,500,2431095,0
7,128,1,4.4649,470,500,2431095,0
7,128,1,4.0817,470,500,2431095,0
7,128,1,4.2869,470,500,2431095,0
7,128,1,4.3888,470,500,2431095,0
7,128,1,4.2739,470,500,2431095,0
7,128,1,3.9981,470,500,2431095,0
7,128,1,4.3335,470,500,2431095,0
7,128,1,4.2645,470,500,2431095,0
7,128,1,3.9994,470,500,2431095,0
7,128,1,4.3931,470,500,2431095,0
7,128,1,5.2456,470,500,2431095,0
7,128,1,4.3865,470,500,2431095,0
7,128,1,4.4083,470,500,2431095,0
7,128,1,4.2166,470,500,2431095,0
7,128,1,4.4499,470,500,2431095,0
7,128,1,4.322,470,500,2431095,0
7,128,1,4.1847,470,500,2431095,0
7,128,1,4.0301,470,500,2431095,0
7,128,1,4.1685,470,500,2431095,0
7,128,1,4.267,470,500,2431095,0
7,128,1,4.2476,470,500,2431095,0
7,128,1,4.4489,470,500,2431095,0
7,128,1,4.2609,470,500,2431095,0
7,128,1,4.2994,470,500,2431095,0
7,128,1,4.1683,470,500,2431095,0
7,128,1,4.3382,470,500,2431095,0
7,128,1,4.1891,470,500,2431095,0
7,128,1,4.093,470,500,2431095,0
7,128,1,4.0296,470,500,2431095,0
7,128,1,4.3044,470,500,2431095,0
7,128,1,4.173,470,500,2431095,0
7,128,1,4.4244,470,500,2431095,0
7,128,1,4.431,470,500,2431095,0
7,128,1,4.3652,470,500,2431095,0
7,128,1,4.943,470,500,2431095,0
7,128,1,5.2721,470,500,2431095,0
7,128,1,4.302,470,500,2431095,0
7,128,1,4.3067,470,500,2431095,0
7,128,1,4.4215,470,500,2431095,0
7,128,1,4.2452,470,500,2431095,0
7,128,1,4.3828,470,500,2431095,0
7,128,1,4.5849,470,500,2431095,0
7,128,1,4.4216,470,500,2431095,0
7,128,1,4.3478,470,500,2431095,0
7,128,1,4.4591,470,500,2431095,0
7,128,1,4.9343,470,500,2431095,0
7,128,1,5.7405,470,500,2431095,0
7,128,1,5.4138,470,500,2431095,0
7,128,1,4.2111,470,500,2431095,0
7,128,1,4.3844,470,500,2431095,0
7,128,1,4.4148,470,500,2431095,0
7,128,1,4.1997,470,500,2431095,0
7,128,1,4.0435,470,500,2431095,0
7,128,1,4.3221,470,500,2431095,0
7,128,1,4.6078,470,500,2431095,0
7,128,1,4.2102,470,500,2431095,0
7,128,1,4.9007,470,500,2431095,0
7,128,1,4.8053,470,500,2431095,0
7,128,1,4.4036,470,500,2431095,0
7,128,1,4.4053,470,500,2431095,0
7,128,1,4.4272,470,500,2431095,0
7,128,1,4.3907,470,500,2431095,0
7,128,1,4.2235,470,500,2431095,0
7,128,1,4.2785,470,500,2431095,0
7,128,1,4.2174,470,500,2431095,0
7,128,1,4.6656,470,500,2431095,0
7,128,1,4.3893,470,500,2431095,0
7,128,1,4.1024,470,500,2431095,0
7,128,1,4.9831,470,500,2431095,0
7,128,1,4.1987,470,500,2431095,0
7,128,1,4.4863,470,500,2431095,0
7,128,1,4.366,470,500,2431095,0
7,128,1,4.341,470,500,2431095,0
7,128,1,4.1241,470,500,2431095,0
7,128,1,4.2482,470,500,2431095,0
7,128,1,4.2866,470,500,2431095,0
7,128,1,4.2722,470,500,2431095,0
7,128,1,4.1637,470,500,2431095,0
7,128,1,3.9754,470,500,2431095,0
7,128,1,4.142,470,500,2431095,0
7,128,1,4.3295,470,500,2431095,0
7,128,1,4.4954,470,500,2431095,0
7,128,1,4.1862,470,500,2431095,0
7,128,1,4.3842,470,500,2431095,0
7,128,1,4.21,470,500,2431095,0
7,128,1,4.1292,470,500,2431095,0
7,128,1,4.2874,470,500,2431095,0
7,128,1,4.2865,470,500,2431095,0
7,128,1,4.2376,470,500,2431095,0
7,128,1,4.4431,470,500,2431095,0
7,128,1,4.2659,470,500,2431095,0
7,128,1,4.2599,470,500,2431095,0
7,128,1,4.4205,470,500,2431095,0
7,128,1,4.1351,470,500,2431095,0
7,128,1,4.2366,470,500,2431095,0
7,128,1,4.2313,470,500,2431095,0
7,128,1,4.7013,470,500,2431095,0
7,128,1,4.7771,470,500,2431095,0
7,128,1,4.517,470,500,2431095,0
7,128,1,4.8187,470,500,2431095,0
7,128,1,4.0998,470,500,2431095,0
7,128,1,4.6465,470,500,2431095,0
7,128,1,4.2631,470,500,2431095,0
7,128,1,4.3807,470,500,2431095,0
7,128,1,4.5789,470,500,2431095,0
7,128,1,4.3765,470,500,2431095,0
7,128,1,4.1784,470,500,2431095,0
7,128,1,4.3481,470,500,2431095,0
7,128,1,4.2498,470,500,2431095,0
7,128,1,4.1206,470,500,2431095,0
7,128,1,4.0955,470,500,2431095,0
7,128,1,4.2307,470,500,2431095,0
7,128,1,4.1556,470,500,2431095,0
7,128,1,4.8179,470,500,2431095,0
7,128,1,5.1567,470,500,2431095,0
7,128,1,4.5444,470,500,2431095,0
7,128,1,4.6463,470,500,2431095,0
7,128,1,4.4218,470,500,2431095,0
7,128,1,4.3452,470,500,2431095,0
7,128,1,4.4488,470,500,2431095,0
7,128,1,4.8021,470,500,2431095,0
7,128,1,5.3489,470,500,2431095,0
7,128,1,4.9859,470,500,2431095,0
7,128,1,4.3756,470,500,2431095,0
7,128,1,4.0067,470,500,2431095,0
7,128,1,4.8722,470,500,2431095,0
7,128,1,4.5292,470,500,2431095,0
7,128,1,4.5688,470,500,2431095,0
7,128,1,4.7284,470,500,2431095,0
7,128,1,4.3054,470,500,2431095,0
7,128,1,4.164,470,500,2431095,0
7,128,1,4.4276,470,500,2431095,0
7,128,1,4.1386,470,500,2431095,0
7,128,1,4.1672,470,500,2431095,0
7,128,1,4.3344,470,500,2431095,0
7,128,1,4.1814,470,500,2431095,0
7,128,1,4.141,470,500,2431095,0
7,128,1,4.2138,470,500,2431095,0
7,128,1,4.125,470,500,2431095,0
7,128,1,4.2541,470,500,2431095,0
7,128,1,4.2059,470,500,2431095,0
7,128,1,4.5762,470,500,2431095,0
7,128,1,4.4719,470,500,2431095,0
7,128,1,4.401,470,500,2431095,0
7,128,1,4.5737,470,500,2431095,0
7,128,1,4.2939,470,500,2431095,0
7,128,1,4.3355,470,500,2431095,0
7,128,1,4.2053,470,500,2431095,0
7,128,1,4.1225,470,500,2431095,0
7,128,1,4.249,470,500,2431095,0
7,128,1,4.1849,470,500,2431095,0
7,128,1,4.5374,470,500,2431095,0
7,128,1,4.5355,470,500,2431095,0
7,128,1,3.8328,470,500,2431095,0
7,128,1,3.645,470,500,2431095,0
7,128,1,4.2324,470,500,2431095,0
7,128,1,4.4877,470,500,2431095,0
7,128,1,4.1868,470,500,2431095,0
7,128,1,4.437,470,500,2431095,0
7,128,1,4.5163,470,500,2431095,0
7,128,1,4.379,470,500,2431095,0
7,128,1,4.2645,470,500,2431095,0
7,128,1,4.2915,470,500,2431095,0
7,128,1,4.1032,470,500,2431095,0
7,128,1,4.2255,470,500,2431095,0
7,128,1,4.6188,470,500,2431095,0
7,128,1,4.3863,470,500,2431095,0
7,128,1,4.4216,470,500,2431095,0
7,128,1,4.4298,470,500,2431095,0
7,128,1,4.3968,470,500,2431095,0
7,128,1,4.6148,470,500,2431095,0
7,128,1,4.2193,470,500,2431095,0
7,128,1,4.1959,470,500,2431095,0
7,128,1,4.2026,470,500,2431095,0
7,128,1,4.1541,470,500,2431095,0
7,128,1,4.7503,470,500,2431095,0
7,128,1,4.4236,470,500,2431095,0
7,128,1,4.2531,470,500,2431095,0
7,128,1,4.1035,470,500,2431095,0
7,128,1,4.3758,470,500,2431095,0
7,128,1,6.0389,470,500,2431095,0
7,128,1,4.7338,470,500,2431095,0
7,128,1,4.491,470,500,2431095,0
7,128,1,4.2915,470,500,2431095,0
7,128,1,4.3025,470,500,2431095,0
7,128,1,3.9828,470,500,2431095,0
7,128,1,4.1358,470,500,2431095,0
7,128,1,4.3347,470,500,2431095,0
7,128,1,4.3395,470,500,2431095,0
7,128,1,4.2288,470,500,2431095,0
7,128,1,4.289,470,500,2431095,0
7,128,1,5.0812,470,500,2431095,0
7,128,1,4.4131,470,500,2431095,0
7,128,1,4.5582,470,500,2431095,0
7,128,1,4.2611,470,500,2431095,0
7,128,1,4.2532,470,500,2431095,0
7,128,1,4.3738,470,500,2431095,0
7,128,1,4.0345,470,500,2431095,0
7,128,1,4.4488,470,500,2431095,0
7,128,1,4.6779,470,500,2431095,0
7,128,1,4.3219,470,500,2431095,0
7,128,1,4.3915,470,500,2431095,0
7,128,1,4.4179,470,500,2431095,0
7,128,1,4.3894,470,500,2431095,0
7,128,1,4.356,470,500,2431095,0
7,128,1,4.302,470,500,2431095,0
7,128,1,4.0979,470,500,2431095,0
7,128,1,3.9897,470,500,2431095,0
7,128,1,4.5375,470,500,2431095,0
7,128,1,4.4176,470,500,2431095,0
7,128,1,4.2337,470,500,2431095,0
7,128,1,4.1054,470,500,2431095,0
7,128,1,4.3159,470,500,2431095,0
7,128,1,4.5198,470,500,2431095,0
7,128,1,4.364,470,500,2431095,0
7,128,1,4.1637,470,500,2431095,0
7,128,1,4.1091,470,500,2431095,0
7,128,1,4.2777,470,500,2431095,0
7,128,1,4.5456,470,500,2431095,0
7,128,1,4.1375,470,500,2431095,0
7,128,1,4.4131,470,500,2431095,0
7,128,1,4.2531,470,500,2431095,0
7,128,1,4.978,470,500,2431095,0
7,128,1,6.0536,470,500,2431095,0
7,128,1,5.4299,470,500,2431095,0
7,128,1,4.5684,470,500,2431095,0
7,128,1,5.02,470,500,2431095,0
7,128,1,4.7023,470,500,2431095,0
7,128,1,5.1512,470,500,2431095,0
7,128,1,4.5152,470,500,2431095,0
7,128,1,4.5493,470,500,2431095,0
7,128,1,4.1107,470,500,2431095,0
7,128,1,4.0496,470,500,2431095,0
7,128,1,4.9491,470,500,2431095,0
7,128,1,4.9273,470,500,2431095,0
7,128,1,4.5368,470,500,2431095,0
7,128,1,4.5601,470,500,2431095,0
7,128,1,4.4849,470,500,2431095,0
7,128,1,4.1461,470,500,2431095,0
7,128,1,4.5602,470,500,2431095,0
7,128,1,4.2881,470,500,2431095,0
7,128,1,4.3567,470,500,2431095,0
7,128,1,4.5963,470,500,2431095,0
7,128,1,4.1348,470,500,2431095,0
7,128,1,5.7836,470,500,2431095,0
7,128,1,4.6465,470,500,2431095,0
7,128,1,4.3283,470,500,2431095,0
7,128,1,4.1838,470,500,2431095,0
7,128,1,4.793,470,500,2431095,0
7,128,1,4.1464,470,500,2431095,0
7,128,1,4.3128,470,500,2431095,0
7,128,1,4.3581,470,500,2431095,0
7,128,1,4.0692,470,500,2431095,0
7,128,1,3.9859,470,500,2431095,0
7,128,1,4.2147,470,500,2431095,0
7,128,1,4.0373,470,500,2431095,0
7,128,1,4.3928,470,500,2431095,0
7,128,1,4.2178,470,500,2431095,0
7,128,1,4.1895,470,500,2431095,0
7,128,1,5.0362,470,500,2431095,0
7,128,1,4.6726,470,500,2431095,0
7,128,1,4.5475,470,500,2431095,0
7,128,1,4.1788,470,500,2431095,0
7,128,1,4.6676,470,500,2431095,0
7,128,1,4.1777,470,500,2431095,0
7,128,1,4.3845,470,500,2431095,0
7,128,1,4.4232,470,500,2431095,0
7,128,1,4.7277,470,500,2431095,0
7,128,1,5.3262,470,500,2431095,0
7,128,1,4.8665,470,500,2431095,0
7,128,1,4.9201,470,500,2431095,0
7,128,1,4.4616,470,500,2431095,0
7,128,1,4.5528,470,500,2431095,0
7,128,1,4.3496,470,500,2431095,0
7,128,1,4.8961,470,500,2431095,0
7,128,1,4.7803,470,500,2431095,0
7,128,1,4.521,470,500,2431095,0
7,128,1,4.2876,470,500,2431095,0
7,128,1,4.4424,470,500,2431095,0
7,128,1,4.2371,470,500,2431095,0
7,128,1,4.0648,470,500,2431095,0
7,128,1,4.4881,470,500,2431095,0
7,128,1,4.4478,470,500,2431095,0
7,128,1,4.3188,470,500,2431095,0
7,128,1,4.4734,470,500,2431095,0
7,128,1,4.4494,470,500,2431095,0
7,128,1,4.0927,470,500,2431095,0
7,128,1,4.0723,470,500,2431095,0
7,128,1,4.1146,470,500,2431095,0
7,128,1,4.1246,470,500,2431095,0
7,128,1,4.5903,470,500,2431095,0
7,128,1,4.624,470,500,2431095,0
7,128,1,4.3036,470,500,2431095,0
7,128,1,4.9534,470,500,2431095,0
7,128,1,4.285,470,500,2431095,0
7,128,1,4.35,470,500,2431095,0
7,128,1,4.0844,470,500,2431095,0
7,128,1,4.6022,470,500,2431095,0
7,128,1,4.2931,470,500,2431095,0
7,128,1,4.4449,470,500,2431095,0
7,128,1,4.508,470,500,2431095,0
7,128,1,4.2998,470,500,2431095,0
7,128,1,4.5332,470,500,2431095,0
7,128,1,4.1621,470,500,2431095,0
7,128,1,4.6388,470,500,2431095,0
7,128,1,4.2841,470,500,2431095,0
7,128,1,4.1913,470,500,2431095,0
7,128,1,4.2153,470,500,2431095,0
7,128,1,4.0318,470,500,2431095,0
7,128,1,4.6592,470,500,2431095,0
7,128,1,4.2894,470,500,2431095,0
7,128,1,4.2317,470,500,2431095,0
7,128,1,4.425,470,500,2431095,0
7,128,1,4.5832,470,500,2431095,0
7,128,1,4.6953,470,500,2431095,0
7,128,1,4.3394,470,500,2431095,0
7,128,1,5.5218,470,500,2431095,0
7,128,1,5.2946,470,500,2431095,0
7,128,1,4.8726,470,500,2431095,0
7,128,1,5.0919,470,500,2431095,0
7,128,1,5.824,470,500,2431095,0
7,128,1,5.2053,470,500,2431095,0
7,128,1,4.5485,470,500,2431095,0
7,128,1,4.4349,470,500,2431095,0
7,128,1,4.4184,470,500,2431095,0
7,128,1,4.2218,470,500,2431095,0
7,128,1,4.3601,470,500,2431095,0
7,128,1,4.313,470,500,2431095,0
7,128,1,4.3678,470,500,2431095,0
7,128,1,4.2344,470,500,2431095,0
7,128,1,4.358,470,500,2431095,0
7,128,1,4.19,470,500,2431095,0
7,128,1,4.3032,470,500,2431095,0
7,128,1,4.3444,470,500,2431095,0
7,128,1,4.7033,470,500,2431095,0
7,128,1,5.3331,470,500,2431095,0
7,128,1,4.7238,470,500,2431095,0
7,128,1,4.0385,470,500,2431095,0
7,128,1,4.1498,470,500,2431095,0
7,128,1,4.3091,470,500,2431095,0
7,128,1,4.918,470,500,2431095,0
7,128,1,4.1117,470,500,2431095,0
7,128,1,4.5602,470,500,2431095,0
7,128,1,4.3709,470,500,2431095,0
7,128,1,4.9317,470,500,2431095,0
7,128,1,4.6123,470,500,2431095,0
7,128,1,4.2666,470,500,2431095,0
7,128,1,4.148,470,500,2431095,0
7,128,1,4.3914,470,500,2431095,0
7,128,1,4.8086,470,500,2431095,0
7,128,1,4.3644,470,500,2431095,0
7,128,1,5.0047,470,500,2431095,0
7,128,1,4.8519,470,500,2431095,0
7,128,1,4.2414,470,500,2431095,0
7,128,1,4.5458,470,500,2431095,0
7,128,1,4.3475,470,500,2431095,0
7,128,1,4.2279,470,500,2431095,0
7,128,1,4.2677,470,500,2431095,0
7,128,1,5.212,470,500,2431095,0
7,128,1,4.5954,470,500,2431095,0
7,128,1,4.4768,470,500,2431095,0
7,128,1,4.2655,470,500,2431095,0
7,128,1,4.2653,470,500,2431095,0
7,128,1,4.7195,470,500,2431095,0
7,128,1,4.3082,470,500,2431095,0
7,128,1,4.277,470,500,2431095,0
7,128,1,4.2553,470,500,2431095,0
7,128,1,4.5243,470,500,2431095,0
7,128,1,4.6419,470,500,2431095,0
7,128,1,6.0409,470,500,2431095,0
7,128,1,5.7215,470,500,2431095,0
7,128,1,4.9787,470,500,2431095,0
7,128,1,5.3923,470,500,2431095,0
7,128,1,5.9307,470,500,2431095,0
7,128,1,6.8086,470,500,2431095,0
7,128,1,5.6178,470,500,2431095,0
7,128,1,5.5216,470,500,2431095,0
7,128,1,5.4382,470,500,2431095,0
7,128,1,5.5278,470,500,2431095,0
7,128,1,5.548,470,500,2431095,0
7,128,1,4.7319,470,500,2431095,0
7,128,1,5.0784,470,500,2431095,0
7,128,1,5.2754,470,500,2431095,0
7,128,1,4.5051,470,500,2431095,0
7,128,1,4.2342,470,500,2431095,0
7,128,1,4.1533,470,500,2431095,0
7,128,1,4.4436,470,500,2431095,0
7,128,1,4.1467,470,500,2431095,0
7,128,1,4.2253,470,500,2431095,0
7,128,1,4.355,470,500,2431095,0
7,128,1,4.3024,470,500,2431095,0
7,128,1,4.3409,470,500,2431095,0
7,128,1,4.4245,470,500,2431095,0
7,128,1,4.2159,470,500,2431095,0
7,128,1,4.203,470,500,2431095,0
7,128,1,4.1097,470,500,2431095,0
7,128,1,4.1606,470,500,2431095,0
7,128,1,4.2269,470,500,2431095,0
7,128,1,4.1141,470,500,2431095,0
7,128,1,4.3268,470,500,2431095,0
7,128,1,4.4191,470,500,2431095,0
7,128,1,6.95,470,500,2431095,0
7,128,1,4.4488,470,500,2431095,0
7,128,1,4.8282,470,500,2431095,0
7,128,1,4.2074,470,500,2431095,0
7,128,1,4.6145,470,500,2431095,0
7,128,1,4.4286,470,500,2431095,0
7,128,1,4.314,470,500,2431095,0
7,128,1,4.1165,470,500,2431095,0
7,128,1,4.4079,470,500,2431095,0
7,128,1,4.5313,470,500,2431095,0
7,128,1,4.0239,470,500,2431095,0
7,128,1,4.4673,470,500,2431095,0
7,128,1,4.8933,470,500,2431095,0
7,128,1,4.4218,470,500,2431095,0
7,128,1,4.3549,470,500,2431095,0
7,128,1,4.3103,470,500,2431095,0
7,128,1,4.0605,470,500,2431095,0
7,128,1,4.3082,470,500,2431095,0
7,128,1,4.0837,470,500,2431095,0
7,128,1,4.3322,470,500,2431095,0
7,128,1,5.0091,470,500,2431095,0
7,128,1,4.1428,470,500,2431095,0
7,128,1,4.435,470,500,2431095,0
7,128,1,4.3308,470,500,2431095,0
7,128,1,4.4082,470,500,2431095,0
7,128,1,4.7889,470,500,2431095,0
7,128,1,4.3934,470,500,2431095,0
7,128,1,4.2295,470,500,2431095,0
7,128,1,4.378,470,500,2431095,0
7,128,1,4.2089,470,500,2431095,0
7,128,1,4.4982,470,500,2431095,0
7,128,1,4.245,470,500,2431095,0
7,128,1,4.1915,470,500,2431095,0
7,128,1,4.2271,470,500,2431095,0
7,128,1,4.2607,470,500,2431095,0
7,128,1,4.2004,470,500,2431095,0
7,128,1,4.4863,470,500,2431095,0
7,128,1,4.2021,470,500,2431095,0
7,128,1,4.1185,470,500,2431095,0
7,128,1,4.073,470,500,2431095,0
7,128,1,4.3792,470,500,2431095,0
7,128,1,4.3876,470,500,2431095,0
7,128,1,4.1154,470,500,2431095,0
7,128,1,4.3546,470,500,2431095,0
7,128,1,4.4457,470,500,2431095,0
7,128,1,4.3378,470,500,2431095,0
7,128,1,4.3606,470,500,2431095,0
7,128,1,4.3768,470,500,2431095,0
7,128,1,4.665,470,500,2431095,0
7,128,1,4.658,470,500,2431095,0
7,128,1,4.4216,470,500,2431095,0
7,128,1,4.4068,470,500,2431095,0
7,128,1,4.2272,470,500,2431095,0
7,128,1,4.2772,470,500,2431095,0
7,128,1,4.384,470,500,2431095,0
7,128,1,4.461,470,500,2431095,0
7,128,1,4.1438,470,500,2431095,0
7,128,1,4.319,470,500,2431095,0
7,128,1,4.3235,470,500,2431095,0
7,128,1,4.2011,470,500,2431095,0
7,128,1,4.3086,470,500,2431095,0
7,128,1,4.0654,470,500,2431095,0
7,128,1,4.2763,470,500,2431095,0
7,128,1,4.4357,470,500,2431095,0
7,128,1,4.2697,470,500,2431095,0
7,128,1,4.4031,470,500,2431095,0
7,128,1,4.1175,470,500,2431095,0
7,128,1,4.9369,470,500,2431095,0
7,128,1,5.0467,470,500,2431095,0
7,128,1,4.4179,470,500,2431095,0
7,128,1,4.7431,470,500,2431095,0
7,128,1,4.7498,470,500,2431095,0
7,128,1,4.4975,470,500,2431095,0
7,128,1,4.1757,470,500,2431095,0
7,128,1,4.1628,470,500,2431095,0
7,128,1,4.3959,470,500,2431095,0
7,128,1,4.3466,470,500,2431095,0
7,128,1,4.2306,470,500,2431095,0
7,128,1,4.3063,470,500,2431095,0
7,128,1,4.2798,470,500,2431095,0
7,128,1,4.8744,470,500,2431095,0
7,128,1,5.8319,470,500,2431095,0
7,128,1,5.9197,470,500,2431095,0
7,128,1,4.3949,470,500,2431095,0
7,128,1,4.4577,470,500,2431095,0
7,128,1,4.499,470,500,2431095,0
7,128,1,4.2769,470,500,2431095,0
7,128,1,4.1627,470,500,2431095,0
7,128,1,4.4393,470,500,2431095,0
7,128,1,4.1579,470,500,2431095,0
7,128,1,4.2226,470,500,2431095,0
7,128,1,4.8188,470,500,2431095,0
7,128,1,4.3102,470,500,2431095,0
7,128,1,4.6487,470,500,2431095,0
7,128,1,4.6558,470,500,2431095,0
7,128,1,4.3158,470,500,2431095,0
7,128,1,4.0923,470,500,2431095,0
7,128,1,4.1949,470,500,2431095,0
7,128,1,4.3465,470,500,2431095,0
7,128,1,4.0996,470,500,2431095,0
7,128,1,4.488,470,500,2431095,0
7,128,1,4.049,470,500,2431095,0
7,128,1,4.3372,470,500,2431095,0
7,128,1,4.1604,470,500,2431095,0
7,128,1,4.4704,470,500,2431095,0
7,128,1,4.0669,470,500,2431095,0
7,128,1,4.3564,470,500,2431095,0
7,128,1,4.1588,470,500,2431095,0
7,128,1,4.2907,470,500,2431095,0
7,128,1,4.1065,470,500,2431095,0
7,128,1,4.6016,470,500,2431095,0
7,128,1,4.2075,470,500,2431095,0
7,128,1,4.3515,470,500,2431095,0
7,128,1,4.3472,470,500,2431095,0
7,128,1,4.1143,470,500,2431095,0
7,128,1,4.2886,470,500,2431095,0
7,128,1,4.2946,470,500,2431095,0
7,128,1,5.356,470,500,2431095,0
7,128,1,5.0876,470,500,2431095,0
7,128,1,4.3693,470,500,2431095,0
7,128,1,4.0874,470,500,2431095,0
7,128,1,4.4058,470,500,2431095,0
7,128,1,4.3598,470,500,2431095,0
7,128,1,4.1131,470,500,2431095,0
7,128,1,4.4078,470,500,2431095,0
7,128,1,4.2537,470,500,2431095,0
7,128,1,4.3895,470,500,2431095,0
7,128,1,4.1768,470,500,2431095,0
7,128,1,4.3354,470,500,2431095,0
7,128,1,4.1291,470,500,2431095,0
7,128,1,4.1496,470,500,2431095,0
7,128,1,4.3103,470,500,2431095,0
7,128,1,4.2239,470,500,2431095,0
7,128,1,4.1792,470,500,2431095,0
7,128,1,4.9549,470,500,2431095,0
7,128,1,4.2014,470,500,2431095,0
7,128,1,4.2574,470,500,2431095,0
7,128,1,4.4046,470,500,2431095,0
7,128,1,4.3819,470,500,2431095,0
7,128,1,4.4873,470,500,2431095,0
7,128,1,4.2965,470,500,2431095,0
7,128,1,5.1932,470,500,2431095,0
7,128,1,4.4973,470,500,2431095,0
7,128,1,5.1666,470,500,2431095,0
7,128,1,4.6071,470,500,2431095,0
7,128,1,4.5197,470,500,2431095,0
7,128,1,4.604,470,500,2431095,0
7,128,1,4.3992,470,500,2431095,0
7,128,1,4.6244,470,500,2431095,0
7,128,1,4.3886,470,500,2431095,0
7,128,1,4.1651,470,500,2431095,0
7,128,1,4.4169,470,500,2431095,0
7,128,1,4.3572,470,500,2431095,0
7,128,1,4.228,470,500,2431095,0
7,128,1,4.7283,470,500,2431095,0
7,128,1,4.4308,470,500,2431095,0
7,128,1,4.2994,470,500,2431095,0
7,128,1,4.2098,470,500,2431095,0
7,128,1,4.6244,470,500,2431095,0
7,128,1,4.3683,470,500,2431095,0
7,128,1,4.1954,470,500,2431095,0
7,128,1,4.2189,470,500,2431095,0
7,128,1,4.2376,470,500,2431095,0
7,128,1,4.1061,470,500,2431095,0
7,128,1,5.6921,470,500,2431095,0
7,128,1,4.4403,470,500,2431095,0
7,128,1,5.113,470,500,2431095,0
7,128,1,4.886,470,500,2431095,0
7,128,1,4.6974,470,500,2431095,0
7,128,1,4.2162,470,500,2431095,0
7,128,1,4.4794,470,500,2431095,0
7,128,1,4.1571,470,500,2431095,0
7,128,1,4.0941,470,500,2431095,0
7,128,1,4.2165,470,500,2431095,0
7,128,1,4.3246,470,500,2431095,0
7,128,1,4.0574,470,500,2431095,0
7,128,1,4.1616,470,500,2431095,0
7,128,1,4.2508,470,500,2431095,0
7,128,1,3.9686,470,500,2431095,0
7,128,1,4.2389,470,500,2431095,0
7,128,1,4.5768,470,500,2431095,0
7,128,1,4.1944,470,500,2431095,0
7,128,1,4.3398,470,500,2431095,0
7,128,1,4.3593,470,500,2431095,0
7,128,1,4.1808,470,500,2431095,0
7,128,1,4.4686,470,500,2431095,0
7,128,1,4.2761,470,500,2431095,0
7,128,1,5.7936,470,500,2431095,0
7,128,1,4.9845,470,500,2431095,0
7,128,1,4.8112,470,500,2431095,0
7,128,1,5.0647,470,500,2431095,0
7,128,1,4.9006,470,500,2431095,0
7,128,1,4.3583,470,500,2431095,0
7,128,1,4.1332,470,500,2431095,0
7,128,1,4.6896,470,500,2431095,0
7,128,1,4.5758,470,500,2431095,0
7,128,1,4.1501,470,500,2431095,0
7,128,1,4.2202,470,500,2431095,0
7,128,1,4.4962,470,500,2431095,0
7,128,1,4.0521,470,500,2431095,0
7,128,1,4.8465,470,500,2431095,0
7,128,1,4.2042,470,500,2431095,0
7,128,1,4.2715,470,500,2431095,0
7,128,1,4.552,470,500,2431095,0
7,128,1,4.2861,470,500,2431095,0
7,128,1,4.0172,470,500,2431095,0
7,128,1,4.5193,470,500,2431095,0
7,128,1,4.3958,470,500,2431095,0
7,128,1,4.6848,470,500,2431095,0
7,128,1,4.9607,470,500,2431095,0
7,128,1,4.8187,470,500,2431095,0
7,128,1,4.4262,470,500,2431095,0
7,128,1,4.3511,470,500,2431095,0
7,128,1,4.5438,470,500,2431095,0
7,128,1,4.3103,470,500,2431095,0
7,128,1,4.4547,470,500,2431095,0
7,128,1,4.2382,470,500,2431095,0
7,128,1,4.3545,470,500,2431095,0
7,128,1,4.2676,470,500,2431095,0
7,128,1,4.1759,470,500,2431095,0
7,128,1,4.1812,470,500,2431095,0
7,128,1,4.4019,470,500,2431095,0
7,128,1,4.1022,470,500,2431095,0
7,128,1,4.2709,470,500,2431095,0
7,128,1,4.8947,470,500,2431095,0
7,128,1,4.4242,470,500,2431095,0
7,128,1,5.6899,470,500,2431095,0
7,128,1,4.6835,470,500,2431095,0
7,128,1,4.6619,470,500,2431095,0
7,128,1,4.2669,470,500,2431095,0
7,128,1,4.3237,470,500,2431095,0
7,128,1,4.1663,470,500,2431095,0
7,128,1,4.2943,470,500,2431095,0
7,128,1,4.8003,470,500,2431095,0
7,128,1,4.353,470,500,2431095,0
7,128,1,4.2987,470,500,2431095,0
7,128,1,4.1892,470,500,2431095,0
7,128,1,4.2087,470,500,2431095,0
7,128,1,4.8941,470,500,2431095,0
7,128,1,4.7908,470,500,2431095,0
7,128,1,4.3061,470,500,2431095,0
7,128,1,4.2689,470,500,2431095,0
7,128,1,4.1984,470,500,2431095,0
7,128,1,4.2868,470,500,2431095,0
7,128,1,4.1138,470,500,2431095,0
7,128,1,4.3325,470,500,2431095,0
7,128,1,4.1969,470,500,2431095,0
7,128,1,4.1471,470,500,2431095,0
7,128,1,4.4601,470,500,2431095,0
7,128,1,4.4733,470,500,2431095,0
7,128,1,4.4109,470,500,2431095,0
7,128,1,4.2949,470,500,2431095,0
7,128,1,4.3057,470,500,2431095,0
7,128,1,4.3949,470,500,2431095,0
7,128,1,4.3473,470,500,2431095,0
7,128,1,4.4664,470,500,2431095,0
7,128,1,4.2759,470,500,2431095,0
7,128,1,4.1944,470,500,2431095,0
7,128,1,4.4836,470,500,2431095,0
7,128,1,4.6475,470,500,2431095,0
7,128,1,4.3237,470,500,2431095,0
7,128,1,4.3882,470,500,2431095,0
7,128,1,4.4168,470,500,2431095,0
7,128,1,4.1627,470,500,2431095,0
7,128,1,4.2852,470,500,2431095,0
7,128,1,4.4552,470,500,2431095,0
7,128,1,4.1926,470,500,2431095,0
7,128,1,4.2798,470,500,2431095,0
7,128,1,4.3938,470,500,2431095,0
7,128,1,4.3686,470,500,2431095,0
7,128,1,4.3401,470,500,2431095,0
7,128,1,4.0864,470,500,2431095,0
7,128,1,4.3042,470,500,2431095,0
7,128,1,3.9834,470,500,2431095,0
7,128,1,4.2488,470,500,2431095,0
7,128,1,5.5721,470,500,2431095,0
7,128,1,5.3919,470,500,2431095,0
7,128,1,5.9388,470,500,2431095,0
7,128,1,5.973,470,500,2431095,0
7,128,1,8.7999,470,500,2431095,0
7,128,1,7.1951,470,500,2431095,0
7,128,1,7.6123,470,500,2431095,0
7,128,1,8.2815,470,500,2431095,0
8,128,0,25.833,214,500,2431095,0
8,128,0,70.2883,214,500,2431095,0
8,128,0,3.6228,214,500,2431095,0
8,128,0,3.5224,214,500,2431095,0
8,128,0,2.3805,214,500,2431095,0
8,128,0,2.4167,214,500,2431095,0
8,128,0,2.5855,214,500,2431095,0
8,128,0,2.1681,214,500,2431095,0
8,128,0,1.8774,214,500,2431095,0
8,128,0,2.2884,214,500,2431095,0
8,128,0,2.4394,214,500,2431095,0
8,128,0,2.6952,214,500,2431095,0
8,128,0,2.2428,214,500,2431095,0
8,128,0,2.5424,214,500,2431095,0
8,128,0,2.5159,214,500,2431095,0
8,128,0,2.4197,214,500,2431095,0
8,128,0,2.3723,214,500,2431095,0
8,128,0,2.2478,214,500,2431095,0
8,128,0,2.1812,214,500,2431095,0
8,128,0,2.2998,214,500,2431095,0
8,128,0,2.3194,214,500,2431095,0
8,128,0,2.2547,214,500,2431095,0
8,128,0,2.2275,214,500,2431095,0
8,128,0,2.1293,214,500,2431095,0
8,128,0,2.4223,214,500,2431095,0
8,128,0,2.3147,214,500,2431095,0
8,128,0,2.2346,214,500,2431095,0
8,128,0,2.2089,214,500,2431095,0
8,128,0,2.6189,214,500,2431095,0
8,128,0,2.7151,214,500,2431095,0
8,128,0,2.6878,214,500,2431095,0
8,128,0,2.4022,214,500,2431095,0
8,128,0,2.3315,214,500,2431095,0
8,128,0,2.305,214,500,2431095,0
8,128,0,1.95,214,500,2431095,0
8,128,0,2.2827,214,500,2431095,0
8,128,0,2.2362,214,500,2431095,0
8,128,0,2.2388,214,500,2431095,0
8,128,0,2.2992,214,500,2431095,0
8,128,0,2.2508,214,500,2431095,0
8,128,0,2.3337,214,500,2431095,0
8,128,0,2.6139,214,500,2431095,0
8,128,0,2.2988,214,500,2431095,0
8,128,0,2.224,214,500,2431095,0
8,128,0,3.7271,214,500,2431095,0
8,128,0,2.5941,214,500,2431095,0
8,128,0,2.2535,214,500,2431095,0
8,128,0,2.2363,214,500,2431095,0
8,128,0,2.4205,214,500,2431095,0
8,128,0,2.2957,214,500,2431095,0
8,128,0,2.4712,214,500,2431095,0
8,128,0,2.1376,214,500,2431095,0
8,128,0,2.188,214,500,2431095,0
8,128,0,2.1082,214,500,2431095,0
8,128,0,2.6303,214,500,2431095,0
8,128,0,3.25,214,500,2431095,0
8,128,0,2.5176,214,500,2431095,0
8,128,0,2.3361,214,500,2431095,0
8,128,0,2.443,214,500,2431095,0
8,128,0,2.5916,214,500,2431095,0
8,128,0,2.6818,214,500,2431095,0
8,128,0,2.119,214,500,2431095,0
8,128,0,6.5673,214,500,2431095,0
8,128,0,2.3745,214,500,2431095,0
8,128,0,5.3991,214,500,2431095,0
8,128,0,4.3075,214,500,2431095,0
8,128,0,4.228,214,500,2431095,0
8,128,0,3.883,214,500,2431095,0
8,128,0,4.114,214,500,2431095,0
8,128,0,4.1236,214,500,2431095,0
8,128,0,4.0519,214,500,2431095,0
8,128,0,4.3214,214,500,2431095,0
8,128,0,3.861,214,500,2431095,0
8,128,0,4.1794,214,500,2431095,0
8,128,0,4.0698,214,500,2431095,0
8,128,0,4.1465,214,500,2431095,0
8,128,0,16.3115,214,500,2431095,0
8,128,0,2.2836,214,500,2431095,0
8,128,0,2.3887,214,500,2431095,0
8,128,0,2.4771,214,500,2431095,0
8,128,0,2.3191,214,500,2431095,0
8,128,0,2.263,214,500,2431095,0
8,128,0,2.1945,214,500,2431095,0
8,128,0,2.2772,214,500,2431095,0
8,128,0,4.3363,214,500,2431095,0
8,128,0,4.1383,214,500,2431095,0
8,128,0,3.9668,214,500,2431095,0
8,128,0,4.1389,214,500,2431095,0
8,128,0,3.9768,214,500,2431095,0
8,128,0,16.7954,214,500,2431095,0
8,128,0,3.0407,214,500,2431095,0
8,128,0,5.0244,214,500,2431095,0
8,128,0,2.9438,214,500,2431095,0
8,128,0,2.6413,214,500,2431095,0
8,128,0,2.5993,214,500,2431095,0
8,128,0,2.4615,214,500,2431095,0
8,128,0,2.3706,214,500,2431095,0
8,128,0,1.9929,214,500,2431095,0
8,128,0,2.1657,214,500,2431095,0
8,128,0,2.8495,214,500,2431095,0
8,128,0,4.3895,214,500,2431095,0
8,128,0,4.2197,214,500,2431095,0
8,128,0,3.9989,214,500,2431095,0
8,128,0,4.1164,214,500,2431095,0
8,128,0,4.2351,214,500,2431095,0
8,128,0,16.3151,214,500,2431095,0
8,128,0,2.6827,214,500,2431095,0
8,128,0,2.4367,214,500,2431095,0
8,128,0,2.2217,214,500,2431095,0
8,128,0,2.1306,214,500,2431095,0
8,128,0,2.1416,214,500,2431095,0
8,128,0,2.4142,214,500,2431095,0
8,128,0,2.2652,214,500,2431095,0
8,128,0,37.5566,214,500,2431095,0
8,128,0,3.1726,214,500,2431095,0
8,128,0,2.3389,214,500,2431095,0
8,128,0,2.3951,214,500,2431095,0
8,128,0,2.5833,214,500,2431095,0
8,128,0,2.536,214,500,2431095,0
8,128,0,2.3742,214,500,2431095,0
8,128,0,2.1494,214,500,2431095,0
8,128,0,2.805,214,500,2431095,0
8,128,0,2.363,214,500,2431095,0
8,128,0,2.2908,214,500,2431095,0
8,128,0,2.487,214,500,2431095,0
8,128,0,2.1314,214,500,2431095,0
8,128,0,2.7756,214,500,2431095,0
8,128,0,2.6805,214,500,2431095,0
8,128,0,2.5662,214,500,2431095,0
8,128,0,2.633,214,500,2431095,0
8,128,0,15.7937,214,500,2431095,0
8,128,0,12.2317,214,500,2431095,0
8,128,0,28.1833,214,500,2431095,0
8,128,0,32.8655,214,500,2431095,0
8,128,0,3.0663,214,500,2431095,0
8,128,0,2.7726,214,500,2431095,0
8,128,0,2.3225,214,500,2431095,0
8,128,0,2.2709,214,500,2431095,0
8,128,0,2.2753,214,500,2431095,0
8,128,0,2.5187,214,500,2431095,0
8,128,0,2.3694,214,500,2431095,0
8,128,0,2.1765,214,500,2431095,0
8,128,0,1.8571,214,500,2431095,0
8,128,0,2.2753,214,500,2431095,0
8,128,0,2.1725,214,500,2431095,0
8,128,0,2.2325,214,500,2431095,0
8,128,0,2.1986,214,500,2431095,0
8,128,0,2.1418,214,500,2431095,0
8,128,0,2.3866,214,500,2431095,0
8,128,0,2.1292,214,500,2431095,0
8,128,0,2.2328,214,500,2431095,0
8,128,0,2.2029,214,500,2431095,0
8,128,0,2.1224,214,500,2431095,0
8,128,0,2.5381,214,500,2431095,0
8,128,0,2.2848,214,500,2431095,0
8,128,0,2.178,214,500,2431095,0
8,128,0,2.2626,214,500,2431095,0
8,128,0,2.1421,214,500,2431095,0
8,128,0,2.6471,214,500,2431095,0
8,128,0,2.2903,214,500,2431095,0
8,128,0,2.2102,214,500,2431095,0
8,128,0,2.2916,214,500,2431095,0
8,128,0,2.4475,214,500,2431095,0
8,128,0,2.282,214,500,2431095,0
8,128,0,2.3349,214,500,2431095,0
8,128,0,2.3264,214,500,2431095,0
8,128,0,2.4652,214,500,2431095,0
8,128,0,2.3277,214,500,2431095,0
8,128,0,2.3367,214,500,2431095,0
8,128,0,2.3515,214,500,2431095,0
8,128,0,1.909,214,500,2431095,0
8,128,0,2.901,214,500,2431095,0
8,128,0,2.5168,214,500,2431095,0
8,128,0,2.3238,214,500,2431095,0
8,128,0,2.7923,214,500,2431095,0
8,128,0,2.2666,214,500,2431095,0
8,128,0,2.425,214,500,2431095,0
8,128,0,2.3736,214,500,2431095,0
8,128,0,2.3771,214,500,2431095,0
8,128,0,2.8879,214,500,2431095,0
8,128,0,2.5626,214,500,2431095,0
8,128,0,4.4387,214,500,2431095,0
8,128,0,16.6455,214,500,2431095,0
8,128,0,2.5785,214,500,2431095,0
8,128,0,2.2277,214,500,2431095,0
8,128,0,3.0126,214,500,2431095,0
8,128,0,2.9819,214,500,2431095,0
8,128,0,2.5389,214,500,2431095,0
8,128,0,2.2931,214,500,2431095,0
8,128,0,2.3309,214,500,2431095,0
8,128,0,2.3337,214,500,2431095,0
8,128,0,5.2081,214,500,2431095,0
8,128,0,3.6618,214,500,2431095,0
8,128,0,4.012,214,500,2431095,0
8,128,0,4.1827,214,500,2431095,0
8,128,0,3.9429,214,500,2431095,0
8,128,0,4.2437,214,500,2431095,0
8,128,0,4.0357,214,500,2431095,0
8,128,0,4.0052,214,500,2431095,0
8,128,0,4.2612,214,500,2431095,0
8,128,0,3.9387,214,500,2431095,0
8,128,0,4.3359,214,500,2431095,0
8,128,0,4.1606,214,500,2431095,0
8,128,0,4.0408,214,500,2431095,0
8,128,0,4.5581,214,500,2431095,0
8,128,0,3.8778,214,500,2431095,0
8,128,0,37.08,214,500,2431095,0
8,128,0,3.0946,214,500,2431095,0
8,128,0,2.4514,214,500,2431095,0
8,128,0,2.5894,214,500,2431095,0
8,128,0,2.6948,214,500,2431095,0
8,128,0,2.4518,214,500,2431095,0
8,128,0,2.3878,214,500,2431095,0
8,128,0,2.3444,214,500,2431095,0
8,128,0,2.486,214,500,2431095,0
8,128,0,2.4306,214,500,2431095,0
8,128,0,2.4188,214,500,2431095,0
8,128,0,2.2916,214,500,2431095,0
8,128,0,2.4188,214,500,2431095,0
8,128,0,2.3002,214,500,2431095,0
8,128,0,2.3554,214,500,2431095,0
8,128,0,2.3554,214,500,2431095,0
8,128,0,2.466,214,500,2431095,0
8,128,0,2.4187,214,500,2431095,0
8,128,0,2.1877,214,500,2431095,0
8,128,0,1.8367,214,500,2431095,0
8,128,0,2.4557,214,500,2431095,0
8,128,0,4.1385,214,500,2431095,0
8,128,0,4.2076,214,500,2431095,0
8,128,0,3.8029,214,500,2431095,0
8,128,0,4.2288,214,500,2431095,0
8,128,0,4.2371,214,500,2431095,0
8,128,0,3.8937,214,500,2431095,0
8,128,0,4.0521,214,500,2431095,0
8,128,0,4.2841,214,500,2431095,0
8,128,0,3.8386,214,500,2431095,0
8,128,0,4.3268,214,500,2431095,0
8,128,0,3.8872,214,500,2431095,0
8,128,0,4.1471,214,500,2431095,0
8,128,0,4.3034,214,500,2431095,0
8,128,0,3.9311,214,500,2431095,0
8,128,0,4.196,214,500,2431095,0
8,128,0,4.1769,214,500,2431095,0
8,128,0,4.0287,214,500,2431095,0
8,128,0,4.1628,214,500,2431095,0
8,128,0,4.0371,214,500,2431095,0
8,128,0,4.2399,214,500,2431095,0
8,128,0,12.3921,214,500,2431095,0
8,128,0,2.4184,214,500,2431095,0
8,128,0,2.234,214,500,2431095,0
8,128,0,2.1596,214,500,2431095,0
8,128,0,1.8708,214,500,2431095,0
8,128,0,3.4215,214,500,2431095,0
8,128,0,4.1138,214,500,2431095,0
8,128,0,4.1398,214,500,2431095,0
8,128,0,4.1264,214,500,2431095,0
8,128,0,4.1248,214,500,2431095,0
8,128,0,102.078,214,500,2431095,0
8,128,0,3.7161,214,500,2431095,0
8,128,0,3.684,214,500,2431095,0
8,128,0,2.2852,214,500,2431095,0
8,128,0,3.3097,214,500,2431095,0
8,128,0,2.376,214,500,2431095,0
8,128,0,2.1547,214,500,2431095,0
8,128,0,2.2912,214,500,2431095,0
8,128,0,2.4672,214,500,2431095,0
8,128,0,2.1784,214,500,2431095,0
8,128,0,2.1164,214,500,2431095,0
8,128,0,2.2702,214,500,2431095,0
8,128,0,2.2198,214,500,2431095,0
8,128,0,2.2278,214,500,2431095,0
8,128,0,2.44,214,500,2431095,0
8,128,0,2.387,214,500,2431095,0
8,128,0,2.4798,214,500,2431095,0
8,128,0,3.2572,214,500,2431095,0
8,128,0,2.3651,214,500,2431095,0
8,128,0,2.2591,214,500,2431095,0
8,128,0,2.208,214,500,2431095,0
8,128,0,2.6604,214,500,2431095,0
8,128,0,2.4935,214,500,2431095,0
8,128,0,2.3194,214,500,2431095,0
8,128,0,2.4274,214,500,2431095,0
8,128,0,2.2819,214,500,2431095,0
8,128,0,2.1861,214,500,2431095,0
8,128,0,2.2566,214,500,2431095,0
8,128,0,2.2023,214,500,2431095,0
8,128,0,2.2558,214,500,2431095,0
8,128,0,2.1906,214,500,2431095,0
8,128,0,2.1072,214,500,2431095,0
8,128,0,2.2312,214,500,2431095,0
8,128,0,2.1306,214,500,2431095,0
8,128,0,2.2804,214,500,2431095,0
8,128,0,2.1739,214,500,2431095,0
8,128,0,1.9394,214,500,2431095,0
8,128,0,2.2103,214,500,2431095,0
8,128,0,2.2087,214,500,2431095,0
8,128,0,2.2471,214,500,2431095,0
8,128,0,2.2489,214,500,2431095,0
8,128,0,1.8177,214,500,2431095,0
8,128,0,2.1617,214,500,2431095,0
8,128,0,2.268,214,500,2431095,0
8,128,0,2.4649,214,500,2431095,0
8,128,0,2.2488,214,500,2431095,0
8,128,0,2.1884,214,500,2431095,0
8,128,0,1.8824,214,500,2431095,0
8,128,0,2.4656,214,500,2431095,0
8,128,0,2.1401,214,500,2431095,0
8,128,0,2.1678,214,500,2431095,0
8,128,0,2.1869,214,500,2431095,0
8,128,0,1.8199,214,500,2431095,0
8,128,0,2.4129,214,500,2431095,0
8,128,0,2.111,214,500,2431095,0
8,128,0,2.1619,214,500,2431095,0
8,128,0,2.4085,214,500,2431095,0
8,128,0,2.4023,214,500,2431095,0
8,128,0,7.0111,214,500,2431095,0
8,128,0,3.5617,214,500,2431095,0
8,128,0,3.879,214,500,2431095,0
8,128,0,4.2072,214,500,2431095,0
8,128,0,3.9022,214,500,2431095,0
8,128,0,4.0679,214,500,2431095,0
8,128,0,4.25,214,500,2431095,0
8,128,0,4.032,214,500,2431095,0
8,128,0,4.0745,214,500,2431095,0
8,128,0,4.1989,214,500,2431095,0
8,128,0,4.2401,214,500,2431095,0
8,128,0,3.9829,214,500,2431095,0
8,128,0,12.7449,214,500,2431095,0
8,128,0,7.6332,214,500,2431095,0
8,128,0,2.4059,214,500,2431095,0
8,128,0,2.4434,214,500,2431095,0
8,128,0,2.3975,214,500,2431095,0
8,128,0,1.8967,214,500,2431095,0
8,128,0,2.1386,214,500,2431095,0
8,128,0,2.3375,214,500,2431095,0
8,128,0,2.698,214,500,2431095,0
8,128,0,4.4131,214,500,2431095,0
8,128,0,4.1312,214,500,2431095,0
8,128,0,29.0722,214,500,2431095,0
8,128,0,3.2126,214,500,2431095,0
8,128,0,2.3194,214,500,2431095,0
8,128,0,2.1979,214,500,2431095,0
8,128,0,2.2816,214,500,2431095,0
8,128,0,2.2941,214,500,2431095,0
8,128,0,2.3857,214,500,2431095,0
8,128,0,2.3425,214,500,2431095,0
8,128,0,2.1268,214,500,2431095,0
8,128,0,2.5469,214,500,2431095,0
8,128,0,2.3813,214,500,2431095,0
8,128,0,2.1818,214,500,2431095,0
8,128,0,30.7641,214,500,2431095,0
8,128,0,2.5707,214,500,2431095,0
8,128,0,2.4325,214,500,2431095,0
8,128,0,3.8,214,500,2431095,0
8,128,0,2.4794,214,500,2431095,0
8,128,0,2.2268,214,500,2431095,0
8,128,0,2.3964,214,500,2431095,0
8,128,0,2.1446,214,500,2431095,0
8,128,0,2.2068,214,500,2431095,0
8,128,0,2.1606,214,500,2431095,0
8,128,0,2.2706,214,500,2431095,0
8,128,0,3.6707,214,500,2431095,0
8,128,0,3.2318,214,500,2431095,0
8,128,0,2.6098,214,500,2431095,0
8,128,0,3.6274,214,500,2431095,0
8,128,0,2.5387,214,500,2431095,0
8,128,0,2.3752,214,500,2431095,0
8,128,0,1.8763,214,500,2431095,0
8,128,0,2.2456,214,500,2431095,0
8,128,0,2.2089,214,500,2431095,0
8,128,0,2.118,214,500,2431095,0
8,128,0,2.2443,214,500,2431095,0
8,128,0,2.5411,214,500,2431095,0
8,128,0,4.5843,214,500,2431095,0
8,128,0,2.1895,214,500,2431095,0
8,128,0,6.0188,214,500,2431095,0
8,128,0,4.1783,214,500,2431095,0
8,128,0,4.036,214,500,2431095,0
8,128,0,4.035,214,500,2431095,0
8,128,0,16.7145,214,500,2431095,0
8,128,0,2.3883,214,500,2431095,0
8,128,0,2.4171,214,500,2431095,0
8,128,0,2.2606,214,500,2431095,0
8,128,0,2.2476,214,500,2431095,0
8,128,0,2.1254,214,500,2431095,0
8,128,0,2.2978,214,500,2431095,0
8,128,0,11.0738,214,500,2431095,0
8,128,0,32.3781,214,500,2431095,0
8,128,0,15.9438,214,500,2431095,0
8,128,0,36.3432,214,500,2431095,0
8,128,0,3.1118,214,500,2431095,0
8,128,0,2.4981,214,500,2431095,0
8,128,0,2.377,214,500,2431095,0
8,128,0,2.2739,214,500,2431095,0
8,128,0,2.2318,214,500,2431095,0
8,128,0,2.5361,214,500,2431095,0
8,128,0,2.1994,214,500,2431095,0
8,128,0,2.3107,214,500,2431095,0
8,128,0,2.2114,214,500,2431095,0
8,128,0,2.3817,214,500,2431095,0
8,128,0,2.3403,214,500,2431095,0
8,128,0,2.3333,214,500,2431095,0
8,128,0,2.2557,214,500,2431095,0
8,128,0,2.2209,214,500,2431095,0
8,128,0,3.3683,214,500,2431095,0
8,128,0,2.3785,214,500,2431095,0
8,128,0,2.4153,214,500,2431095,0
8,128,0,2.1285,214,500,2431095,0
8,128,0,2.6075,214,500,2431095,0
8,128,0,2.4744,214,500,2431095,0
8,128,0,2.1147,214,500,2431095,0
8,128,0,2.1807,214,500,2431095,0
8,128,0,2.411,214,500,2431095,0
8,128,0,2.8529,214,500,2431095,0
8,128,0,2.324,214,500,2431095,0
8,128,0,2.1121,214,500,2431095,0
8,128,0,3.3929,214,500,2431095,0
8,128,0,2.4859,214,500,2431095,0
8,128,0,2.1822,214,500,2431095,0
8,128,0,1.8149,214,500,2431095,0
8,128,0,2.3978,214,500,2431095,0
8,128,0,2.4202,214,500,2431095,0
8,128,0,2.3263,214,500,2431095,0
8,128,0,2.3499,214,500,2431095,0
8,128,0,2.3151,214,500,2431095,0
8,128,0,2.3876,214,500,2431095,0
8,128,0,2.1915,214,500,2431095,0
8,128,0,2.2331,214,500,2431095,0
8,128,0,1.8946,214,500,2431095,0
8,128,0,2.3694,214,500,2431095,0
8,128,0,2.5839,214,500,2431095,0
8,128,0,2.3043,214,500,2431095,0
8,128,0,2.2233,214,500,2431095,0
8,128,0,2.2139,214,500,2431095,0
8,128,0,2.3403,214,500,2431095,0
8,128,0,2.2128,214,500,2431095,0
8,128,0,2.2497,214,500,2431095,0
8,128,0,2.1833,214,500,2431095,0
8,128,0,3.3578,214,500,2431095,0
8,128,0,12.6616,214,500,2431095,0
8,128,0,3.1051,214,500,2431095,0
8,128,0,2.7641,214,500,2431095,0
8,128,0,2.9763,214,500,2431095,0
8,128,0,2.6795,214,500,2431095,0
8,128,0,2.4665,214,500,2431095,0
8,128,0,2.6091,214,500,2431095,0
8,128,0,3.3555,214,500,2431095,0
8,128,0,4.1395,214,500,2431095,0
8,128,0,4.2186,214,500,2431095,0
8,128,0,3.8326,214,500,2431095,0
8,128,0,3.9913,214,500,2431095,0
8,128,0,4.2483,214,500,2431095,0
8,128,0,3.9038,214,500,2431095,0
8,128,0,3.8473,214,500,2431095,0
8,128,0,4.0247,214,500,2431095,0
8,128,0,4.1431,214,500,2431095,0
8,128,0,3.7859,214,500,2431095,0
8,128,0,4.1274,214,500,2431095,0
8,128,0,4.1833,214,500,2431095,0
8,128,0,3.7565,214,500,2431095,0
8,128,0,4.1527,214,500,2431095,0
8,128,0,4.323,214,500,2431095,0
8,128,0,36.4301,214,500,2431095,0
8,128,0,2.943,214,500,2431095,0
8,128,0,2.4125,214,500,2431095,0
8,128,0,2.2964,214,500,2431095,0
8,128,0,2.1708,214,500,2431095,0
8,128,0,2.4386,214,500,2431095,0
8,128,0,2.5112,214,500,2431095,0
8,128,0,2.3476,214,500,2431095,0
8,128,0,1.9068,214,500,2431095,0
8,128,0,2.0967,214,500,2431095,0
8,128,0,2.1541,214,500,2431095,0
8,128,0,2.5206,214,500,2431095,0
8,128,0,2.5074,214,500,2431095,0
8,128,0,2.2701,214,500,2431095,0
8,128,0,2.2091,214,500,2431095,0
8,128,0,1.835,214,500,2431095,0
8,128,0,2.5947,214,500,2431095,0
8,128,0,2.4579,214,500,2431095,0
8,128,0,2.5004,214,500,2431095,0
8,128,0,2.2425,214,500,2431095,0
8,128,0,2.7323,214,500,2431095,0
8,128,0,4.1846,214,500,2431095,0
8,128,0,4.284,214,500,2431095,0
8,128,0,15.9801,214,500,2431095,0
8,128,0,2.421,214,500,2431095,0
8,128,0,2.4081,214,500,2431095,0
8,128,0,2.3318,214,500,2431095,0
8,128,0,2.2669,214,500,2431095,0
8,128,0,2.1213,214,500,2431095,0
8,128,0,37.4065,214,500,2431095,0
8,128,0,4.8067,214,500,2431095,0
8,128,0,3.3473,214,500,2431095,0
8,128,0,2.9758,214,500,2431095,0
8,128,0,2.7016,214,500,2431095,0
8,128,0,2.9275,214,500,2431095,0
8,128,0,2.6147,214,500,2431095,0
8,128,0,2.2883,214,500,2431095,0
8,128,0,2.3093,214,500,2431095,0
8,128,0,2.2608,214,500,2431095,0
8,128,0,1.9011,214,500,2431095,0
8,128,0,1.8883,214,500,2431095,0
8,128,0,2.2534,214,500,2431095,0
8,128,0,2.3016,214,500,2431095,0
8,128,0,2.4551,214,500,2431095,0
8,128,0,3.167,214,500,2431095,0
8,128,0,2.226,214,500,2431095,0
8,128,0,2.2573,214,500,2431095,0
8,128,0,2.1765,214,500,2431095,0
8,128,0,2.4132,214,500,2431095,0
8,128,0,2.3776,214,500,2431095,0
8,128,0,28.8934,214,500,2431095,0
8,128,0,70.8304,214,500,2431095,0
8,128,0,3.2467,214,500,2431095,0
8,128,0,4.0116,214,500,2431095,0
8,128,0,2.2934,214,500,2431095,0
8,128,0,2.8577,214,500,2431095,0
8,128,0,2.3616,214,500,2431095,0
8,128,0,2.0784,214,500,2431095,0
8,128,0,2.3047,214,500,2431095,0
8,128,0,2.5472,214,500,2431095,0
8,128,0,2.254,214,500,2431095,0
8,128,0,2.2762,214,500,2431095,0
8,128,0,2.1731,214,500,2431095,0
8,128,0,2.1889,214,500,2431095,0
8,128,0,2.8715,214,500,2431095,0
8,128,0,2.4635,214,500,2431095,0
8,128,0,2.439,214,500,2431095,0
8,128,0,2.3201,214,500,2431095,0
8,128,0,2.2878,214,500,2431095,0
8,128,0,2.2542,214,500,2431095,0
8,128,0,1.8442,214,500,2431095,0
8,128,0,2.3982,214,500,2431095,0
8,128,0,2.6199,214,500,2431095,0
8,128,0,2.6158,214,500,2431095,0
8,128,0,2.2269,214,500,2431095,0
8,128,0,2.1804,214,500,2431095,0
8,128,0,2.3947,214,500,2431095,0
8,128,0,2.4967,214,500,2431095,0
8,128,0,2.4399,214,500,2431095,0
8,128,0,2.3197,214,500,2431095,0
8,128,0,2.4324,214,500,2431095,0
8,128,0,2.6761,214,500,2431095,0
8,128,0,2.1572,214,500,2431095,0
8,128,0,2.1372,214,500,2431095,0
8,128,0,2.1657,214,500,2431095,0
8,128,0,2.364,214,500,2431095,0
8,128,0,2.3061,214,500,2431095,0
8,128,0,2.2003,214,500,2431095,0
8,128,0,1.9667,214,500,2431095,0
8,128,0,2.1292,214,500,2431095,0
8,128,0,2.4309,214,500,2431095,0
8,128,0,2.353,214,500,2431095,0
8,128,0,2.2676,214,500,2431095,0
8,128,0,2.2175,214,500,2431095,0
8,128,0,2.2248,214,500,2431095,0
8,128,0,2.359,214,500,2431095,0
8,128,0,2.4597,214,500,2431095,0
8,128,0,1.8491,214,500,2431095,0
8,128,0,2.3664,214,500,2431095,0
8,128,0,3.0553,214,500,2431095,0
8,128,0,2.7994,214,500,2431095,0
8,128,0,2.4234,214,500,2431095,0
8,128,0,2.3441,214,500,2431095,0
8,128,0,2.354,214,500,2431095,0
8,128,0,2.3184,214,500,2431095,0
8,128,0,2.1616,214,500,2431095,0
8,128,0,2.2592,214,500,2431095,0
8,128,0,2.0486,214,500,2431095,0
8,128,0,2.6956,214,500,2431095,0
8,128,0,2.8442,214,500,2431095,0
8,128,0,3.8626,214,500,2431095,0
8,128,0,2.4833,214,500,2431095,0
8,128,0,5.8401,214,500,2431095,0
8,128,0,2.2085,214,500,2431095,0
8,128,0,7.021,214,500,2431095,0
8,128,0,4.0568,214,500,2431095,0
8,128,0,3.8211,214,500,2431095,0
8,128,0,4.1438,214,500,2431095,0
8,128,0,4.1346,214,500,2431095,0
8,128,0,4.0606,214,500,2431095,0
8,128,0,4.2435,214,500,2431095,0
8,128,0,13.2416,214,500,2431095,0
8,128,0,7.3933,214,500,2431095,0
8,128,0,2.5869,214,500,2431095,0
8,128,0,2.3839,214,500,2431095,0
8,128,0,2.8646,214,500,2431095,0
8,128,0,2.5715,214,500,2431095,0
8,128,0,2.4638,214,500,2431095,0
8,128,0,2.2724,214,500,2431095,0
8,128,0,2.2272,214,500,2431095,0
8,128,0,2.7598,214,500,2431095,0
8,128,0,4.3016,214,500,2431095,0
8,128,0,29.0902,214,500,2431095,0
8,128,0,3.2503,214,500,2431095,0
8,128,0,2.5197,214,500,2431095,0
8,128,0,2.394,214,500,2431095,0
8,128,0,2.3501,214,500,2431095,0
8,128,0,2.3787,214,500,2431095,0
8,128,0,2.4743,214,500,2431095,0
8,128,0,2.3067,214,500,2431095,0
8,128,0,2.0784,214,500,2431095,0
8,128,0,2.2513,214,500,2431095,0
8,128,0,2.3869,214,500,2431095,0
8,128,0,2.1608,214,500,2431095,0
8,128,0,35.7701,214,500,2431095,0
8,128,0,2.9709,214,500,2431095,0
8,128,0,2.7696,214,500,2431095,0
8,128,0,2.5923,214,500,2431095,0
8,128,0,2.3492,214,500,2431095,0
8,128,0,2.5687,214,500,2431095,0
8,128,0,2.3369,214,500,2431095,0
8,128,0,2.2886,214,500,2431095,0
8,128,0,2.2404,214,500,2431095,0
8,128,0,2.1489,214,500,2431095,0
8,128,0,2.9366,214,500,2431095,0
8,128,0,2.526,214,500,2431095,0
8,128,0,2.2742,214,500,2431095,0
8,128,0,2.1889,214,500,2431095,0
8,128,0,2.3868,214,500,2431095,0
8,128,0,2.4207,214,500,2431095,0
8,128,0,2.3263,214,500,2431095,0
8,128,0,1.9422,214,500,2431095,0
8,128,0,2.2408,214,500,2431095,0
8,128,0,2.244,214,500,2431095,0
8,128,0,2.252,214,500,2431095,0
8,128,0,2.2084,214,500,2431095,0
8,128,0,2.4138,214,500,2431095,0
8,128,0,16.3621,214,500,2431095,0
8,128,0,2.4997,214,500,2431095,0
8,128,0,2.3987,214,500,2431095,0
8,128,0,7.4113,214,500,2431095,0
8,128,0,2.6897,214,500,2431095,0
8,128,0,2.4804,214,500,2431095,0
8,128,0,2.2021,214,500,2431095,0
8,128,0,2.2687,214,500,2431095,0
8,128,0,2.0582,214,500,2431095,0
8,128,0,2.2034,214,500,2431095,0
8,128,0,2.1895,214,500,2431095,0
8,128,0,4.5226,214,500,2431095,0
8,128,0,15.7749,214,500,2431095,0
8,128,0,16.2837,214,500,2431095,0
8,128,0,16.3483,214,500,2431095,0
8,128,0,16.2839,214,500,2431095,0
8,128,0,28.7028,214,500,2431095,0
8,128,0,9.5435,214,500,2431095,0
8,128,0,2.4903,214,500,2431095,0
8,128,0,2.4962,214,500,2431095,0
8,128,0,2.3842,214,500,2431095,0
8,128,0,2.3711,214,500,2431095,0
8,128,0,2.3573,214,500,2431095,0
8,128,0,2.51,214,500,2431095,0
8,128,0,2.3741,214,500,2431095,0
8,128,0,2.4923,214,500,2431095,0
8,128,0,2.292,214,500,2431095,0
8,128,0,2.4257,214,500,2431095,0
8,128,0,2.5572,214,500,2431095,0
8,128,0,2.3637,214,500,2431095,0
8,128,0,2.2964,214,500,2431095,0
8,128,0,2.3163,214,500,2431095,0
8,128,0,2.3548,214,500,2431095,0
8,128,0,2.3963,214,500,2431095,0
8,128,0,2.3924,214,500,2431095,0
8,128,0,2.0672,214,500,2431095,0
8,128,0,2.3099,214,500,2431095,0
8,128,0,2.1516,214,500,2431095,0
8,128,0,2.1819,214,500,2431095,0
8,128,0,2.2588,214,500,2431095,0
8,128,0,2.3348,214,500,2431095,0
8,128,0,2.3214,214,500,2431095,0
8,128,0,3.6953,214,500,2431095,0
8,128,0,2.46,214,500,2431095,0
8,128,0,2.3168,214,500,2431095,0
8,128,0,2.1969,214,500,2431095,0
8,128,0,2.1037,214,500,2431095,0
8,128,0,2.2783,214,500,2431095,0
8,128,0,2.4142,214,500,2431095,0
8,128,0,2.1978,214,500,2431095,0
8,128,0,2.3575,214,500,2431095,0
8,128,0,2.3201,214,500,2431095,0
8,128,0,2.3111,214,500,2431095,0
8,128,0,2.2702,214,500,2431095,0
8,128,0,2.3245,214,500,2431095,0
8,128,0,2.3019,214,500,2431095,0
8,128,0,1.7992,214,500,2431095,0
8,128,0,2.277,214,500,2431095,0
8,128,0,2.2886,214,500,2431095,0
8,128,0,2.1294,214,500,2431095,0
8,128,0,2.2216,214,500,2431095,0
8,128,0,2.3448,214,500,2431095,0
8,128,0,3.3432,214,500,2431095,0
8,128,0,2.2812,214,500,2431095,0
8,128,0,5.9552,214,500,2431095,0
8,128,0,2.224,214,500,2431095,0
8,128,0,14.9619,214,500,2431095,0
8,128,0,2.7393,214,500,2431095,0
8,128,0,2.5076,214,500,2431095,0
8,128,0,2.2168,214,500,2431095,0
8,128,0,2.2888,214,500,2431095,0
8,128,0,2.3338,214,500,2431095,0
8,128,0,3.8535,214,500,2431095,0
8,128,0,3.9312,214,500,2431095,0
8,128,0,4.2356,214,500,2431095,0
8,128,0,4.8163,214,500,2431095,0
8,128,0,4.0828,214,500,2431095,0
8,128,0,4.0642,214,500,2431095,0
8,128,0,4.0451,214,500,2431095,0
8,128,0,4.2359,214,500,2431095,0
8,128,0,3.9377,214,500,2431095,0
8,128,0,4.1333,214,500,2431095,0
8,128,0,4.2506,214,500,2431095,0
8,128,0,3.9798,214,500,2431095,0
8,128,0,4.2719,214,500,2431095,0
8,128,0,4.0018,214,500,2431095,0
8,128,0,4.1257,214,500,2431095,0
8,128,0,4.2097,214,500,2431095,0
8,128,0,4.0713,214,500,2431095,0
8,128,0,16.407,214,500,2431095,0
8,128,0,3.0533,214,500,2431095,0
8,128,0,2.324,214,500,2431095,0
8,128,0,2.3297,214,500,2431095,0
8,128,0,2.2278,214,500,2431095,0
8,128,0,2.3704,214,500,2431095,0
8,128,0,2.3373,214,500,2431095,0
8,128,0,2.2509,214,500,2431095,0
8,128,0,3.8512,214,500,2431095,0
8,128,0,3.896,214,500,2431095,0
8,128,0,4.0313,214,500,2431095,0
8,128,0,4.329,214,500,2431095,0
8,128,0,3.8637,214,500,2431095,0
8,128,0,16.414,214,500,2431095,0
8,128,0,2.5687,214,500,2431095,0
8,128,0,2.1862,214,500,2431095,0
8,128,0,2.4416,214,500,2431095,0
8,128,0,2.2742,214,500,2431095,0
8,128,0,2.4299,214,500,2431095,0
8,128,0,2.361,214,500,2431095,0
8,128,0,2.4364,214,500,2431095,0
8,128,0,3.7407,214,500,2431095,0
8,128,0,4.1969,214,500,2431095,0
8,128,0,41.4495,214,500,2431095,0
8,128,0,3.7124,214,500,2431095,0
8,128,0,2.4613,214,500,2431095,0
8,128,0,2.4014,214,500,2431095,0
8,128,0,2.4203,214,500,2431095,0
8,128,0,2.4156,214,500,2431095,0
8,128,0,2.6079,214,500,2431095,0
8,128,0,2.2443,214,500,2431095,0
8,128,0,2.2736,214,500,2431095,0
8,128,0,2.1898,214,500,2431095,0
8,128,0,2.2917,214,500,2431095,0
8,128,0,2.1825,214,500,2431095,0
8,128,0,2.3116,214,500,2431095,0
8,128,0,2.3208,214,500,2431095,0
8,128,0,2.32,214,500,2431095,0
8,128,0,2.8138,214,500,2431095,0
8,128,0,2.3093,214,500,2431095,0
8,128,0,2.181,214,500,2431095,0
8,128,0,2.1939,214,500,2431095,0
8,128,0,2.6841,214,500,2431095,0
8,128,0,2.4925,214,500,2431095,0
8,128,0,2.319,214,500,2431095,0
8,128,0,2.3563,214,500,2431095,0
8,128,0,3.8207,214,500,2431095,0
8,128,0,12.7854,214,500,2431095,0
8,128,0,2.6562,214,500,2431095,0
8,128,0,2.8051,214,500,2431095,0
8,128,0,2.2622,214,500,2431095,0
8,128,0,98.5775,214,500,2431095,0
8,128,0,3.6999,214,500,2431095,0
8,128,0,4.2058,214,500,2431095,0
8,128,0,2.2724,214,500,2431095,0
8,128,0,1.9653,214,500,2431095,0
8,128,0,2.7558,214,500,2431095,0
8,128,0,2.1539,214,500,2431095,0
8,128,0,2.1905,214,500,2431095,0
8,128,0,2.4316,214,500,2431095,0
8,128,0,2.2948,214,500,2431095,0
8,128,0,2.1994,214,500,2431095,0
8,128,0,2.3303,214,500,2431095,0
8,128,0,2.2437,214,500,2431095,0
8,128,0,2.3934,214,500,2431095,0
8,128,0,2.3548,214,500,2431095,0
8,128,0,2.2444,214,500,2431095,0
8,128,0,2.4341,214,500,2431095,0
8,128,0,2.4533,214,500,2431095,0
8,128,0,2.3929,214,500,2431095,0
8,128,0,2.2641,214,500,2431095,0
8,128,0,2.1208,214,500,2431095,0
8,128,0,2.2749,214,500,2431095,0
8,128,0,2.438,214,500,2431095,0
8,128,0,2.1814,214,500,2431095,0
8,128,0,2.3315,214,500,2431095,0
8,128,0,2.2359,214,500,2431095,0
8,128,0,2.4045,214,500,2431095,0
8,128,0,2.4349,214,500,2431095,0
8,128,0,2.3683,214,500,2431095,0
8,128,0,2.3303,214,500,2431095,0
8,128,0,2.2881,214,500,2431095,0
8,128,0,2.3545,214,500,2431095,0
8,128,0,2.4208,214,500,2431095,0
8,128,0,2.4051,214,500,2431095,0
8,128,0,2.5249,214,500,2431095,0
8,128,0,2.3359,214,500,2431095,0
8,128,0,2.264,214,500,2431095,0
8,128,0,2.4631,214,500,2431095,0
8,128,0,2.4399,214,500,2431095,0
8,128,0,2.761,214,500,2431095,0
8,128,0,2.5468,214,500,2431095,0
8,128,0,2.4916,214,500,2431095,0
8,128,0,2.6462,214,500,2431095,0
8,128,0,2.8163,214,500,2431095,0
8,128,0,2.3074,214,500,2431095,0
8,128,0,2.3231,214,500,2431095,0
8,128,0,2.4038,214,500,2431095,0
8,128,0,2.4324,214,500,2431095,0
8,128,0,2.893,214,500,2431095,0
8,128,0,2.5811,214,500,2431095,0
8,128,0,2.6322,214,500,2431095,0
8,128,0,3.0194,214,500,2431095,0
8,128,0,2.7218,214,500,2431095,0
8,128,0,2.5457,214,500,2431095,0
8,128,0,5.2039,214,500,2431095,0
8,128,0,2.5703,214,500,2431095,0
8,128,0,2.6111,214,500,2431095,0
8,128,0,2.8689,214,500,2431095,0
8,128,0,3.0775,214,500,2431095,0
8,128,0,2.4833,214,500,2431095,0
8,128,0,2.3514,214,500,2431095,0
8,128,0,2.6094,214,500,2431095,0
8,128,0,2.6223,214,500,2431095,0
8,128,0,2.3577,214,500,2431095,0
8,128,0,4.3579,214,500,2431095,0
8,128,0,2.7014,214,500,2431095,0
8,128,0,3.8081,214,500,2431095,0
8,128,0,6.602,214,500,2431095,0
8,128,0,3.6564,214,500,2431095,0
8,128,0,3.9407,214,500,2431095,0
8,128,0,4.6694,214,500,2431095,0
8,128,0,3.4312,214,500,2431095,0
8,128,0,4.2909,214,500,2431095,0
8,128,0,3.7658,214,500,2431095,0
8,128,0,4.0337,214,500,2431095,0
8,128,0,4.0413,214,500,2431095,0
8,128,0,3.9396,214,500,2431095,0
8,128,0,40.6041,214,500,2431095,0
8,128,0,3.4555,214,500,2431095,0
8,128,0,2.6388,214,500,2431095,0
8,128,0,2.3917,214,500,2431095,0
8,128,0,2.1237,214,500,2431095,0
8,128,0,2.2703,214,500,2431095,0
8,128,0,2.6573,214,500,2431095,0
8,128,0,2.239,214,500,2431095,0
8,128,0,2.2483,214,500,2431095,0
8,128,0,2.2018,214,500,2431095,0
8,128,0,2.5036,214,500,2431095,0
8,128,0,2.2668,214,500,2431095,0
8,128,0,2.218,214,500,2431095,0
8,128,0,2.2267,214,500,2431095,0
8,128,0,2.4185,214,500,2431095,0
8,128,0,2.4834,214,500,2431095,0
8,128,0,2.2348,214,500,2431095,0
8,128,0,2.327,214,500,2431095,0
8,128,0,2.2031,214,500,2431095,0
8,128,0,2.9451,214,500,2431095,0
8,128,0,2.5335,214,500,2431095,0
8,128,0,2.3092,214,500,2431095,0
8,128,0,2.2798,214,500,2431095,0
8,128,0,2.4292,214,500,2431095,0
8,128,0,3.4578,214,500,2431095,0
8,128,0,3.91,214,500,2431095,0
8,128,0,4.4963,214,500,2431095,0
8,128,0,3.4927,214,500,2431095,0
8,128,0,4.2879,214,500,2431095,0
8,128,0,4.068,214,500,2431095,0
8,128,0,4.1171,214,500,2431095,0
8,128,0,4.1106,214,500,2431095,0
8,128,0,4.0271,214,500,2431095,0
8,128,0,4.3114,214,500,2431095,0
8,128,0,3.9761,214,500,2431095,0
8,128,0,4.061,214,500,2431095,0
8,128,0,3.9426,214,500,2431095,0
8,128,0,4.1607,214,500,2431095,0
8,128,0,4.3243,214,500,2431095,0
8,128,0,4.1331,214,500,2431095,0
8,128,0,3.9398,214,500,2431095,0
8,128,0,4.5728,214,500,2431095,0
8,128,0,3.6104,214,500,2431095,0
8,128,0,4.3547,214,500,2431095,0
8,128,0,4.0812,214,500,2431095,0
8,128,0,3.9709,214,500,2431095,0
8,128,0,4.3493,214,500,2431095,0
8,128,0,11.9306,214,500,2431095,0
8,128,0,2.4496,214,500,2431095,0
8,128,0,2.4408,214,500,2431095,0
8,128,0,2.3386,214,500,2431095,0
8,128,0,2.6831,214,500,2431095,0
8,128,0,10.6359,214,500,2431095,0
8,128,0,16.6557,214,500,2431095,0
8,128,0,27.862,214,500,2431095,0
8,128,0,28.8865,214,500,2431095,0
8,128,0,12.8813,214,500,2431095,0
8,128,0,2.5571,214,500,2431095,0
8,128,0,2.7502,214,500,2431095,0
8,128,0,2.4617,214,500,2431095,0
8,128,0,2.1629,214,500,2431095,0
8,128,0,2.3035,214,500,2431095,0
8,128,0,2.4738,214,500,2431095,0
8,128,0,2.199,214,500,2431095,0
8,128,0,2.2459,214,500,2431095,0
8,128,0,2.1438,214,500,2431095,0
8,128,0,1.8737,214,500,2431095,0
8,128,0,2.3635,214,500,2431095,0
8,128,0,2.1515,214,500,2431095,0
8,128,0,2.1881,214,500,2431095,0
8,128,0,2.3054,214,500,2431095,0
8,128,0,2.3363,214,500,2431095,0
8,128,0,2.4777,214,500,2431095,0
8,128,0,2.3647,214,500,2431095,0
8,128,0,2.3121,214,500,2431095,0
8,128,0,2.5947,214,500,2431095,0
8,128,0,2.3724,214,500,2431095,0
8,128,0,2.4575,214,500,2431095,0
8,128,0,2.2804,214,500,2431095,0
8,128,0,2.2012,214,500,2431095,0
8,128,0,2.5166,214,500,2431095,0
8,128,0,2.2897,214,500,2431095,0
8,128,0,2.164,214,500,2431095,0
8,128,0,2.2399,214,500,2431095,0
8,128,0,2.2017,214,500,2431095,0
8,128,0,2.2566,214,500,2431095,0
8,128,0,2.3684,214,500,2431095,0
8,128,0,2.3239,214,500,2431095,0
8,128,0,2.4795,214,500,2431095,0
8,128,0,2.2906,214,500,2431095,0
8,128,0,2.2602,214,500,2431095,0
8,128,0,2.5591,214,500,2431095,0
8,128,0,2.9338,214,500,2431095,0
8,128,0,2.1842,214,500,2431095,0
8,128,0,2.4613,214,500,2431095,0
8,128,0,2.784,214,500,2431095,0
8,128,0,2.7363,214,500,2431095,0
8,128,0,2.4874,214,500,2431095,0
8,128,0,2.4674,214,500,2431095,0
8,128,0,11.963,214,500,2431095,0
8,128,0,2.8463,214,500,2431095,0
8,128,0,2.2817,214,500,2431095,0
8,128,0,2.2333,214,500,2431095,0
8,128,0,2.17,214,500,2431095,0
8,128,0,2.2349,214,500,2431095,0
8,128,0,2.374,214,500,2431095,0
8,128,0,2.3726,214,500,2431095,0
8,128,0,2.556,214,500,2431095,0
8,128,0,5.0606,214,500,2431095,0
8,128,0,4.185,214,500,2431095,0
8,128,0,4.0926,214,500,2431095,0
8,128,0,4.124,214,500,2431095,0
8,128,0,4.0597,214,500,2431095,0
8,128,0,4.6399,214,500,2431095,0
8,128,0,3.8254,214,500,2431095,0
8,128,0,4.1868,214,500,2431095,0
8,128,0,4.0113,214,500,2431095,0
8,128,0,3.9783,214,500,2431095,0
8,128,0,4.2854,214,500,2431095,0
8,128,0,5.2419,214,500,2431095,0
8,128,0,3.8978,214,500,2431095,0
8,128,0,4.1077,214,500,2431095,0
8,128,0,3.781,214,500,2431095,0
8,128,0,4.3467,214,500,2431095,0
8,128,0,3.9655,214,500,2431095,0
8,128,0,4.169,214,500,2431095,0
8,128,0,4.6891,214,500,2431095,0
8,128,0,3.6324,214,500,2431095,0
8,128,0,4.3375,214,500,2431095,0
8,128,0,3.8219,214,500,2431095,0
8,128,0,4.1474,214,500,2431095,0
8,128,0,4.2774,214,500,2431095,0
8,128,0,15.7288,214,500,2431095,0
8,128,0,3.8534,214,500,2431095,0
8,128,0,2.5641,214,500,2431095,0
8,128,0,2.2746,214,500,2431095,0
8,128,0,2.2578,214,500,2431095,0
8,128,0,2.9686,214,500,2431095,0
8,128,0,2.4803,214,500,2431095,0
8,128,0,2.2563,214,500,2431095,0
8,128,0,2.376,214,500,2431095,0
8,128,0,4.0332,214,500,2431095,0
8,128,0,4.1832,214,500,2431095,0
8,128,0,4.028,214,500,2431095,0
8,128,0,4.1631,214,500,2431095,0
8,128,0,4.1122,214,500,2431095,0
8,128,0,12.9383,214,500,2431095,0
8,128,0,8.2954,214,500,2431095,0
8,128,0,3.5033,214,500,2431095,0
8,128,0,3.3468,214,500,2431095,0
8,128,0,2.6576,214,500,2431095,0
8,128,0,2.4676,214,500,2431095,0
8,128,0,2.5211,214,500,2431095,0
8,128,0,2.2087,214,500,2431095,0
8,128,0,2.3612,214,500,2431095,0
8,128,0,2.4236,214,500,2431095,0
8,128,0,2.4467,214,500,2431095,0
8,128,0,3.9115,214,500,2431095,0
8,128,0,4.2633,214,500,2431095,0
8,128,0,3.9435,214,500,2431095,0
8,128,0,4.1998,214,500,2431095,0
8,128,0,4.2593,214,500,2431095,0
8,128,0,12.8517,214,500,2431095,0
8,128,0,2.5737,214,500,2431095,0
8,128,0,2.3744,214,500,2431095,0
8,128,0,2.4438,214,500,2431095,0
8,128,0,2.4981,214,500,2431095,0
8,128,0,2.4821,214,500,2431095,0
8,128,0,3.3262,214,500,2431095,0
8,128,0,16.2991,214,500,2431095,0
8,128,0,2.4185,214,500,2431095,0
8,128,0,2.5355,214,500,2431095,0
8,128,0,2.2469,214,500,2431095,0
8,128,0,2.1724,214,500,2431095,0
8,128,0,2.4146,214,500,2431095,0
8,128,0,2.676,214,500,2431095,0
8,128,0,2.9203,214,500,2431095,0
8,128,0,3.0022,214,500,2431095,0
8,128,0,4.1854,214,500,2431095,0
8,128,0,102.739,214,500,2431095,0
8,128,0,3.4877,214,500,2431095,0
8,128,0,4.4661,214,500,2431095,0
8,128,0,2.4924,214,500,2431095,0
8,128,0,2.19,214,500,2431095,0
8,128,0,2.3251,214,500,2431095,0
8,128,0,2.4079,214,500,2431095,0
8,128,0,2.6315,214,500,2431095,0
8,128,0,2.4571,214,500,2431095,0
8,128,0,2.2695,214,500,2431095,0
8,128,0,2.3807,214,500,2431095,0
8,128,0,2.5316,214,500,2431095,0
8,128,0,2.2137,214,500,2431095,0
8,128,0,2.298,214,500,2431095,0
8,128,0,2.2382,214,500,2431095,0
8,128,0,2.2674,214,500,2431095,0
8,128,0,2.3047,214,500,2431095,0
8,128,0,2.2214,214,500,2431095,0
8,128,0,2.3724,214,500,2431095,0
8,128,0,2.2919,214,500,2431095,0
8,128,0,1.9328,214,500,2431095,0
8,128,0,2.2318,214,500,2431095,0
8,128,0,2.2186,214,500,2431095,0
8,128,0,2.2068,214,500,2431095,0
8,128,0,2.1935,214,500,2431095,0
8,128,0,2.0358,214,500,2431095,0
8,128,0,2.3842,214,500,2431095,0
8,128,0,2.1802,214,500,2431095,0
8,128,0,2.2008,214,500,2431095,0
8,128,0,2.3318,214,500,2431095,0
8,128,0,2.3026,214,500,2431095,0
8,128,0,2.2566,214,500,2431095,0
8,128,0,2.2861,214,500,2431095,0
8,128,0,2.3536,214,500,2431095,0
8,128,0,2.5782,214,500,2431095,0
8,128,0,2.5426,214,500,2431095,0
8,128,0,2.2741,214,500,2431095,0
8,128,0,2.39,214,500,2431095,0
8,128,0,2.4358,214,500,2431095,0
8,128,0,3.5048,214,500,2431095,0
8,128,0,3.0144,214,500,2431095,0
8,128,0,2.4058,214,500,2431095,0
8,128,0,2.375,214,500,2431095,0
8,128,0,2.3487,214,500,2431095,0
8,128,0,2.3737,214,500,2431095,0
8,128,0,2.2448,214,500,2431095,0
8,128,0,2.4554,214,500,2431095,0
8,128,0,2.328,214,500,2431095,0
8,128,0,2.4113,214,500,2431095,0
8,128,0,2.1694,214,500,2431095,0
8,128,0,2.2692,214,500,2431095,0
8,128,0,2.3755,214,500,2431095,0
8,128,0,1.886,214,500,2431095,0
8,128,0,2.3331,214,500,2431095,0
8,128,0,2.1801,214,500,2431095,0
8,128,0,2.405,214,500,2431095,0
8,128,0,2.2263,214,500,2431095,0
8,128,0,2.2981,214,500,2431095,0
8,128,0,2.3878,214,500,2431095,0
8,128,0,3.9709,214,500,2431095,0
8,128,0,2.263,214,500,2431095,0
8,128,0,5.9701,214,500,2431095,0
8,128,0,2.8095,214,500,2431095,0
8,128,0,5.3678,214,500,2431095,0
8,128,0,4.3501,214,500,2431095,0
8,128,0,3.8404,214,500,2431095,0
8,128,0,4.2545,214,500,2431095,0
8,128,0,4.9181,214,500,2431095,0
8,128,0,4.0124,214,500,2431095,0
8,128,0,4.0399,214,500,2431095,0
8,128,0,4.0264,214,500,2431095,0
8,128,0,4.4222,214,500,2431095,0
8,128,0,3.9775,214,500,2431095,0
8,128,0,4.0604,214,500,2431095,0
8,128,0,4.3243,214,500,2431095,0
8,128,0,4.0776,214,500,2431095,0
8,128,0,4.2535,214,500,2431095,0
8,128,0,16.239,214,500,2431095,0
8,128,0,2.6382,214,500,2431095,0
8,128,0,2.4476,214,500,2431095,0
8,128,0,2.507,214,500,2431095,0
8,128,0,2.3289,214,500,2431095,0
8,128,0,2.2583,214,500,2431095,0
8,128,0,2.3115,214,500,2431095,0
8,128,0,2.5828,214,500,2431095,0
8,128,0,3.3897,214,500,2431095,0
8,128,0,4.169,214,500,2431095,0
8,128,0,4.1049,214,500,2431095,0
8,128,0,4.113,214,500,2431095,0
8,128,0,4.188,214,500,2431095,0
8,128,0,4.1973,214,500,2431095,0
8,128,0,4.0412,214,500,2431095,0
8,128,0,4.2545,214,500,2431095,0
8,128,0,3.9646,214,500,2431095,0
8,128,0,4.1579,214,500,2431095,0
8,128,0,4.1721,214,500,2431095,0
8,128,0,3.9234,214,500,2431095,0
8,128,0,4.3029,214,500,2431095,0
8,128,0,4.2637,214,500,2431095,0
8,128,0,3.6062,214,500,2431095,0
8,128,0,4.3063,214,500,2431095,0
8,128,0,4.0225,214,500,2431095,0
8,128,0,3.9621,214,500,2431095,0
8,128,0,4.2805,214,500,2431095,0
8,128,0,4.164,214,500,2431095,0
8,128,0,4.1919,214,500,2431095,0
8,128,0,4.0595,214,500,2431095,0
8,128,0,4.0592,214,500,2431095,0
8,128,0,4.5935,214,500,2431095,0
8,128,0,3.8444,214,500,2431095,0
8,128,0,4.0717,214,500,2431095,0
8,128,0,4.044,214,500,2431095,0
8,128,0,4.2884,214,500,2431095,0
8,128,0,4.0327,214,500,2431095,0
8,128,0,4.255,214,500,2431095,0
8,128,0,4.2724,214,500,2431095,0
8,128,0,3.7899,214,500,2431095,0
8,128,0,4.2681,214,500,2431095,0
8,128,0,3.7908,214,500,2431095,0
8,128,0,4.2433,214,500,2431095,0
8,128,0,4.1481,214,500,2431095,0
8,128,0,4.0539,214,500,2431095,0
8,128,0,4.1285,214,500,2431095,0
8,128,0,4.451,214,500,2431095,0
8,128,0,15.9196,214,500,2431095,0
8,128,0,2.5821,214,500,2431095,0
8,128,0,2.3091,214,500,2431095,0
8,128,0,2.515,214,500,2431095,0
8,128,0,4.0152,214,500,2431095,0
8,128,0,16.255,214,500,2431095,0
8,128,0,16.5047,214,500,2431095,0
8,128,0,12.1987,214,500,2431095,0
8,128,0,24.3936,214,500,2431095,0
8,128,0,21.1129,214,500,2431095,0
8,128,0,2.7486,214,500,2431095,0
8,128,0,2.4302,214,500,2431095,0
8,128,0,2.3513,214,500,2431095,0
8,128,0,2.4399,214,500,2431095,0
8,128,0,2.4571,214,500,2431095,0
8,128,0,2.3555,214,500,2431095,0
8,128,0,2.2282,214,500,2431095,0
8,128,0,2.2909,214,500,2431095,0
8,128,0,2.5809,214,500,2431095,0
8,128,0,2.4372,214,500,2431095,0
8,128,0,2.4751,214,500,2431095,0
8,128,0,2.2695,214,500,2431095,0
8,128,0,2.271,214,500,2431095,0
8,128,0,2.2119,214,500,2431095,0
8,128,0,2.2094,214,500,2431095,0
8,128,0,3.0761,214,500,2431095,0
8,128,0,2.6337,214,500,2431095,0
8,128,0,2.4966,214,500,2431095,0
8,128,0,2.2727,214,500,2431095,0
8,128,0,2.2381,214,500,2431095,0
8,128,0,2.2547,214,500,2431095,0
8,128,0,2.2381,214,500,2431095,0
8,128,0,2.8328,214,500,2431095,0
8,128,0,2.3776,214,500,2431095,0
8,128,0,2.3123,214,500,2431095,0
8,128,0,2.3337,214,500,2431095,0
8,128,0,2.2379,214,500,2431095,0
8,128,0,2.1821,214,500,2431095,0
8,128,0,1.9108,214,500,2431095,0
8,128,0,2.3071,214,500,2431095,0
8,128,0,2.4037,214,500,2431095,0
8,128,0,2.3855,214,500,2431095,0
8,128,0,2.6153,214,500,2431095,0
8,128,0,2.5412,214,500,2431095,0
8,128,0,2.5587,214,500,2431095,0
8,128,0,2.8324,214,500,2431095,0
8,128,0,2.3071,214,500,2431095,0
8,128,0,2.1505,214,500,2431095,0
8,128,0,2.2333,214,500,2431095,0
8,128,0,2.2433,214,500,2431095,0
8,128,0,2.0754,214,500,2431095,0
8,128,0,2.1766,214,500,2431095,0
8,128,0,2.2178,214,500,2431095,0
8,128,0,2.3235,214,500,2431095,0
8,128,0,2.5476,214,500,2431095,0
8,128,0,2.1329,214,500,2431095,0
8,128,0,6.0838,214,500,2431095,0
8,128,0,4.1252,214,500,2431095,0
8,128,0,4.0022,214,500,2431095,0
8,128,0,4.1799,214,500,2431095,0
8,128,0,4.0835,214,500,2431095,0
8,128,0,4.2518,214,500,2431095,0
8,128,0,4.2786,214,500,2431095,0
8,128,0,3.9971,214,500,2431095,0
8,128,0,4.3179,214,500,2431095,0
8,128,0,4.1523,214,500,2431095,0
8,128,0,4.5189,214,500,2431095,0
8,128,0,3.8747,214,500,2431095,0
8,128,0,3.973,214,500,2431095,0
8,128,0,4.0602,214,500,2431095,0
8,128,0,3.9708,214,500,2431095,0
8,128,0,4.577,214,500,2431095,0
8,128,0,4.814,214,500,2431095,0
8,128,0,4.1409,214,500,2431095,0
8,128,0,3.9365,214,500,2431095,0
8,128,0,3.8143,214,500,2431095,0
8,128,0,4.3576,214,500,2431095,0
8,128,0,16.5377,214,500,2431095,0
8,128,0,2.6339,214,500,2431095,0
8,128,0,2.2649,214,500,2431095,0
8,128,0,2.2001,214,500,2431095,0
8,128,0,2.2262,214,500,2431095,0
8,128,0,2.3463,214,500,2431095,0
8,128,0,2.55,214,500,2431095,0
8,128,0,2.628,214,500,2431095,0
8,128,0,3.2447,214,500,2431095,0
8,128,0,3.9732,214,500,2431095,0
8,128,0,16.1666,214,500,2431095,0
8,128,0,16.4187,214,500,2431095,0
8,128,0,2.7023,214,500,2431095,0
8,128,0,2.4163,214,500,2431095,0
8,128,0,2.6369,214,500,2431095,0
8,128,0,2.5997,214,500,2431095,0
8,128,0,2.2679,214,500,2431095,0
8,128,0,2.2765,214,500,2431095,0
8,128,0,2.623,214,500,2431095,0
8,128,0,2.4248,214,500,2431095,0
8,128,0,2.2659,214,500,2431095,0
8,128,0,2.2142,214,500,2431095,0
8,128,0,2.1687,214,500,2431095,0
8,128,0,35.4527,214,500,2431095,0
8,128,0,2.9687,214,500,2431095,0
8,128,0,2.5926,214,500,2431095,0
8,128,0,2.2364,214,500,2431095,0
8,128,0,2.349,214,500,2431095,0
8,128,0,2.2155,214,500,2431095,0
8,128,0,2.1864,214,500,2431095,0
8,128,0,2.2909,214,500,2431095,0
8,128,0,2.3142,214,500,2431095,0
8,128,0,2.223,214,500,2431095,0
8,128,0,2.4053,214,500,2431095,0
8,128,0,2.7528,214,500,2431095,0
8,128,0,2.4664,214,500,2431095,0
8,128,0,2.4267,214,500,2431095,0
8,128,0,2.2688,214,500,2431095,0
8,128,0,2.3572,214,500,2431095,0
8,128,0,2.3362,214,500,2431095,0
8,128,0,2.2076,214,500,2431095,0
8,128,0,2.2549,214,500,2431095,0
8,128,0,2.6964,214,500,2431095,0
8,128,0,2.301,214,500,2431095,0
8,128,0,2.3063,214,500,2431095,0
8,128,0,2.4516,214,500,2431095,0
8,128,0,16.6885,214,500,2431095,0
8,128,0,4.3562,214,500,2431095,0
8,128,0,2.79,214,500,2431095,0
8,128,0,5.1554,214,500,2431095,0
8,128,0,2.3374,214,500,2431095,0
8,128,0,2.3354,214,500,2431095,0
8,128,0,2.3775,214,500,2431095,0
8,128,0,2.4821,214,500,2431095,0
8,128,0,2.3459,214,500,2431095,0
8,128,0,99.6487,214,500,2431095,0
8,128,0,3.7706,214,500,2431095,0
8,128,0,3.4861,214,500,2431095,0
8,128,0,2.6042,214,500,2431095,0
8,128,0,2.6255,214,500,2431095,0
8,128,0,3.0747,214,500,2431095,0
8,128,0,2.1816,214,500,2431095,0
8,128,0,2.1423,214,500,2431095,0
8,128,0,2.217,214,500,2431095,0
8,128,0,2.1348,214,500,2431095,0
8,128,0,2.3789,214,500,2431095,0
8,128,0,2.2054,214,500,2431095,0
8,128,0,2.1901,214,500,2431095,0
8,128,0,1.9017,214,500,2431095,0
8,128,0,2.3279,214,500,2431095,0
8,128,0,2.7387,214,500,2431095,0
8,128,0,2.427,214,500,2431095,0
8,128,0,2.1607,214,500,2431095,0
8,128,0,2.7984,214,500,2431095,0
8,128,0,2.8057,214,500,2431095,0
8,128,0,2.3397,214,500,2431095,0
8,128,0,2.4782,214,500,2431095,0
8,128,0,2.3114,214,500,2431095,0
8,128,0,2.3206,214,500,2431095,0
8,128,0,2.3093,214,500,2431095,0
8,128,0,2.263,214,500,2431095,0
8,128,0,2.4535,214,500,2431095,0
8,128,0,2.1028,214,500,2431095,0
8,128,0,3.1693,214,500,2431095,0
8,128,0,2.4549,214,500,2431095,0
8,128,0,2.4052,214,500,2431095,0
8,128,0,2.2615,214,500,2431095,0
8,128,0,2.3286,214,500,2431095,0
8,128,0,2.3255,214,500,2431095,0
8,128,0,2.3459,214,500,2431095,0
8,128,0,2.2564,214,500,2431095,0
8,128,0,2.3138,214,500,2431095,0
8,128,0,2.5006,214,500,2431095,0
8,128,0,2.4624,214,500,2431095,0
8,128,0,2.5246,214,500,2431095,0
8,128,0,2.2902,214,500,2431095,0
8,128,0,2.2091,214,500,2431095,0
8,128,0,2.4119,214,500,2431095,0
8,128,0,2.1218,214,500,2431095,0
8,128,0,2.3037,214,500,2431095,0
8,128,0,2.514,214,500,2431095,0
8,128,0,2.1428,214,500,2431095,0
8,128,0,2.1407,214,500,2431095,0
8,128,0,2.1821,214,500,2431095,0
8,128,0,2.6411,214,500,2431095,0
8,128,0,2.9617,214,500,2431095,0
8,128,0,2.4209,214,500,2431095,0
8,128,0,2.1941,214,500,2431095,0
8,128,0,2.3794,214,500,2431095,0
8,128,0,2.1272,214,500,2431095,0
8,128,0,2.2082,214,500,2431095,0
8,128,0,2.2354,214,500,2431095,0
8,128,0,2.2251,214,500,2431095,0
8,128,0,3.5704,214,500,2431095,0
8,128,0,3.22,214,500,2431095,0
8,128,0,2.6361,214,500,2431095,0
8,128,0,4.5893,214,500,2431095,0
8,128,0,2.5578,214,500,2431095,0
8,128,0,5.5949,214,500,2431095,0
8,128,0,4.2426,214,500,2431095,0
8,128,0,3.9474,214,500,2431095,0
8,128,0,4.375,214,500,2431095,0
8,128,0,4.1687,214,500,2431095,0
8,128,0,4.1107,214,500,2431095,0
8,128,0,4.9608,214,500,2431095,0
8,128,0,3.7649,214,500,2431095,0
8,128,0,4.5849,214,500,2431095,0
8,128,0,3.7683,214,500,2431095,0
8,128,0,3.9642,214,500,2431095,0
8,128,0,4.274,214,500,2431095,0
8,128,0,3.9766,214,500,2431095,0
8,128,0,4.2925,214,500,2431095,0
8,128,0,16.117,214,500,2431095,0
8,128,0,2.511,214,500,2431095,0
8,128,0,2.5155,214,500,2431095,0
8,128,0,2.2354,214,500,2431095,0
8,128,0,2.1466,214,500,2431095,0
8,128,0,2.2426,214,500,2431095,0
8,128,0,2.6223,214,500,2431095,0
8,128,0,2.6052,214,500,2431095,0
8,128,0,3.8081,214,500,2431095,0
8,128,0,4.3722,214,500,2431095,0
8,128,0,3.9686,214,500,2431095,0
8,128,0,4.2357,214,500,2431095,0
8,128,0,4.1387,214,500,2431095,0
8,128,0,4.0373,214,500,2431095,0
8,128,0,4.4238,214,500,2431095,0
8,128,0,3.9423,214,500,2431095,0
8,128,0,4.08,214,500,2431095,0
8,128,0,4.1308,214,500,2431095,0
8,128,0,4.0741,214,500,2431095,0
8,128,0,4.4313,214,500,2431095,0
8,128,0,3.8035,214,500,2431095,0
8,128,0,4.2126,214,500,2431095,0
8,128,0,16.3801,214,500,2431095,0
8,128,0,2.5618,214,500,2431095,0
8,128,0,2.4229,214,500,2431095,0
8,128,0,2.2011,214,500,2431095,0
8,128,0,2.397,214,500,2431095,0
8,128,0,2.3606,214,500,2431095,0
8,128,0,2.3613,214,500,2431095,0
8,128,0,2.2979,214,500,2431095,0
8,128,0,3.7252,214,500,2431095,0
8,128,0,4.3061,214,500,2431095,0
8,128,0,3.97,214,500,2431095,0
8,128,0,4.0901,214,500,2431095,0
8,128,0,4.0992,214,500,2431095,0
8,128,0,16.051,214,500,2431095,0
8,128,0,2.6027,214,500,2431095,0
8,128,0,2.9911,214,500,2431095,0
8,128,0,2.4026,214,500,2431095,0
8,128,0,2.3306,214,500,2431095,0
8,128,0,2.6903,214,500,2431095,0
8,128,0,2.4511,214,500,2431095,0
8,128,0,2.4704,214,500,2431095,0
8,128,0,2.5784,214,500,2431095,0
8,128,0,4.0909,214,500,2431095,0
8,128,0,4.1535,214,500,2431095,0
8,128,0,4.0422,214,500,2431095,0
8,128,0,4.1315,214,500,2431095,0
8,128,0,4.1451,214,500,2431095,0
8,128,0,4.05,214,500,2431095,0
8,128,0,7.3886,214,500,2431095,0
8,128,0,13.068,214,500,2431095,0
8,128,0,3.5164,214,500,2431095,0
8,128,0,16.664,214,500,2431095,0
8,128,0,8.2766,214,500,2431095,0
8,128,0,28.5376,214,500,2431095,0
8,128,0,29.4433,214,500,2431095,0
8,128,0,3.0947,214,500,2431095,0
8,128,0,2.5217,214,500,2431095,0
8,128,0,2.3023,214,500,2431095,0
8,128,0,2.8626,214,500,2431095,0
8,128,0,2.5032,214,500,2431095,0
8,128,0,2.3851,214,500,2431095,0
8,128,0,2.4759,214,500,2431095,0
8,128,0,2.5569,214,500,2431095,0
8,128,0,2.3657,214,500,2431095,0
8,128,0,2.5804,214,500,2431095,0
8,128,0,3.1174,214,500,2431095,0
8,128,0,2.3238,214,500,2431095,0
8,128,0,2.579,214,500,2431095,0
8,128,0,2.4696,214,500,2431095,0
8,128,0,2.5849,214,500,2431095,0
8,128,0,2.3475,214,500,2431095,0
8,128,0,2.2822,214,500,2431095,0
8,128,0,2.1684,214,500,2431095,0
8,128,0,2.4255,214,500,2431095,0
8,128,0,2.0828,214,500,2431095,0
8,128,0,2.2583,214,500,2431095,0
8,128,0,2.1498,214,500,2431095,0
8,128,0,2.1745,214,500,2431095,0
8,128,0,2.9963,214,500,2431095,0
8,128,0,2.3691,214,500,2431095,0
8,128,0,2.2399,214,500,2431095,0
8,128,0,2.273,214,500,2431095,0
8,128,0,2.3037,214,500,2431095,0
8,128,0,2.3439,214,500,2431095,0
8,128,0,2.2953,214,500,2431095,0
8,128,0,2.0972,214,500,2431095,0
8,128,0,2.3758,214,500,2431095,0
8,128,0,2.1806,214,500,2431095,0
8,128,0,2.2108,214,500,2431095,0
8,128,0,2.2788,214,500,2431095,0
8,128,0,2.1495,214,500,2431095,0
8,128,0,2.0178,214,500,2431095,0
8,128,0,2.0354,214,500,2431095,0
8,128,0,2.2581,214,500,2431095,0
8,128,0,2.232,214,500,2431095,0
8,128,0,2.1678,214,500,2431095,0
8,128,0,2.189,214,500,2431095,0
8,128,0,2.2486,214,500,2431095,0
8,128,0,2.1815,214,500,2431095,0
8,128,0,2.1863,214,500,2431095,0
8,128,0,2.2679,214,500,2431095,0
8,128,0,6.7168,214,500,2431095,0
8,128,0,2.3423,214,500,2431095,0
8,128,0,5.9345,214,500,2431095,0
8,128,0,4.3822,214,500,2431095,0
8,128,0,3.9677,214,500,2431095,0
8,128,0,4.0331,214,500,2431095,0
8,128,0,3.9656,214,500,2431095,0
8,128,0,4.1463,214,500,2431095,0
8,128,0,4.0905,214,500,2431095,0
8,128,0,4.1821,214,500,2431095,0
