match_id,sample_index,encode_duration_ns,replication_p95_ns,payload_bytes,fragment_count,visible_actors,visible_loot,keyframe,fallback_keyframe
1,0,35700,60500,4343,4,124,60,1,0
1,1,20000,60500,4343,4,124,60,1,0
1,2,31000,60500,4343,4,124,60,1,0
1,3,20300,60500,4343,4,124,60,1,0
1,4,32000,60500,4343,4,124,60,1,0
1,5,34500,60500,4343,4,124,60,1,0
1,6,41700,60500,4343,4,124,60,1,0
1,7,24600,60500,4343,4,124,60,1,0
1,8,29700,60500,4343,4,124,60,1,0
1,9,21300,60500,4343,4,124,60,1,0
1,10,39400,60500,4343,4,124,60,1,0
1,11,28000,60500,4343,4,124,60,1,0
1,12,31600,60500,4343,4,124,60,1,0
1,13,35400,60500,4343,4,124,60,1,0
1,14,43200,60500,4343,4,124,60,1,0
1,15,33200,60500,4343,4,124,60,1,0
1,16,28900,60500,4343,4,124,60,1,0
1,17,29900,60500,4343,4,124,60,1,0
1,18,56400,60500,4343,4,124,60,1,0
1,19,34100,60500,4343,4,124,60,1,0
1,20,208300,60500,4343,4,124,60,1,0
1,21,31500,60500,4343,4,124,60,1,0
1,22,33400,60500,4343,4,124,60,1,0
1,23,41500,60500,4343,4,124,60,1,0
1,24,32800,60500,4343,4,124,60,1,0
1,25,39000,60500,4343,4,124,60,1,0
1,26,34100,60500,4343,4,124,60,1,0
1,27,23300,60500,4343,4,124,60,1,0
1,28,40000,60500,4343,4,124,60,1,0
1,29,25500,60500,4343,4,124,60,1,0
1,30,24500,60500,4343,4,124,60,1,0
1,31,29400,60500,4343,4,124,60,1,0
1,32,26400,60500,4343,4,124,60,1,0
1,33,22200,60500,4343,4,124,60,1,0
1,34,36100,60500,4343,4,124,60,1,0
1,35,40700,60500,4343,4,124,60,1,0
1,36,51400,60500,4343,4,124,60,1,0
1,37,28200,60500,4343,4,124,60,1,0
1,38,23400,60500,4343,4,124,60,1,0
1,39,29300,60500,4343,4,124,60,1,0
1,40,31600,60500,4343,4,124,60,1,0
1,41,51400,60500,4343,4,124,60,1,0
1,42,40500,60500,4343,4,124,60,1,0
1,43,49000,60500,4343,4,124,60,1,0
1,44,40900,60500,4343,4,124,60,1,0
1,45,49100,60500,4343,4,124,60,1,0
1,46,44300,60500,4343,4,124,60,1,0
1,47,53200,60500,4343,4,124,60,1,0
1,48,55400,60500,4343,4,124,60,1,0
1,49,44100,60500,4343,4,124,60,1,0
1,50,56700,60500,4343,4,124,60,1,0
1,51,39100,60500,4343,4,124,60,1,0
1,52,33400,60500,4343,4,124,60,1,0
1,53,43400,60500,4343,4,124,60,1,0
1,54,64000,60500,4343,4,124,60,1,0
1,55,55900,60500,4343,4,124,60,1,0
1,56,34400,60500,4343,4,124,60,1,0
1,57,47200,60500,4343,4,124,60,1,0
1,58,32300,60500,4343,4,124,60,1,0
1,59,35800,60500,4343,4,124,60,1,0
1,60,39200,60500,4343,4,124,60,1,0
1,61,40600,60500,4343,4,124,60,1,0
1,62,32400,60500,4343,4,124,60,1,0
1,63,52300,60500,4343,4,124,60,1,0
1,64,53200,60500,4343,4,124,60,1,0
1,65,52700,60500,4343,4,124,60,1,0
1,66,49500,60500,4343,4,124,60,1,0
1,67,30900,60500,4343,4,124,60,1,0
1,68,34400,60500,4343,4,124,60,1,0
1,69,58600,60500,4343,4,124,60,1,0
1,70,50500,60500,4343,4,124,60,1,0
1,71,60800,60500,4343,4,124,60,1,0
1,72,35400,60500,4343,4,124,60,1,0
1,73,35100,60500,4343,4,124,60,1,0
1,74,40100,60500,4343,4,124,60,1,0
1,75,64000,60500,4343,4,124,60,1,0
1,76,48800,60500,4343,4,124,60,1,0
1,77,44600,60500,4343,4,124,60,1,0
1,78,43100,60500,4343,4,124,60,1,0
1,79,40100,60500,4343,4,124,60,1,0
1,80,39900,60500,4343,4,124,60,1,0
1,81,43400,60500,4343,4,124,60,1,0
1,82,32200,60500,4343,4,124,60,1,0
1,83,41400,60500,4343,4,124,60,1,0
1,84,31800,60500,4343,4,124,60,1,0
1,85,47900,60500,4343,4,124,60,1,0
1,86,39800,60500,4343,4,124,60,1,0
1,87,52700,60500,4343,4,124,60,1,0
1,88,48500,60500,4343,4,124,60,1,0
1,89,57300,60500,4343,4,124,60,1,0
1,90,85100,60500,4343,4,124,60,1,0
1,91,51600,60500,4343,4,124,60,1,0
1,92,47000,60500,4343,4,124,60,1,0
1,93,94100,60500,4343,4,124,60,1,0
1,94,41800,60500,4343,4,124,60,1,0
1,95,57100,60500,4343,4,124,60,1,0
1,96,29800,60500,4343,4,124,60,1,0
1,97,41800,60500,4343,4,124,60,1,0
1,98,47700,60500,4343,4,124,60,1,0
1,99,38900,60500,4343,4,124,60,1,0
1,100,47500,60500,4343,4,124,60,1,0
1,101,51400,60500,4343,4,124,60,1,0
1,102,59700,60500,4343,4,124,60,1,0
1,103,41500,60500,4343,4,124,60,1,0
1,104,32000,60500,4343,4,124,60,1,0
1,105,73100,60500,4343,4,124,60,1,0
1,106,28500,60500,4343,4,124,60,1,0
1,107,53300,60500,4343,4,124,60,1,0
1,108,47500,60500,4343,4,124,60,1,0
1,109,51600,60500,4343,4,124,60,1,0
1,110,45400,60500,4343,4,124,60,1,0
1,111,81700,60500,4343,4,124,60,1,0
1,112,46200,60500,4343,4,124,60,1,0
1,113,50900,60500,4343,4,124,60,1,0
1,114,35300,60500,4343,4,124,60,1,0
1,115,48400,60500,4343,4,124,60,1,0
1,116,54500,60500,4343,4,124,60,1,0
1,117,49100,60500,4343,4,124,60,1,0
1,118,66100,60500,4343,4,124,60,1,0
1,119,39000,60500,4343,4,124,60,1,0
1,120,32200,60500,4343,4,124,60,1,0
1,121,37700,60500,4343,4,124,60,1,0
1,122,39600,60500,4343,4,124,60,1,0
1,123,41400,60500,4343,4,124,60,1,0
1,124,37500,60500,4343,4,124,60,1,0
1,125,61700,60500,4343,4,124,60,1,0
1,126,42600,60500,4343,4,124,60,1,0
1,127,38700,60500,4343,4,124,60,1,0
1,128,33200,60500,4343,4,124,60,1,0
1,129,42100,60500,4343,4,124,60,1,0
1,130,19200,60500,4343,4,124,60,1,0
1,131,54500,60500,4343,4,124,60,1,0
1,132,63300,60500,4343,4,124,60,1,0
1,133,26500,60500,4343,4,124,60,1,0
1,134,39000,60500,4343,4,124,60,1,0
1,135,37200,60500,4343,4,124,60,1,0
1,136,27100,60500,4343,4,124,60,1,0
1,137,32700,60500,4343,4,124,60,1,0
1,138,33100,60500,4343,4,124,60,1,0
1,139,51800,60500,4343,4,124,60,1,0
1,140,52200,60500,4343,4,124,60,1,0
1,141,59100,60500,4343,4,124,60,1,0
1,142,40500,60500,4343,4,124,60,1,0
1,143,58100,60500,4343,4,124,60,1,0
1,144,27300,60500,4343,4,124,60,1,0
1,145,42700,60500,4343,4,124,60,1,0
1,146,56400,60500,4343,4,124,60,1,0
1,147,54200,60500,4343,4,124,60,1,0
1,148,29000,60500,4343,4,124,60,1,0
1,149,43300,60500,4343,4,124,60,1,0
1,150,47800,60500,4343,4,124,60,1,0
1,151,34800,60500,4343,4,124,60,1,0
1,152,42400,60500,4343,4,124,60,1,0
1,153,52700,60500,4343,4,124,60,1,0
1,154,48100,60500,4343,4,124,60,1,0
1,155,34300,60500,4343,4,124,60,1,0
1,156,21100,60500,4343,4,124,60,1,0
1,157,38700,60500,4343,4,124,60,1,0
1,158,45500,60500,4343,4,124,60,1,0
1,159,36900,60500,4343,4,124,60,1,0
1,160,37300,60500,4343,4,124,60,1,0
1,161,37900,60500,4343,4,124,60,1,0
1,162,58200,60500,4343,4,124,60,1,0
1,163,42200,60500,4343,4,124,60,1,0
1,164,30600,60500,4343,4,124,60,1,0
1,165,51600,60500,4343,4,124,60,1,0
1,166,54500,60500,4343,4,124,60,1,0
1,167,45500,60500,4343,4,124,60,1,0
1,168,42000,60500,4343,4,124,60,1,0
1,169,46700,60500,4343,4,124,60,1,0
1,170,39500,60500,4343,4,124,60,1,0
1,171,46100,60500,4343,4,124,60,1,0
1,172,39100,60500,4343,4,124,60,1,0
1,173,49100,60500,4343,4,124,60,1,0
1,174,47600,60500,4343,4,124,60,1,0
1,175,60100,60500,4343,4,124,60,1,0
1,176,30000,60500,4343,4,124,60,1,0
1,177,37900,60500,4343,4,124,60,1,0
1,178,40500,60500,4343,4,124,60,1,0
1,179,41600,60500,4343,4,124,60,1,0
1,180,31900,60500,4343,4,124,60,1,0
1,181,55000,60500,4343,4,124,60,1,0
1,182,42100,60500,4343,4,124,60,1,0
1,183,54200,60500,4343,4,124,60,1,0
1,184,32900,60500,4343,4,124,60,1,0
1,185,50700,60500,4343,4,124,60,1,0
1,186,51600,60500,4343,4,124,60,1,0
1,187,60300,60500,4343,4,124,60,1,0
1,188,21400,60500,4343,4,124,60,1,0
1,189,37900,60500,4343,4,124,60,1,0
1,190,40400,60500,4343,4,124,60,1,0
1,191,52000,60500,4343,4,124,60,1,0
1,192,36300,60500,4343,4,124,60,1,0
1,193,23800,60500,4343,4,124,60,1,0
1,194,38000,60500,4343,4,124,60,1,0
1,195,43300,60500,4343,4,124,60,1,0
1,196,49100,60500,4343,4,124,60,1,0
1,197,45200,60500,4343,4,124,60,1,0
1,198,31300,60500,4343,4,124,60,1,0
1,199,49200,60500,4343,4,124,60,1,0
1,200,33500,60500,4343,4,124,60,1,0
1,201,57500,60500,4343,4,124,60,1,0
1,202,33100,60500,4343,4,124,60,1,0
1,203,58200,60500,4343,4,124,60,1,0
1,204,37700,60500,4343,4,124,60,1,0
1,205,36200,60500,4343,4,124,60,1,0
1,206,45100,60500,4343,4,124,60,1,0
1,207,33800,60500,4343,4,124,60,1,0
1,208,32100,60500,4343,4,124,60,1,0
1,209,55400,60500,4343,4,124,60,1,0
1,210,17400,60500,4343,4,124,60,1,0
1,211,30400,60500,4343,4,124,60,1,0
1,212,29300,60500,4343,4,124,60,1,0
1,213,62500,60500,4343,4,124,60,1,0
1,214,39300,60500,4343,4,124,60,1,0
1,215,32700,60500,4343,4,124,60,1,0
1,216,45000,60500,4343,4,124,60,1,0
1,217,35800,60500,4343,4,124,60,1,0
1,218,61300,60500,4343,4,124,60,1,0
1,219,38000,60500,4343,4,124,60,1,0
1,220,25400,60500,4343,4,124,60,1,0
1,221,55000,60500,4343,4,124,60,1,0
1,222,40300,60500,4343,4,124,60,1,0
1,223,24300,60500,4343,4,124,60,1,0
1,224,34400,60500,4343,4,124,60,1,0
1,225,39500,60500,4343,4,124,60,1,0
1,226,39700,60500,4343,4,124,60,1,0
1,227,36800,60500,4343,4,124,60,1,0
1,228,31800,60500,4343,4,124,60,1,0
1,229,44300,60500,4343,4,124,60,1,0
1,230,50200,60500,4343,4,124,60,1,0
1,231,53900,60500,4343,4,124,60,1,0
1,232,46000,60500,4343,4,124,60,1,0
1,233,44400,60500,4343,4,124,60,1,0
1,234,43400,60500,4343,4,124,60,1,0
1,235,32800,60500,4343,4,124,60,1,0
1,236,33800,60500,4343,4,124,60,1,0
1,237,32200,60500,4343,4,124,60,1,0
1,238,30200,60500,4343,4,124,60,1,0
1,239,27200,60500,4343,4,124,60,1,0
1,240,25700,60500,4343,4,124,60,1,0
1,241,33700,60500,4343,4,124,60,1,0
1,242,36100,60500,4343,4,124,60,1,0
1,243,56100,60500,4343,4,124,60,1,0
1,244,35600,60500,4343,4,124,60,1,0
1,245,57500,60500,4343,4,124,60,1,0
1,246,56300,60500,4343,4,124,60,1,0
1,247,38800,60500,4343,4,124,60,1,0
1,248,24600,60500,4343,4,124,60,1,0
1,249,44900,60500,4343,4,124,60,1,0
1,250,38000,60500,4343,4,124,60,1,0
1,251,33900,60500,4343,4,124,60,1,0
1,252,40700,60500,4343,4,124,60,1,0
1,253,42700,60500,4343,4,124,60,1,0
1,254,178900,60500,4343,4,124,60,1,0
1,255,41600,60500,4343,4,124,60,1,0
1,256,33500,60500,4343,4,124,60,1,0
1,257,57500,60500,4343,4,124,60,1,0
1,258,39600,60500,4343,4,124,60,1,0
1,259,37300,60500,4343,4,124,60,1,0
1,260,36700,60500,4343,4,124,60,1,0
1,261,33700,60500,4343,4,124,60,1,0
1,262,37600,60500,4343,4,124,60,1,0
1,263,31800,60500,4343,4,124,60,1,0
1,264,34400,60500,4343,4,124,60,1,0
1,265,24500,60500,4343,4,124,60,1,0
1,266,24600,60500,4343,4,124,60,1,0
1,267,49100,60500,4343,4,124,60,1,0
1,268,25900,60500,4343,4,124,60,1,0
1,269,36500,60500,4343,4,124,60,1,0
1,270,33100,60500,4343,4,124,60,1,0
1,271,25000,60500,4343,4,124,60,1,0
1,272,37800,60500,4343,4,124,60,1,0
1,273,37100,60500,4343,4,124,60,1,0
1,274,41900,60500,4343,4,124,60,1,0
1,275,38300,60500,4343,4,124,60,1,0
1,276,35400,60500,4343,4,124,60,1,0
1,277,57600,60500,4343,4,124,60,1,0
1,278,32900,60500,4343,4,124,60,1,0
1,279,35800,60500,4343,4,124,60,1,0
1,280,41000,60500,4343,4,124,60,1,0
1,281,29800,60500,4343,4,124,60,1,0
1,282,34700,60500,4343,4,124,60,1,0
1,283,36600,60500,4343,4,124,60,1,0
1,284,38000,60500,4343,4,124,60,1,0
1,285,45700,60500,4343,4,124,60,1,0
1,286,23500,60500,4343,4,124,60,1,0
1,287,46100,60500,4343,4,124,60,1,0
1,288,23700,60500,4343,4,124,60,1,0
1,289,33400,60500,4343,4,124,60,1,0
1,290,57700,60500,4343,4,124,60,1,0
1,291,32900,60500,4343,4,124,60,1,0
1,292,25000,60500,4343,4,124,60,1,0
1,293,49600,60500,4343,4,124,60,1,0
1,294,29800,60500,4343,4,124,60,1,0
1,295,40000,60500,4343,4,124,60,1,0
1,296,33400,60500,4343,4,124,60,1,0
1,297,37200,60500,4343,4,124,60,1,0
1,298,47700,60500,4343,4,124,60,1,0
1,299,45500,60500,4343,4,124,60,1,0
1,300,37300,60500,4343,4,124,60,1,0
1,301,33400,60500,4343,4,124,60,1,0
1,302,40400,60500,4343,4,124,60,1,0
1,303,41700,60500,4343,4,124,60,1,0
1,304,37900,60500,4343,4,124,60,1,0
1,305,33400,60500,4343,4,124,60,1,0
1,306,45800,60500,4343,4,124,60,1,0
1,307,56900,60500,4343,4,124,60,1,0
1,308,41300,60500,4343,4,124,60,1,0
1,309,35600,60500,4343,4,124,60,1,0
1,310,34700,60500,4343,4,124,60,1,0
1,311,50300,60500,4343,4,124,60,1,0
1,312,32700,60500,4343,4,124,60,1,0
1,313,30200,60500,4343,4,124,60,1,0
1,314,38300,60500,4343,4,124,60,1,0
1,315,36400,60500,4343,4,124,60,1,0
1,316,76400,60500,4343,4,124,60,1,0
1,317,46500,60500,4343,4,124,60,1,0
1,318,47900,60500,4343,4,124,60,1,0
1,319,32400,60500,4343,4,124,60,1,0
1,320,243900,60500,4343,4,124,60,1,0
1,321,64000,60500,4343,4,124,60,1,0
1,322,33800,60500,4343,4,124,60,1,0
1,323,36300,60500,4343,4,124,60,1,0
1,324,35200,60500,4343,4,124,60,1,0
1,325,35000,60500,4343,4,124,60,1,0
1,326,33800,60500,4343,4,124,60,1,0
1,327,32300,60500,4343,4,124,60,1,0
1,328,23600,60500,4343,4,124,60,1,0
1,329,40400,60500,4343,4,124,60,1,0
1,330,25500,60500,4343,4,124,60,1,0
1,331,44200,60500,4343,4,124,60,1,0
1,332,34000,60500,4343,4,124,60,1,0
1,333,32500,60500,4343,4,124,60,1,0
1,334,50900,60500,4343,4,124,60,1,0
1,335,40200,60500,4343,4,124,60,1,0
1,336,26100,60500,4343,4,124,60,1,0
1,337,35000,60500,4343,4,124,60,1,0
1,338,59000,60500,4343,4,124,60,1,0
1,339,26600,60500,4343,4,124,60,1,0
1,340,37300,60500,4343,4,124,60,1,0
1,341,48400,60500,4343,4,124,60,1,0
1,342,43300,60500,4343,4,124,60,1,0
1,343,42000,60500,4343,4,124,60,1,0
1,344,53200,60500,4343,4,124,60,1,0
1,345,26100,60500,4343,4,124,60,1,0
1,346,36100,60500,4343,4,124,60,1,0
1,347,30700,60500,4343,4,124,60,1,0
1,348,56000,60500,4343,4,124,60,1,0
1,349,50400,60500,4343,4,124,60,1,0
1,350,23900,60500,4343,4,124,60,1,0
1,351,50500,60500,4343,4,124,60,1,0
1,352,43500,60500,4343,4,124,60,1,0
1,353,70100,60500,4343,4,124,60,1,0
1,354,46300,60500,4343,4,124,60,1,0
1,355,47800,60500,4343,4,124,60,1,0
1,356,19600,60500,4343,4,124,60,1,0
1,357,33700,60500,4343,4,124,60,1,0
1,358,16900,60500,4343,4,124,60,1,0
1,359,38800,60500,4343,4,124,60,1,0
1,360,37000,60500,4343,4,124,60,1,0
1,361,40000,60500,4343,4,124,60,1,0
1,362,54700,60500,4343,4,124,60,1,0
1,363,31100,60500,4343,4,124,60,1,0
1,364,52200,60500,4343,4,124,60,1,0
1,365,28700,60500,4343,4,124,60,1,0
1,366,44100,60500,4343,4,124,60,1,0
1,367,55200,60500,4343,4,124,60,1,0
1,368,33600,60500,4343,4,124,60,1,0
1,369,57500,60500,4343,4,124,60,1,0
1,370,24100,60500,4343,4,124,60,1,0
1,371,32400,60500,4343,4,124,60,1,0
1,372,54100,60500,4343,4,124,60,1,0
1,373,32300,60500,4343,4,124,60,1,0
1,374,48500,60500,4343,4,124,60,1,0
1,375,44200,60500,4343,4,124,60,1,0
1,376,29100,60500,4343,4,124,60,1,0
1,377,32000,60500,4343,4,124,60,1,0
1,378,45600,60500,4343,4,124,60,1,0
1,379,49200,60500,4343,4,124,60,1,0
1,380,23200,60500,4343,4,124,60,1,0
1,381,47700,60500,4343,4,124,60,1,0
1,382,32400,60500,4343,4,124,60,1,0
1,383,39300,60500,4343,4,124,60,1,0
1,384,174600,60500,4343,4,124,60,1,0
1,385,31900,60500,4343,4,124,60,1,0
1,386,20200,60500,4343,4,124,60,1,0
1,387,35400,60500,4343,4,124,60,1,0
1,388,34000,60500,4343,4,124,60,1,0
1,389,36800,60500,4343,4,124,60,1,0
1,390,39500,60500,4343,4,124,60,1,0
1,391,24900,60500,4343,4,124,60,1,0
1,392,24100,60500,4343,4,124,60,1,0
1,393,34000,60500,4343,4,124,60,1,0
1,394,24000,60500,4343,4,124,60,1,0
1,395,25000,60500,4343,4,124,60,1,0
1,396,40200,60500,4343,4,124,60,1,0
1,397,33100,60500,4343,4,124,60,1,0
1,398,38100,60500,4343,4,124,60,1,0
1,399,32900,60500,4343,4,124,60,1,0
1,400,26300,60500,4343,4,124,60,1,0
1,401,27300,60500,4343,4,124,60,1,0
1,402,51800,60500,4343,4,124,60,1,0
1,403,35200,60500,4343,4,124,60,1,0
1,404,35900,60500,4343,4,124,60,1,0
1,405,48300,60500,4343,4,124,60,1,0
1,406,49400,60500,4343,4,124,60,1,0
1,407,37400,60500,4343,4,124,60,1,0
1,408,28400,60500,4343,4,124,60,1,0
1,409,33800,60500,4343,4,124,60,1,0
1,410,37400,60500,4343,4,124,60,1,0
1,411,29900,60500,4343,4,124,60,1,0
1,412,39900,60500,4343,4,124,60,1,0
1,413,45200,60500,4343,4,124,60,1,0
1,414,35300,60500,4343,4,124,60,1,0
1,415,29900,60500,4343,4,124,60,1,0
1,416,32700,60500,4343,4,124,60,1,0
1,417,51000,60500,4343,4,124,60,1,0
1,418,40500,60500,4343,4,124,60,1,0
1,419,43100,60500,4343,4,124,60,1,0
1,420,34700,60500,4343,4,124,60,1,0
1,421,45300,60500,4343,4,124,60,1,0
1,422,50200,60500,4343,4,124,60,1,0
1,423,30500,60500,4343,4,124,60,1,0
1,424,262100,60500,4343,4,124,60,1,0
1,425,37900,60500,4343,4,124,60,1,0
1,426,51600,60500,4343,4,124,60,1,0
1,427,34400,60500,4343,4,124,60,1,0
1,428,35600,60500,4343,4,124,60,1,0
1,429,30600,60500,4343,4,124,60,1,0
1,430,47200,60500,4343,4,124,60,1,0
1,431,40100,60500,4343,4,124,60,1,0
1,432,51900,60500,4343,4,124,60,1,0
1,433,26100,60500,4343,4,124,60,1,0
1,434,23900,60500,4343,4,124,60,1,0
1,435,46900,60500,4343,4,124,60,1,0
1,436,21900,60500,4343,4,124,60,1,0
1,437,36100,60500,4343,4,124,60,1,0
1,438,27300,60500,4343,4,124,60,1,0
1,439,32200,60500,4343,4,124,60,1,0
1,440,34800,60500,4343,4,124,60,1,0
1,441,26100,60500,4343,4,124,60,1,0
1,442,34500,60500,4343,4,124,60,1,0
1,443,44000,60500,4343,4,124,60,1,0
1,444,33000,60500,4343,4,124,60,1,0
1,445,23500,60500,4343,4,124,60,1,0
1,446,33400,60500,4343,4,124,60,1,0
1,447,47400,60500,4343,4,124,60,1,0
1,448,33000,60500,4343,4,124,60,1,0
1,449,32300,60500,4343,4,124,60,1,0
1,450,32500,60500,4343,4,124,60,1,0
1,451,38300,60500,4343,4,124,60,1,0
1,452,29800,60500,4343,4,124,60,1,0
1,453,38200,60500,4343,4,124,60,1,0
1,454,41200,60500,4343,4,124,60,1,0
1,455,42000,60500,4343,4,124,60,1,0
1,456,34500,60500,4343,4,124,60,1,0
1,457,37100,60500,4343,4,124,60,1,0
1,458,23700,60500,4343,4,124,60,1,0
1,459,44400,60500,4343,4,124,60,1,0
1,460,33300,60500,4343,4,124,60,1,0
1,461,50700,60500,4343,4,124,60,1,0
1,462,24000,60500,4343,4,124,60,1,0
1,463,51900,60500,4343,4,124,60,1,0
1,464,48100,60500,4343,4,124,60,1,0
1,465,38100,60500,4343,4,124,60,1,0
1,466,35600,60500,4343,4,124,60,1,0
1,467,30300,60500,4343,4,124,60,1,0
1,468,39800,60500,4343,4,124,60,1,0
1,469,35800,60500,4343,4,124,60,1,0
1,470,26700,60500,4343,4,124,60,1,0
1,471,37600,60500,4343,4,124,60,1,0
1,472,29500,60500,4343,4,124,60,1,0
1,473,18200,60500,4343,4,124,60,1,0
1,474,51000,60500,4343,4,124,60,1,0
1,475,26100,60500,4343,4,124,60,1,0
1,476,65400,60500,4343,4,124,60,1,0
1,477,32700,60500,4343,4,124,60,1,0
1,478,42300,60500,4343,4,124,60,1,0
1,479,30200,60500,4343,4,124,60,1,0
1,480,34300,60500,4343,4,124,60,1,0
1,481,47000,60500,4343,4,124,60,1,0
1,482,29500,60500,4343,4,124,60,1,0
1,483,57900,60500,4343,4,124,60,1,0
1,484,23600,60500,4343,4,124,60,1,0
1,485,24800,60500,4343,4,124,60,1,0
1,486,45100,60500,4343,4,124,60,1,0
1,487,41100,60500,4343,4,124,60,1,0
1,488,33400,60500,4343,4,124,60,1,0
1,489,33400,60500,4343,4,124,60,1,0
1,490,34900,60500,4343,4,124,60,1,0
1,491,46200,60500,4343,4,124,60,1,0
1,492,40200,60500,4343,4,124,60,1,0
1,493,38700,60500,4343,4,124,60,1,0
1,494,33500,60500,4343,4,124,60,1,0
1,495,25800,60500,4343,4,124,60,1,0
1,496,28800,60500,4343,4,124,60,1,0
1,497,34400,60500,4343,4,124,60,1,0
1,498,61000,60500,4343,4,124,60,1,0
1,499,77100,60500,4343,4,124,60,1,0
1,500,47900,60500,4343,4,124,60,1,0
1,501,25700,60500,4343,4,124,60,1,0
1,502,34900,60500,4343,4,124,60,1,0
1,503,57300,60500,4343,4,124,60,1,0
1,504,50900,60500,4343,4,124,60,1,0
1,505,60200,60500,4343,4,124,60,1,0
1,506,58300,60500,4343,4,124,60,1,0
1,507,27000,60500,4343,4,124,60,1,0
1,508,33000,60500,4343,4,124,60,1,0
1,509,33500,60500,4343,4,124,60,1,0
1,510,24300,60500,4343,4,124,60,1,0
1,511,24900,60500,4343,4,124,60,1,0
1,512,34500,60500,4343,4,124,60,1,0
1,513,27500,60500,4343,4,124,60,1,0
1,514,38700,60500,4343,4,124,60,1,0
1,515,39400,60500,4343,4,124,60,1,0
1,516,43300,60500,4343,4,124,60,1,0
1,517,43000,60500,4343,4,124,60,1,0
1,518,39100,60500,4343,4,124,60,1,0
1,519,28300,60500,4343,4,124,60,1,0
1,520,27300,60500,4343,4,124,60,1,0
1,521,21600,60500,4343,4,124,60,1,0
1,522,36000,60500,4343,4,124,60,1,0
1,523,55800,60500,4343,4,124,60,1,0
1,524,46900,60500,4343,4,124,60,1,0
1,525,41900,60500,4343,4,124,60,1,0
1,526,24900,60500,4343,4,124,60,1,0
1,527,27900,60500,4343,4,124,60,1,0
1,528,19800,60500,4343,4,124,60,1,0
1,529,35200,60500,4343,4,124,60,1,0
1,530,33500,60500,4343,4,124,60,1,0
1,531,33000,60500,4343,4,124,60,1,0
1,532,33300,60500,4343,4,124,60,1,0
1,533,32800,60500,4343,4,124,60,1,0
1,534,24600,60500,4343,4,124,60,1,0
1,535,35000,60500,4343,4,124,60,1,0
1,536,17800,60500,4343,4,124,60,1,0
1,537,37900,60500,4343,4,124,60,1,0
1,538,32500,60500,4343,4,124,60,1,0
1,539,24600,60500,4343,4,124,60,1,0
1,540,33700,60500,4343,4,124,60,1,0
1,541,33200,60500,4343,4,124,60,1,0
1,542,64900,60500,4343,4,124,60,1,0
1,543,25700,60500,4343,4,124,60,1,0
1,544,35700,60500,4343,4,124,60,1,0
1,545,36900,60500,4343,4,124,60,1,0
1,546,40100,60500,4343,4,124,60,1,0
1,547,31000,60500,4343,4,124,60,1,0
1,548,33100,60500,4343,4,124,60,1,0
1,549,33800,60500,4343,4,124,60,1,0
1,550,35600,60500,4343,4,124,60,1,0
1,551,26800,60500,4343,4,124,60,1,0
1,552,22900,60500,4343,4,124,60,1,0
1,553,24400,60500,4343,4,124,60,1,0
1,554,26800,60500,4343,4,124,60,1,0
1,555,38000,60500,4343,4,124,60,1,0
1,556,33400,60500,4343,4,124,60,1,0
1,557,70500,60500,4343,4,124,60,1,0
1,558,34200,60500,4343,4,124,60,1,0
1,559,24400,60500,4343,4,124,60,1,0
1,560,34800,60500,4343,4,124,60,1,0
1,561,45100,60500,4343,4,124,60,1,0
1,562,49800,60500,4343,4,124,60,1,0
1,563,36800,60500,4343,4,124,60,1,0
1,564,24100,60500,4343,4,124,60,1,0
1,565,25800,60500,4343,4,124,60,1,0
1,566,24700,60500,4343,4,124,60,1,0
1,567,26700,60500,4343,4,124,60,1,0
1,568,39700,60500,4343,4,124,60,1,0
1,569,24700,60500,4343,4,124,60,1,0
1,570,37800,60500,4343,4,124,60,1,0
1,571,34300,60500,4343,4,124,60,1,0
1,572,32400,60500,4343,4,124,60,1,0
1,573,31500,60500,4343,4,124,60,1,0
1,574,25500,60500,4343,4,124,60,1,0
1,575,30900,60500,4343,4,124,60,1,0
1,576,33700,60500,4343,4,124,60,1,0
1,577,33600,60500,4343,4,124,60,1,0
1,578,38100,60500,4343,4,124,60,1,0
1,579,33700,60500,4343,4,124,60,1,0
1,580,32800,60500,4343,4,124,60,1,0
1,581,25900,60500,4343,4,124,60,1,0
1,582,32900,60500,4343,4,124,60,1,0
1,583,24900,60500,4343,4,124,60,1,0
1,584,26900,60500,4343,4,124,60,1,0
1,585,42300,60500,4343,4,124,60,1,0
1,586,38900,60500,4343,4,124,60,1,0
1,587,25300,60500,4343,4,124,60,1,0
1,588,47900,60500,4343,4,124,60,1,0
1,589,40200,60500,4343,4,124,60,1,0
1,590,50500,60500,4343,4,124,60,1,0
1,591,49300,60500,4343,4,124,60,1,0
1,592,34400,60500,4343,4,124,60,1,0
1,593,33800,60500,4343,4,124,60,1,0
1,594,28900,60500,4343,4,124,60,1,0
1,595,36500,60500,4343,4,124,60,1,0
1,596,35400,60500,4343,4,124,60,1,0
1,597,41000,60500,4343,4,124,60,1,0
1,598,38200,60500,4343,4,124,60,1,0
1,599,32900,60500,4343,4,124,60,1,0
1,600,24900,60500,4343,4,124,60,1,0
1,601,29600,60500,4343,4,124,60,1,0
1,602,43900,60500,4343,4,124,60,1,0
1,603,42600,60500,4343,4,124,60,1,0
1,604,41200,60500,4343,4,124,60,1,0
1,605,36000,60500,4343,4,124,60,1,0
1,606,40600,60500,4343,4,124,60,1,0
1,607,47100,60500,4343,4,124,60,1,0
1,608,25600,60500,4343,4,124,60,1,0
1,609,18900,60500,4343,4,124,60,1,0
1,610,39800,60500,4343,4,124,60,1,0
1,611,37100,60500,4343,4,124,60,1,0
1,612,31200,60500,4343,4,124,60,1,0
1,613,32700,60500,4343,4,124,60,1,0
1,614,33000,60500,4343,4,124,60,1,0
1,615,36800,60500,4343,4,124,60,1,0
1,616,35900,60500,4343,4,124,60,1,0
1,617,33600,60500,4343,4,124,60,1,0
1,618,32700,60500,4343,4,124,60,1,0
1,619,26600,60500,4343,4,124,60,1,0
1,620,34000,60500,4343,4,124,60,1,0
1,621,24300,60500,4343,4,124,60,1,0
1,622,42800,60500,4343,4,124,60,1,0
1,623,19800,60500,4343,4,124,60,1,0
1,624,39000,60500,4343,4,124,60,1,0
1,625,33000,60500,4343,4,124,60,1,0
1,626,33500,60500,4343,4,124,60,1,0
1,627,35400,60500,4343,4,124,60,1,0
1,628,34800,60500,4343,4,124,60,1,0
1,629,36400,60500,4343,4,124,60,1,0
1,630,38600,60500,4343,4,124,60,1,0
1,631,50400,60500,4343,4,124,60,1,0
1,632,32300,60500,4343,4,124,60,1,0
1,633,56200,60500,4343,4,124,60,1,0
1,634,37000,60500,4343,4,124,60,1,0
1,635,35400,60500,4343,4,124,60,1,0
1,636,24100,60500,4343,4,124,60,1,0
1,637,32700,60500,4343,4,124,60,1,0
1,638,37400,60500,4343,4,124,60,1,0
1,639,33800,60500,4343,4,124,60,1,0
1,640,24400,60500,4343,4,124,60,1,0
1,641,25500,60500,4343,4,124,60,1,0
1,642,37300,60500,4343,4,124,60,1,0
1,643,29500,60500,4343,4,124,60,1,0
1,644,36700,60500,4343,4,124,60,1,0
1,645,38200,60500,4343,4,124,60,1,0
1,646,23200,60500,4343,4,124,60,1,0
1,647,26200,60500,4343,4,124,60,1,0
1,648,56100,60500,4343,4,124,60,1,0
1,649,20800,60500,4343,4,124,60,1,0
1,650,36300,60500,4343,4,124,60,1,0
1,651,62100,60500,4343,4,124,60,1,0
1,652,38500,60500,4343,4,124,60,1,0
1,653,44700,60500,4343,4,124,60,1,0
1,654,53100,60500,4343,4,124,60,1,0
1,655,38400,60500,4343,4,124,60,1,0
1,656,44300,60500,4343,4,124,60,1,0
1,657,37100,60500,4343,4,124,60,1,0
1,658,26300,60500,4343,4,124,60,1,0
1,659,46000,60500,4343,4,124,60,1,0
1,660,43300,60500,4343,4,124,60,1,0
1,661,39200,60500,4343,4,124,60,1,0
1,662,34800,60500,4343,4,124,60,1,0
1,663,25100,60500,4343,4,124,60,1,0
1,664,33500,60500,4343,4,124,60,1,0
1,665,29900,60500,4343,4,124,60,1,0
1,666,40100,60500,4343,4,124,60,1,0
1,667,28700,60500,4343,4,124,60,1,0
1,668,38000,60500,4343,4,124,60,1,0
1,669,33300,60500,4343,4,124,60,1,0
1,670,30600,60500,4343,4,124,60,1,0
1,671,19600,60500,4343,4,124,60,1,0
1,672,33000,60500,4343,4,124,60,1,0
1,673,35100,60500,4343,4,124,60,1,0
1,674,40900,60500,4343,4,124,60,1,0
1,675,34700,60500,4343,4,124,60,1,0
1,676,23700,60500,4343,4,124,60,1,0
1,677,25100,60500,4343,4,124,60,1,0
1,678,45600,60500,4343,4,124,60,1,0
1,679,35800,60500,4343,4,124,60,1,0
1,680,26600,60500,4343,4,124,60,1,0
1,681,31600,60500,4343,4,124,60,1,0
1,682,27600,60500,4343,4,124,60,1,0
1,683,33200,60500,4343,4,124,60,1,0
1,684,33200,60500,4343,4,124,60,1,0
1,685,32200,60500,4343,4,124,60,1,0
1,686,27200,60500,4343,4,124,60,1,0
1,687,29300,60500,4343,4,124,60,1,0
1,688,26000,60500,4343,4,124,60,1,0
1,689,32700,60500,4343,4,124,60,1,0
1,690,42600,60500,4343,4,124,60,1,0
1,691,31000,60500,4343,4,124,60,1,0
1,692,36800,60500,4343,4,124,60,1,0
1,693,27400,60500,4343,4,124,60,1,0
1,694,34000,60500,4343,4,124,60,1,0
1,695,46900,60500,4343,4,124,60,1,0
1,696,33100,60500,4343,4,124,60,1,0
1,697,56700,60500,4343,4,124,60,1,0
1,698,40200,60500,4343,4,124,60,1,0
1,699,58700,60500,4343,4,124,60,1,0
1,700,41900,60500,4343,4,124,60,1,0
1,701,34500,60500,4343,4,124,60,1,0
1,702,28900,60500,4343,4,124,60,1,0
1,703,35100,60500,4343,4,124,60,1,0
1,704,25200,60500,4343,4,124,60,1,0
1,705,34400,60500,4343,4,124,60,1,0
1,706,43800,60500,4343,4,124,60,1,0
1,707,36400,60500,4343,4,124,60,1,0
1,708,32500,60500,4343,4,124,60,1,0
1,709,36800,60500,4343,4,124,60,1,0
1,710,45700,60500,4343,4,124,60,1,0
1,711,29400,60500,4343,4,124,60,1,0
1,712,22100,60500,4343,4,124,60,1,0
1,713,34200,60500,4343,4,124,60,1,0
1,714,25000,60500,4343,4,124,60,1,0
1,715,23200,60500,4343,4,124,60,1,0
1,716,32900,60500,4343,4,124,60,1,0
1,717,25400,60500,4343,4,124,60,1,0
1,718,35400,60500,4343,4,124,60,1,0
1,719,32000,60500,4343,4,124,60,1,0
1,720,26100,60500,4343,4,124,60,1,0
1,721,34200,60500,4343,4,124,60,1,0
1,722,25200,60500,4343,4,124,60,1,0
1,723,36700,60500,4343,4,124,60,1,0
1,724,37700,60500,4343,4,124,60,1,0
1,725,30400,60500,4343,4,124,60,1,0
1,726,40500,60500,4343,4,124,60,1,0
1,727,34000,60500,4343,4,124,60,1,0
1,728,32500,60500,4343,4,124,60,1,0
1,729,33100,60500,4343,4,124,60,1,0
1,730,49700,60500,4343,4,124,60,1,0
1,731,55800,60500,4343,4,124,60,1,0
1,732,63200,60500,4343,4,124,60,1,0
1,733,29100,60500,4343,4,124,60,1,0
1,734,43700,60500,4343,4,124,60,1,0
1,735,43600,60500,4343,4,124,60,1,0
1,736,36900,60500,4343,4,124,60,1,0
1,737,69800,60500,4343,4,124,60,1,0
1,738,36500,60500,4343,4,124,60,1,0
1,739,36400,60500,4343,4,124,60,1,0
1,740,26100,60500,4343,4,124,60,1,0
1,741,41600,60500,4343,4,124,60,1,0
1,742,32600,60500,4343,4,124,60,1,0
1,743,33100,60500,4343,4,124,60,1,0
1,744,36000,60500,4343,4,124,60,1,0
1,745,25400,60500,4343,4,124,60,1,0
1,746,40200,60500,4343,4,124,60,1,0
1,747,38500,60500,4343,4,124,60,1,0
1,748,31200,60500,4343,4,124,60,1,0
1,749,33900,60500,4343,4,124,60,1,0
1,750,33200,60500,4343,4,124,60,1,0
1,751,34600,60500,4343,4,124,60,1,0
1,752,34000,60500,4343,4,124,60,1,0
1,753,43700,60500,4343,4,124,60,1,0
1,754,24900,60500,4343,4,124,60,1,0
1,755,33900,60500,4343,4,124,60,1,0
1,756,33800,60500,4343,4,124,60,1,0
1,757,34000,60500,4343,4,124,60,1,0
1,758,32100,60500,4343,4,124,60,1,0
1,759,36300,60500,4343,4,124,60,1,0
1,760,27900,60500,4343,4,124,60,1,0
1,761,28500,60500,4343,4,124,60,1,0
1,762,33100,60500,4343,4,124,60,1,0
1,763,54400,60500,4343,4,124,60,1,0
1,764,48700,60500,4343,4,124,60,1,0
1,765,42100,60500,4343,4,124,60,1,0
1,766,53500,60500,4343,4,124,60,1,0
1,767,28600,60500,4343,4,124,60,1,0
1,768,38200,60500,4343,4,124,60,1,0
1,769,52500,60500,4343,4,124,60,1,0
1,770,65900,60500,4343,4,124,60,1,0
1,771,54800,60500,4343,4,124,60,1,0
1,772,54000,60500,4343,4,124,60,1,0
1,773,50000,60500,4343,4,124,60,1,0
1,774,54300,60500,4343,4,124,60,1,0
1,775,27000,60500,4343,4,124,60,1,0
1,776,34800,60500,4343,4,124,60,1,0
1,777,33200,60500,4343,4,124,60,1,0
1,778,34300,60500,4343,4,124,60,1,0
1,779,139100,60500,4343,4,124,60,1,0
1,780,26700,60500,4343,4,124,60,1,0
1,781,24500,60500,4343,4,124,60,1,0
1,782,36100,60500,4343,4,124,60,1,0
1,783,33700,60500,4343,4,124,60,1,0
1,784,35100,60500,4343,4,124,60,1,0
1,785,35400,60500,4343,4,124,60,1,0
1,786,35000,60500,4343,4,124,60,1,0
1,787,21000,60500,4343,4,124,60,1,0
1,788,34600,60500,4343,4,124,60,1,0
1,789,38700,60500,4343,4,124,60,1,0
1,790,32600,60500,4343,4,124,60,1,0
1,791,36700,60500,4343,4,124,60,1,0
1,792,31500,60500,4343,4,124,60,1,0
1,793,25100,60500,4343,4,124,60,1,0
1,794,25100,60500,4343,4,124,60,1,0
1,795,33300,60500,4343,4,124,60,1,0
1,796,35800,60500,4343,4,124,60,1,0
1,797,28000,60500,4343,4,124,60,1,0
1,798,36800,60500,4343,4,124,60,1,0
1,799,34700,60500,4343,4,124,60,1,0
1,800,23400,60500,4343,4,124,60,1,0
1,801,33700,60500,4343,4,124,60,1,0
1,802,41100,60500,4343,4,124,60,1,0
1,803,55200,60500,4343,4,124,60,1,0
1,804,33400,60500,4343,4,124,60,1,0
1,805,45000,60500,4343,4,124,60,1,0
1,806,47700,60500,4343,4,124,60,1,0
1,807,45500,60500,4343,4,124,60,1,0
1,808,28500,60500,4343,4,124,60,1,0
1,809,37000,60500,4343,4,124,60,1,0
1,810,24800,60500,4343,4,124,60,1,0
1,811,88800,60500,4343,4,124,60,1,0
1,812,36100,60500,4343,4,124,60,1,0
1,813,30800,60500,4343,4,124,60,1,0
1,814,17700,60500,4343,4,124,60,1,0
1,815,42600,60500,4343,4,124,60,1,0
1,816,29200,60500,4343,4,124,60,1,0
1,817,34300,60500,4343,4,124,60,1,0
1,818,40100,60500,4343,4,124,60,1,0
1,819,34800,60500,4343,4,124,60,1,0
1,820,38200,60500,4343,4,124,60,1,0
1,821,90400,60500,4343,4,124,60,1,0
1,822,32500,60500,4343,4,124,60,1,0
1,823,23600,60500,4343,4,124,60,1,0
1,824,34100,60500,4343,4,124,60,1,0
1,825,34600,60500,4343,4,124,60,1,0
1,826,40400,60500,4343,4,124,60,1,0
1,827,28100,60500,4343,4,124,60,1,0
1,828,25400,60500,4343,4,124,60,1,0
1,829,36300,60500,4343,4,124,60,1,0
1,830,33100,60500,4343,4,124,60,1,0
1,831,32600,60500,4343,4,124,60,1,0
1,832,35300,60500,4343,4,124,60,1,0
1,833,32300,60500,4343,4,124,60,1,0
1,834,37000,60500,4343,4,124,60,1,0
1,835,44000,60500,4343,4,124,60,1,0
1,836,37400,60500,4343,4,124,60,1,0
1,837,38500,60500,4343,4,124,60,1,0
1,838,118400,60500,4343,4,124,60,1,0
1,839,37800,60500,4343,4,124,60,1,0
1,840,33800,60500,4343,4,124,60,1,0
1,841,29500,60500,4343,4,124,60,1,0
1,842,46900,60500,4343,4,124,60,1,0
1,843,39700,60500,4343,4,124,60,1,0
1,844,40400,60500,4343,4,124,60,1,0
1,845,33100,60500,4343,4,124,60,1,0
1,846,45200,60500,4343,4,124,60,1,0
1,847,35200,60500,4343,4,124,60,1,0
1,848,34100,60500,4343,4,124,60,1,0
1,849,36700,60500,4343,4,124,60,1,0
1,850,24800,60500,4343,4,124,60,1,0
1,851,40700,60500,4343,4,124,60,1,0
1,852,27800,60500,4343,4,124,60,1,0
1,853,27500,60500,4343,4,124,60,1,0
1,854,36300,60500,4343,4,124,60,1,0
1,855,33700,60500,4343,4,124,60,1,0
1,856,34300,60500,4343,4,124,60,1,0
1,857,40800,60500,4343,4,124,60,1,0
1,858,24500,60500,4343,4,124,60,1,0
1,859,30600,60500,4343,4,124,60,1,0
1,860,33100,60500,4343,4,124,60,1,0
1,861,24900,60500,4343,4,124,60,1,0
1,862,28500,60500,4343,4,124,60,1,0
1,863,38000,60500,4343,4,124,60,1,0
1,864,38000,60500,4343,4,124,60,1,0
1,865,30700,60500,4343,4,124,60,1,0
1,866,26900,60500,4343,4,124,60,1,0
1,867,43900,60500,4343,4,124,60,1,0
1,868,35900,60500,4343,4,124,60,1,0
1,869,28000,60500,4343,4,124,60,1,0
1,870,36900,60500,4343,4,124,60,1,0
1,871,38200,60500,4343,4,124,60,1,0
1,872,36100,60500,4343,4,124,60,1,0
1,873,40500,60500,4343,4,124,60,1,0
1,874,47900,60500,4343,4,124,60,1,0
1,875,29000,60500,4343,4,124,60,1,0
1,876,26000,60500,4343,4,124,60,1,0
1,877,24000,60500,4343,4,124,60,1,0
1,878,33600,60500,4343,4,124,60,1,0
1,879,44700,60500,4343,4,124,60,1,0
1,880,37500,60500,4343,4,124,60,1,0
1,881,23900,60500,4343,4,124,60,1,0
1,882,33900,60500,4343,4,124,60,1,0
1,883,33200,60500,4343,4,124,60,1,0
1,884,33900,60500,4343,4,124,60,1,0
1,885,37400,60500,4343,4,124,60,1,0
1,886,55500,60500,4343,4,124,60,1,0
1,887,46400,60500,4343,4,124,60,1,0
1,888,42000,60500,4343,4,124,60,1,0
1,889,50400,60500,4343,4,124,60,1,0
1,890,39300,60500,4343,4,124,60,1,0
1,891,25100,60500,4343,4,124,60,1,0
1,892,25700,60500,4343,4,124,60,1,0
1,893,37200,60500,4343,4,124,60,1,0
1,894,37500,60500,4343,4,124,60,1,0
1,895,19100,60500,4343,4,124,60,1,0
1,896,25300,60500,4343,4,124,60,1,0
1,897,37900,60500,4343,4,124,60,1,0
1,898,53900,60500,4343,4,124,60,1,0
1,899,35600,60500,4343,4,124,60,1,0
1,900,34800,60500,4343,4,124,60,1,0
1,901,36000,60500,4343,4,124,60,1,0
1,902,35800,60500,4343,4,124,60,1,0
1,903,39900,60500,4343,4,124,60,1,0
1,904,36000,60500,4343,4,124,60,1,0
1,905,24300,60500,4343,4,124,60,1,0
1,906,34600,60500,4343,4,124,60,1,0
1,907,25200,60500,4343,4,124,60,1,0
1,908,33400,60500,4343,4,124,60,1,0
1,909,44300,60500,4343,4,124,60,1,0
1,910,55500,60500,4343,4,124,60,1,0
1,911,47100,60500,4343,4,124,60,1,0
1,912,24200,60500,4343,4,124,60,1,0
1,913,47000,60500,4343,4,124,60,1,0
1,914,36900,60500,4343,4,124,60,1,0
1,915,37500,60500,4343,4,124,60,1,0
1,916,42300,60500,4343,4,124,60,1,0
1,917,33600,60500,4343,4,124,60,1,0
1,918,34000,60500,4343,4,124,60,1,0
1,919,27000,60500,4343,4,124,60,1,0
1,920,37900,60500,4343,4,124,60,1,0
1,921,39400,60500,4343,4,124,60,1,0
1,922,35300,60500,4343,4,124,60,1,0
1,923,26000,60500,4343,4,124,60,1,0
1,924,32900,60500,4343,4,124,60,1,0
1,925,34400,60500,4343,4,124,60,1,0
1,926,34600,60500,4343,4,124,60,1,0
1,927,40500,60500,4343,4,124,60,1,0
1,928,37000,60500,4343,4,124,60,1,0
1,929,31500,60500,4343,4,124,60,1,0
1,930,41100,60500,4343,4,124,60,1,0
1,931,43000,60500,4343,4,124,60,1,0
1,932,26100,60500,4343,4,124,60,1,0
1,933,41300,60500,4343,4,124,60,1,0
1,934,144800,60500,4343,4,124,60,1,0
1,935,33500,60500,4343,4,124,60,1,0
1,936,28400,60500,4343,4,124,60,1,0
1,937,55200,60500,4343,4,124,60,1,0
1,938,40100,60500,4343,4,124,60,1,0
1,939,30500,60500,4343,4,124,60,1,0
1,940,33300,60500,4343,4,124,60,1,0
1,941,32300,60500,4343,4,124,60,1,0
1,942,25900,60500,4343,4,124,60,1,0
1,943,26400,60500,4343,4,124,60,1,0
1,944,33500,60500,4343,4,124,60,1,0
1,945,266600,60500,4343,4,124,60,1,0
1,946,52500,60500,4343,4,124,60,1,0
1,947,45800,60500,4343,4,124,60,1,0
1,948,50900,60500,4343,4,124,60,1,0
1,949,47000,60500,4343,4,124,60,1,0
1,950,30300,60500,4343,4,124,60,1,0
1,951,35900,60500,4343,4,124,60,1,0
1,952,28000,60500,4343,4,124,60,1,0
1,953,35500,60500,4343,4,124,60,1,0
1,954,36600,60500,4343,4,124,60,1,0
1,955,33700,60500,4343,4,124,60,1,0
1,956,42400,60500,4343,4,124,60,1,0
1,957,34500,60500,4343,4,124,60,1,0
1,958,39500,60500,4343,4,124,60,1,0
1,959,26000,60500,4343,4,124,60,1,0
1,960,25800,60500,4343,4,124,60,1,0
1,961,34000,60500,4343,4,124,60,1,0
1,962,33800,60500,4343,4,124,60,1,0
1,963,30900,60500,4343,4,124,60,1,0
1,964,30000,60500,4343,4,124,60,1,0
1,965,33700,60500,4343,4,124,60,1,0
1,966,28000,60500,4343,4,124,60,1,0
1,967,21200,60500,4343,4,124,60,1,0
1,968,34600,60500,4343,4,124,60,1,0
1,969,33400,60500,4343,4,124,60,1,0
1,970,42000,60500,4343,4,124,60,1,0
1,971,57800,60500,4343,4,124,60,1,0
1,972,26600,60500,4343,4,124,60,1,0
1,973,55800,60500,4343,4,124,60,1,0
1,974,761000,60500,4343,4,124,60,1,0
1,975,46800,60500,4343,4,124,60,1,0
1,976,28100,60500,4343,4,124,60,1,0
1,977,68100,60500,4343,4,124,60,1,0
1,978,33600,60500,4343,4,124,60,1,0
1,979,33900,60500,4343,4,124,60,1,0
1,980,25500,60500,4343,4,124,60,1,0
1,981,34200,60500,4343,4,124,60,1,0
1,982,33200,60500,4343,4,124,60,1,0
1,983,33200,60500,4343,4,124,60,1,0
1,984,32700,60500,4343,4,124,60,1,0
1,985,33400,60500,4343,4,124,60,1,0
1,986,38000,60500,4343,4,124,60,1,0
1,987,34400,60500,4343,4,124,60,1,0
1,988,37300,60500,4343,4,124,60,1,0
1,989,43800,60500,4343,4,124,60,1,0
1,990,49900,60500,4343,4,124,60,1,0
1,991,34100,60500,4343,4,124,60,1,0
1,992,31700,60500,4343,4,124,60,1,0
1,993,32900,60500,4343,4,124,60,1,0
1,994,28400,60500,4343,4,124,60,1,0
1,995,27100,60500,4343,4,124,60,1,0
1,996,32500,60500,4343,4,124,60,1,0
1,997,26500,60500,4343,4,124,60,1,0
1,998,26800,60500,4343,4,124,60,1,0
1,999,55200,60500,4343,4,124,60,1,0
1,1000,34400,60500,4343,4,124,60,1,0
1,1001,63000,60500,4343,4,124,60,1,0
1,1002,41200,60500,4343,4,124,60,1,0
1,1003,51100,60500,4343,4,124,60,1,0
1,1004,49600,60500,4343,4,124,60,1,0
1,1005,35200,60500,4343,4,124,60,1,0
1,1006,37700,60500,4343,4,124,60,1,0
1,1007,33200,60500,4343,4,124,60,1,0
1,1008,36400,60500,4343,4,124,60,1,0
1,1009,26500,60500,4343,4,124,60,1,0
1,1010,56300,60500,4343,4,124,60,1,0
1,1011,30300,60500,4343,4,124,60,1,0
1,1012,32900,60500,4343,4,124,60,1,0
1,1013,37500,60500,4343,4,124,60,1,0
1,1014,38000,60500,4343,4,124,60,1,0
1,1015,49100,60500,4343,4,124,60,1,0
1,1016,25500,60500,4343,4,124,60,1,0
1,1017,28100,60500,4343,4,124,60,1,0
1,1018,26500,60500,4343,4,124,60,1,0
1,1019,39700,60500,4343,4,124,60,1,0
1,1020,40000,60500,4343,4,124,60,1,0
1,1021,38400,60500,4343,4,124,60,1,0
1,1022,36700,60500,4343,4,124,60,1,0
1,1023,48400,60500,4343,4,124,60,1,0
1,1024,37600,60500,4343,4,124,60,1,0
1,1025,35500,60500,4343,4,124,60,1,0
1,1026,36900,60500,4343,4,124,60,1,0
1,1027,36600,60500,4343,4,124,60,1,0
1,1028,27300,60500,4343,4,124,60,1,0
1,1029,35800,60500,4343,4,124,60,1,0
1,1030,35500,60500,4343,4,124,60,1,0
1,1031,38400,60500,4343,4,124,60,1,0
1,1032,31600,60500,4343,4,124,60,1,0
1,1033,25300,60500,4343,4,124,60,1,0
1,1034,34300,60500,4343,4,124,60,1,0
1,1035,38300,60500,4343,4,124,60,1,0
1,1036,37500,60500,4343,4,124,60,1,0
1,1037,41200,60500,4343,4,124,60,1,0
1,1038,66800,60500,4343,4,124,60,1,0
1,1039,34400,60500,4343,4,124,60,1,0
1,1040,50800,60500,4343,4,124,60,1,0
1,1041,29300,60500,4343,4,124,60,1,0
1,1042,27400,60500,4343,4,124,60,1,0
1,1043,28800,60500,4343,4,124,60,1,0
1,1044,35200,60500,4343,4,124,60,1,0
1,1045,38600,60500,4343,4,124,60,1,0
1,1046,39000,60500,4343,4,124,60,1,0
1,1047,32800,60500,4343,4,124,60,1,0
1,1048,37800,60500,4343,4,124,60,1,0
1,1049,33300,60500,4343,4,124,60,1,0
1,1050,36800,60500,4343,4,124,60,1,0
1,1051,36500,60500,4343,4,124,60,1,0
1,1052,69300,60500,4343,4,124,60,1,0
1,1053,55400,60500,4343,4,124,60,1,0
1,1054,40400,60500,4343,4,124,60,1,0
1,1055,31100,60500,4343,4,124,60,1,0
1,1056,39800,60500,4343,4,124,60,1,0
1,1057,38500,60500,4343,4,124,60,1,0
1,1058,27000,60500,4343,4,124,60,1,0
1,1059,34400,60500,4343,4,124,60,1,0
1,1060,39800,60500,4343,4,124,60,1,0
1,1061,40000,60500,4343,4,124,60,1,0
1,1062,25200,60500,4343,4,124,60,1,0
1,1063,141400,60500,4343,4,124,60,1,0
1,1064,20900,60500,4343,4,124,60,1,0
1,1065,29300,60500,4343,4,124,60,1,0
1,1066,42400,60500,4343,4,124,60,1,0
1,1067,25400,60500,4343,4,124,60,1,0
1,1068,54400,60500,4343,4,124,60,1,0
1,1069,31300,60500,4343,4,124,60,1,0
1,1070,32100,60500,4343,4,124,60,1,0
1,1071,31300,60500,4343,4,124,60,1,0
1,1072,31800,60500,4343,4,124,60,1,0
1,1073,26000,60500,4343,4,124,60,1,0
1,1074,38300,60500,4343,4,124,60,1,0
1,1075,34300,60500,4343,4,124,60,1,0
1,1076,41700,60500,4343,4,124,60,1,0
1,1077,36300,60500,4343,4,124,60,1,0
1,1078,42400,60500,4343,4,124,60,1,0
1,1079,28800,60500,4343,4,124,60,1,0
1,1080,24900,60500,4343,4,124,60,1,0
1,1081,36500,60500,4343,4,124,60,1,0
1,1082,37800,60500,4343,4,124,60,1,0
1,1083,47100,60500,4343,4,124,60,1,0
1,1084,27000,60500,4343,4,124,60,1,0
1,1085,33800,60500,4343,4,124,60,1,0
1,1086,24900,60500,4343,4,124,60,1,0
1,1087,29800,60500,4343,4,124,60,1,0
1,1088,29500,60500,4343,4,124,60,1,0
1,1089,37500,60500,4343,4,124,60,1,0
1,1090,39300,60500,4343,4,124,60,1,0
1,1091,38900,60500,4343,4,124,60,1,0
1,1092,45200,60500,4343,4,124,60,1,0
1,1093,36000,60500,4343,4,124,60,1,0
1,1094,31000,60500,4343,4,124,60,1,0
1,1095,28800,60500,4343,4,124,60,1,0
1,1096,26800,60500,4343,4,124,60,1,0
1,1097,22900,60500,4343,4,124,60,1,0
1,1098,40800,60500,4343,4,124,60,1,0
1,1099,32800,60500,4343,4,124,60,1,0
1,1100,25100,60500,4343,4,124,60,1,0
1,1101,36100,60500,4343,4,124,60,1,0
1,1102,36800,60500,4343,4,124,60,1,0
1,1103,38100,60500,4343,4,124,60,1,0
1,1104,42800,60500,4343,4,124,60,1,0
1,1105,39700,60500,4343,4,124,60,1,0
1,1106,37000,60500,4343,4,124,60,1,0
1,1107,35100,60500,4343,4,124,60,1,0
1,1108,36800,60500,4343,4,124,60,1,0
1,1109,40100,60500,4343,4,124,60,1,0
1,1110,66700,60500,4343,4,124,60,1,0
1,1111,19000,60500,4343,4,124,60,1,0
1,1112,37400,60500,4343,4,124,60,1,0
1,1113,33700,60500,4343,4,124,60,1,0
1,1114,37000,60500,4343,4,124,60,1,0
1,1115,27500,60500,4343,4,124,60,1,0
1,1116,37700,60500,4343,4,124,60,1,0
1,1117,38900,60500,4343,4,124,60,1,0
1,1118,46100,60500,4343,4,124,60,1,0
1,1119,37300,60500,4343,4,124,60,1,0
1,1120,36500,60500,4343,4,124,60,1,0
1,1121,29600,60500,4343,4,124,60,1,0
1,1122,34700,60500,4343,4,124,60,1,0
1,1123,37500,60500,4343,4,124,60,1,0
1,1124,32600,60500,4343,4,124,60,1,0
1,1125,44200,60500,4343,4,124,60,1,0
1,1126,35200,60500,4343,4,124,60,1,0
1,1127,45200,60500,4343,4,124,60,1,0
1,1128,30300,60500,4343,4,124,60,1,0
1,1129,48900,60500,4343,4,124,60,1,0
1,1130,43500,60500,4343,4,124,60,1,0
1,1131,43800,60500,4343,4,124,60,1,0
1,1132,29800,60500,4343,4,124,60,1,0
1,1133,43600,60500,4343,4,124,60,1,0
1,1134,27600,60500,4343,4,124,60,1,0
1,1135,35500,60500,4343,4,124,60,1,0
1,1136,22500,60500,4343,4,124,60,1,0
1,1137,43500,60500,4343,4,124,60,1,0
1,1138,26200,60500,4343,4,124,60,1,0
1,1139,35200,60500,4343,4,124,60,1,0
1,1140,50100,60500,4343,4,124,60,1,0
1,1141,51800,60500,4343,4,124,60,1,0
1,1142,33400,60500,4343,4,124,60,1,0
1,1143,35500,60500,4343,4,124,60,1,0
1,1144,29900,60500,4343,4,124,60,1,0
1,1145,43800,60500,4343,4,124,60,1,0
1,1146,54500,60500,4343,4,124,60,1,0
1,1147,36400,60500,4343,4,124,60,1,0
1,1148,37600,60500,4343,4,124,60,1,0
1,1149,39900,60500,4343,4,124,60,1,0
1,1150,25800,60500,4343,4,124,60,1,0
1,1151,34500,60500,4343,4,124,60,1,0
1,1152,35100,60500,4343,4,124,60,1,0
1,1153,35000,60500,4343,4,124,60,1,0
1,1154,39000,60500,4343,4,124,60,1,0
1,1155,54200,60500,4343,4,124,60,1,0
1,1156,31200,60500,4343,4,124,60,1,0
1,1157,27000,60500,4343,4,124,60,1,0
1,1158,29300,60500,4343,4,124,60,1,0
1,1159,38400,60500,4343,4,124,60,1,0
1,1160,26600,60500,4343,4,124,60,1,0
1,1161,48200,60500,4343,4,124,60,1,0
1,1162,52100,60500,4343,4,124,60,1,0
1,1163,45300,60500,4343,4,124,60,1,0
1,1164,38100,60500,4343,4,124,60,1,0
1,1165,43200,60500,4343,4,124,60,1,0
1,1166,24600,60500,4343,4,124,60,1,0
1,1167,39300,60500,4343,4,124,60,1,0
1,1168,66100,60500,4343,4,124,60,1,0
1,1169,34700,60500,4343,4,124,60,1,0
1,1170,33700,60500,4343,4,124,60,1,0
1,1171,31500,60500,4343,4,124,60,1,0
1,1172,37100,60500,4343,4,124,60,1,0
1,1173,33400,60500,4343,4,124,60,1,0
1,1174,30600,60500,4343,4,124,60,1,0
1,1175,46600,60500,4343,4,124,60,1,0
1,1176,27700,60500,4343,4,124,60,1,0
1,1177,29900,60500,4343,4,124,60,1,0
1,1178,39900,60500,4343,4,124,60,1,0
1,1179,40200,60500,4343,4,124,60,1,0
1,1180,24500,60500,4343,4,124,60,1,0
1,1181,31200,60500,4343,4,124,60,1,0
1,1182,41900,60500,4343,4,124,60,1,0
1,1183,39700,60500,4343,4,124,60,1,0
1,1184,34100,60500,4343,4,124,60,1,0
1,1185,35400,60500,4343,4,124,60,1,0
1,1186,40800,60500,4343,4,124,60,1,0
1,1187,34700,60500,4343,4,124,60,1,0
1,1188,40100,60500,4343,4,124,60,1,0
1,1189,67900,60500,4343,4,124,60,1,0
1,1190,37000,60500,4343,4,124,60,1,0
1,1191,39500,60500,4343,4,124,60,1,0
1,1192,49600,60500,4343,4,124,60,1,0
1,1193,40300,60500,4343,4,124,60,1,0
1,1194,34300,60500,4343,4,124,60,1,0
1,1195,39700,60500,4343,4,124,60,1,0
1,1196,35700,60500,4343,4,124,60,1,0
1,1197,41700,60500,4343,4,124,60,1,0
1,1198,38100,60500,4343,4,124,60,1,0
1,1199,36000,60500,4343,4,124,60,1,0
1,1200,25200,60500,4343,4,124,60,1,0
1,1201,28200,60500,4343,4,124,60,1,0
1,1202,46200,60500,4343,4,124,60,1,0
1,1203,37400,60500,4343,4,124,60,1,0
1,1204,31300,60500,4343,4,124,60,1,0
1,1205,35900,60500,4343,4,124,60,1,0
1,1206,29500,60500,4343,4,124,60,1,0
1,1207,43000,60500,4343,4,124,60,1,0
1,1208,25800,60500,4343,4,124,60,1,0
1,1209,26300,60500,4343,4,124,60,1,0
1,1210,37800,60500,4343,4,124,60,1,0
1,1211,50700,60500,4343,4,124,60,1,0
1,1212,31400,60500,4343,4,124,60,1,0
1,1213,25600,60500,4343,4,124,60,1,0
1,1214,58100,60500,4343,4,124,60,1,0
1,1215,27700,60500,4343,4,124,60,1,0
1,1216,23900,60500,4343,4,124,60,1,0
1,1217,35500,60500,4343,4,124,60,1,0
1,1218,34100,60500,4343,4,124,60,1,0
1,1219,26700,60500,4343,4,124,60,1,0
1,1220,21400,60500,4343,4,124,60,1,0
1,1221,33800,60500,4343,4,124,60,1,0
1,1222,31200,60500,4343,4,124,60,1,0
1,1223,35200,60500,4343,4,124,60,1,0
1,1224,27600,60500,4343,4,124,60,1,0
1,1225,37100,60500,4343,4,124,60,1,0
1,1226,25300,60500,4343,4,124,60,1,0
1,1227,41900,60500,4343,4,124,60,1,0
1,1228,33200,60500,4343,4,124,60,1,0
1,1229,33300,60500,4343,4,124,60,1,0
1,1230,34600,60500,4343,4,124,60,1,0
1,1231,26700,60500,4343,4,124,60,1,0
1,1232,34500,60500,4343,4,124,60,1,0
1,1233,43200,60500,4343,4,124,60,1,0
1,1234,29500,60500,4343,4,124,60,1,0
1,1235,32900,60500,4343,4,124,60,1,0
1,1236,26400,60500,4343,4,124,60,1,0
1,1237,36300,60500,4343,4,124,60,1,0
1,1238,26700,60500,4343,4,124,60,1,0
1,1239,26800,60500,4343,4,124,60,1,0
1,1240,38700,60500,4343,4,124,60,1,0
1,1241,35800,60500,4343,4,124,60,1,0
1,1242,36700,60500,4343,4,124,60,1,0
1,1243,32300,60500,4343,4,124,60,1,0
1,1244,32900,60500,4343,4,124,60,1,0
1,1245,40700,60500,4343,4,124,60,1,0
1,1246,41000,60500,4343,4,124,60,1,0
1,1247,42900,60500,4343,4,124,60,1,0
1,1248,40200,60500,4343,4,124,60,1,0
1,1249,30400,60500,4343,4,124,60,1,0
1,1250,39700,60500,4343,4,124,60,1,0
1,1251,39600,60500,4343,4,124,60,1,0
1,1252,36300,60500,4343,4,124,60,1,0
1,1253,27300,60500,4343,4,124,60,1,0
1,1254,32400,60500,4343,4,124,60,1,0
1,1255,46400,60500,4343,4,124,60,1,0
1,1256,34900,60500,4343,4,124,60,1,0
1,1257,24400,60500,4343,4,124,60,1,0
1,1258,36900,60500,4343,4,124,60,1,0
1,1259,30300,60500,4343,4,124,60,1,0
1,1260,35200,60500,4343,4,124,60,1,0
1,1261,29200,60500,4343,4,124,60,1,0
1,1262,28000,60500,4343,4,124,60,1,0
1,1263,31700,60500,4343,4,124,60,1,0
1,1264,40500,60500,4343,4,124,60,1,0
1,1265,156100,60500,4343,4,124,60,1,0
1,1266,37900,60500,4343,4,124,60,1,0
1,1267,34700,60500,4343,4,124,60,1,0
1,1268,33200,60500,4343,4,124,60,1,0
1,1269,30000,60500,4343,4,124,60,1,0
1,1270,40400,60500,4343,4,124,60,1,0
1,1271,34400,60500,4343,4,124,60,1,0
1,1272,42500,60500,4343,4,124,60,1,0
1,1273,43000,60500,4343,4,124,60,1,0
1,1274,33300,60500,4343,4,124,60,1,0
1,1275,37500,60500,4343,4,124,60,1,0
1,1276,52500,60500,4343,4,124,60,1,0
1,1277,25900,60500,4343,4,124,60,1,0
1,1278,54700,60500,4343,4,124,60,1,0
1,1279,34400,60500,4343,4,124,60,1,0
1,1280,46200,60500,4343,4,124,60,1,0
1,1281,39000,60500,4343,4,124,60,1,0
1,1282,34600,60500,4343,4,124,60,1,0
1,1283,33500,60500,4343,4,124,60,1,0
1,1284,34700,60500,4343,4,124,60,1,0
1,1285,36100,60500,4343,4,124,60,1,0
1,1286,38100,60500,4343,4,124,60,1,0
1,1287,29200,60500,4343,4,124,60,1,0
1,1288,26300,60500,4343,4,124,60,1,0
1,1289,25100,60500,4343,4,124,60,1,0
1,1290,36400,60500,4343,4,124,60,1,0
1,1291,36500,60500,4343,4,124,60,1,0
1,1292,38800,60500,4343,4,124,60,1,0
1,1293,34700,60500,4343,4,124,60,1,0
1,1294,43700,60500,4343,4,124,60,1,0
1,1295,34400,60500,4343,4,124,60,1,0
1,1296,35200,60500,4343,4,124,60,1,0
1,1297,28800,60500,4343,4,124,60,1,0
1,1298,39700,60500,4343,4,124,60,1,0
1,1299,36800,60500,4343,4,124,60,1,0
1,1300,30700,60500,4343,4,124,60,1,0
1,1301,33400,60500,4343,4,124,60,1,0
1,1302,38900,60500,4343,4,124,60,1,0
1,1303,36000,60500,4343,4,124,60,1,0
1,1304,37300,60500,4343,4,124,60,1,0
1,1305,30000,60500,4343,4,124,60,1,0
1,1306,25600,60500,4343,4,124,60,1,0
1,1307,31600,60500,4343,4,124,60,1,0
1,1308,35000,60500,4343,4,124,60,1,0
1,1309,37300,60500,4343,4,124,60,1,0
1,1310,37200,60500,4343,4,124,60,1,0
1,1311,37200,60500,4343,4,124,60,1,0
1,1312,29200,60500,4343,4,124,60,1,0
1,1313,29200,60500,4343,4,124,60,1,0
1,1314,27100,60500,4343,4,124,60,1,0
1,1315,31300,60500,4343,4,124,60,1,0
1,1316,31400,60500,4343,4,124,60,1,0
1,1317,41200,60500,4343,4,124,60,1,0
1,1318,34200,60500,4343,4,124,60,1,0
1,1319,28700,60500,4343,4,124,60,1,0
1,1320,39200,60500,4343,4,124,60,1,0
1,1321,40800,60500,4343,4,124,60,1,0
1,1322,27600,60500,4343,4,124,60,1,0
1,1323,36900,60500,4343,4,124,60,1,0
1,1324,37600,60500,4343,4,124,60,1,0
1,1325,38600,60500,4343,4,124,60,1,0
1,1326,28300,60500,4343,4,124,60,1,0
1,1327,53100,60500,4343,4,124,60,1,0
1,1328,42200,60500,4343,4,124,60,1,0
1,1329,19700,60500,4343,4,124,60,1,0
1,1330,43300,60500,4343,4,124,60,1,0
1,1331,39800,60500,4343,4,124,60,1,0
1,1332,49600,60500,4343,4,124,60,1,0
1,1333,27900,60500,4343,4,124,60,1,0
1,1334,28400,60500,4343,4,124,60,1,0
1,1335,24700,60500,4343,4,124,60,1,0
1,1336,35900,60500,4343,4,124,60,1,0
1,1337,26000,60500,4343,4,124,60,1,0
1,1338,37900,60500,4343,4,124,60,1,0
1,1339,38800,60500,4343,4,124,60,1,0
1,1340,41800,60500,4343,4,124,60,1,0
1,1341,39600,60500,4343,4,124,60,1,0
1,1342,33200,60500,4343,4,124,60,1,0
1,1343,38300,60500,4343,4,124,60,1,0
1,1344,38100,60500,4343,4,124,60,1,0
1,1345,37800,60500,4343,4,124,60,1,0
1,1346,35800,60500,4343,4,124,60,1,0
1,1347,27600,60500,4343,4,124,60,1,0
1,1348,38100,60500,4343,4,124,60,1,0
1,1349,28600,60500,4343,4,124,60,1,0
1,1350,34900,60500,4343,4,124,60,1,0
1,1351,40300,60500,4343,4,124,60,1,0
1,1352,23600,60500,4343,4,124,60,1,0
1,1353,31500,60500,4343,4,124,60,1,0
1,1354,40200,60500,4343,4,124,60,1,0
1,1355,38500,60500,4343,4,124,60,1,0
1,1356,39600,60500,4343,4,124,60,1,0
1,1357,36700,60500,4343,4,124,60,1,0
1,1358,110300,60500,4343,4,124,60,1,0
1,1359,33700,60500,4343,4,124,60,1,0
1,1360,39600,60500,4343,4,124,60,1,0
1,1361,28000,60500,4343,4,124,60,1,0
1,1362,36100,60500,4343,4,124,60,1,0
1,1363,34300,60500,4343,4,124,60,1,0
1,1364,34400,60500,4343,4,124,60,1,0
1,1365,37400,60500,4343,4,124,60,1,0
1,1366,58300,60500,4343,4,124,60,1,0
1,1367,43500,60500,4343,4,124,60,1,0
1,1368,47700,60500,4343,4,124,60,1,0
1,1369,28800,60500,4343,4,124,60,1,0
1,1370,43400,60500,4343,4,124,60,1,0
1,1371,38900,60500,4343,4,124,60,1,0
1,1372,30400,60500,4343,4,124,60,1,0
1,1373,36800,60500,4343,4,124,60,1,0
1,1374,32400,60500,4343,4,124,60,1,0
1,1375,29100,60500,4343,4,124,60,1,0
1,1376,36500,60500,4343,4,124,60,1,0
1,1377,27900,60500,4343,4,124,60,1,0
1,1378,34300,60500,4343,4,124,60,1,0
1,1379,34000,60500,4343,4,124,60,1,0
1,1380,25100,60500,4343,4,124,60,1,0
1,1381,47000,60500,4343,4,124,60,1,0
1,1382,36200,60500,4343,4,124,60,1,0
1,1383,256000,60500,4343,4,124,60,1,0
1,1384,26800,60500,4343,4,124,60,1,0
1,1385,42500,60500,4343,4,124,60,1,0
1,1386,34500,60500,4343,4,124,60,1,0
1,1387,38000,60500,4343,4,124,60,1,0
1,1388,40900,60500,4343,4,124,60,1,0
1,1389,38600,60500,4343,4,124,60,1,0
1,1390,42400,60500,4343,4,124,60,1,0
1,1391,43300,60500,4343,4,124,60,1,0
1,1392,36600,60500,4343,4,124,60,1,0
1,1393,45300,60500,4343,4,124,60,1,0
1,1394,28800,60500,4343,4,124,60,1,0
1,1395,34600,60500,4343,4,124,60,1,0
1,1396,34600,60500,4343,4,124,60,1,0
1,1397,35700,60500,4343,4,124,60,1,0
1,1398,29800,60500,4343,4,124,60,1,0
1,1399,37300,60500,4343,4,124,60,1,0
1,1400,26900,60500,4343,4,124,60,1,0
1,1401,30800,60500,4343,4,124,60,1,0
1,1402,36000,60500,4343,4,124,60,1,0
1,1403,38500,60500,4343,4,124,60,1,0
1,1404,37600,60500,4343,4,124,60,1,0
1,1405,35000,60500,4343,4,124,60,1,0
1,1406,33900,60500,4343,4,124,60,1,0
1,1407,40000,60500,4343,4,124,60,1,0
1,1408,31800,60500,4343,4,124,60,1,0
1,1409,28400,60500,4343,4,124,60,1,0
1,1410,38100,60500,4343,4,124,60,1,0
1,1411,29600,60500,4343,4,124,60,1,0
1,1412,44200,60500,4343,4,124,60,1,0
1,1413,25600,60500,4343,4,124,60,1,0
1,1414,26200,60500,4343,4,124,60,1,0
1,1415,36600,60500,4343,4,124,60,1,0
1,1416,34300,60500,4343,4,124,60,1,0
1,1417,30500,60500,4343,4,124,60,1,0
1,1418,34600,60500,4343,4,124,60,1,0
1,1419,39000,60500,4343,4,124,60,1,0
1,1420,26800,60500,4343,4,124,60,1,0
1,1421,36300,60500,4343,4,124,60,1,0
1,1422,26100,60500,4343,4,124,60,1,0
1,1423,30000,60500,4343,4,124,60,1,0
1,1424,35200,60500,4343,4,124,60,1,0
1,1425,31500,60500,4343,4,124,60,1,0
1,1426,24500,60500,4343,4,124,60,1,0
1,1427,28200,60500,4343,4,124,60,1,0
1,1428,35300,60500,4343,4,124,60,1,0
1,1429,34600,60500,4343,4,124,60,1,0
1,1430,35800,60500,4343,4,124,60,1,0
1,1431,28800,60500,4343,4,124,60,1,0
1,1432,29400,60500,4343,4,124,60,1,0
1,1433,40000,60500,4343,4,124,60,1,0
1,1434,40300,60500,4343,4,124,60,1,0
1,1435,34600,60500,4343,4,124,60,1,0
1,1436,36800,60500,4343,4,124,60,1,0
1,1437,27900,60500,4343,4,124,60,1,0
1,1438,37200,60500,4343,4,124,60,1,0
1,1439,26400,60500,4343,4,124,60,1,0
1,1440,38100,60500,4343,4,124,60,1,0
1,1441,34300,60500,4343,4,124,60,1,0
1,1442,36300,60500,4343,4,124,60,1,0
1,1443,31900,60500,4343,4,124,60,1,0
1,1444,33900,60500,4343,4,124,60,1,0
1,1445,37000,60500,4343,4,124,60,1,0
1,1446,24100,60500,4343,4,124,60,1,0
1,1447,77300,60500,4343,4,124,60,1,0
1,1448,33900,60500,4343,4,124,60,1,0
1,1449,28500,60500,4343,4,124,60,1,0
1,1450,34200,60500,4343,4,124,60,1,0
1,1451,35300,60500,4343,4,124,60,1,0
1,1452,36600,60500,4343,4,124,60,1,0
1,1453,38800,60500,4343,4,124,60,1,0
1,1454,32000,60500,4343,4,124,60,1,0
1,1455,42000,60500,4343,4,124,60,1,0
1,1456,90800,60500,4343,4,124,60,1,0
1,1457,39300,60500,4343,4,124,60,1,0
1,1458,31600,60500,4343,4,124,60,1,0
1,1459,37000,60500,4343,4,124,60,1,0
1,1460,34200,60500,4343,4,124,60,1,0
1,1461,43300,60500,4343,4,124,60,1,0
1,1462,28700,60500,4343,4,124,60,1,0
1,1463,30300,60500,4343,4,124,60,1,0
1,1464,37000,60500,4343,4,124,60,1,0
1,1465,34400,60500,4343,4,124,60,1,0
1,1466,27400,60500,4343,4,124,60,1,0
1,1467,35600,60500,4343,4,124,60,1,0
1,1468,41000,60500,4343,4,124,60,1,0
1,1469,32600,60500,4343,4,124,60,1,0
1,1470,32100,60500,4343,4,124,60,1,0
1,1471,24300,60500,4343,4,124,60,1,0
1,1472,34100,60500,4343,4,124,60,1,0
1,1473,32800,60500,4343,4,124,60,1,0
1,1474,33500,60500,4343,4,124,60,1,0
1,1475,33500,60500,4343,4,124,60,1,0
1,1476,41500,60500,4343,4,124,60,1,0
1,1477,23500,60500,4343,4,124,60,1,0
1,1478,39500,60500,4343,4,124,60,1,0
1,1479,28300,60500,4343,4,124,60,1,0
1,1480,35300,60500,4343,4,124,60,1,0
1,1481,33900,60500,4343,4,124,60,1,0
1,1482,24400,60500,4343,4,124,60,1,0
1,1483,50500,60500,4343,4,124,60,1,0
1,1484,32800,60500,4343,4,124,60,1,0
1,1485,35000,60500,4343,4,124,60,1,0
1,1486,35300,60500,4343,4,124,60,1,0
1,1487,45900,60500,4343,4,124,60,1,0
1,1488,36400,60500,4343,4,124,60,1,0
1,1489,41100,60500,4343,4,124,60,1,0
1,1490,28200,60500,4343,4,124,60,1,0
1,1491,33200,60500,4343,4,124,60,1,0
1,1492,37000,60500,4343,4,124,60,1,0
1,1493,36000,60500,4343,4,124,60,1,0
1,1494,32700,60500,4343,4,124,60,1,0
1,1495,48400,60500,4343,4,124,60,1,0
1,1496,29600,60500,4343,4,124,60,1,0
1,1497,35600,60500,4343,4,124,60,1,0
1,1498,36500,60500,4343,4,124,60,1,0
1,1499,32200,60500,4343,4,124,60,1,0
1,1500,38000,60500,4343,4,124,60,1,0
1,1501,40000,60500,4343,4,124,60,1,0
1,1502,39200,60500,4343,4,124,60,1,0
1,1503,38300,60500,4343,4,124,60,1,0
1,1504,23700,60500,4343,4,124,60,1,0
1,1505,36800,60500,4343,4,124,60,1,0
1,1506,34700,60500,4343,4,124,60,1,0
1,1507,41200,60500,4343,4,124,60,1,0
1,1508,30400,60500,4343,4,124,60,1,0
1,1509,40300,60500,4343,4,124,60,1,0
1,1510,37700,60500,4343,4,124,60,1,0
1,1511,32500,60500,4343,4,124,60,1,0
1,1512,32700,60500,4343,4,124,60,1,0
1,1513,39400,60500,4343,4,124,60,1,0
1,1514,25500,60500,4343,4,124,60,1,0
1,1515,38500,60500,4343,4,124,60,1,0
1,1516,24300,60500,4343,4,124,60,1,0
1,1517,146100,60500,4343,4,124,60,1,0
1,1518,39500,60500,4343,4,124,60,1,0
1,1519,23800,60500,4343,4,124,60,1,0
1,1520,39100,60500,4343,4,124,60,1,0
1,1521,30600,60500,4343,4,124,60,1,0
1,1522,40100,60500,4343,4,124,60,1,0
1,1523,60100,60500,4343,4,124,60,1,0
1,1524,26900,60500,4343,4,124,60,1,0
1,1525,151000,60500,4343,4,124,60,1,0
1,1526,29500,60500,4343,4,124,60,1,0
1,1527,28400,60500,4343,4,124,60,1,0
1,1528,34500,60500,4343,4,124,60,1,0
1,1529,37000,60500,4343,4,124,60,1,0
1,1530,25000,60500,4343,4,124,60,1,0
1,1531,39600,60500,4343,4,124,60,1,0
1,1532,39100,60500,4343,4,124,60,1,0
1,1533,27200,60500,4343,4,124,60,1,0
1,1534,29500,60500,4343,4,124,60,1,0
1,1535,40300,60500,4343,4,124,60,1,0
1,1536,57600,60500,4343,4,124,60,1,0
1,1537,40900,60500,4343,4,124,60,1,0
1,1538,41200,60500,4343,4,124,60,1,0
1,1539,28500,60500,4343,4,124,60,1,0
1,1540,24800,60500,4343,4,124,60,1,0
1,1541,36400,60500,4343,4,124,60,1,0
1,1542,26200,60500,4343,4,124,60,1,0
1,1543,39400,60500,4343,4,124,60,1,0
1,1544,52700,60500,4343,4,124,60,1,0
1,1545,50500,60500,4343,4,124,60,1,0
1,1546,54900,60500,4343,4,124,60,1,0
1,1547,39600,60500,4343,4,124,60,1,0
1,1548,31900,60500,4343,4,124,60,1,0
1,1549,29400,60500,4343,4,124,60,1,0
1,1550,38200,60500,4343,4,124,60,1,0
1,1551,36400,60500,4343,4,124,60,1,0
1,1552,36400,60500,4343,4,124,60,1,0
1,1553,43200,60500,4343,4,124,60,1,0
1,1554,37100,60500,4343,4,124,60,1,0
1,1555,38200,60500,4343,4,124,60,1,0
1,1556,26800,60500,4343,4,124,60,1,0
1,1557,40000,60500,4343,4,124,60,1,0
1,1558,31000,60500,4343,4,124,60,1,0
1,1559,35700,60500,4343,4,124,60,1,0
1,1560,39800,60500,4343,4,124,60,1,0
1,1561,30900,60500,4343,4,124,60,1,0
1,1562,26800,60500,4343,4,124,60,1,0
1,1563,35700,60500,4343,4,124,60,1,0
1,1564,42600,60500,4343,4,124,60,1,0
1,1565,25600,60500,4343,4,124,60,1,0
1,1566,36300,60500,4343,4,124,60,1,0
1,1567,28300,60500,4343,4,124,60,1,0
1,1568,31400,60500,4343,4,124,60,1,0
1,1569,46400,60500,4343,4,124,60,1,0
1,1570,34200,60500,4343,4,124,60,1,0
1,1571,41400,60500,4343,4,124,60,1,0
1,1572,35700,60500,4343,4,124,60,1,0
1,1573,34900,60500,4343,4,124,60,1,0
1,1574,29300,60500,4343,4,124,60,1,0
1,1575,37100,60500,4343,4,124,60,1,0
1,1576,25800,60500,4343,4,124,60,1,0
1,1577,41200,60500,4343,4,124,60,1,0
1,1578,26300,60500,4343,4,124,60,1,0
1,1579,29500,60500,4343,4,124,60,1,0
1,1580,44400,60500,4343,4,124,60,1,0
1,1581,40400,60500,4343,4,124,60,1,0
1,1582,37500,60500,4343,4,124,60,1,0
1,1583,35400,60500,4343,4,124,60,1,0
1,1584,35300,60500,4343,4,124,60,1,0
1,1585,43200,60500,4343,4,124,60,1,0
1,1586,28000,60500,4343,4,124,60,1,0
1,1587,34100,60500,4343,4,124,60,1,0
1,1588,30300,60500,4343,4,124,60,1,0
1,1589,34800,60500,4343,4,124,60,1,0
1,1590,35100,60500,4343,4,124,60,1,0
1,1591,26500,60500,4343,4,124,60,1,0
1,1592,34800,60500,4343,4,124,60,1,0
1,1593,30000,60500,4343,4,124,60,1,0
1,1594,30600,60500,4343,4,124,60,1,0
1,1595,26600,60500,4343,4,124,60,1,0
1,1596,33400,60500,4343,4,124,60,1,0
1,1597,35000,60500,4343,4,124,60,1,0
1,1598,35900,60500,4343,4,124,60,1,0
1,1599,37000,60500,4343,4,124,60,1,0
1,1600,44500,60500,4343,4,124,60,1,0
1,1601,33400,60500,4343,4,124,60,1,0
1,1602,57700,60500,4343,4,124,60,1,0
1,1603,35400,60500,4343,4,124,60,1,0
1,1604,41000,60500,4343,4,124,60,1,0
1,1605,39000,60500,4343,4,124,60,1,0
1,1606,44700,60500,4343,4,124,60,1,0
1,1607,34800,60500,4343,4,124,60,1,0
1,1608,22000,60500,4343,4,124,60,1,0
1,1609,40800,60500,4343,4,124,60,1,0
1,1610,40300,60500,4343,4,124,60,1,0
1,1611,37000,60500,4343,4,124,60,1,0
1,1612,28100,60500,4343,4,124,60,1,0
1,1613,39400,60500,4343,4,124,60,1,0
1,1614,36400,60500,4343,4,124,60,1,0
1,1615,34700,60500,4343,4,124,60,1,0
1,1616,43000,60500,4343,4,124,60,1,0
1,1617,30000,60500,4343,4,124,60,1,0
1,1618,35300,60500,4343,4,124,60,1,0
1,1619,34700,60500,4343,4,124,60,1,0
1,1620,33300,60500,4343,4,124,60,1,0
1,1621,40200,60500,4343,4,124,60,1,0
1,1622,32700,60500,4343,4,124,60,1,0
1,1623,27500,60500,4343,4,124,60,1,0
1,1624,36000,60500,4343,4,124,60,1,0
1,1625,55300,60500,4343,4,124,60,1,0
1,1626,20400,60500,4343,4,124,60,1,0
1,1627,41900,60500,4343,4,124,60,1,0
1,1628,38500,60500,4343,4,124,60,1,0
1,1629,23900,60500,4343,4,124,60,1,0
1,1630,35200,60500,4343,4,124,60,1,0
1,1631,36000,60500,4343,4,124,60,1,0
1,1632,30100,60500,4343,4,124,60,1,0
1,1633,34200,60500,4343,4,124,60,1,0
1,1634,38300,60500,4343,4,124,60,1,0
1,1635,25300,60500,4343,4,124,60,1,0
1,1636,37000,60500,4343,4,124,60,1,0
1,1637,34400,60500,4343,4,124,60,1,0
1,1638,36900,60500,4343,4,124,60,1,0
1,1639,31100,60500,4343,4,124,60,1,0
1,1640,37000,60500,4343,4,124,60,1,0
1,1641,27900,60500,4343,4,124,60,1,0
1,1642,55200,60500,4343,4,124,60,1,0
1,1643,28700,60500,4343,4,124,60,1,0
1,1644,39400,60500,4343,4,124,60,1,0
1,1645,19100,60500,4343,4,124,60,1,0
1,1646,39800,60500,4343,4,124,60,1,0
1,1647,40800,60500,4343,4,124,60,1,0
1,1648,44000,60500,4343,4,124,60,1,0
1,1649,34900,60500,4343,4,124,60,1,0
1,1650,40500,60500,4343,4,124,60,1,0
1,1651,39000,60500,4343,4,124,60,1,0
1,1652,35000,60500,4343,4,124,60,1,0
1,1653,32400,60500,4343,4,124,60,1,0
1,1654,36800,60500,4343,4,124,60,1,0
1,1655,37300,60500,4343,4,124,60,1,0
1,1656,40300,60500,4343,4,124,60,1,0
1,1657,38300,60500,4343,4,124,60,1,0
1,1658,34000,60500,4343,4,124,60,1,0
1,1659,29700,60500,4343,4,124,60,1,0
1,1660,38400,60500,4343,4,124,60,1,0
1,1661,35000,60500,4343,4,124,60,1,0
1,1662,26100,60500,4343,4,124,60,1,0
1,1663,34800,60500,4343,4,124,60,1,0
1,1664,36100,60500,4343,4,124,60,1,0
1,1665,35600,60500,4343,4,124,60,1,0
1,1666,41300,60500,4343,4,124,60,1,0
1,1667,19300,60500,4343,4,124,60,1,0
1,1668,41200,60500,4343,4,124,60,1,0
1,1669,41700,60500,4343,4,124,60,1,0
1,1670,35300,60500,4343,4,124,60,1,0
1,1671,35800,60500,4343,4,124,60,1,0
1,1672,36900,60500,4343,4,124,60,1,0
1,1673,41100,60500,4343,4,124,60,1,0
1,1674,38300,60500,4343,4,124,60,1,0
1,1675,33000,60500,4343,4,124,60,1,0
1,1676,32800,60500,4343,4,124,60,1,0
1,1677,27200,60500,4343,4,124,60,1,0
1,1678,35500,60500,4343,4,124,60,1,0
1,1679,36600,60500,4343,4,124,60,1,0
1,1680,194100,60500,4343,4,124,60,1,0
1,1681,26700,60500,4343,4,124,60,1,0
1,1682,28500,60500,4343,4,124,60,1,0
1,1683,38700,60500,4343,4,124,60,1,0
1,1684,43900,60500,4343,4,124,60,1,0
1,1685,42000,60500,4343,4,124,60,1,0
1,1686,34300,60500,4343,4,124,60,1,0
1,1687,27100,60500,4343,4,124,60,1,0
1,1688,27000,60500,4343,4,124,60,1,0
1,1689,32500,60500,4343,4,124,60,1,0
1,1690,36400,60500,4343,4,124,60,1,0
1,1691,38900,60500,4343,4,124,60,1,0
1,1692,39500,60500,4343,4,124,60,1,0
1,1693,34400,60500,4343,4,124,60,1,0
1,1694,38800,60500,4343,4,124,60,1,0
1,1695,32300,60500,4343,4,124,60,1,0
1,1696,38100,60500,4343,4,124,60,1,0
1,1697,23700,60500,4343,4,124,60,1,0
1,1698,36800,60500,4343,4,124,60,1,0
1,1699,27800,60500,4343,4,124,60,1,0
1,1700,29500,60500,4343,4,124,60,1,0
1,1701,33600,60500,4343,4,124,60,1,0
1,1702,36900,60500,4343,4,124,60,1,0
1,1703,29500,60500,4343,4,124,60,1,0
1,1704,41100,60500,4343,4,124,60,1,0
1,1705,31800,60500,4343,4,124,60,1,0
1,1706,35200,60500,4343,4,124,60,1,0
1,1707,35200,60500,4343,4,124,60,1,0
1,1708,38400,60500,4343,4,124,60,1,0
1,1709,35600,60500,4343,4,124,60,1,0
1,1710,27000,60500,4343,4,124,60,1,0
1,1711,37300,60500,4343,4,124,60,1,0
1,1712,38200,60500,4343,4,124,60,1,0
1,1713,59500,60500,4343,4,124,60,1,0
1,1714,38700,60500,4343,4,124,60,1,0
1,1715,31600,60500,4343,4,124,60,1,0
1,1716,34200,60500,4343,4,124,60,1,0
1,1717,34500,60500,4343,4,124,60,1,0
1,1718,33200,60500,4343,4,124,60,1,0
1,1719,36300,60500,4343,4,124,60,1,0
1,1720,35400,60500,4343,4,124,60,1,0
1,1721,32100,60500,4343,4,124,60,1,0
1,1722,30900,60500,4343,4,124,60,1,0
1,1723,32600,60500,4343,4,124,60,1,0
1,1724,35500,60500,4343,4,124,60,1,0
1,1725,30700,60500,4343,4,124,60,1,0
1,1726,32200,60500,4343,4,124,60,1,0
1,1727,33300,60500,4343,4,124,60,1,0
1,1728,30100,60500,4343,4,124,60,1,0
1,1729,47100,60500,4343,4,124,60,1,0
1,1730,33600,60500,4343,4,124,60,1,0
1,1731,35100,60500,4343,4,124,60,1,0
1,1732,25800,60500,4343,4,124,60,1,0
1,1733,40700,60500,4343,4,124,60,1,0
1,1734,39100,60500,4343,4,124,60,1,0
1,1735,31400,60500,4343,4,124,60,1,0
1,1736,24100,60500,4343,4,124,60,1,0
1,1737,34700,60500,4343,4,124,60,1,0
1,1738,92300,60500,4343,4,124,60,1,0
1,1739,40200,60500,4343,4,124,60,1,0
1,1740,28900,60500,4343,4,124,60,1,0
1,1741,42700,60500,4343,4,124,60,1,0
1,1742,37700,60500,4343,4,124,60,1,0
1,1743,26100,60500,4343,4,124,60,1,0
1,1744,38700,60500,4343,4,124,60,1,0
1,1745,40200,60500,4343,4,124,60,1,0
1,1746,25700,60500,4343,4,124,60,1,0
1,1747,33900,60500,4343,4,124,60,1,0
1,1748,25600,60500,4343,4,124,60,1,0
1,1749,36600,60500,4343,4,124,60,1,0
1,1750,28800,60500,4343,4,124,60,1,0
1,1751,35800,60500,4343,4,124,60,1,0
1,1752,37700,60500,4343,4,124,60,1,0
1,1753,26900,60500,4343,4,124,60,1,0
1,1754,25800,60500,4343,4,124,60,1,0
1,1755,36400,60500,4343,4,124,60,1,0
1,1756,19400,60500,4343,4,124,60,1,0
1,1757,35200,60500,4343,4,124,60,1,0
1,1758,38000,60500,4343,4,124,60,1,0
1,1759,30900,60500,4343,4,124,60,1,0
1,1760,39200,60500,4343,4,124,60,1,0
1,1761,44600,60500,4343,4,124,60,1,0
1,1762,27200,60500,4343,4,124,60,1,0
1,1763,26600,60500,4343,4,124,60,1,0
1,1764,44200,60500,4343,4,124,60,1,0
1,1765,25700,60500,4343,4,124,60,1,0
1,1766,27100,60500,4343,4,124,60,1,0
1,1767,35100,60500,4343,4,124,60,1,0
1,1768,32900,60500,4343,4,124,60,1,0
1,1769,38700,60500,4343,4,124,60,1,0
1,1770,43500,60500,4343,4,124,60,1,0
1,1771,35300,60500,4343,4,124,60,1,0
1,1772,39500,60500,4343,4,124,60,1,0
1,1773,27200,60500,4343,4,124,60,1,0
1,1774,44300,60500,4343,4,124,60,1,0
1,1775,34500,60500,4343,4,124,60,1,0
1,1776,35900,60500,4343,4,124,60,1,0
1,1777,25400,60500,4343,4,124,60,1,0
1,1778,33600,60500,4343,4,124,60,1,0
1,1779,40400,60500,4343,4,124,60,1,0
1,1780,38900,60500,4343,4,124,60,1,0
1,1781,48500,60500,4343,4,124,60,1,0
1,1782,26800,60500,4343,4,124,60,1,0
1,1783,36600,60500,4343,4,124,60,1,0
1,1784,35100,60500,4343,4,124,60,1,0
1,1785,21200,60500,4343,4,124,60,1,0
1,1786,22600,60500,4343,4,124,60,1,0
1,1787,161500,60500,4343,4,124,60,1,0
1,1788,34300,60500,4343,4,124,60,1,0
1,1789,34000,60500,4343,4,124,60,1,0
1,1790,23800,60500,4343,4,124,60,1,0
1,1791,36600,60500,4343,4,124,60,1,0
1,1792,46300,60500,4343,4,124,60,1,0
1,1793,26600,60500,4343,4,124,60,1,0
1,1794,30000,60500,4343,4,124,60,1,0
1,1795,36900,60500,4343,4,124,60,1,0
1,1796,27400,60500,4343,4,124,60,1,0
1,1797,26200,60500,4343,4,124,60,1,0
1,1798,44600,60500,4343,4,124,60,1,0
1,1799,34700,60500,4343,4,124,60,1,0
1,1800,35600,60500,4343,4,124,60,1,0
1,1801,42400,60500,4343,4,124,60,1,0
1,1802,34500,60500,4343,4,124,60,1,0
1,1803,36100,60500,4343,4,124,60,1,0
1,1804,34500,60500,4343,4,124,60,1,0
1,1805,36900,60500,4343,4,124,60,1,0
1,1806,34400,60500,4343,4,124,60,1,0
1,1807,37100,60500,4343,4,124,60,1,0
1,1808,36300,60500,4343,4,124,60,1,0
1,1809,41200,60500,4343,4,124,60,1,0
1,1810,37000,60500,4343,4,124,60,1,0
1,1811,49000,60500,4343,4,124,60,1,0
1,1812,39800,60500,4343,4,124,60,1,0
1,1813,35100,60500,4343,4,124,60,1,0
1,1814,28400,60500,4343,4,124,60,1,0
1,1815,38500,60500,4343,4,124,60,1,0
1,1816,30400,60500,4343,4,124,60,1,0
1,1817,20500,60500,4343,4,124,60,1,0
1,1818,38100,60500,4343,4,124,60,1,0
1,1819,24600,60500,4343,4,124,60,1,0
1,1820,43300,60500,4343,4,124,60,1,0
1,1821,44300,60500,4343,4,124,60,1,0
1,1822,34100,60500,4343,4,124,60,1,0
1,1823,39200,60500,4343,4,124,60,1,0
1,1824,44500,60500,4343,4,124,60,1,0
1,1825,43500,60500,4343,4,124,60,1,0
1,1826,89500,60500,4343,4,124,60,1,0
1,1827,38000,60500,4343,4,124,60,1,0
1,1828,38500,60500,4343,4,124,60,1,0
1,1829,33200,60500,4343,4,124,60,1,0
1,1830,41700,60500,4343,4,124,60,1,0
1,1831,27100,60500,4343,4,124,60,1,0
1,1832,28000,60500,4343,4,124,60,1,0
1,1833,37800,60500,4343,4,124,60,1,0
1,1834,44800,60500,4343,4,124,60,1,0
1,1835,36900,60500,4343,4,124,60,1,0
1,1836,40000,60500,4343,4,124,60,1,0
1,1837,31300,60500,4343,4,124,60,1,0
1,1838,33900,60500,4343,4,124,60,1,0
1,1839,32000,60500,4343,4,124,60,1,0
1,1840,31200,60500,4343,4,124,60,1,0
1,1841,43700,60500,4343,4,124,60,1,0
1,1842,48000,60500,4343,4,124,60,1,0
1,1843,33800,60500,4343,4,124,60,1,0
1,1844,33500,60500,4343,4,124,60,1,0
1,1845,38000,60500,4343,4,124,60,1,0
1,1846,43900,60500,4343,4,124,60,1,0
1,1847,40200,60500,4343,4,124,60,1,0
1,1848,28400,60500,4343,4,124,60,1,0
1,1849,24500,60500,4343,4,124,60,1,0
1,1850,24800,60500,4343,4,124,60,1,0
1,1851,37600,60500,4343,4,124,60,1,0
1,1852,45000,60500,4343,4,124,60,1,0
1,1853,25700,60500,4343,4,124,60,1,0
1,1854,31900,60500,4343,4,124,60,1,0
1,1855,33400,60500,4343,4,124,60,1,0
1,1856,20500,60500,4343,4,124,60,1,0
1,1857,36100,60500,4343,4,124,60,1,0
1,1858,29800,60500,4343,4,124,60,1,0
1,1859,145200,60500,4343,4,124,60,1,0
1,1860,27700,60500,4343,4,124,60,1,0
1,1861,38500,60500,4343,4,124,60,1,0
1,1862,34700,60500,4343,4,124,60,1,0
1,1863,200500,60500,4343,4,124,60,1,0
1,1864,34500,60500,4343,4,124,60,1,0
1,1865,34200,60500,4343,4,124,60,1,0
1,1866,43700,60500,4343,4,124,60,1,0
1,1867,34900,60500,4343,4,124,60,1,0
1,1868,33700,60500,4343,4,124,60,1,0
1,1869,37000,60500,4343,4,124,60,1,0
1,1870,31000,60500,4343,4,124,60,1,0
1,1871,34500,60500,4343,4,124,60,1,0
1,1872,25400,60500,4343,4,124,60,1,0
1,1873,31100,60500,4343,4,124,60,1,0
1,1874,37200,60500,4343,4,124,60,1,0
1,1875,38000,60500,4343,4,124,60,1,0
1,1876,32200,60500,4343,4,124,60,1,0
1,1877,28400,60500,4343,4,124,60,1,0
1,1878,41800,60500,4343,4,124,60,1,0
1,1879,41300,60500,4343,4,124,60,1,0
1,1880,27000,60500,4343,4,124,60,1,0
1,1881,39200,60500,4343,4,124,60,1,0
1,1882,40600,60500,4343,4,124,60,1,0
1,1883,25300,60500,4343,4,124,60,1,0
1,1884,36400,60500,4343,4,124,60,1,0
1,1885,57500,60500,4343,4,124,60,1,0
1,1886,39900,60500,4343,4,124,60,1,0
1,1887,39200,60500,4343,4,124,60,1,0
1,1888,37700,60500,4343,4,124,60,1,0
1,1889,30500,60500,4343,4,124,60,1,0
1,1890,43200,60500,4343,4,124,60,1,0
1,1891,32900,60500,4343,4,124,60,1,0
1,1892,33100,60500,4343,4,124,60,1,0
1,1893,38400,60500,4343,4,124,60,1,0
1,1894,37600,60500,4343,4,124,60,1,0
1,1895,26600,60500,4343,4,124,60,1,0
1,1896,39100,60500,4343,4,124,60,1,0
1,1897,38600,60500,4343,4,124,60,1,0
1,1898,33300,60500,4343,4,124,60,1,0
1,1899,36600,60500,4343,4,124,60,1,0
1,1900,33700,60500,4343,4,124,60,1,0
1,1901,35700,60500,4343,4,124,60,1,0
1,1902,206700,60500,4343,4,124,60,1,0
1,1903,27200,60500,4343,4,124,60,1,0
1,1904,28100,60500,4343,4,124,60,1,0
1,1905,25600,60500,4343,4,124,60,1,0
1,1906,66600,60500,4343,4,124,60,1,0
1,1907,38200,60500,4343,4,124,60,1,0
1,1908,42100,60500,4343,4,124,60,1,0
1,1909,100500,60500,4343,4,124,60,1,0
1,1910,61600,60500,4343,4,124,60,1,0
1,1911,33100,60500,4343,4,124,60,1,0
1,1912,25600,60500,4343,4,124,60,1,0
1,1913,36300,60500,4343,4,124,60,1,0
1,1914,44300,60500,4343,4,124,60,1,0
1,1915,40300,60500,4343,4,124,60,1,0
1,1916,36300,60500,4343,4,124,60,1,0
1,1917,37000,60500,4343,4,124,60,1,0
1,1918,39600,60500,4343,4,124,60,1,0
1,1919,28600,60500,4343,4,124,60,1,0
1,1920,235300,60500,4343,4,124,60,1,0
1,1921,38400,60500,4343,4,124,60,1,0
1,1922,36500,60500,4343,4,124,60,1,0
1,1923,26300,60500,4343,4,124,60,1,0
1,1924,30500,60500,4343,4,124,60,1,0
1,1925,38400,60500,4343,4,124,60,1,0
1,1926,37200,60500,4343,4,124,60,1,0
1,1927,31100,60500,4343,4,124,60,1,0
1,1928,27700,60500,4343,4,124,60,1,0
1,1929,34900,60500,4343,4,124,60,1,0
1,1930,41200,60500,4343,4,124,60,1,0
1,1931,37500,60500,4343,4,124,60,1,0
1,1932,37800,60500,4343,4,124,60,1,0
1,1933,35100,60500,4343,4,124,60,1,0
1,1934,33600,60500,4343,4,124,60,1,0
1,1935,25700,60500,4343,4,124,60,1,0
1,1936,40900,60500,4343,4,124,60,1,0
1,1937,37200,60500,4343,4,124,60,1,0
1,1938,48000,60500,4343,4,124,60,1,0
1,1939,38200,60500,4343,4,124,60,1,0
1,1940,30800,60500,4343,4,124,60,1,0
1,1941,36300,60500,4343,4,124,60,1,0
1,1942,27700,60500,4343,4,124,60,1,0
1,1943,38400,60500,4343,4,124,60,1,0
1,1944,54400,60500,4343,4,124,60,1,0
1,1945,23200,60500,4343,4,124,60,1,0
1,1946,45900,60500,4343,4,124,60,1,0
1,1947,34700,60500,4343,4,124,60,1,0
1,1948,29300,60500,4343,4,124,60,1,0
1,1949,35700,60500,4343,4,124,60,1,0
1,1950,42200,60500,4343,4,124,60,1,0
1,1951,36500,60500,4343,4,124,60,1,0
1,1952,29200,60500,4343,4,124,60,1,0
1,1953,35400,60500,4343,4,124,60,1,0
1,1954,28800,60500,4343,4,124,60,1,0
1,1955,25500,60500,4343,4,124,60,1,0
1,1956,40800,60500,4343,4,124,60,1,0
1,1957,43900,60500,4343,4,124,60,1,0
1,1958,36800,60500,4343,4,124,60,1,0
1,1959,32900,60500,4343,4,124,60,1,0
1,1960,33800,60500,4343,4,124,60,1,0
1,1961,39200,60500,4343,4,124,60,1,0
1,1962,33100,60500,4343,4,124,60,1,0
1,1963,35000,60500,4343,4,124,60,1,0
1,1964,26200,60500,4343,4,124,60,1,0
1,1965,42400,60500,4343,4,124,60,1,0
1,1966,37700,60500,4343,4,124,60,1,0
1,1967,61200,60500,4343,4,124,60,1,0
1,1968,40200,60500,4343,4,124,60,1,0
1,1969,40700,60500,4343,4,124,60,1,0
1,1970,40200,60500,4343,4,124,60,1,0
1,1971,41700,60500,4343,4,124,60,1,0
1,1972,36600,60500,4343,4,124,60,1,0
1,1973,27200,60500,4343,4,124,60,1,0
1,1974,33600,60500,4343,4,124,60,1,0
1,1975,42600,60500,4343,4,124,60,1,0
1,1976,27700,60500,4343,4,124,60,1,0
1,1977,39800,60500,4343,4,124,60,1,0
1,1978,42600,60500,4343,4,124,60,1,0
1,1979,27300,60500,4343,4,124,60,1,0
1,1980,42100,60500,4343,4,124,60,1,0
1,1981,245000,60500,4343,4,124,60,1,0
1,1982,35500,60500,4343,4,124,60,1,0
1,1983,45400,60500,4343,4,124,60,1,0
1,1984,37300,60500,4343,4,124,60,1,0
1,1985,24700,60500,4343,4,124,60,1,0
1,1986,40000,60500,4343,4,124,60,1,0
1,1987,29000,60500,4343,4,124,60,1,0
1,1988,27800,60500,4343,4,124,60,1,0
1,1989,38300,60500,4343,4,124,60,1,0
1,1990,40300,60500,4343,4,124,60,1,0
1,1991,77200,60500,4343,4,124,60,1,0
1,1992,34900,60500,4343,4,124,60,1,0
1,1993,33800,60500,4343,4,124,60,1,0
1,1994,25300,60500,4343,4,124,60,1,0
1,1995,36400,60500,4343,4,124,60,1,0
1,1996,40500,60500,4343,4,124,60,1,0
1,1997,36400,60500,4343,4,124,60,1,0
1,1998,44900,60500,4343,4,124,60,1,0
1,1999,29200,60500,4343,4,124,60,1,0
1,2000,54100,60500,4343,4,124,60,1,0
1,2001,29700,60500,4343,4,124,60,1,0
1,2002,38600,60500,4343,4,124,60,1,0
1,2003,41900,60500,4343,4,124,60,1,0
1,2004,36000,60500,4343,4,124,60,1,0
1,2005,40500,60500,4343,4,124,60,1,0
1,2006,40100,60500,4343,4,124,60,1,0
1,2007,34800,60500,4343,4,124,60,1,0
1,2008,48400,60500,4343,4,124,60,1,0
1,2009,34700,60500,4343,4,124,60,1,0
1,2010,44100,60500,4343,4,124,60,1,0
1,2011,34700,60500,4343,4,124,60,1,0
1,2012,35500,60500,4343,4,124,60,1,0
1,2013,72900,60500,4343,4,124,60,1,0
1,2014,47900,60500,4343,4,124,60,1,0
1,2015,30700,60500,4343,4,124,60,1,0
1,2016,37500,60500,4343,4,124,60,1,0
1,2017,34300,60500,4343,4,124,60,1,0
1,2018,30600,60500,4343,4,124,60,1,0
1,2019,39000,60500,4343,4,124,60,1,0
1,2020,38300,60500,4343,4,124,60,1,0
1,2021,37500,60500,4343,4,124,60,1,0
1,2022,45000,60500,4343,4,124,60,1,0
1,2023,37800,60500,4343,4,124,60,1,0
1,2024,27700,60500,4343,4,124,60,1,0
1,2025,28400,60500,4343,4,124,60,1,0
1,2026,26500,60500,4343,4,124,60,1,0
1,2027,32000,60500,4343,4,124,60,1,0
1,2028,39400,60500,4343,4,124,60,1,0
1,2029,39200,60500,4343,4,124,60,1,0
1,2030,36100,60500,4343,4,124,60,1,0
1,2031,36500,60500,4343,4,124,60,1,0
1,2032,34900,60500,4343,4,124,60,1,0
1,2033,36500,60500,4343,4,124,60,1,0
1,2034,40400,60500,4343,4,124,60,1,0
1,2035,38100,60500,4343,4,124,60,1,0
1,2036,27300,60500,4343,4,124,60,1,0
1,2037,37400,60500,4343,4,124,60,1,0
1,2038,40100,60500,4343,4,124,60,1,0
1,2039,38000,60500,4343,4,124,60,1,0
1,2040,58200,60500,4343,4,124,60,1,0
1,2041,28100,60500,4343,4,124,60,1,0
1,2042,69400,60500,4343,4,124,60,1,0
1,2043,37600,60500,4343,4,124,60,1,0
1,2044,46700,60500,4343,4,124,60,1,0
1,2045,45600,60500,4343,4,124,60,1,0
1,2046,74100,60500,4343,4,124,60,1,0
1,2047,26000,60500,4343,4,124,60,1,0
1,2048,67300,60500,4343,4,124,60,1,0
1,2049,30700,60500,4343,4,124,60,1,0
1,2050,31000,60500,4343,4,124,60,1,0
1,2051,35700,60500,4343,4,124,60,1,0
1,2052,68300,60500,4343,4,124,60,1,0
1,2053,26300,60500,4343,4,124,60,1,0
1,2054,36200,60500,4343,4,124,60,1,0
1,2055,27200,60500,4343,4,124,60,1,0
1,2056,30300,60500,4343,4,124,60,1,0
1,2057,42800,60500,4343,4,124,60,1,0
1,2058,57600,60500,4343,4,124,60,1,0
1,2059,37500,60500,4343,4,124,60,1,0
1,2060,66600,60500,4343,4,124,60,1,0
1,2061,48400,60500,4343,4,124,60,1,0
1,2062,48200,60500,4343,4,124,60,1,0
1,2063,31700,60500,4343,4,124,60,1,0
1,2064,42300,60500,4343,4,124,60,1,0
1,2065,35800,60500,4343,4,124,60,1,0
1,2066,70100,60500,4343,4,124,60,1,0
1,2067,27400,60500,4343,4,124,60,1,0
1,2068,33600,60500,4343,4,124,60,1,0
1,2069,36900,60500,4343,4,124,60,1,0
1,2070,39600,60500,4343,4,124,60,1,0
1,2071,35600,60500,4343,4,124,60,1,0
1,2072,30800,60500,4343,4,124,60,1,0
1,2073,36500,60500,4343,4,124,60,1,0
1,2074,69100,60500,4343,4,124,60,1,0
1,2075,43700,60500,4343,4,124,60,1,0
1,2076,35000,60500,4343,4,124,60,1,0
1,2077,24700,60500,4343,4,124,60,1,0
1,2078,36400,60500,4343,4,124,60,1,0
1,2079,45900,60500,4343,4,124,60,1,0
1,2080,41500,60500,4343,4,124,60,1,0
1,2081,38800,60500,4343,4,124,60,1,0
1,2082,40300,60500,4343,4,124,60,1,0
1,2083,40300,60500,4343,4,124,60,1,0
1,2084,53300,60500,4343,4,124,60,1,0
1,2085,22500,60500,4343,4,124,60,1,0
1,2086,52200,60500,4343,4,124,60,1,0
1,2087,33400,60500,4343,4,124,60,1,0
1,2088,37000,60500,4343,4,124,60,1,0
1,2089,37300,60500,4343,4,124,60,1,0
1,2090,38900,60500,4343,4,124,60,1,0
1,2091,23300,60500,4343,4,124,60,1,0
1,2092,50400,60500,4343,4,124,60,1,0
1,2093,32800,60500,4343,4,124,60,1,0
1,2094,41800,60500,4343,4,124,60,1,0
1,2095,32700,60500,4343,4,124,60,1,0
1,2096,33700,60500,4343,4,124,60,1,0
1,2097,35000,60500,4343,4,124,60,1,0
1,2098,27900,60500,4343,4,124,60,1,0
1,2099,28800,60500,4343,4,124,60,1,0
1,2100,33400,60500,4343,4,124,60,1,0
1,2101,26700,60500,4343,4,124,60,1,0
1,2102,156600,60500,4343,4,124,60,1,0
1,2103,36300,60500,4343,4,124,60,1,0
1,2104,77600,60500,4343,4,124,60,1,0
1,2105,32100,60500,4343,4,124,60,1,0
1,2106,42600,60500,4343,4,124,60,1,0
1,2107,37400,60500,4343,4,124,60,1,0
1,2108,39700,60500,4343,4,124,60,1,0
1,2109,39600,60500,4343,4,124,60,1,0
1,2110,43300,60500,4343,4,124,60,1,0
1,2111,43800,60500,4343,4,124,60,1,0
1,2112,35200,60500,4343,4,124,60,1,0
1,2113,32000,60500,4343,4,124,60,1,0
1,2114,43300,60500,4343,4,124,60,1,0
1,2115,37100,60500,4343,4,124,60,1,0
1,2116,34500,60500,4343,4,124,60,1,0
1,2117,31900,60500,4343,4,124,60,1,0
1,2118,27200,60500,4343,4,124,60,1,0
1,2119,23700,60500,4343,4,124,60,1,0
1,2120,33900,60500,4343,4,124,60,1,0
1,2121,35300,60500,4343,4,124,60,1,0
1,2122,40900,60500,4343,4,124,60,1,0
1,2123,33000,60500,4343,4,124,60,1,0
1,2124,36900,60500,4343,4,124,60,1,0
1,2125,46300,60500,4343,4,124,60,1,0
1,2126,66900,60500,4343,4,124,60,1,0
1,2127,37500,60500,4343,4,124,60,1,0
1,2128,78100,60500,4343,4,124,60,1,0
1,2129,37100,60500,4343,4,124,60,1,0
1,2130,39500,60500,4343,4,124,60,1,0
1,2131,31600,60500,4343,4,124,60,1,0
1,2132,40800,60500,4343,4,124,60,1,0
1,2133,40200,60500,4343,4,124,60,1,0
1,2134,29500,60500,4343,4,124,60,1,0
1,2135,26100,60500,4343,4,124,60,1,0
1,2136,27400,60500,4343,4,124,60,1,0
1,2137,23700,60500,4343,4,124,60,1,0
1,2138,29600,60500,4343,4,124,60,1,0
1,2139,38400,60500,4343,4,124,60,1,0
1,2140,22400,60500,4343,4,124,60,1,0
1,2141,49300,60500,4343,4,124,60,1,0
1,2142,71800,60500,4343,4,124,60,1,0
1,2143,25800,60500,4343,4,124,60,1,0
1,2144,52200,60500,4343,4,124,60,1,0
1,2145,43700,60500,4343,4,124,60,1,0
1,2146,35500,60500,4343,4,124,60,1,0
1,2147,41200,60500,4343,4,124,60,1,0
1,2148,73100,60500,4343,4,124,60,1,0
1,2149,41800,60500,4343,4,124,60,1,0
1,2150,49300,60500,4343,4,124,60,1,0
1,2151,34200,60500,4343,4,124,60,1,0
1,2152,40200,60500,4343,4,124,60,1,0
1,2153,26600,60500,4343,4,124,60,1,0
1,2154,61000,60500,4343,4,124,60,1,0
1,2155,35400,60500,4343,4,124,60,1,0
1,2156,51100,60500,4343,4,124,60,1,0
1,2157,26400,60500,4343,4,124,60,1,0
1,2158,54800,60500,4343,4,124,60,1,0
1,2159,30500,60500,4343,4,124,60,1,0
1,2160,52000,60500,4343,4,124,60,1,0
1,2161,35400,60500,4343,4,124,60,1,0
1,2162,43100,60500,4343,4,124,60,1,0
1,2163,39700,60500,4343,4,124,60,1,0
1,2164,67600,60500,4343,4,124,60,1,0
1,2165,41000,60500,4343,4,124,60,1,0
1,2166,80100,60500,4343,4,124,60,1,0
1,2167,32100,60500,4343,4,124,60,1,0
1,2168,36100,60500,4343,4,124,60,1,0
1,2169,36300,60500,4343,4,124,60,1,0
1,2170,32400,60500,4343,4,124,60,1,0
1,2171,25700,60500,4343,4,124,60,1,0
1,2172,56900,60500,4343,4,124,60,1,0
1,2173,42700,60500,4343,4,124,60,1,0
1,2174,29500,60500,4343,4,124,60,1,0
1,2175,33100,60500,4343,4,124,60,1,0
1,2176,65600,60500,4343,4,124,60,1,0
1,2177,20300,60500,4343,4,124,60,1,0
1,2178,56300,60500,4343,4,124,60,1,0
1,2179,33200,60500,4343,4,124,60,1,0
1,2180,22100,60500,4343,4,124,60,1,0
1,2181,36100,60500,4343,4,124,60,1,0
1,2182,41300,60500,4343,4,124,60,1,0
1,2183,28200,60500,4343,4,124,60,1,0
1,2184,41000,60500,4343,4,124,60,1,0
1,2185,39200,60500,4343,4,124,60,1,0
1,2186,30000,60500,4343,4,124,60,1,0
1,2187,30100,60500,4343,4,124,60,1,0
1,2188,78600,60500,4343,4,124,60,1,0
1,2189,42500,60500,4343,4,124,60,1,0
1,2190,41800,60500,4343,4,124,60,1,0
1,2191,34100,60500,4343,4,124,60,1,0
1,2192,71900,60500,4343,4,124,60,1,0
1,2193,33700,60500,4343,4,124,60,1,0
1,2194,80500,60500,4343,4,124,60,1,0
1,2195,32600,60500,4343,4,124,60,1,0
1,2196,46700,60500,4343,4,124,60,1,0
1,2197,24600,60500,4343,4,124,60,1,0
1,2198,33400,60500,4343,4,124,60,1,0
1,2199,30600,60500,4343,4,124,60,1,0
1,2200,67200,60500,4343,4,124,60,1,0
1,2201,28100,60500,4343,4,124,60,1,0
1,2202,41100,60500,4343,4,124,60,1,0
1,2203,27000,60500,4343,4,124,60,1,0
1,2204,79500,60500,4343,4,124,60,1,0
1,2205,44300,60500,4343,4,124,60,1,0
1,2206,30000,60500,4343,4,124,60,1,0
1,2207,31000,60500,4343,4,124,60,1,0
1,2208,29500,60500,4343,4,124,60,1,0
1,2209,24600,60500,4343,4,124,60,1,0
1,2210,19900,60500,4343,4,124,60,1,0
1,2211,41300,60500,4343,4,124,60,1,0
1,2212,76700,60500,4343,4,124,60,1,0
1,2213,39200,60500,4343,4,124,60,1,0
1,2214,39900,60500,4343,4,124,60,1,0
1,2215,36900,60500,4343,4,124,60,1,0
1,2216,36000,60500,4343,4,124,60,1,0
1,2217,34400,60500,4343,4,124,60,1,0
1,2218,32100,60500,4343,4,124,60,1,0
1,2219,28200,60500,4343,4,124,60,1,0
1,2220,50500,60500,4343,4,124,60,1,0
1,2221,50700,60500,4343,4,124,60,1,0
1,2222,27700,60500,4343,4,124,60,1,0
1,2223,31800,60500,4343,4,124,60,1,0
1,2224,42000,60500,4343,4,124,60,1,0
1,2225,34400,60500,4343,4,124,60,1,0
1,2226,69800,60500,4343,4,124,60,1,0
1,2227,25700,60500,4343,4,124,60,1,0
1,2228,42200,60500,4343,4,124,60,1,0
1,2229,26100,60500,4343,4,124,60,1,0
1,2230,50600,60500,4343,4,124,60,1,0
1,2231,25100,60500,4343,4,124,60,1,0
1,2232,39300,60500,4343,4,124,60,1,0
1,2233,33200,60500,4343,4,124,60,1,0
1,2234,42500,60500,4343,4,124,60,1,0
1,2235,30300,60500,4343,4,124,60,1,0
1,2236,35500,60500,4343,4,124,60,1,0
1,2237,25100,60500,4343,4,124,60,1,0
1,2238,29300,60500,4343,4,124,60,1,0
1,2239,34800,60500,4343,4,124,60,1,0
1,2240,66200,60500,4343,4,124,60,1,0
1,2241,40100,60500,4343,4,124,60,1,0
1,2242,79900,60500,4343,4,124,60,1,0
1,2243,36200,60500,4343,4,124,60,1,0
1,2244,41300,60500,4343,4,124,60,1,0
1,2245,26600,60500,4343,4,124,60,1,0
1,2246,60400,60500,4343,4,124,60,1,0
1,2247,39500,60500,4343,4,124,60,1,0
1,2248,46200,60500,4343,4,124,60,1,0
1,2249,38800,60500,4343,4,124,60,1,0
1,2250,46900,60500,4343,4,124,60,1,0
1,2251,42100,60500,4343,4,124,60,1,0
1,2252,39800,60500,4343,4,124,60,1,0
1,2253,41400,60500,4343,4,124,60,1,0
1,2254,50300,60500,4343,4,124,60,1,0
1,2255,37900,60500,4343,4,124,60,1,0
1,2256,81000,60500,4343,4,124,60,1,0
1,2257,50300,60500,4343,4,124,60,1,0
1,2258,44400,60500,4343,4,124,60,1,0
1,2259,35100,60500,4343,4,124,60,1,0
1,2260,59900,60500,4343,4,124,60,1,0
1,2261,38200,60500,4343,4,124,60,1,0
1,2262,39300,60500,4343,4,124,60,1,0
1,2263,39500,60500,4343,4,124,60,1,0
1,2264,46000,60500,4343,4,124,60,1,0
1,2265,42000,60500,4343,4,124,60,1,0
1,2266,42000,60500,4343,4,124,60,1,0
1,2267,64000,60500,4343,4,124,60,1,0
1,2268,39200,60500,4343,4,124,60,1,0
1,2269,32300,60500,4343,4,124,60,1,0
1,2270,39200,60500,4343,4,124,60,1,0
1,2271,24100,60500,4343,4,124,60,1,0
1,2272,51200,60500,4343,4,124,60,1,0
1,2273,32600,60500,4343,4,124,60,1,0
1,2274,43500,60500,4343,4,124,60,1,0
1,2275,30800,60500,4343,4,124,60,1,0
1,2276,29100,60500,4343,4,124,60,1,0
1,2277,36600,60500,4343,4,124,60,1,0
1,2278,36400,60500,4343,4,124,60,1,0
1,2279,34300,60500,4343,4,124,60,1,0
1,2280,53100,60500,4343,4,124,60,1,0
1,2281,45700,60500,4343,4,124,60,1,0
1,2282,39600,60500,4343,4,124,60,1,0
1,2283,31400,60500,4343,4,124,60,1,0
1,2284,39700,60500,4343,4,124,60,1,0
1,2285,34200,60500,4343,4,124,60,1,0
1,2286,60400,60500,4343,4,124,60,1,0
1,2287,44100,60500,4343,4,124,60,1,0
1,2288,51000,60500,4343,4,124,60,1,0
1,2289,27900,60500,4343,4,124,60,1,0
1,2290,36500,60500,4343,4,124,60,1,0
1,2291,29100,60500,4343,4,124,60,1,0
1,2292,29800,60500,4343,4,124,60,1,0
1,2293,37200,60500,4343,4,124,60,1,0
1,2294,42900,60500,4343,4,124,60,1,0
1,2295,37300,60500,4343,4,124,60,1,0
1,2296,41500,60500,4343,4,124,60,1,0
1,2297,29600,60500,4343,4,124,60,1,0
1,2298,41100,60500,4343,4,124,60,1,0
1,2299,25900,60500,4343,4,124,60,1,0
1,2300,81200,60500,4343,4,124,60,1,0
1,2301,26800,60500,4343,4,124,60,1,0
1,2302,42400,60500,4343,4,124,60,1,0
1,2303,38300,60500,4343,4,124,60,1,0
1,2304,37000,60500,4343,4,124,60,1,0
1,2305,26500,60500,4343,4,124,60,1,0
1,2306,30000,60500,4343,4,124,60,1,0
1,2307,26800,60500,4343,4,124,60,1,0
1,2308,38700,60500,4343,4,124,60,1,0
1,2309,32400,60500,4343,4,124,60,1,0
1,2310,70500,60500,4343,4,124,60,1,0
1,2311,28400,60500,4343,4,124,60,1,0
1,2312,22900,60500,4343,4,124,60,1,0
1,2313,33800,60500,4343,4,124,60,1,0
1,2314,47500,60500,4343,4,124,60,1,0
1,2315,26800,60500,4343,4,124,60,1,0
1,2316,65800,60500,4343,4,124,60,1,0
1,2317,41100,60500,4343,4,124,60,1,0
1,2318,65400,60500,4343,4,124,60,1,0
1,2319,35500,60500,4343,4,124,60,1,0
1,2320,23400,60500,4343,4,124,60,1,0
1,2321,20800,60500,4343,4,124,60,1,0
1,2322,30200,60500,4343,4,124,60,1,0
1,2323,28700,60500,4343,4,124,60,1,0
1,2324,45700,60500,4343,4,124,60,1,0
1,2325,35800,60500,4343,4,124,60,1,0
1,2326,51900,60500,4343,4,124,60,1,0
1,2327,35300,60500,4343,4,124,60,1,0
1,2328,39800,60500,4343,4,124,60,1,0
1,2329,26600,60500,4343,4,124,60,1,0
1,2330,55400,60500,4343,4,124,60,1,0
1,2331,26700,60500,4343,4,124,60,1,0
1,2332,37800,60500,4343,4,124,60,1,0
1,2333,29800,60500,4343,4,124,60,1,0
1,2334,40600,60500,4343,4,124,60,1,0
1,2335,25900,60500,4343,4,124,60,1,0
1,2336,52900,60500,4343,4,124,60,1,0
1,2337,40600,60500,4343,4,124,60,1,0
1,2338,22800,60500,4343,4,124,60,1,0
1,2339,32100,60500,4343,4,124,60,1,0
1,2340,36200,60500,4343,4,124,60,1,0
1,2341,23400,60500,4343,4,124,60,1,0
1,2342,31100,60500,4343,4,124,60,1,0
1,2343,29800,60500,4343,4,124,60,1,0
1,2344,33800,60500,4343,4,124,60,1,0
1,2345,33100,60500,4343,4,124,60,1,0
1,2346,31400,60500,4343,4,124,60,1,0
1,2347,35000,60500,4343,4,124,60,1,0
1,2348,42500,60500,4343,4,124,60,1,0
1,2349,30400,60500,4343,4,124,60,1,0
1,2350,51300,60500,4343,4,124,60,1,0
1,2351,37300,60500,4343,4,124,60,1,0
1,2352,28300,60500,4343,4,124,60,1,0
1,2353,24700,60500,4343,4,124,60,1,0
1,2354,24600,60500,4343,4,124,60,1,0
1,2355,34300,60500,4343,4,124,60,1,0
1,2356,39700,60500,4343,4,124,60,1,0
1,2357,37800,60500,4343,4,124,60,1,0
1,2358,37400,60500,4343,4,124,60,1,0
1,2359,43900,60500,4343,4,124,60,1,0
1,2360,24700,60500,4343,4,124,60,1,0
1,2361,35600,60500,4343,4,124,60,1,0
1,2362,81100,60500,4343,4,124,60,1,0
1,2363,31700,60500,4343,4,124,60,1,0
1,2364,36100,60500,4343,4,124,60,1,0
1,2365,31600,60500,4343,4,124,60,1,0
1,2366,43600,60500,4343,4,124,60,1,0
1,2367,31300,60500,4343,4,124,60,1,0
1,2368,38200,60500,4343,4,124,60,1,0
1,2369,43600,60500,4343,4,124,60,1,0
1,2370,30900,60500,4343,4,124,60,1,0
1,2371,38600,60500,4343,4,124,60,1,0
1,2372,31800,60500,4343,4,124,60,1,0
1,2373,28900,60500,4343,4,124,60,1,0
1,2374,24300,60500,4343,4,124,60,1,0
1,2375,32500,60500,4343,4,124,60,1,0
1,2376,63900,60500,4343,4,124,60,1,0
1,2377,30000,60500,4343,4,124,60,1,0
1,2378,30800,60500,4343,4,124,60,1,0
1,2379,36000,60500,4343,4,124,60,1,0
1,2380,33800,60500,4343,4,124,60,1,0
1,2381,32300,60500,4343,4,124,60,1,0
1,2382,32200,60500,4343,4,124,60,1,0
1,2383,25700,60500,4343,4,124,60,1,0
1,2384,36000,60500,4343,4,124,60,1,0
1,2385,24500,60500,4343,4,124,60,1,0
1,2386,47000,60500,4343,4,124,60,1,0
1,2387,53300,60500,4343,4,124,60,1,0
1,2388,75400,60500,4343,4,124,60,1,0
1,2389,34600,60500,4343,4,124,60,1,0
1,2390,50400,60500,4343,4,124,60,1,0
1,2391,24700,60500,4343,4,124,60,1,0
1,2392,45800,60500,4343,4,124,60,1,0
1,2393,31400,60500,4343,4,124,60,1,0
1,2394,48500,60500,4343,4,124,60,1,0
1,2395,25000,60500,4343,4,124,60,1,0
1,2396,45000,60500,4343,4,124,60,1,0
1,2397,27700,60500,4343,4,124,60,1,0
1,2398,46500,60500,4343,4,124,60,1,0
1,2399,34700,60500,4343,4,124,60,1,0
1,2400,61300,60500,4343,4,124,60,1,0
1,2401,26400,60500,4343,4,124,60,1,0
1,2402,35200,60500,4343,4,124,60,1,0
1,2403,26800,60500,4343,4,124,60,1,0
1,2404,36500,60500,4343,4,124,60,1,0
1,2405,36100,60500,4343,4,124,60,1,0
1,2406,29500,60500,4343,4,124,60,1,0
1,2407,39400,60500,4343,4,124,60,1,0
1,2408,46600,60500,4343,4,124,60,1,0
1,2409,39000,60500,4343,4,124,60,1,0
1,2410,40800,60500,4343,4,124,60,1,0
1,2411,28200,60500,4343,4,124,60,1,0
1,2412,30600,60500,4343,4,124,60,1,0
1,2413,37100,60500,4343,4,124,60,1,0
1,2414,36100,60500,4343,4,124,60,1,0
1,2415,37200,60500,4343,4,124,60,1,0
1,2416,28600,60500,4343,4,124,60,1,0
1,2417,24700,60500,4343,4,124,60,1,0
1,2418,37500,60500,4343,4,124,60,1,0
1,2419,25200,60500,4343,4,124,60,1,0
1,2420,46800,60500,4343,4,124,60,1,0
1,2421,32800,60500,4343,4,124,60,1,0
1,2422,27300,60500,4343,4,124,60,1,0
1,2423,27300,60500,4343,4,124,60,1,0
1,2424,28200,60500,4343,4,124,60,1,0
1,2425,32600,60500,4343,4,124,60,1,0
1,2426,42200,60500,4343,4,124,60,1,0
1,2427,27700,60500,4343,4,124,60,1,0
1,2428,72500,60500,4343,4,124,60,1,0
1,2429,32000,60500,4343,4,124,60,1,0
1,2430,35400,60500,4343,4,124,60,1,0
1,2431,37600,60500,4343,4,124,60,1,0
1,2432,74000,60500,4343,4,124,60,1,0
1,2433,39500,60500,4343,4,124,60,1,0
1,2434,26900,60500,4343,4,124,60,1,0
1,2435,96700,60500,4343,4,124,60,1,0
1,2436,37200,60500,4343,4,124,60,1,0
1,2437,33400,60500,4343,4,124,60,1,0
1,2438,28400,60500,4343,4,124,60,1,0
1,2439,37100,60500,4343,4,124,60,1,0
1,2440,47200,60500,4343,4,124,60,1,0
1,2441,23100,60500,4343,4,124,60,1,0
1,2442,34000,60500,4343,4,124,60,1,0
1,2443,36500,60500,4343,4,124,60,1,0
1,2444,34100,60500,4343,4,124,60,1,0
1,2445,39200,60500,4343,4,124,60,1,0
1,2446,32700,60500,4343,4,124,60,1,0
1,2447,39300,60500,4343,4,124,60,1,0
1,2448,27400,60500,4343,4,124,60,1,0
1,2449,42100,60500,4343,4,124,60,1,0
1,2450,29200,60500,4343,4,124,60,1,0
1,2451,46200,60500,4343,4,124,60,1,0
1,2452,64300,60500,4343,4,124,60,1,0
1,2453,34700,60500,4343,4,124,60,1,0
1,2454,42600,60500,4343,4,124,60,1,0
1,2455,24500,60500,4343,4,124,60,1,0
1,2456,42100,60500,4343,4,124,60,1,0
1,2457,27400,60500,4343,4,124,60,1,0
1,2458,35800,60500,4343,4,124,60,1,0
1,2459,24500,60500,4343,4,124,60,1,0
1,2460,40500,60500,4343,4,124,60,1,0
1,2461,35400,60500,4343,4,124,60,1,0
1,2462,44200,60500,4343,4,124,60,1,0
1,2463,39700,60500,4343,4,124,60,1,0
1,2464,45500,60500,4343,4,124,60,1,0
1,2465,38800,60500,4343,4,124,60,1,0
1,2466,39200,60500,4343,4,124,60,1,0
1,2467,25000,60500,4343,4,124,60,1,0
1,2468,46100,60500,4343,4,124,60,1,0
1,2469,40200,60500,4343,4,124,60,1,0
1,2470,37000,60500,4343,4,124,60,1,0
1,2471,33400,60500,4343,4,124,60,1,0
1,2472,77300,60500,4343,4,124,60,1,0
1,2473,34900,60500,4343,4,124,60,1,0
1,2474,39000,60500,4343,4,124,60,1,0
1,2475,44600,60500,4343,4,124,60,1,0
1,2476,29000,60500,4343,4,124,60,1,0
1,2477,27600,60500,4343,4,124,60,1,0
1,2478,39800,60500,4343,4,124,60,1,0
1,2479,33100,60500,4343,4,124,60,1,0
1,2480,33600,60500,4343,4,124,60,1,0
1,2481,25000,60500,4343,4,124,60,1,0
1,2482,54800,60500,4343,4,124,60,1,0
1,2483,27800,60500,4343,4,124,60,1,0
1,2484,84300,60500,4343,4,124,60,1,0
1,2485,26700,60500,4343,4,124,60,1,0
1,2486,47200,60500,4343,4,124,60,1,0
1,2487,25300,60500,4343,4,124,60,1,0
1,2488,29800,60500,4343,4,124,60,1,0
1,2489,23700,60500,4343,4,124,60,1,0
1,2490,32100,60500,4343,4,124,60,1,0
1,2491,23600,60500,4343,4,124,60,1,0
1,2492,66900,60500,4343,4,124,60,1,0
1,2493,35400,60500,4343,4,124,60,1,0
1,2494,111900,60500,4343,4,124,60,1,0
1,2495,33100,60500,4343,4,124,60,1,0
1,2496,27600,60500,4343,4,124,60,1,0
1,2497,34600,60500,4343,4,124,60,1,0
1,2498,73000,60500,4343,4,124,60,1,0
1,2499,25800,60500,4343,4,124,60,1,0
1,2500,32400,60500,4343,4,124,60,1,0
1,2501,36000,60500,4343,4,124,60,1,0
1,2502,32000,60500,4343,4,124,60,1,0
1,2503,36800,60500,4343,4,124,60,1,0
1,2504,36600,60500,4343,4,124,60,1,0
1,2505,21000,60500,4343,4,124,60,1,0
1,2506,52800,60500,4343,4,124,60,1,0
1,2507,26900,60500,4343,4,124,60,1,0
1,2508,45800,60500,4343,4,124,60,1,0
1,2509,35000,60500,4343,4,124,60,1,0
1,2510,31900,60500,4343,4,124,60,1,0
1,2511,27000,60500,4343,4,124,60,1,0
1,2512,47600,60500,4343,4,124,60,1,0
1,2513,26800,60500,4343,4,124,60,1,0
1,2514,44900,60500,4343,4,124,60,1,0
1,2515,39700,60500,4343,4,124,60,1,0
1,2516,30200,60500,4343,4,124,60,1,0
1,2517,39100,60500,4343,4,124,60,1,0
1,2518,49800,60500,4343,4,124,60,1,0
1,2519,46600,60500,4343,4,124,60,1,0
1,2520,75300,60500,4343,4,124,60,1,0
1,2521,33100,60500,4343,4,124,60,1,0
1,2522,31700,60500,4343,4,124,60,1,0
1,2523,38600,60500,4343,4,124,60,1,0
1,2524,66300,60500,4343,4,124,60,1,0
1,2525,33800,60500,4343,4,124,60,1,0
1,2526,54600,60500,4343,4,124,60,1,0
1,2527,39400,60500,4343,4,124,60,1,0
1,2528,59000,60500,4343,4,124,60,1,0
1,2529,34100,60500,4343,4,124,60,1,0
1,2530,52500,60500,4343,4,124,60,1,0
1,2531,45600,60500,4343,4,124,60,1,0
1,2532,36200,60500,4343,4,124,60,1,0
1,2533,41200,60500,4343,4,124,60,1,0
1,2534,37200,60500,4343,4,124,60,1,0
1,2535,38900,60500,4343,4,124,60,1,0
1,2536,35500,60500,4343,4,124,60,1,0
1,2537,33300,60500,4343,4,124,60,1,0
1,2538,56000,60500,4343,4,124,60,1,0
1,2539,38700,60500,4343,4,124,60,1,0
1,2540,38600,60500,4343,4,124,60,1,0
1,2541,28400,60500,4343,4,124,60,1,0
1,2542,36900,60500,4343,4,124,60,1,0
1,2543,33100,60500,4343,4,124,60,1,0
1,2544,41200,60500,4343,4,124,60,1,0
1,2545,32900,60500,4343,4,124,60,1,0
1,2546,34700,60500,4343,4,124,60,1,0
1,2547,32100,60500,4343,4,124,60,1,0
1,2548,38700,60500,4343,4,124,60,1,0
1,2549,43900,60500,4343,4,124,60,1,0
1,2550,33900,60500,4343,4,124,60,1,0
1,2551,45200,60500,4343,4,124,60,1,0
1,2552,23600,60500,4343,4,124,60,1,0
1,2553,28300,60500,4343,4,124,60,1,0
1,2554,39300,60500,4343,4,124,60,1,0
1,2555,25500,60500,4343,4,124,60,1,0
1,2556,27100,60500,4343,4,124,60,1,0
1,2557,32000,60500,4343,4,124,60,1,0
1,2558,53000,60500,4343,4,124,60,1,0
1,2559,35400,60500,4343,4,124,60,1,0
1,2560,33400,60500,4343,4,124,60,1,0
1,2561,34400,60500,4343,4,124,60,1,0
1,2562,38500,60500,4343,4,124,60,1,0
1,2563,30500,60500,4343,4,124,60,1,0
1,2564,29600,60500,4343,4,124,60,1,0
1,2565,43400,60500,4343,4,124,60,1,0
1,2566,37700,60500,4343,4,124,60,1,0
1,2567,26400,60500,4343,4,124,60,1,0
1,2568,27500,60500,4343,4,124,60,1,0
1,2569,37100,60500,4343,4,124,60,1,0
1,2570,60900,60500,4343,4,124,60,1,0
1,2571,33200,60500,4343,4,124,60,1,0
1,2572,36800,60500,4343,4,124,60,1,0
1,2573,28900,60500,4343,4,124,60,1,0
1,2574,41800,60500,4343,4,124,60,1,0
1,2575,31000,60500,4343,4,124,60,1,0
1,2576,56100,60500,4343,4,124,60,1,0
1,2577,29400,60500,4343,4,124,60,1,0
1,2578,45400,60500,4343,4,124,60,1,0
1,2579,42800,60500,4343,4,124,60,1,0
1,2580,33200,60500,4343,4,124,60,1,0
1,2581,31900,60500,4343,4,124,60,1,0
1,2582,27700,60500,4343,4,124,60,1,0
1,2583,34700,60500,4343,4,124,60,1,0
1,2584,38300,60500,4343,4,124,60,1,0
1,2585,26900,60500,4343,4,124,60,1,0
1,2586,25700,60500,4343,4,124,60,1,0
1,2587,34500,60500,4343,4,124,60,1,0
1,2588,70600,60500,4343,4,124,60,1,0
1,2589,33500,60500,4343,4,124,60,1,0
1,2590,37900,60500,4343,4,124,60,1,0
1,2591,31100,60500,4343,4,124,60,1,0
1,2592,28400,60500,4343,4,124,60,1,0
1,2593,36000,60500,4343,4,124,60,1,0
1,2594,35600,60500,4343,4,124,60,1,0
1,2595,28800,60500,4343,4,124,60,1,0
1,2596,30000,60500,4343,4,124,60,1,0
1,2597,33900,60500,4343,4,124,60,1,0
1,2598,37400,60500,4343,4,124,60,1,0
1,2599,33900,60500,4343,4,124,60,1,0
1,2600,63800,60500,4343,4,124,60,1,0
1,2601,33900,60500,4343,4,124,60,1,0
1,2602,37500,60500,4343,4,124,60,1,0
1,2603,32300,60500,4343,4,124,60,1,0
1,2604,24700,60500,4343,4,124,60,1,0
1,2605,27700,60500,4343,4,124,60,1,0
1,2606,56400,60500,4343,4,124,60,1,0
1,2607,39200,60500,4343,4,124,60,1,0
1,2608,26300,60500,4343,4,124,60,1,0
1,2609,30900,60500,4343,4,124,60,1,0
1,2610,28300,60500,4343,4,124,60,1,0
1,2611,37300,60500,4343,4,124,60,1,0
1,2612,35000,60500,4343,4,124,60,1,0
1,2613,28000,60500,4343,4,124,60,1,0
1,2614,32800,60500,4343,4,124,60,1,0
1,2615,34500,60500,4343,4,124,60,1,0
1,2616,29300,60500,4343,4,124,60,1,0
1,2617,36200,60500,4343,4,124,60,1,0
1,2618,29600,60500,4343,4,124,60,1,0
1,2619,24800,60500,4343,4,124,60,1,0
1,2620,33200,60500,4343,4,124,60,1,0
1,2621,32200,60500,4343,4,124,60,1,0
1,2622,29900,60500,4343,4,124,60,1,0
1,2623,31300,60500,4343,4,124,60,1,0
1,2624,47000,60500,4343,4,124,60,1,0
1,2625,34300,60500,4343,4,124,60,1,0
1,2626,26200,60500,4343,4,124,60,1,0
1,2627,31900,60500,4343,4,124,60,1,0
1,2628,50800,60500,4343,4,124,60,1,0
1,2629,38700,60500,4343,4,124,60,1,0
1,2630,31300,60500,4343,4,124,60,1,0
1,2631,28900,60500,4343,4,124,60,1,0
1,2632,34300,60500,4343,4,124,60,1,0
1,2633,34400,60500,4343,4,124,60,1,0
1,2634,60500,60500,4343,4,124,60,1,0
1,2635,23000,60500,4343,4,124,60,1,0
1,2636,30000,60500,4343,4,124,60,1,0
1,2637,44700,60500,4343,4,124,60,1,0
1,2638,27900,60500,4343,4,124,60,1,0
1,2639,25200,60500,4343,4,124,60,1,0
1,2640,37500,60500,4343,4,124,60,1,0
1,2641,39400,60500,4343,4,124,60,1,0
1,2642,40400,60500,4343,4,124,60,1,0
1,2643,63900,60500,4343,4,124,60,1,0
1,2644,24000,60500,4343,4,124,60,1,0
1,2645,34300,60500,4343,4,124,60,1,0
1,2646,63600,60500,4343,4,124,60,1,0
1,2647,32400,60500,4343,4,124,60,1,0
1,2648,40900,60500,4343,4,124,60,1,0
1,2649,37100,60500,4343,4,124,60,1,0
1,2650,28800,60500,4343,4,124,60,1,0
1,2651,35700,60500,4343,4,124,60,1,0
1,2652,133800,60500,4343,4,124,60,1,0
1,2653,41800,60500,4343,4,124,60,1,0
1,2654,45500,60500,4343,4,124,60,1,0
1,2655,33500,60500,4343,4,124,60,1,0
1,2656,42600,60500,4343,4,124,60,1,0
1,2657,26600,60500,4343,4,124,60,1,0
1,2658,56400,60500,4343,4,124,60,1,0
1,2659,37700,60500,4343,4,124,60,1,0
1,2660,38400,60500,4343,4,124,60,1,0
1,2661,33900,60500,4343,4,124,60,1,0
1,2662,36200,60500,4343,4,124,60,1,0
1,2663,39700,60500,4343,4,124,60,1,0
1,2664,54300,60500,4343,4,124,60,1,0
1,2665,37200,60500,4343,4,124,60,1,0
1,2666,33800,60500,4343,4,124,60,1,0
1,2667,38200,60500,4343,4,124,60,1,0
1,2668,44700,60500,4343,4,124,60,1,0
1,2669,29700,60500,4343,4,124,60,1,0
1,2670,65700,60500,4343,4,124,60,1,0
1,2671,38800,60500,4343,4,124,60,1,0
1,2672,35600,60500,4343,4,124,60,1,0
1,2673,28600,60500,4343,4,124,60,1,0
1,2674,32200,60500,4343,4,124,60,1,0
1,2675,39300,60500,4343,4,124,60,1,0
1,2676,40400,60500,4343,4,124,60,1,0
1,2677,33500,60500,4343,4,124,60,1,0
1,2678,40800,60500,4343,4,124,60,1,0
1,2679,28500,60500,4343,4,124,60,1,0
1,2680,47200,60500,4343,4,124,60,1,0
1,2681,29100,60500,4343,4,124,60,1,0
1,2682,110500,60500,4343,4,124,60,1,0
1,2683,23000,60500,4343,4,124,60,1,0
1,2684,37300,60500,4343,4,124,60,1,0
1,2685,40700,60500,4343,4,124,60,1,0
1,2686,32400,60500,4343,4,124,60,1,0
1,2687,36300,60500,4343,4,124,60,1,0
1,2688,42500,60500,4343,4,124,60,1,0
1,2689,25800,60500,4343,4,124,60,1,0
1,2690,36000,60500,4343,4,124,60,1,0
1,2691,37100,60500,4343,4,124,60,1,0
1,2692,27000,60500,4343,4,124,60,1,0
1,2693,26500,60500,4343,4,124,60,1,0
1,2694,32400,60500,4343,4,124,60,1,0
1,2695,28900,60500,4343,4,124,60,1,0
1,2696,45100,60500,4343,4,124,60,1,0
1,2697,23800,60500,4343,4,124,60,1,0
1,2698,37600,60500,4343,4,124,60,1,0
1,2699,27100,60500,4343,4,124,60,1,0
1,2700,35300,60500,4343,4,124,60,1,0
1,2701,36100,60500,4343,4,124,60,1,0
1,2702,36500,60500,4343,4,124,60,1,0
1,2703,31800,60500,4343,4,124,60,1,0
1,2704,37500,60500,4343,4,124,60,1,0
1,2705,34600,60500,4343,4,124,60,1,0
1,2706,46300,60500,4343,4,124,60,1,0
1,2707,41300,60500,4343,4,124,60,1,0
1,2708,57100,60500,4343,4,124,60,1,0
1,2709,26300,60500,4343,4,124,60,1,0
1,2710,37400,60500,4343,4,124,60,1,0
1,2711,38400,60500,4343,4,124,60,1,0
1,2712,46600,60500,4343,4,124,60,1,0
1,2713,43400,60500,4343,4,124,60,1,0
1,2714,30900,60500,4343,4,124,60,1,0
1,2715,34300,60500,4343,4,124,60,1,0
1,2716,31400,60500,4343,4,124,60,1,0
1,2717,29600,60500,4343,4,124,60,1,0
1,2718,26400,60500,4343,4,124,60,1,0
1,2719,36200,60500,4343,4,124,60,1,0
1,2720,71600,60500,4343,4,124,60,1,0
1,2721,51900,60500,4343,4,124,60,1,0
1,2722,38800,60500,4343,4,124,60,1,0
1,2723,31900,60500,4343,4,124,60,1,0
1,2724,26000,60500,4343,4,124,60,1,0
1,2725,18100,60500,4343,4,124,60,1,0
1,2726,39200,60500,4343,4,124,60,1,0
1,2727,31900,60500,4343,4,124,60,1,0
1,2728,48200,60500,4343,4,124,60,1,0
1,2729,19900,60500,4343,4,124,60,1,0
1,2730,34600,60500,4343,4,124,60,1,0
1,2731,42200,60500,4343,4,124,60,1,0
1,2732,45400,60500,4343,4,124,60,1,0
1,2733,39300,60500,4343,4,124,60,1,0
1,2734,46800,60500,4343,4,124,60,1,0
1,2735,42400,60500,4343,4,124,60,1,0
1,2736,34300,60500,4343,4,124,60,1,0
1,2737,34000,60500,4343,4,124,60,1,0
1,2738,62400,60500,4343,4,124,60,1,0
1,2739,27000,60500,4343,4,124,60,1,0
1,2740,40900,60500,4343,4,124,60,1,0
1,2741,26000,60500,4343,4,124,60,1,0
1,2742,32700,60500,4343,4,124,60,1,0
1,2743,43400,60500,4343,4,124,60,1,0
1,2744,39500,60500,4343,4,124,60,1,0
1,2745,35800,60500,4343,4,124,60,1,0
1,2746,33900,60500,4343,4,124,60,1,0
1,2747,39000,60500,4343,4,124,60,1,0
1,2748,37200,60500,4343,4,124,60,1,0
1,2749,39900,60500,4343,4,124,60,1,0
1,2750,34400,60500,4343,4,124,60,1,0
1,2751,32900,60500,4343,4,124,60,1,0
1,2752,35800,60500,4343,4,124,60,1,0
1,2753,38900,60500,4343,4,124,60,1,0
1,2754,49800,60500,4343,4,124,60,1,0
1,2755,34800,60500,4343,4,124,60,1,0
1,2756,33500,60500,4343,4,124,60,1,0
1,2757,38400,60500,4343,4,124,60,1,0
1,2758,42900,60500,4343,4,124,60,1,0
1,2759,29800,60500,4343,4,124,60,1,0
1,2760,43900,60500,4343,4,124,60,1,0
1,2761,29300,60500,4343,4,124,60,1,0
1,2762,36000,60500,4343,4,124,60,1,0
1,2763,38800,60500,4343,4,124,60,1,0
1,2764,37300,60500,4343,4,124,60,1,0
1,2765,30300,60500,4343,4,124,60,1,0
1,2766,58400,60500,4343,4,124,60,1,0
1,2767,34200,60500,4343,4,124,60,1,0
1,2768,29400,60500,4343,4,124,60,1,0
1,2769,30800,60500,4343,4,124,60,1,0
1,2770,44600,60500,4343,4,124,60,1,0
1,2771,32200,60500,4343,4,124,60,1,0
1,2772,46200,60500,4343,4,124,60,1,0
1,2773,19100,60500,4343,4,124,60,1,0
1,2774,31700,60500,4343,4,124,60,1,0
1,2775,31600,60500,4343,4,124,60,1,0
1,2776,38300,60500,4343,4,124,60,1,0
1,2777,31900,60500,4343,4,124,60,1,0
1,2778,60700,60500,4343,4,124,60,1,0
1,2779,36800,60500,4343,4,124,60,1,0
1,2780,37000,60500,4343,4,124,60,1,0
1,2781,35800,60500,4343,4,124,60,1,0
1,2782,43600,60500,4343,4,124,60,1,0
1,2783,40000,60500,4343,4,124,60,1,0
1,2784,34800,60500,4343,4,124,60,1,0
1,2785,28400,60500,4343,4,124,60,1,0
1,2786,50200,60500,4343,4,124,60,1,0
1,2787,27100,60500,4343,4,124,60,1,0
1,2788,41300,60500,4343,4,124,60,1,0
1,2789,128400,60500,4343,4,124,60,1,0
1,2790,28600,60500,4343,4,124,60,1,0
1,2791,37400,60500,4343,4,124,60,1,0
1,2792,44000,60500,4343,4,124,60,1,0
1,2793,52700,60500,4343,4,124,60,1,0
1,2794,125700,60500,4343,4,124,60,1,0
1,2795,39600,60500,4343,4,124,60,1,0
1,2796,34300,60500,4343,4,124,60,1,0
1,2797,39300,60500,4343,4,124,60,1,0
1,2798,42600,60500,4343,4,124,60,1,0
1,2799,47400,60500,4343,4,124,60,1,0
1,2800,86100,60500,4343,4,124,60,1,0
1,2801,35800,60500,4343,4,124,60,1,0
1,2802,39000,60500,4343,4,124,60,1,0
1,2803,30700,60500,4343,4,124,60,1,0
1,2804,44000,60500,4343,4,124,60,1,0
1,2805,27800,60500,4343,4,124,60,1,0
1,2806,35600,60500,4343,4,124,60,1,0
1,2807,34700,60500,4343,4,124,60,1,0
1,2808,41400,60500,4343,4,124,60,1,0
1,2809,27900,60500,4343,4,124,60,1,0
1,2810,30500,60500,4343,4,124,60,1,0
1,2811,26700,60500,4343,4,124,60,1,0
1,2812,35900,60500,4343,4,124,60,1,0
1,2813,28300,60500,4343,4,124,60,1,0
1,2814,48600,60500,4343,4,124,60,1,0
1,2815,28600,60500,4343,4,124,60,1,0
1,2816,29400,60500,4343,4,124,60,1,0
1,2817,34100,60500,4343,4,124,60,1,0
1,2818,29400,60500,4343,4,124,60,1,0
1,2819,39500,60500,4343,4,124,60,1,0
1,2820,41500,60500,4343,4,124,60,1,0
1,2821,29000,60500,4343,4,124,60,1,0
1,2822,27600,60500,4343,4,124,60,1,0
1,2823,41500,60500,4343,4,124,60,1,0
1,2824,35200,60500,4343,4,124,60,1,0
1,2825,27100,60500,4343,4,124,60,1,0
1,2826,44100,60500,4343,4,124,60,1,0
1,2827,30600,60500,4343,4,124,60,1,0
1,2828,48900,60500,4343,4,124,60,1,0
1,2829,27100,60500,4343,4,124,60,1,0
1,2830,37700,60500,4343,4,124,60,1,0
1,2831,33600,60500,4343,4,124,60,1,0
1,2832,37400,60500,4343,4,124,60,1,0
1,2833,44800,60500,4343,4,124,60,1,0
1,2834,30400,60500,4343,4,124,60,1,0
1,2835,25900,60500,4343,4,124,60,1,0
1,2836,32800,60500,4343,4,124,60,1,0
1,2837,29300,60500,4343,4,124,60,1,0
1,2838,43400,60500,4343,4,124,60,1,0
1,2839,33900,60500,4343,4,124,60,1,0
1,2840,47700,60500,4343,4,124,60,1,0
1,2841,36100,60500,4343,4,124,60,1,0
1,2842,24900,60500,4343,4,124,60,1,0
1,2843,36300,60500,4343,4,124,60,1,0
1,2844,37900,60500,4343,4,124,60,1,0
1,2845,31500,60500,4343,4,124,60,1,0
1,2846,31700,60500,4343,4,124,60,1,0
1,2847,43000,60500,4343,4,124,60,1,0
1,2848,237500,60500,4343,4,124,60,1,0
1,2849,36500,60500,4343,4,124,60,1,0
1,2850,44100,60500,4343,4,124,60,1,0
1,2851,27900,60500,4343,4,124,60,1,0
1,2852,49400,60500,4343,4,124,60,1,0
1,2853,29800,60500,4343,4,124,60,1,0
1,2854,42000,60500,4343,4,124,60,1,0
1,2855,31400,60500,4343,4,124,60,1,0
1,2856,34700,60500,4343,4,124,60,1,0
1,2857,26900,60500,4343,4,124,60,1,0
1,2858,60900,60500,4343,4,124,60,1,0
1,2859,35800,60500,4343,4,124,60,1,0
1,2860,40400,60500,4343,4,124,60,1,0
1,2861,26400,60500,4343,4,124,60,1,0
1,2862,35300,60500,4343,4,124,60,1,0
1,2863,34100,60500,4343,4,124,60,1,0
1,2864,48900,60500,4343,4,124,60,1,0
1,2865,20800,60500,4343,4,124,60,1,0
1,2866,35800,60500,4343,4,124,60,1,0
1,2867,33600,60500,4343,4,124,60,1,0
1,2868,26600,60500,4343,4,124,60,1,0
1,2869,34300,60500,4343,4,124,60,1,0
1,2870,29500,60500,4343,4,124,60,1,0
1,2871,27200,60500,4343,4,124,60,1,0
1,2872,34200,60500,4343,4,124,60,1,0
1,2873,30400,60500,4343,4,124,60,1,0
1,2874,87100,60500,4343,4,124,60,1,0
1,2875,48900,60500,4343,4,124,60,1,0
1,2876,36400,60500,4343,4,124,60,1,0
1,2877,29900,60500,4343,4,124,60,1,0
1,2878,65800,60500,4343,4,124,60,1,0
1,2879,33800,60500,4343,4,124,60,1,0
1,2880,29400,60500,4343,4,124,60,1,0
1,2881,25200,60500,4343,4,124,60,1,0
1,2882,43100,60500,4343,4,124,60,1,0
1,2883,32400,60500,4343,4,124,60,1,0
1,2884,40800,60500,4343,4,124,60,1,0
1,2885,28600,60500,4343,4,124,60,1,0
1,2886,36300,60500,4343,4,124,60,1,0
1,2887,38000,60500,4343,4,124,60,1,0
1,2888,37100,60500,4343,4,124,60,1,0
1,2889,37000,60500,4343,4,124,60,1,0
1,2890,38500,60500,4343,4,124,60,1,0
1,2891,32600,60500,4343,4,124,60,1,0
1,2892,68300,60500,4343,4,124,60,1,0
1,2893,32200,60500,4343,4,124,60,1,0
1,2894,34500,60500,4343,4,124,60,1,0
1,2895,24500,60500,4343,4,124,60,1,0
1,2896,43600,60500,4343,4,124,60,1,0
1,2897,40300,60500,4343,4,124,60,1,0
1,2898,56300,60500,4343,4,124,60,1,0
1,2899,37900,60500,4343,4,124,60,1,0
1,2900,40000,60500,4343,4,124,60,1,0
1,2901,34100,60500,4343,4,124,60,1,0
1,2902,28300,60500,4343,4,124,60,1,0
1,2903,38200,60500,4343,4,124,60,1,0
1,2904,25200,60500,4343,4,124,60,1,0
1,2905,28000,60500,4343,4,124,60,1,0
1,2906,42500,60500,4343,4,124,60,1,0
1,2907,41500,60500,4343,4,124,60,1,0
1,2908,41400,60500,4343,4,124,60,1,0
1,2909,29300,60500,4343,4,124,60,1,0
1,2910,46600,60500,4343,4,124,60,1,0
1,2911,41800,60500,4343,4,124,60,1,0
1,2912,94800,60500,4343,4,124,60,1,0
1,2913,31700,60500,4343,4,124,60,1,0
1,2914,29000,60500,4343,4,124,60,1,0
1,2915,32600,60500,4343,4,124,60,1,0
1,2916,37000,60500,4343,4,124,60,1,0
1,2917,40700,60500,4343,4,124,60,1,0
1,2918,46100,60500,4343,4,124,60,1,0
1,2919,28200,60500,4343,4,124,60,1,0
1,2920,30100,60500,4343,4,124,60,1,0
1,2921,19900,60500,4343,4,124,60,1,0
1,2922,21700,60500,4343,4,124,60,1,0
1,2923,37400,60500,4343,4,124,60,1,0
1,2924,33100,60500,4343,4,124,60,1,0
1,2925,30300,60500,4343,4,124,60,1,0
1,2926,42000,60500,4343,4,124,60,1,0
1,2927,25300,60500,4343,4,124,60,1,0
1,2928,29200,60500,4343,4,124,60,1,0
1,2929,28600,60500,4343,4,124,60,1,0
1,2930,37700,60500,4343,4,124,60,1,0
1,2931,33900,60500,4343,4,124,60,1,0
1,2932,27300,60500,4343,4,124,60,1,0
1,2933,35500,60500,4343,4,124,60,1,0
1,2934,41200,60500,4343,4,124,60,1,0
1,2935,77900,60500,4343,4,124,60,1,0
1,2936,55300,60500,4343,4,124,60,1,0
1,2937,34800,60500,4343,4,124,60,1,0
1,2938,69200,60500,4343,4,124,60,1,0
1,2939,37500,60500,4343,4,124,60,1,0
1,2940,120900,60500,4343,4,124,60,1,0
1,2941,24400,60500,4343,4,124,60,1,0
1,2942,38700,60500,4343,4,124,60,1,0
1,2943,24600,60500,4343,4,124,60,1,0
1,2944,69900,60500,4343,4,124,60,1,0
1,2945,36300,60500,4343,4,124,60,1,0
1,2946,44500,60500,4343,4,124,60,1,0
1,2947,32600,60500,4343,4,124,60,1,0
1,2948,37000,60500,4343,4,124,60,1,0
1,2949,30100,60500,4343,4,124,60,1,0
1,2950,65300,60500,4343,4,124,60,1,0
1,2951,41800,60500,4343,4,124,60,1,0
1,2952,45400,60500,4343,4,124,60,1,0
1,2953,37400,60500,4343,4,124,60,1,0
1,2954,167900,60500,4343,4,124,60,1,0
1,2955,24700,60500,4343,4,124,60,1,0
1,2956,36700,60500,4343,4,124,60,1,0
1,2957,63700,60500,4343,4,124,60,1,0
1,2958,39900,60500,4343,4,124,60,1,0
1,2959,32200,60500,4343,4,124,60,1,0
1,2960,27300,60500,4343,4,124,60,1,0
1,2961,36000,60500,4343,4,124,60,1,0
1,2962,36900,60500,4343,4,124,60,1,0
1,2963,36700,60500,4343,4,124,60,1,0
1,2964,34900,60500,4343,4,124,60,1,0
1,2965,38600,60500,4343,4,124,60,1,0
1,2966,38000,60500,4343,4,124,60,1,0
1,2967,19400,60500,4343,4,124,60,1,0
1,2968,34800,60500,4343,4,124,60,1,0
1,2969,38600,60500,4343,4,124,60,1,0
1,2970,39300,60500,4343,4,124,60,1,0
1,2971,27900,60500,4343,4,124,60,1,0
1,2972,79900,60500,4343,4,124,60,1,0
1,2973,38500,60500,4343,4,124,60,1,0
1,2974,43000,60500,4343,4,124,60,1,0
1,2975,26000,60500,4343,4,124,60,1,0
1,2976,24600,60500,4343,4,124,60,1,0
1,2977,36200,60500,4343,4,124,60,1,0
1,2978,66100,60500,4343,4,124,60,1,0
1,2979,38700,60500,4343,4,124,60,1,0
1,2980,47100,60500,4343,4,124,60,1,0
1,2981,34000,60500,4343,4,124,60,1,0
1,2982,40100,60500,4343,4,124,60,1,0
1,2983,36000,60500,4343,4,124,60,1,0
1,2984,38000,60500,4343,4,124,60,1,0
1,2985,32500,60500,4343,4,124,60,1,0
1,2986,39700,60500,4343,4,124,60,1,0
1,2987,31300,60500,4343,4,124,60,1,0
1,2988,40000,60500,4343,4,124,60,1,0
1,2989,26300,60500,4343,4,124,60,1,0
1,2990,35600,60500,4343,4,124,60,1,0
1,2991,34000,60500,4343,4,124,60,1,0
1,2992,41400,60500,4343,4,124,60,1,0
1,2993,32000,60500,4343,4,124,60,1,0
1,2994,49300,60500,4343,4,124,60,1,0
1,2995,39000,60500,4343,4,124,60,1,0
1,2996,35400,60500,4343,4,124,60,1,0
1,2997,36100,60500,4343,4,124,60,1,0
1,2998,38900,60500,4343,4,124,60,1,0
1,2999,33300,60500,4343,4,124,60,1,0
1,3000,36500,60500,4343,4,124,60,1,0
1,3001,25100,60500,4343,4,124,60,1,0
1,3002,31400,60500,4343,4,124,60,1,0
1,3003,20600,60500,4343,4,124,60,1,0
1,3004,37500,60500,4343,4,124,60,1,0
1,3005,25500,60500,4343,4,124,60,1,0
1,3006,30200,60500,4343,4,124,60,1,0
1,3007,35700,60500,4343,4,124,60,1,0
1,3008,41600,60500,4343,4,124,60,1,0
1,3009,39400,60500,4343,4,124,60,1,0
1,3010,32100,60500,4343,4,124,60,1,0
1,3011,32500,60500,4343,4,124,60,1,0
1,3012,33100,60500,4343,4,124,60,1,0
1,3013,29000,60500,4343,4,124,60,1,0
1,3014,27700,60500,4343,4,124,60,1,0
1,3015,27800,60500,4343,4,124,60,1,0
1,3016,33800,60500,4343,4,124,60,1,0
1,3017,32000,60500,4343,4,124,60,1,0
1,3018,36600,60500,4343,4,124,60,1,0
1,3019,36100,60500,4343,4,124,60,1,0
1,3020,28900,60500,4343,4,124,60,1,0
1,3021,33700,60500,4343,4,124,60,1,0
1,3022,35100,60500,4343,4,124,60,1,0
1,3023,26500,60500,4343,4,124,60,1,0
1,3024,35100,60500,4343,4,124,60,1,0
1,3025,63100,60500,4343,4,124,60,1,0
1,3026,45100,60500,4343,4,124,60,1,0
1,3027,28600,60500,4343,4,124,60,1,0
1,3028,58100,60500,4343,4,124,60,1,0
1,3029,34600,60500,4343,4,124,60,1,0
1,3030,36400,60500,4343,4,124,60,1,0
1,3031,42500,60500,4343,4,124,60,1,0
1,3032,46900,60500,4343,4,124,60,1,0
1,3033,35300,60500,4343,4,124,60,1,0
1,3034,38500,60500,4343,4,124,60,1,0
1,3035,37800,60500,4343,4,124,60,1,0
1,3036,35700,60500,4343,4,124,60,1,0
1,3037,36100,60500,4343,4,124,60,1,0
1,3038,32800,60500,4343,4,124,60,1,0
1,3039,42900,60500,4343,4,124,60,1,0
1,3040,38400,60500,4343,4,124,60,1,0
1,3041,35600,60500,4343,4,124,60,1,0
1,3042,43300,60500,4343,4,124,60,1,0
1,3043,32500,60500,4343,4,124,60,1,0
1,3044,29500,60500,4343,4,124,60,1,0
1,3045,35600,60500,4343,4,124,60,1,0
1,3046,39100,60500,4343,4,124,60,1,0
1,3047,30000,60500,4343,4,124,60,1,0
1,3048,40500,60500,4343,4,124,60,1,0
1,3049,27400,60500,4343,4,124,60,1,0
1,3050,34700,60500,4343,4,124,60,1,0
1,3051,38400,60500,4343,4,124,60,1,0
1,3052,34800,60500,4343,4,124,60,1,0
1,3053,41800,60500,4343,4,124,60,1,0
1,3054,41900,60500,4343,4,124,60,1,0
1,3055,28200,60500,4343,4,124,60,1,0
1,3056,28300,60500,4343,4,124,60,1,0
1,3057,35500,60500,4343,4,124,60,1,0
1,3058,28200,60500,4343,4,124,60,1,0
1,3059,38000,60500,4343,4,124,60,1,0
1,3060,40100,60500,4343,4,124,60,1,0
1,3061,38400,60500,4343,4,124,60,1,0
1,3062,68600,60500,4343,4,124,60,1,0
1,3063,24900,60500,4343,4,124,60,1,0
1,3064,36700,60500,4343,4,124,60,1,0
1,3065,36500,60500,4343,4,124,60,1,0
1,3066,27100,60500,4343,4,124,60,1,0
1,3067,24800,60500,4343,4,124,60,1,0
1,3068,37400,60500,4343,4,124,60,1,0
1,3069,39600,60500,4343,4,124,60,1,0
1,3070,37700,60500,4343,4,124,60,1,0
1,3071,21500,60500,4343,4,124,60,1,0
1,3072,46000,60500,4343,4,124,60,1,0
1,3073,29400,60500,4343,4,124,60,1,0
1,3074,26700,60500,4343,4,124,60,1,0
1,3075,27500,60500,4343,4,124,60,1,0
1,3076,44400,60500,4343,4,124,60,1,0
1,3077,37600,60500,4343,4,124,60,1,0
1,3078,43000,60500,4343,4,124,60,1,0
1,3079,24200,60500,4343,4,124,60,1,0
1,3080,34800,60500,4343,4,124,60,1,0
1,3081,27400,60500,4343,4,124,60,1,0
1,3082,35800,60500,4343,4,124,60,1,0
1,3083,37100,60500,4343,4,124,60,1,0
1,3084,34300,60500,4343,4,124,60,1,0
1,3085,32500,60500,4343,4,124,60,1,0
1,3086,37000,60500,4343,4,124,60,1,0
1,3087,25800,60500,4343,4,124,60,1,0
1,3088,30400,60500,4343,4,124,60,1,0
1,3089,30000,60500,4343,4,124,60,1,0
1,3090,39900,60500,4343,4,124,60,1,0
1,3091,35000,60500,4343,4,124,60,1,0
1,3092,23400,60500,4343,4,124,60,1,0
1,3093,34500,60500,4343,4,124,60,1,0
1,3094,56200,60500,4343,4,124,60,1,0
1,3095,39400,60500,4343,4,124,60,1,0
1,3096,41900,60500,4343,4,124,60,1,0
1,3097,27700,60500,4343,4,124,60,1,0
1,3098,32600,60500,4343,4,124,60,1,0
1,3099,65500,60500,4343,4,124,60,1,0
1,3100,35500,60500,4343,4,124,60,1,0
1,3101,40800,60500,4343,4,124,60,1,0
1,3102,46700,60500,4343,4,124,60,1,0
1,3103,30600,60500,4343,4,124,60,1,0
1,3104,30500,60500,4343,4,124,60,1,0
1,3105,39900,60500,4343,4,124,60,1,0
1,3106,47800,60500,4343,4,124,60,1,0
1,3107,32800,60500,4343,4,124,60,1,0
1,3108,27100,60500,4343,4,124,60,1,0
1,3109,49400,60500,4343,4,124,60,1,0
1,3110,38700,60500,4343,4,124,60,1,0
1,3111,32600,60500,4343,4,124,60,1,0
1,3112,44000,60500,4343,4,124,60,1,0
1,3113,26500,60500,4343,4,124,60,1,0
1,3114,42000,60500,4343,4,124,60,1,0
1,3115,33100,60500,4343,4,124,60,1,0
1,3116,23000,60500,4343,4,124,60,1,0
1,3117,37600,60500,4343,4,124,60,1,0
1,3118,37200,60500,4343,4,124,60,1,0
1,3119,34100,60500,4343,4,124,60,1,0
1,3120,39000,60500,4343,4,124,60,1,0
1,3121,34200,60500,4343,4,124,60,1,0
1,3122,35900,60500,4343,4,124,60,1,0
1,3123,18200,60500,4343,4,124,60,1,0
1,3124,27700,60500,4343,4,124,60,1,0
1,3125,34600,60500,4343,4,124,60,1,0
1,3126,29000,60500,4343,4,124,60,1,0
1,3127,27100,60500,4343,4,124,60,1,0
1,3128,30300,60500,4343,4,124,60,1,0
1,3129,20100,60500,4343,4,124,60,1,0
1,3130,87200,60500,4343,4,124,60,1,0
1,3131,36700,60500,4343,4,124,60,1,0
1,3132,62500,60500,4343,4,124,60,1,0
1,3133,33500,60500,4343,4,124,60,1,0
1,3134,49800,60500,4343,4,124,60,1,0
1,3135,28800,60500,4343,4,124,60,1,0
1,3136,31000,60500,4343,4,124,60,1,0
1,3137,58200,60500,4343,4,124,60,1,0
1,3138,40800,60500,4343,4,124,60,1,0
1,3139,44700,60500,4343,4,124,60,1,0
1,3140,42700,60500,4343,4,124,60,1,0
1,3141,35700,60500,4343,4,124,60,1,0
1,3142,38700,60500,4343,4,124,60,1,0
1,3143,27900,60500,4343,4,124,60,1,0
1,3144,40900,60500,4343,4,124,60,1,0
1,3145,21600,60500,4343,4,124,60,1,0
1,3146,60500,60500,4343,4,124,60,1,0
1,3147,32800,60500,4343,4,124,60,1,0
1,3148,28400,60500,4343,4,124,60,1,0
1,3149,32400,60500,4343,4,124,60,1,0
1,3150,43200,60500,4343,4,124,60,1,0
1,3151,37900,60500,4343,4,124,60,1,0
1,3152,28800,60500,4343,4,124,60,1,0
1,3153,35000,60500,4343,4,124,60,1,0
1,3154,37700,60500,4343,4,124,60,1,0
1,3155,24400,60500,4343,4,124,60,1,0
1,3156,48400,60500,4343,4,124,60,1,0
1,3157,37300,60500,4343,4,124,60,1,0
1,3158,41800,60500,4343,4,124,60,1,0
1,3159,44100,60500,4343,4,124,60,1,0
1,3160,37300,60500,4343,4,124,60,1,0
1,3161,26000,60500,4343,4,124,60,1,0
1,3162,38700,60500,4343,4,124,60,1,0
1,3163,34900,60500,4343,4,124,60,1,0
1,3164,89900,60500,4343,4,124,60,1,0
1,3165,24400,60500,4343,4,124,60,1,0
1,3166,25300,60500,4343,4,124,60,1,0
1,3167,32700,60500,4343,4,124,60,1,0
1,3168,34200,60500,4343,4,124,60,1,0
1,3169,40400,60500,4343,4,124,60,1,0
1,3170,31900,60500,4343,4,124,60,1,0
1,3171,33100,60500,4343,4,124,60,1,0
1,3172,36100,60500,4343,4,124,60,1,0
1,3173,28500,60500,4343,4,124,60,1,0
1,3174,36800,60500,4343,4,124,60,1,0
1,3175,34900,60500,4343,4,124,60,1,0
1,3176,34500,60500,4343,4,124,60,1,0
1,3177,33200,60500,4343,4,124,60,1,0
1,3178,40900,60500,4343,4,124,60,1,0
1,3179,38800,60500,4343,4,124,60,1,0
1,3180,36400,60500,4343,4,124,60,1,0
1,3181,33300,60500,4343,4,124,60,1,0
1,3182,37500,60500,4343,4,124,60,1,0
1,3183,32200,60500,4343,4,124,60,1,0
1,3184,303000,60500,4343,4,124,60,1,0
1,3185,32600,60500,4343,4,124,60,1,0
1,3186,96600,60500,4343,4,124,60,1,0
1,3187,30200,60500,4343,4,124,60,1,0
1,3188,38300,60500,4343,4,124,60,1,0
1,3189,29900,60500,4343,4,124,60,1,0
1,3190,69400,60500,4343,4,124,60,1,0
1,3191,30900,60500,4343,4,124,60,1,0
1,3192,27800,60500,4343,4,124,60,1,0
1,3193,41100,60500,4343,4,124,60,1,0
1,3194,29100,60500,4343,4,124,60,1,0
1,3195,39900,60500,4343,4,124,60,1,0
1,3196,57400,60500,4343,4,124,60,1,0
1,3197,26500,60500,4343,4,124,60,1,0
1,3198,27000,60500,4343,4,124,60,1,0
1,3199,39000,60500,4343,4,124,60,1,0
1,3200,31600,60500,4343,4,124,60,1,0
1,3201,34000,60500,4343,4,124,60,1,0
1,3202,37900,60500,4343,4,124,60,1,0
1,3203,38800,60500,4343,4,124,60,1,0
1,3204,32900,60500,4343,4,124,60,1,0
1,3205,27600,60500,4343,4,124,60,1,0
1,3206,34500,60500,4343,4,124,60,1,0
1,3207,35300,60500,4343,4,124,60,1,0
1,3208,26600,60500,4343,4,124,60,1,0
1,3209,40000,60500,4343,4,124,60,1,0
1,3210,31200,60500,4343,4,124,60,1,0
1,3211,27800,60500,4343,4,124,60,1,0
1,3212,35900,60500,4343,4,124,60,1,0
1,3213,36800,60500,4343,4,124,60,1,0
1,3214,35100,60500,4343,4,124,60,1,0
1,3215,32400,60500,4343,4,124,60,1,0
1,3216,36800,60500,4343,4,124,60,1,0
1,3217,32300,60500,4343,4,124,60,1,0
1,3218,103700,60500,4343,4,124,60,1,0
1,3219,29200,60500,4343,4,124,60,1,0
1,3220,52800,60500,4343,4,124,60,1,0
1,3221,30500,60500,4343,4,124,60,1,0
1,3222,29900,60500,4343,4,124,60,1,0
1,3223,36800,60500,4343,4,124,60,1,0
1,3224,27700,60500,4343,4,124,60,1,0
1,3225,37900,60500,4343,4,124,60,1,0
1,3226,42300,60500,4343,4,124,60,1,0
1,3227,26300,60500,4343,4,124,60,1,0
1,3228,34100,60500,4343,4,124,60,1,0
1,3229,22400,60500,4343,4,124,60,1,0
1,3230,35500,60500,4343,4,124,60,1,0
1,3231,40600,60500,4343,4,124,60,1,0
1,3232,37000,60500,4343,4,124,60,1,0
1,3233,42900,60500,4343,4,124,60,1,0
1,3234,39200,60500,4343,4,124,60,1,0
1,3235,35600,60500,4343,4,124,60,1,0
1,3236,35300,60500,4343,4,124,60,1,0
1,3237,28500,60500,4343,4,124,60,1,0
1,3238,36700,60500,4343,4,124,60,1,0
1,3239,40400,60500,4343,4,124,60,1,0
1,3240,31200,60500,4343,4,124,60,1,0
1,3241,43600,60500,4343,4,124,60,1,0
1,3242,40100,60500,4343,4,124,60,1,0
1,3243,35700,60500,4343,4,124,60,1,0
1,3244,21300,60500,4343,4,124,60,1,0
1,3245,22700,60500,4343,4,124,60,1,0
1,3246,38000,60500,4343,4,124,60,1,0
1,3247,27800,60500,4343,4,124,60,1,0
1,3248,26300,60500,4343,4,124,60,1,0
1,3249,27300,60500,4343,4,124,60,1,0
1,3250,48900,60500,4343,4,124,60,1,0
1,3251,40000,60500,4343,4,124,60,1,0
1,3252,36800,60500,4343,4,124,60,1,0
1,3253,41200,60500,4343,4,124,60,1,0
1,3254,25800,60500,4343,4,124,60,1,0
1,3255,31600,60500,4343,4,124,60,1,0
1,3256,38900,60500,4343,4,124,60,1,0
1,3257,27700,60500,4343,4,124,60,1,0
1,3258,34200,60500,4343,4,124,60,1,0
1,3259,27800,60500,4343,4,124,60,1,0
1,3260,34100,60500,4343,4,124,60,1,0
1,3261,29900,60500,4343,4,124,60,1,0
1,3262,35500,60500,4343,4,124,60,1,0
1,3263,29300,60500,4343,4,124,60,1,0
1,3264,42800,60500,4343,4,124,60,1,0
1,3265,25300,60500,4343,4,124,60,1,0
1,3266,36500,60500,4343,4,124,60,1,0
1,3267,37300,60500,4343,4,124,60,1,0
1,3268,31300,60500,4343,4,124,60,1,0
1,3269,32400,60500,4343,4,124,60,1,0
1,3270,37200,60500,4343,4,124,60,1,0
1,3271,43600,60500,4343,4,124,60,1,0
1,3272,43200,60500,4343,4,124,60,1,0
1,3273,32400,60500,4343,4,124,60,1,0
1,3274,35600,60500,4343,4,124,60,1,0
1,3275,28300,60500,4343,4,124,60,1,0
1,3276,38700,60500,4343,4,124,60,1,0
1,3277,42400,60500,4343,4,124,60,1,0
1,3278,51100,60500,4343,4,124,60,1,0
1,3279,37600,60500,4343,4,124,60,1,0
1,3280,53600,60500,4343,4,124,60,1,0
1,3281,28300,60500,4343,4,124,60,1,0
1,3282,28000,60500,4343,4,124,60,1,0
1,3283,32000,60500,4343,4,124,60,1,0
1,3284,37700,60500,4343,4,124,60,1,0
1,3285,45900,60500,4343,4,124,60,1,0
1,3286,34700,60500,4343,4,124,60,1,0
1,3287,34300,60500,4343,4,124,60,1,0
1,3288,37400,60500,4343,4,124,60,1,0
1,3289,36400,60500,4343,4,124,60,1,0
1,3290,31800,60500,4343,4,124,60,1,0
1,3291,26900,60500,4343,4,124,60,1,0
1,3292,30500,60500,4343,4,124,60,1,0
1,3293,28900,60500,4343,4,124,60,1,0
1,3294,41500,60500,4343,4,124,60,1,0
1,3295,32000,60500,4343,4,124,60,1,0
1,3296,39200,60500,4343,4,124,60,1,0
1,3297,28200,60500,4343,4,124,60,1,0
1,3298,28300,60500,4343,4,124,60,1,0
1,3299,45500,60500,4343,4,124,60,1,0
1,3300,33600,60500,4343,4,124,60,1,0
1,3301,41800,60500,4343,4,124,60,1,0
1,3302,153900,60500,4343,4,124,60,1,0
1,3303,33200,60500,4343,4,124,60,1,0
1,3304,26700,60500,4343,4,124,60,1,0
1,3305,37800,60500,4343,4,124,60,1,0
1,3306,42500,60500,4343,4,124,60,1,0
1,3307,34400,60500,4343,4,124,60,1,0
1,3308,28300,60500,4343,4,124,60,1,0
1,3309,38200,60500,4343,4,124,60,1,0
1,3310,50100,60500,4343,4,124,60,1,0
1,3311,43400,60500,4343,4,124,60,1,0
1,3312,38000,60500,4343,4,124,60,1,0
1,3313,35800,60500,4343,4,124,60,1,0
1,3314,32300,60500,4343,4,124,60,1,0
1,3315,33200,60500,4343,4,124,60,1,0
1,3316,37200,60500,4343,4,124,60,1,0
1,3317,35500,60500,4343,4,124,60,1,0
1,3318,32800,60500,4343,4,124,60,1,0
1,3319,38900,60500,4343,4,124,60,1,0
1,3320,30400,60500,4343,4,124,60,1,0
1,3321,38400,60500,4343,4,124,60,1,0
1,3322,24500,60500,4343,4,124,60,1,0
1,3323,39200,60500,4343,4,124,60,1,0
1,3324,26100,60500,4343,4,124,60,1,0
1,3325,32100,60500,4343,4,124,60,1,0
1,3326,25100,60500,4343,4,124,60,1,0
1,3327,27600,60500,4343,4,124,60,1,0
1,3328,38500,60500,4343,4,124,60,1,0
1,3329,48600,60500,4343,4,124,60,1,0
1,3330,286900,60500,4343,4,124,60,1,0
1,3331,25900,60500,4343,4,124,60,1,0
1,3332,32600,60500,4343,4,124,60,1,0
1,3333,27100,60500,4343,4,124,60,1,0
1,3334,34900,60500,4343,4,124,60,1,0
1,3335,25400,60500,4343,4,124,60,1,0
1,3336,35800,60500,4343,4,124,60,1,0
1,3337,32700,60500,4343,4,124,60,1,0
1,3338,40400,60500,4343,4,124,60,1,0
1,3339,20100,60500,4343,4,124,60,1,0
1,3340,33800,60500,4343,4,124,60,1,0
1,3341,25900,60500,4343,4,124,60,1,0
1,3342,39100,60500,4343,4,124,60,1,0
1,3343,29100,60500,4343,4,124,60,1,0
1,3344,56600,60500,4343,4,124,60,1,0
1,3345,34800,60500,4343,4,124,60,1,0
1,3346,53800,60500,4343,4,124,60,1,0
1,3347,28100,60500,4343,4,124,60,1,0
1,3348,28600,60500,4343,4,124,60,1,0
1,3349,39100,60500,4343,4,124,60,1,0
1,3350,29700,60500,4343,4,124,60,1,0
1,3351,25100,60500,4343,4,124,60,1,0
1,3352,34600,60500,4343,4,124,60,1,0
1,3353,26800,60500,4343,4,124,60,1,0
1,3354,41400,60500,4343,4,124,60,1,0
1,3355,35000,60500,4343,4,124,60,1,0
1,3356,56700,60500,4343,4,124,60,1,0
1,3357,40100,60500,4343,4,124,60,1,0
1,3358,26000,60500,4343,4,124,60,1,0
1,3359,36800,60500,4343,4,124,60,1,0
1,3360,41900,60500,4343,4,124,60,1,0
1,3361,47100,60500,4343,4,124,60,1,0
1,3362,32400,60500,4343,4,124,60,1,0
1,3363,23900,60500,4343,4,124,60,1,0
1,3364,63800,60500,4343,4,124,60,1,0
1,3365,23100,60500,4343,4,124,60,1,0
1,3366,62500,60500,4343,4,124,60,1,0
1,3367,35800,60500,4343,4,124,60,1,0
1,3368,32300,60500,4343,4,124,60,1,0
1,3369,30800,60500,4343,4,124,60,1,0
1,3370,30400,60500,4343,4,124,60,1,0
1,3371,34100,60500,4343,4,124,60,1,0
1,3372,34100,60500,4343,4,124,60,1,0
1,3373,39000,60500,4343,4,124,60,1,0
1,3374,34200,60500,4343,4,124,60,1,0
1,3375,36200,60500,4343,4,124,60,1,0
1,3376,26000,60500,4343,4,124,60,1,0
1,3377,32200,60500,4343,4,124,60,1,0
1,3378,38900,60500,4343,4,124,60,1,0
1,3379,32700,60500,4343,4,124,60,1,0
1,3380,36700,60500,4343,4,124,60,1,0
1,3381,35300,60500,4343,4,124,60,1,0
1,3382,30500,60500,4343,4,124,60,1,0
1,3383,32800,60500,4343,4,124,60,1,0
1,3384,27300,60500,4343,4,124,60,1,0
1,3385,45100,60500,4343,4,124,60,1,0
1,3386,78400,60500,4343,4,124,60,1,0
1,3387,29000,60500,4343,4,124,60,1,0
1,3388,30300,60500,4343,4,124,60,1,0
1,3389,31100,60500,4343,4,124,60,1,0
1,3390,120000,60500,4343,4,124,60,1,0
1,3391,29400,60500,4343,4,124,60,1,0
1,3392,37700,60500,4343,4,124,60,1,0
1,3393,37900,60500,4343,4,124,60,1,0
1,3394,32500,60500,4343,4,124,60,1,0
1,3395,34900,60500,4343,4,124,60,1,0
1,3396,25400,60500,4343,4,124,60,1,0
1,3397,41000,60500,4343,4,124,60,1,0
1,3398,38800,60500,4343,4,124,60,1,0
1,3399,36100,60500,4343,4,124,60,1,0
1,3400,47300,60500,4343,4,124,60,1,0
1,3401,35600,60500,4343,4,124,60,1,0
1,3402,66600,60500,4343,4,124,60,1,0
1,3403,33000,60500,4343,4,124,60,1,0
1,3404,67500,60500,4343,4,124,60,1,0
1,3405,38100,60500,4343,4,124,60,1,0
1,3406,39700,60500,4343,4,124,60,1,0
1,3407,33700,60500,4343,4,124,60,1,0
1,3408,37200,60500,4343,4,124,60,1,0
1,3409,37400,60500,4343,4,124,60,1,0
1,3410,36900,60500,4343,4,124,60,1,0
1,3411,32800,60500,4343,4,124,60,1,0
1,3412,30300,60500,4343,4,124,60,1,0
1,3413,33100,60500,4343,4,124,60,1,0
1,3414,39500,60500,4343,4,124,60,1,0
1,3415,44000,60500,4343,4,124,60,1,0
1,3416,53200,60500,4343,4,124,60,1,0
1,3417,41800,60500,4343,4,124,60,1,0
1,3418,57700,60500,4343,4,124,60,1,0
1,3419,32000,60500,4343,4,124,60,1,0
1,3420,35300,60500,4343,4,124,60,1,0
1,3421,34700,60500,4343,4,124,60,1,0
1,3422,38400,60500,4343,4,124,60,1,0
1,3423,34500,60500,4343,4,124,60,1,0
1,3424,50300,60500,4343,4,124,60,1,0
1,3425,43600,60500,4343,4,124,60,1,0
1,3426,35500,60500,4343,4,124,60,1,0
1,3427,36600,60500,4343,4,124,60,1,0
1,3428,41100,60500,4343,4,124,60,1,0
1,3429,33600,60500,4343,4,124,60,1,0
1,3430,35300,60500,4343,4,124,60,1,0
1,3431,38500,60500,4343,4,124,60,1,0
1,3432,52000,60500,4343,4,124,60,1,0
1,3433,32100,60500,4343,4,124,60,1,0
1,3434,37300,60500,4343,4,124,60,1,0
1,3435,30500,60500,4343,4,124,60,1,0
1,3436,34700,60500,4343,4,124,60,1,0
1,3437,32900,60500,4343,4,124,60,1,0
1,3438,135100,60500,4343,4,124,60,1,0
1,3439,44100,60500,4343,4,124,60,1,0
1,3440,32700,60500,4343,4,124,60,1,0
1,3441,35200,60500,4343,4,124,60,1,0
1,3442,19600,60500,4343,4,124,60,1,0
1,3443,27200,60500,4343,4,124,60,1,0
1,3444,28500,60500,4343,4,124,60,1,0
1,3445,29100,60500,4343,4,124,60,1,0
1,3446,40200,60500,4343,4,124,60,1,0
1,3447,25100,60500,4343,4,124,60,1,0
1,3448,36300,60500,4343,4,124,60,1,0
1,3449,35800,60500,4343,4,124,60,1,0
1,3450,41300,60500,4343,4,124,60,1,0
1,3451,33300,60500,4343,4,124,60,1,0
1,3452,42900,60500,4343,4,124,60,1,0
1,3453,47700,60500,4343,4,124,60,1,0
1,3454,37800,60500,4343,4,124,60,1,0
1,3455,91300,60500,4343,4,124,60,1,0
1,3456,45100,60500,4343,4,124,60,1,0
1,3457,29400,60500,4343,4,124,60,1,0
1,3458,42400,60500,4343,4,124,60,1,0
1,3459,39200,60500,4343,4,124,60,1,0
1,3460,40600,60500,4343,4,124,60,1,0
1,3461,38100,60500,4343,4,124,60,1,0
1,3462,31000,60500,4343,4,124,60,1,0
1,3463,38200,60500,4343,4,124,60,1,0
1,3464,32700,60500,4343,4,124,60,1,0
1,3465,31900,60500,4343,4,124,60,1,0
1,3466,38700,60500,4343,4,124,60,1,0
1,3467,31700,60500,4343,4,124,60,1,0
1,3468,41000,60500,4343,4,124,60,1,0
1,3469,27200,60500,4343,4,124,60,1,0
1,3470,136600,60500,4343,4,124,60,1,0
1,3471,31800,60500,4343,4,124,60,1,0
1,3472,37400,60500,4343,4,124,60,1,0
1,3473,37000,60500,4343,4,124,60,1,0
1,3474,36700,60500,4343,4,124,60,1,0
1,3475,43800,60500,4343,4,124,60,1,0
1,3476,37300,60500,4343,4,124,60,1,0
1,3477,33900,60500,4343,4,124,60,1,0
1,3478,22700,60500,4343,4,124,60,1,0
1,3479,24800,60500,4343,4,124,60,1,0
1,3480,46500,60500,4343,4,124,60,1,0
1,3481,37300,60500,4343,4,124,60,1,0
1,3482,36700,60500,4343,4,124,60,1,0
1,3483,35100,60500,4343,4,124,60,1,0
1,3484,26900,60500,4343,4,124,60,1,0
1,3485,32000,60500,4343,4,124,60,1,0
1,3486,40600,60500,4343,4,124,60,1,0
1,3487,35400,60500,4343,4,124,60,1,0
1,3488,50600,60500,4343,4,124,60,1,0
1,3489,52900,60500,4343,4,124,60,1,0
1,3490,37800,60500,4343,4,124,60,1,0
1,3491,34300,60500,4343,4,124,60,1,0
1,3492,87100,60500,4343,4,124,60,1,0
1,3493,41000,60500,4343,4,124,60,1,0
1,3494,40700,60500,4343,4,124,60,1,0
1,3495,33900,60500,4343,4,124,60,1,0
1,3496,39100,60500,4343,4,124,60,1,0
1,3497,37200,60500,4343,4,124,60,1,0
1,3498,38300,60500,4343,4,124,60,1,0
1,3499,28900,60500,4343,4,124,60,1,0
1,3500,41100,60500,4343,4,124,60,1,0
1,3501,44000,60500,4343,4,124,60,1,0
1,3502,45000,60500,4343,4,124,60,1,0
1,3503,32600,60500,4343,4,124,60,1,0
1,3504,35800,60500,4343,4,124,60,1,0
1,3505,23900,60500,4343,4,124,60,1,0
1,3506,36500,60500,4343,4,124,60,1,0
1,3507,35600,60500,4343,4,124,60,1,0
1,3508,38800,60500,4343,4,124,60,1,0
1,3509,30600,60500,4343,4,124,60,1,0
1,3510,26200,60500,4343,4,124,60,1,0
1,3511,38000,60500,4343,4,124,60,1,0
1,3512,34300,60500,4343,4,124,60,1,0
1,3513,32400,60500,4343,4,124,60,1,0
1,3514,37700,60500,4343,4,124,60,1,0
1,3515,26900,60500,4343,4,124,60,1,0
1,3516,53500,60500,4343,4,124,60,1,0
1,3517,43900,60500,4343,4,124,60,1,0
1,3518,20800,60500,4343,4,124,60,1,0
1,3519,33200,60500,4343,4,124,60,1,0
1,3520,43700,60500,4343,4,124,60,1,0
1,3521,35100,60500,4343,4,124,60,1,0
1,3522,28000,60500,4343,4,124,60,1,0
1,3523,35500,60500,4343,4,124,60,1,0
1,3524,40700,60500,4343,4,124,60,1,0
1,3525,38400,60500,4343,4,124,60,1,0
1,3526,36900,60500,4343,4,124,60,1,0
1,3527,34100,60500,4343,4,124,60,1,0
1,3528,32800,60500,4343,4,124,60,1,0
1,3529,42400,60500,4343,4,124,60,1,0
1,3530,47000,60500,4343,4,124,60,1,0
1,3531,35800,60500,4343,4,124,60,1,0
1,3532,34900,60500,4343,4,124,60,1,0
1,3533,34200,60500,4343,4,124,60,1,0
1,3534,35700,60500,4343,4,124,60,1,0
1,3535,37500,60500,4343,4,124,60,1,0
1,3536,33500,60500,4343,4,124,60,1,0
1,3537,33700,60500,4343,4,124,60,1,0
1,3538,36000,60500,4343,4,124,60,1,0
1,3539,28600,60500,4343,4,124,60,1,0
1,3540,35200,60500,4343,4,124,60,1,0
1,3541,34000,60500,4343,4,124,60,1,0
1,3542,30700,60500,4343,4,124,60,1,0
1,3543,32500,60500,4343,4,124,60,1,0
1,3544,40500,60500,4343,4,124,60,1,0
1,3545,37900,60500,4343,4,124,60,1,0
1,3546,29000,60500,4343,4,124,60,1,0
1,3547,28100,60500,4343,4,124,60,1,0
1,3548,41000,60500,4343,4,124,60,1,0
1,3549,29700,60500,4343,4,124,60,1,0
1,3550,63500,60500,4343,4,124,60,1,0
1,3551,26500,60500,4343,4,124,60,1,0
1,3552,49600,60500,4343,4,124,60,1,0
1,3553,31300,60500,4343,4,124,60,1,0
1,3554,41100,60500,4343,4,124,60,1,0
1,3555,32000,60500,4343,4,124,60,1,0
1,3556,53900,60500,4343,4,124,60,1,0
1,3557,25900,60500,4343,4,124,60,1,0
1,3558,36900,60500,4343,4,124,60,1,0
1,3559,67000,60500,4343,4,124,60,1,0
1,3560,32400,60500,4343,4,124,60,1,0
1,3561,34800,60500,4343,4,124,60,1,0
1,3562,40800,60500,4343,4,124,60,1,0
1,3563,27500,60500,4343,4,124,60,1,0
1,3564,28600,60500,4343,4,124,60,1,0
1,3565,26300,60500,4343,4,124,60,1,0
1,3566,39400,60500,4343,4,124,60,1,0
1,3567,35000,60500,4343,4,124,60,1,0
1,3568,39000,60500,4343,4,124,60,1,0
1,3569,124100,60500,4343,4,124,60,1,0
1,3570,64800,60500,4343,4,124,60,1,0
1,3571,23100,60500,4343,4,124,60,1,0
1,3572,41600,60500,4343,4,124,60,1,0
1,3573,29200,60500,4343,4,124,60,1,0
1,3574,29500,60500,4343,4,124,60,1,0
1,3575,34100,60500,4343,4,124,60,1,0
1,3576,36100,60500,4343,4,124,60,1,0
1,3577,37900,60500,4343,4,124,60,1,0
1,3578,25400,60500,4343,4,124,60,1,0
1,3579,44300,60500,4343,4,124,60,1,0
1,3580,21700,60500,4343,4,124,60,1,0
1,3581,43300,60500,4343,4,124,60,1,0
1,3582,29000,60500,4343,4,124,60,1,0
1,3583,28500,60500,4343,4,124,60,1,0
1,3584,39300,60500,4343,4,124,60,1,0
1,3585,28300,60500,4343,4,124,60,1,0
1,3586,37500,60500,4343,4,124,60,1,0
1,3587,37600,60500,4343,4,124,60,1,0
1,3588,46100,60500,4343,4,124,60,1,0
1,3589,33800,60500,4343,4,124,60,1,0
1,3590,38000,60500,4343,4,124,60,1,0
1,3591,36000,60500,4343,4,124,60,1,0
1,3592,27800,60500,4343,4,124,60,1,0
1,3593,37000,60500,4343,4,124,60,1,0
1,3594,27200,60500,4343,4,124,60,1,0
1,3595,34700,60500,4343,4,124,60,1,0
1,3596,35200,60500,4343,4,124,60,1,0
1,3597,21700,60500,4343,4,124,60,1,0
1,3598,30800,60500,4343,4,124,60,1,0
1,3599,32800,60500,4343,4,124,60,1,0
1,3600,27800,60500,4343,4,124,60,1,0
1,3601,35300,60500,4343,4,124,60,1,0
1,3602,71600,60500,4343,4,124,60,1,0
1,3603,28200,60500,4343,4,124,60,1,0
1,3604,39300,60500,4343,4,124,60,1,0
1,3605,35000,60500,4343,4,124,60,1,0
1,3606,36400,60500,4343,4,124,60,1,0
1,3607,25600,60500,4343,4,124,60,1,0
1,3608,44400,60500,4343,4,124,60,1,0
1,3609,43100,60500,4343,4,124,60,1,0
1,3610,32600,60500,4343,4,124,60,1,0
1,3611,34000,60500,4343,4,124,60,1,0
1,3612,29100,60500,4343,4,124,60,1,0
1,3613,28800,60500,4343,4,124,60,1,0
1,3614,31400,60500,4343,4,124,60,1,0
1,3615,20200,60500,4343,4,124,60,1,0
1,3616,41100,60500,4343,4,124,60,1,0
1,3617,33800,60500,4343,4,124,60,1,0
1,3618,39100,60500,4343,4,124,60,1,0
1,3619,31400,60500,4343,4,124,60,1,0
1,3620,39400,60500,4343,4,124,60,1,0
1,3621,31900,60500,4343,4,124,60,1,0
1,3622,20200,60500,4343,4,124,60,1,0
1,3623,31400,60500,4343,4,124,60,1,0
1,3624,54900,60500,4343,4,124,60,1,0
1,3625,33300,60500,4343,4,124,60,1,0
1,3626,28800,60500,4343,4,124,60,1,0
1,3627,32500,60500,4343,4,124,60,1,0
1,3628,27000,60500,4343,4,124,60,1,0
1,3629,34400,60500,4343,4,124,60,1,0
1,3630,31700,60500,4343,4,124,60,1,0
1,3631,25600,60500,4343,4,124,60,1,0
1,3632,75400,60500,4343,4,124,60,1,0
1,3633,38600,60500,4343,4,124,60,1,0
1,3634,60200,60500,4343,4,124,60,1,0
1,3635,36600,60500,4343,4,124,60,1,0
1,3636,38800,60500,4343,4,124,60,1,0
1,3637,24600,60500,4343,4,124,60,1,0
1,3638,73000,60500,4343,4,124,60,1,0
1,3639,34500,60500,4343,4,124,60,1,0
1,3640,42600,60500,4343,4,124,60,1,0
1,3641,37600,60500,4343,4,124,60,1,0
1,3642,26600,60500,4343,4,124,60,1,0
1,3643,34700,60500,4343,4,124,60,1,0
1,3644,44700,60500,4343,4,124,60,1,0
1,3645,33300,60500,4343,4,124,60,1,0
1,3646,75200,60500,4343,4,124,60,1,0
1,3647,35500,60500,4343,4,124,60,1,0
1,3648,36700,60500,4343,4,124,60,1,0
1,3649,36000,60500,4343,4,124,60,1,0
1,3650,41100,60500,4343,4,124,60,1,0
1,3651,30100,60500,4343,4,124,60,1,0
1,3652,30600,60500,4343,4,124,60,1,0
1,3653,32400,60500,4343,4,124,60,1,0
1,3654,29200,60500,4343,4,124,60,1,0
1,3655,32600,60500,4343,4,124,60,1,0
1,3656,35600,60500,4343,4,124,60,1,0
1,3657,39100,60500,4343,4,124,60,1,0
1,3658,148800,60500,4343,4,124,60,1,0
1,3659,36500,60500,4343,4,124,60,1,0
1,3660,39700,60500,4343,4,124,60,1,0
1,3661,33800,60500,4343,4,124,60,1,0
1,3662,34000,60500,4343,4,124,60,1,0
1,3663,35200,60500,4343,4,124,60,1,0
1,3664,38600,60500,4343,4,124,60,1,0
1,3665,34600,60500,4343,4,124,60,1,0
1,3666,36400,60500,4343,4,124,60,1,0
1,3667,29500,60500,4343,4,124,60,1,0
1,3668,35700,60500,4343,4,124,60,1,0
1,3669,32100,60500,4343,4,124,60,1,0
1,3670,45600,60500,4343,4,124,60,1,0
1,3671,33400,60500,4343,4,124,60,1,0
1,3672,72600,60500,4343,4,124,60,1,0
1,3673,40700,60500,4343,4,124,60,1,0
1,3674,44000,60500,4343,4,124,60,1,0
1,3675,26100,60500,4343,4,124,60,1,0
1,3676,27000,60500,4343,4,124,60,1,0
1,3677,25100,60500,4343,4,124,60,1,0
1,3678,28500,60500,4343,4,124,60,1,0
1,3679,33900,60500,4343,4,124,60,1,0
1,3680,28600,60500,4343,4,124,60,1,0
1,3681,32500,60500,4343,4,124,60,1,0
1,3682,39500,60500,4343,4,124,60,1,0
1,3683,34000,60500,4343,4,124,60,1,0
1,3684,41900,60500,4343,4,124,60,1,0
1,3685,39700,60500,4343,4,124,60,1,0
1,3686,38400,60500,4343,4,124,60,1,0
1,3687,24600,60500,4343,4,124,60,1,0
1,3688,38300,60500,4343,4,124,60,1,0
1,3689,34500,60500,4343,4,124,60,1,0
1,3690,41900,60500,4343,4,124,60,1,0
1,3691,38800,60500,4343,4,124,60,1,0
1,3692,36300,60500,4343,4,124,60,1,0
1,3693,101500,60500,4343,4,124,60,1,0
1,3694,59700,60500,4343,4,124,60,1,0
1,3695,34700,60500,4343,4,124,60,1,0
1,3696,32900,60500,4343,4,124,60,1,0
1,3697,27500,60500,4343,4,124,60,1,0
1,3698,36200,60500,4343,4,124,60,1,0
1,3699,40300,60500,4343,4,124,60,1,0
1,3700,22500,60500,4343,4,124,60,1,0
1,3701,26200,60500,4343,4,124,60,1,0
1,3702,19400,60500,4343,4,124,60,1,0
1,3703,30100,60500,4343,4,124,60,1,0
1,3704,32900,60500,4343,4,124,60,1,0
1,3705,36400,60500,4343,4,124,60,1,0
1,3706,29300,60500,4343,4,124,60,1,0
1,3707,28200,60500,4343,4,124,60,1,0
1,3708,35800,60500,4343,4,124,60,1,0
1,3709,28200,60500,4343,4,124,60,1,0
1,3710,36300,60500,4343,4,124,60,1,0
1,3711,35100,60500,4343,4,124,60,1,0
1,3712,37200,60500,4343,4,124,60,1,0
1,3713,30500,60500,4343,4,124,60,1,0
1,3714,47100,60500,4343,4,124,60,1,0
1,3715,34000,60500,4343,4,124,60,1,0
1,3716,38300,60500,4343,4,124,60,1,0
1,3717,36000,60500,4343,4,124,60,1,0
1,3718,38200,60500,4343,4,124,60,1,0
1,3719,28300,60500,4343,4,124,60,1,0
1,3720,24400,60500,4343,4,124,60,1,0
1,3721,29600,60500,4343,4,124,60,1,0
1,3722,44200,60500,4343,4,124,60,1,0
1,3723,36500,60500,4343,4,124,60,1,0
1,3724,34800,60500,4343,4,124,60,1,0
1,3725,33100,60500,4343,4,124,60,1,0
1,3726,30100,60500,4343,4,124,60,1,0
1,3727,34000,60500,4343,4,124,60,1,0
1,3728,42700,60500,4343,4,124,60,1,0
1,3729,19600,60500,4343,4,124,60,1,0
1,3730,37300,60500,4343,4,124,60,1,0
1,3731,33100,60500,4343,4,124,60,1,0
1,3732,42500,60500,4343,4,124,60,1,0
1,3733,34700,60500,4343,4,124,60,1,0
1,3734,33600,60500,4343,4,124,60,1,0
1,3735,22900,60500,4343,4,124,60,1,0
1,3736,25300,60500,4343,4,124,60,1,0
1,3737,41200,60500,4343,4,124,60,1,0
1,3738,26800,60500,4343,4,124,60,1,0
1,3739,35800,60500,4343,4,124,60,1,0
1,3740,44400,60500,4343,4,124,60,1,0
1,3741,25500,60500,4343,4,124,60,1,0
1,3742,42300,60500,4343,4,124,60,1,0
1,3743,35100,60500,4343,4,124,60,1,0
1,3744,28500,60500,4343,4,124,60,1,0
1,3745,20000,60500,4343,4,124,60,1,0
1,3746,38000,60500,4343,4,124,60,1,0
1,3747,35800,60500,4343,4,124,60,1,0
1,3748,42900,60500,4343,4,124,60,1,0
1,3749,35500,60500,4343,4,124,60,1,0
1,3750,82700,60500,4343,4,124,60,1,0
1,3751,36000,60500,4343,4,124,60,1,0
1,3752,38500,60500,4343,4,124,60,1,0
1,3753,28500,60500,4343,4,124,60,1,0
1,3754,62000,60500,4343,4,124,60,1,0
1,3755,31900,60500,4343,4,124,60,1,0
1,3756,34100,60500,4343,4,124,60,1,0
1,3757,38800,60500,4343,4,124,60,1,0
1,3758,34100,60500,4343,4,124,60,1,0
1,3759,28600,60500,4343,4,124,60,1,0
1,3760,21600,60500,4343,4,124,60,1,0
1,3761,29700,60500,4343,4,124,60,1,0
1,3762,27200,60500,4343,4,124,60,1,0
1,3763,36800,60500,4343,4,124,60,1,0
1,3764,30600,60500,4343,4,124,60,1,0
1,3765,34600,60500,4343,4,124,60,1,0
1,3766,50400,60500,4343,4,124,60,1,0
1,3767,34300,60500,4343,4,124,60,1,0
1,3768,39500,60500,4343,4,124,60,1,0
1,3769,26100,60500,4343,4,124,60,1,0
1,3770,45700,60500,4343,4,124,60,1,0
1,3771,27500,60500,4343,4,124,60,1,0
1,3772,28600,60500,4343,4,124,60,1,0
1,3773,31900,60500,4343,4,124,60,1,0
1,3774,38100,60500,4343,4,124,60,1,0
1,3775,34100,60500,4343,4,124,60,1,0
1,3776,39700,60500,4343,4,124,60,1,0
1,3777,39500,60500,4343,4,124,60,1,0
1,3778,46900,60500,4343,4,124,60,1,0
1,3779,28000,60500,4343,4,124,60,1,0
1,3780,31800,60500,4343,4,124,60,1,0
1,3781,28100,60500,4343,4,124,60,1,0
1,3782,30700,60500,4343,4,124,60,1,0
1,3783,24900,60500,4343,4,124,60,1,0
1,3784,27400,60500,4343,4,124,60,1,0
1,3785,44500,60500,4343,4,124,60,1,0
1,3786,37700,60500,4343,4,124,60,1,0
1,3787,40100,60500,4343,4,124,60,1,0
1,3788,90900,60500,4343,4,124,60,1,0
1,3789,39900,60500,4343,4,124,60,1,0
1,3790,69400,60500,4343,4,124,60,1,0
1,3791,33500,60500,4343,4,124,60,1,0
1,3792,35800,60500,4343,4,124,60,1,0
1,3793,21100,60500,4343,4,124,60,1,0
1,3794,33500,60500,4343,4,124,60,1,0
1,3795,26500,60500,4343,4,124,60,1,0
1,3796,42900,60500,4343,4,124,60,1,0
1,3797,46200,60500,4343,4,124,60,1,0
1,3798,44200,60500,4343,4,124,60,1,0
1,3799,44100,60500,4343,4,124,60,1,0
1,3800,57100,60500,4343,4,124,60,1,0
1,3801,55600,60500,4343,4,124,60,1,0
1,3802,32900,60500,4343,4,124,60,1,0
1,3803,27500,60500,4343,4,124,60,1,0
1,3804,29700,60500,4343,4,124,60,1,0
1,3805,30800,60500,4343,4,124,60,1,0
1,3806,50500,60500,4343,4,124,60,1,0
1,3807,20300,60500,4343,4,124,60,1,0
1,3808,62700,60500,4343,4,124,60,1,0
1,3809,36500,60500,4343,4,124,60,1,0
1,3810,45400,60500,4343,4,124,60,1,0
1,3811,36200,60500,4343,4,124,60,1,0
1,3812,38200,60500,4343,4,124,60,1,0
1,3813,46700,60500,4343,4,124,60,1,0
1,3814,36900,60500,4343,4,124,60,1,0
1,3815,35500,60500,4343,4,124,60,1,0
1,3816,37400,60500,4343,4,124,60,1,0
1,3817,30300,60500,4343,4,124,60,1,0
1,3818,42100,60500,4343,4,124,60,1,0
1,3819,33700,60500,4343,4,124,60,1,0
1,3820,32000,60500,4343,4,124,60,1,0
1,3821,38000,60500,4343,4,124,60,1,0
1,3822,29700,60500,4343,4,124,60,1,0
1,3823,29100,60500,4343,4,124,60,1,0
1,3824,34700,60500,4343,4,124,60,1,0
1,3825,36400,60500,4343,4,124,60,1,0
1,3826,37500,60500,4343,4,124,60,1,0
1,3827,38800,60500,4343,4,124,60,1,0
1,3828,44800,60500,4343,4,124,60,1,0
1,3829,35100,60500,4343,4,124,60,1,0
1,3830,19100,60500,4343,4,124,60,1,0
1,3831,37200,60500,4343,4,124,60,1,0
1,3832,40700,60500,4343,4,124,60,1,0
1,3833,37600,60500,4343,4,124,60,1,0
1,3834,38200,60500,4343,4,124,60,1,0
1,3835,25600,60500,4343,4,124,60,1,0
1,3836,36100,60500,4343,4,124,60,1,0
1,3837,37800,60500,4343,4,124,60,1,0
1,3838,46400,60500,4343,4,124,60,1,0
1,3839,34500,60500,4343,4,124,60,1,0
1,3840,36100,60500,4343,4,124,60,1,0
1,3841,31900,60500,4343,4,124,60,1,0
1,3842,31600,60500,4343,4,124,60,1,0
1,3843,29800,60500,4343,4,124,60,1,0
1,3844,47100,60500,4343,4,124,60,1,0
1,3845,27400,60500,4343,4,124,60,1,0
1,3846,46800,60500,4343,4,124,60,1,0
1,3847,119800,60500,4343,4,124,60,1,0
1,3848,76800,60500,4343,4,124,60,1,0
1,3849,35200,60500,4343,4,124,60,1,0
1,3850,33900,60500,4343,4,124,60,1,0
1,3851,44000,60500,4343,4,124,60,1,0
1,3852,54700,60500,4343,4,124,60,1,0
1,3853,19100,60500,4343,4,124,60,1,0
1,3854,42700,60500,4343,4,124,60,1,0
1,3855,63600,60500,4343,4,124,60,1,0
1,3856,60800,60500,4343,4,124,60,1,0
1,3857,36700,60500,4343,4,124,60,1,0
1,3858,37100,60500,4343,4,124,60,1,0
1,3859,25300,60500,4343,4,124,60,1,0
1,3860,29700,60500,4343,4,124,60,1,0
1,3861,29200,60500,4343,4,124,60,1,0
1,3862,48700,60500,4343,4,124,60,1,0
1,3863,31900,60500,4343,4,124,60,1,0
1,3864,39800,60500,4343,4,124,60,1,0
1,3865,35400,60500,4343,4,124,60,1,0
1,3866,61300,60500,4343,4,124,60,1,0
1,3867,26000,60500,4343,4,124,60,1,0
1,3868,102700,60500,4343,4,124,60,1,0
1,3869,37500,60500,4343,4,124,60,1,0
1,3870,29100,60500,4343,4,124,60,1,0
1,3871,29800,60500,4343,4,124,60,1,0
1,3872,40700,60500,4343,4,124,60,1,0
1,3873,27600,60500,4343,4,124,60,1,0
1,3874,46000,60500,4343,4,124,60,1,0
1,3875,34200,60500,4343,4,124,60,1,0
1,3876,42300,60500,4343,4,124,60,1,0
1,3877,35900,60500,4343,4,124,60,1,0
1,3878,35200,60500,4343,4,124,60,1,0
1,3879,38500,60500,4343,4,124,60,1,0
1,3880,47500,60500,4343,4,124,60,1,0
1,3881,102100,60500,4343,4,124,60,1,0
1,3882,37400,60500,4343,4,124,60,1,0
1,3883,37300,60500,4343,4,124,60,1,0
1,3884,64700,60500,4343,4,124,60,1,0
1,3885,39700,60500,4343,4,124,60,1,0
1,3886,53800,60500,4343,4,124,60,1,0
1,3887,33500,60500,4343,4,124,60,1,0
1,3888,25900,60500,4343,4,124,60,1,0
1,3889,33200,60500,4343,4,124,60,1,0
1,3890,27700,60500,4343,4,124,60,1,0
1,3891,43000,60500,4343,4,124,60,1,0
1,3892,30300,60500,4343,4,124,60,1,0
1,3893,42000,60500,4343,4,124,60,1,0
1,3894,26600,60500,4343,4,124,60,1,0
1,3895,36100,60500,4343,4,124,60,1,0
1,3896,30000,60500,4343,4,124,60,1,0
1,3897,33500,60500,4343,4,124,60,1,0
1,3898,42600,60500,4343,4,124,60,1,0
1,3899,30100,60500,4343,4,124,60,1,0
1,3900,42200,60500,4343,4,124,60,1,0
1,3901,28600,60500,4343,4,124,60,1,0
1,3902,36400,60500,4343,4,124,60,1,0
1,3903,39200,60500,4343,4,124,60,1,0
1,3904,42600,60500,4343,4,124,60,1,0
1,3905,101800,60500,4343,4,124,60,1,0
1,3906,34600,60500,4343,4,124,60,1,0
1,3907,37500,60500,4343,4,124,60,1,0
1,3908,119200,60500,4343,4,124,60,1,0
1,3909,34700,60500,4343,4,124,60,1,0
1,3910,37300,60500,4343,4,124,60,1,0
1,3911,38100,60500,4343,4,124,60,1,0
1,3912,141500,60500,4343,4,124,60,1,0
1,3913,37600,60500,4343,4,124,60,1,0
1,3914,41800,60500,4343,4,124,60,1,0
1,3915,36100,60500,4343,4,124,60,1,0
1,3916,32000,60500,4343,4,124,60,1,0
1,3917,38000,60500,4343,4,124,60,1,0
1,3918,66300,60500,4343,4,124,60,1,0
1,3919,35300,60500,4343,4,124,60,1,0
1,3920,35000,60500,4343,4,124,60,1,0
1,3921,38100,60500,4343,4,124,60,1,0
1,3922,36400,60500,4343,4,124,60,1,0
1,3923,32100,60500,4343,4,124,60,1,0
1,3924,29200,60500,4343,4,124,60,1,0
1,3925,43400,60500,4343,4,124,60,1,0
1,3926,30400,60500,4343,4,124,60,1,0
1,3927,31500,60500,4343,4,124,60,1,0
1,3928,25500,60500,4343,4,124,60,1,0
1,3929,31400,60500,4343,4,124,60,1,0
1,3930,33300,60500,4343,4,124,60,1,0
1,3931,22200,60500,4343,4,124,60,1,0
1,3932,35100,60500,4343,4,124,60,1,0
1,3933,25900,60500,4343,4,124,60,1,0
1,3934,42400,60500,4343,4,124,60,1,0
1,3935,37100,60500,4343,4,124,60,1,0
1,3936,29700,60500,4343,4,124,60,1,0
1,3937,25700,60500,4343,4,124,60,1,0
1,3938,22100,60500,4343,4,124,60,1,0
1,3939,24300,60500,4343,4,124,60,1,0
1,3940,43100,60500,4343,4,124,60,1,0
1,3941,40600,60500,4343,4,124,60,1,0
1,3942,30200,60500,4343,4,124,60,1,0
1,3943,25900,60500,4343,4,124,60,1,0
1,3944,32800,60500,4343,4,124,60,1,0
1,3945,23600,60500,4343,4,124,60,1,0
1,3946,51000,60500,4343,4,124,60,1,0
1,3947,32900,60500,4343,4,124,60,1,0
1,3948,46100,60500,4343,4,124,60,1,0
1,3949,30100,60500,4343,4,124,60,1,0
1,3950,31500,60500,4343,4,124,60,1,0
1,3951,21000,60500,4343,4,124,60,1,0
1,3952,50200,60500,4343,4,124,60,1,0
1,3953,32600,60500,4343,4,124,60,1,0
1,3954,36300,60500,4343,4,124,60,1,0
1,3955,24600,60500,4343,4,124,60,1,0
1,3956,35600,60500,4343,4,124,60,1,0
1,3957,36000,60500,4343,4,124,60,1,0
1,3958,44500,60500,4343,4,124,60,1,0
1,3959,23700,60500,4343,4,124,60,1,0
1,3960,28400,60500,4343,4,124,60,1,0
1,3961,35900,60500,4343,4,124,60,1,0
1,3962,34900,60500,4343,4,124,60,1,0
1,3963,26500,60500,4343,4,124,60,1,0
1,3964,30000,60500,4343,4,124,60,1,0
1,3965,41200,60500,4343,4,124,60,1,0
1,3966,42800,60500,4343,4,124,60,1,0
1,3967,43000,60500,4343,4,124,60,1,0
1,3968,36400,60500,4343,4,124,60,1,0
1,3969,38900,60500,4343,4,124,60,1,0
1,3970,46500,60500,4343,4,124,60,1,0
1,3971,37300,60500,4343,4,124,60,1,0
1,3972,36800,60500,4343,4,124,60,1,0
1,3973,29100,60500,4343,4,124,60,1,0
1,3974,60900,60500,4343,4,124,60,1,0
1,3975,42200,60500,4343,4,124,60,1,0
1,3976,40500,60500,4343,4,124,60,1,0
1,3977,29500,60500,4343,4,124,60,1,0
1,3978,29300,60500,4343,4,124,60,1,0
1,3979,24100,60500,4343,4,124,60,1,0
1,3980,42400,60500,4343,4,124,60,1,0
1,3981,20000,60500,4343,4,124,60,1,0
1,3982,35200,60500,4343,4,124,60,1,0
1,3983,41400,60500,4343,4,124,60,1,0
1,3984,22800,60500,4343,4,124,60,1,0
1,3985,32400,60500,4343,4,124,60,1,0
1,3986,39000,60500,4343,4,124,60,1,0
1,3987,31900,60500,4343,4,124,60,1,0
1,3988,44300,60500,4343,4,124,60,1,0
1,3989,22000,60500,4343,4,124,60,1,0
1,3990,28000,60500,4343,4,124,60,1,0
1,3991,37300,60500,4343,4,124,60,1,0
1,3992,37500,60500,4343,4,124,60,1,0
1,3993,34500,60500,4343,4,124,60,1,0
1,3994,35600,60500,4343,4,124,60,1,0
1,3995,28500,60500,4343,4,124,60,1,0
1,3996,36400,60500,4343,4,124,60,1,0
1,3997,37500,60500,4343,4,124,60,1,0
1,3998,37500,60500,4343,4,124,60,1,0
1,3999,32200,60500,4343,4,124,60,1,0
1,4000,27400,60500,4343,4,124,60,1,0
1,4001,33700,60500,4343,4,124,60,1,0
1,4002,31800,60500,4343,4,124,60,1,0
1,4003,32000,60500,4343,4,124,60,1,0
1,4004,24400,60500,4343,4,124,60,1,0
1,4005,39300,60500,4343,4,124,60,1,0
1,4006,40900,60500,4343,4,124,60,1,0
1,4007,35000,60500,4343,4,124,60,1,0
1,4008,58000,60500,4343,4,124,60,1,0
1,4009,46400,60500,4343,4,124,60,1,0
1,4010,47000,60500,4343,4,124,60,1,0
1,4011,34400,60500,4343,4,124,60,1,0
1,4012,43500,60500,4343,4,124,60,1,0
1,4013,32900,60500,4343,4,124,60,1,0
1,4014,37700,60500,4343,4,124,60,1,0
1,4015,31400,60500,4343,4,124,60,1,0
1,4016,49300,60500,4343,4,124,60,1,0
1,4017,33300,60500,4343,4,124,60,1,0
1,4018,27700,60500,4343,4,124,60,1,0
1,4019,43200,60500,4343,4,124,60,1,0
1,4020,22000,60500,4343,4,124,60,1,0
1,4021,19200,60500,4343,4,124,60,1,0
1,4022,36200,60500,4343,4,124,60,1,0
1,4023,33400,60500,4343,4,124,60,1,0
1,4024,36800,60500,4343,4,124,60,1,0
1,4025,37400,60500,4343,4,124,60,1,0
1,4026,35100,60500,4343,4,124,60,1,0
1,4027,34700,60500,4343,4,124,60,1,0
1,4028,37500,60500,4343,4,124,60,1,0
1,4029,27600,60500,4343,4,124,60,1,0
1,4030,55500,60500,4343,4,124,60,1,0
1,4031,41700,60500,4343,4,124,60,1,0
1,4032,73700,60500,4343,4,124,60,1,0
1,4033,39500,60500,4343,4,124,60,1,0
1,4034,40800,60500,4343,4,124,60,1,0
1,4035,34900,60500,4343,4,124,60,1,0
1,4036,35800,60500,4343,4,124,60,1,0
1,4037,30400,60500,4343,4,124,60,1,0
1,4038,38700,60500,4343,4,124,60,1,0
1,4039,32300,60500,4343,4,124,60,1,0
1,4040,43100,60500,4343,4,124,60,1,0
1,4041,33700,60500,4343,4,124,60,1,0
1,4042,81000,60500,4343,4,124,60,1,0
1,4043,37600,60500,4343,4,124,60,1,0
1,4044,60300,60500,4343,4,124,60,1,0
1,4045,28400,60500,4343,4,124,60,1,0
1,4046,29800,60500,4343,4,124,60,1,0
1,4047,30400,60500,4343,4,124,60,1,0
1,4048,45500,60500,4343,4,124,60,1,0
1,4049,29000,60500,4343,4,124,60,1,0
1,4050,40400,60500,4343,4,124,60,1,0
1,4051,26800,60500,4343,4,124,60,1,0
1,4052,39400,60500,4343,4,124,60,1,0
1,4053,34400,60500,4343,4,124,60,1,0
1,4054,40200,60500,4343,4,124,60,1,0
1,4055,33300,60500,4343,4,124,60,1,0
1,4056,37900,60500,4343,4,124,60,1,0
1,4057,27200,60500,4343,4,124,60,1,0
1,4058,42400,60500,4343,4,124,60,1,0
1,4059,31400,60500,4343,4,124,60,1,0
1,4060,34300,60500,4343,4,124,60,1,0
1,4061,27600,60500,4343,4,124,60,1,0
1,4062,34100,60500,4343,4,124,60,1,0
1,4063,32600,60500,4343,4,124,60,1,0
1,4064,40200,60500,4343,4,124,60,1,0
1,4065,24700,60500,4343,4,124,60,1,0
1,4066,37800,60500,4343,4,124,60,1,0
1,4067,31900,60500,4343,4,124,60,1,0
1,4068,29600,60500,4343,4,124,60,1,0
1,4069,30500,60500,4343,4,124,60,1,0
1,4070,38500,60500,4343,4,124,60,1,0
1,4071,34800,60500,4343,4,124,60,1,0
1,4072,37600,60500,4343,4,124,60,1,0
1,4073,34800,60500,4343,4,124,60,1,0
1,4074,35300,60500,4343,4,124,60,1,0
1,4075,35800,60500,4343,4,124,60,1,0
1,4076,36200,60500,4343,4,124,60,1,0
1,4077,32900,60500,4343,4,124,60,1,0
1,4078,28200,60500,4343,4,124,60,1,0
1,4079,33400,60500,4343,4,124,60,1,0
1,4080,36200,60500,4343,4,124,60,1,0
1,4081,31300,60500,4343,4,124,60,1,0
1,4082,41700,60500,4343,4,124,60,1,0
1,4083,34200,60500,4343,4,124,60,1,0
1,4084,35500,60500,4343,4,124,60,1,0
1,4085,30800,60500,4343,4,124,60,1,0
1,4086,44900,60500,4343,4,124,60,1,0
1,4087,39200,60500,4343,4,124,60,1,0
1,4088,42400,60500,4343,4,124,60,1,0
1,4089,38800,60500,4343,4,124,60,1,0
1,4090,39400,60500,4343,4,124,60,1,0
1,4091,28300,60500,4343,4,124,60,1,0
1,4092,29200,60500,4343,4,124,60,1,0
1,4093,37400,60500,4343,4,124,60,1,0
1,4094,41500,60500,4343,4,124,60,1,0
1,4095,37800,60500,4343,4,124,60,1,0
1,4096,27900,60500,4343,4,124,60,1,0
1,4097,34500,60500,4343,4,124,60,1,0
1,4098,37400,60500,4343,4,124,60,1,0
1,4099,34100,60500,4343,4,124,60,1,0
1,4100,42900,60500,4343,4,124,60,1,0
1,4101,26200,60500,4343,4,124,60,1,0
1,4102,37400,60500,4343,4,124,60,1,0
1,4103,24500,60500,4343,4,124,60,1,0
1,4104,38300,60500,4343,4,124,60,1,0
1,4105,43500,60500,4343,4,124,60,1,0
1,4106,33700,60500,4343,4,124,60,1,0
1,4107,32600,60500,4343,4,124,60,1,0
1,4108,36300,60500,4343,4,124,60,1,0
1,4109,29100,60500,4343,4,124,60,1,0
1,4110,41700,60500,4343,4,124,60,1,0
1,4111,34800,60500,4343,4,124,60,1,0
1,4112,39600,60500,4343,4,124,60,1,0
1,4113,34400,60500,4343,4,124,60,1,0
1,4114,39100,60500,4343,4,124,60,1,0
1,4115,30400,60500,4343,4,124,60,1,0
1,4116,43900,60500,4343,4,124,60,1,0
1,4117,27700,60500,4343,4,124,60,1,0
1,4118,30100,60500,4343,4,124,60,1,0
1,4119,23700,60500,4343,4,124,60,1,0
1,4120,39400,60500,4343,4,124,60,1,0
1,4121,35000,60500,4343,4,124,60,1,0
1,4122,60500,60500,4343,4,124,60,1,0
1,4123,32300,60500,4343,4,124,60,1,0
1,4124,44000,60500,4343,4,124,60,1,0
1,4125,38500,60500,4343,4,124,60,1,0
1,4126,61900,60500,4343,4,124,60,1,0
1,4127,25900,60500,4343,4,124,60,1,0
1,4128,35700,60500,4343,4,124,60,1,0
1,4129,33400,60500,4343,4,124,60,1,0
1,4130,34500,60500,4343,4,124,60,1,0
1,4131,20200,60500,4343,4,124,60,1,0
1,4132,32500,60500,4343,4,124,60,1,0
1,4133,41300,60500,4343,4,124,60,1,0
1,4134,28900,60500,4343,4,124,60,1,0
1,4135,46600,60500,4343,4,124,60,1,0
1,4136,36000,60500,4343,4,124,60,1,0
1,4137,32000,60500,4343,4,124,60,1,0
1,4138,42700,60500,4343,4,124,60,1,0
1,4139,40500,60500,4343,4,124,60,1,0
1,4140,42900,60500,4343,4,124,60,1,0
1,4141,33200,60500,4343,4,124,60,1,0
1,4142,32700,60500,4343,4,124,60,1,0
1,4143,36400,60500,4343,4,124,60,1,0
1,4144,35800,60500,4343,4,124,60,1,0
1,4145,206500,60500,4343,4,124,60,1,0
1,4146,28100,60500,4343,4,124,60,1,0
1,4147,38000,60500,4343,4,124,60,1,0
1,4148,26200,60500,4343,4,124,60,1,0
1,4149,37300,60500,4343,4,124,60,1,0
1,4150,35400,60500,4343,4,124,60,1,0
1,4151,26600,60500,4343,4,124,60,1,0
1,4152,35900,60500,4343,4,124,60,1,0
1,4153,35400,60500,4343,4,124,60,1,0
1,4154,39100,60500,4343,4,124,60,1,0
1,4155,34900,60500,4343,4,124,60,1,0
1,4156,32700,60500,4343,4,124,60,1,0
1,4157,32200,60500,4343,4,124,60,1,0
1,4158,42300,60500,4343,4,124,60,1,0
1,4159,34000,60500,4343,4,124,60,1,0
1,4160,31100,60500,4343,4,124,60,1,0
1,4161,31600,60500,4343,4,124,60,1,0
1,4162,28700,60500,4343,4,124,60,1,0
1,4163,33600,60500,4343,4,124,60,1,0
1,4164,33500,60500,4343,4,124,60,1,0
1,4165,26900,60500,4343,4,124,60,1,0
1,4166,37100,60500,4343,4,124,60,1,0
1,4167,37900,60500,4343,4,124,60,1,0
1,4168,37900,60500,4343,4,124,60,1,0
1,4169,28500,60500,4343,4,124,60,1,0
1,4170,32100,60500,4343,4,124,60,1,0
1,4171,26900,60500,4343,4,124,60,1,0
1,4172,38800,60500,4343,4,124,60,1,0
1,4173,36900,60500,4343,4,124,60,1,0
1,4174,46600,60500,4343,4,124,60,1,0
1,4175,24600,60500,4343,4,124,60,1,0
1,4176,31800,60500,4343,4,124,60,1,0
1,4177,34600,60500,4343,4,124,60,1,0
1,4178,35100,60500,4343,4,124,60,1,0
1,4179,35200,60500,4343,4,124,60,1,0
1,4180,38400,60500,4343,4,124,60,1,0
1,4181,32900,60500,4343,4,124,60,1,0
1,4182,32300,60500,4343,4,124,60,1,0
1,4183,38400,60500,4343,4,124,60,1,0
1,4184,28100,60500,4343,4,124,60,1,0
1,4185,34100,60500,4343,4,124,60,1,0
1,4186,22800,60500,4343,4,124,60,1,0
1,4187,44500,60500,4343,4,124,60,1,0
1,4188,30100,60500,4343,4,124,60,1,0
1,4189,31800,60500,4343,4,124,60,1,0
1,4190,59000,60500,4343,4,124,60,1,0
1,4191,41000,60500,4343,4,124,60,1,0
1,4192,39200,60500,4343,4,124,60,1,0
1,4193,29000,60500,4343,4,124,60,1,0
1,4194,31100,60500,4343,4,124,60,1,0
1,4195,32600,60500,4343,4,124,60,1,0
1,4196,28600,60500,4343,4,124,60,1,0
1,4197,25900,60500,4343,4,124,60,1,0
1,4198,36000,60500,4343,4,124,60,1,0
1,4199,25200,60500,4343,4,124,60,1,0
1,4200,36100,60500,4343,4,124,60,1,0
1,4201,35100,60500,4343,4,124,60,1,0
1,4202,35000,60500,4343,4,124,60,1,0
1,4203,37100,60500,4343,4,124,60,1,0
1,4204,37000,60500,4343,4,124,60,1,0
1,4205,33300,60500,4343,4,124,60,1,0
1,4206,35900,60500,4343,4,124,60,1,0
1,4207,27300,60500,4343,4,124,60,1,0
1,4208,37700,60500,4343,4,124,60,1,0
1,4209,33100,60500,4343,4,124,60,1,0
1,4210,38500,60500,4343,4,124,60,1,0
1,4211,35500,60500,4343,4,124,60,1,0
1,4212,53100,60500,4343,4,124,60,1,0
1,4213,32100,60500,4343,4,124,60,1,0
1,4214,46600,60500,4343,4,124,60,1,0
1,4215,33300,60500,4343,4,124,60,1,0
1,4216,35900,60500,4343,4,124,60,1,0
1,4217,79300,60500,4343,4,124,60,1,0
1,4218,37900,60500,4343,4,124,60,1,0
1,4219,36800,60500,4343,4,124,60,1,0
1,4220,28200,60500,4343,4,124,60,1,0
1,4221,35000,60500,4343,4,124,60,1,0
1,4222,33200,60500,4343,4,124,60,1,0
1,4223,26200,60500,4343,4,124,60,1,0
1,4224,23500,60500,4343,4,124,60,1,0
1,4225,28400,60500,4343,4,124,60,1,0
1,4226,37200,60500,4343,4,124,60,1,0
1,4227,35000,60500,4343,4,124,60,1,0
1,4228,36100,60500,4343,4,124,60,1,0
1,4229,28700,60500,4343,4,124,60,1,0
1,4230,20000,60500,4343,4,124,60,1,0
1,4231,36700,60500,4343,4,124,60,1,0
1,4232,44100,60500,4343,4,124,60,1,0
1,4233,29600,60500,4343,4,124,60,1,0
1,4234,45100,60500,4343,4,124,60,1,0
1,4235,39800,60500,4343,4,124,60,1,0
1,4236,74700,60500,4343,4,124,60,1,0
1,4237,33000,60500,4343,4,124,60,1,0
1,4238,54100,60500,4343,4,124,60,1,0
1,4239,31600,60500,4343,4,124,60,1,0
1,4240,39200,60500,4343,4,124,60,1,0
1,4241,31500,60500,4343,4,124,60,1,0
1,4242,37900,60500,4343,4,124,60,1,0
1,4243,27900,60500,4343,4,124,60,1,0
1,4244,41900,60500,4343,4,124,60,1,0
1,4245,35300,60500,4343,4,124,60,1,0
1,4246,33800,60500,4343,4,124,60,1,0
1,4247,40200,60500,4343,4,124,60,1,0
1,4248,192700,60500,4343,4,124,60,1,0
1,4249,34200,60500,4343,4,124,60,1,0
1,4250,40300,60500,4343,4,124,60,1,0
1,4251,49500,60500,4343,4,124,60,1,0
1,4252,57800,60500,4343,4,124,60,1,0
1,4253,38400,60500,4343,4,124,60,1,0
1,4254,37000,60500,4343,4,124,60,1,0
1,4255,48400,60500,4343,4,124,60,1,0
1,4256,36700,60500,4343,4,124,60,1,0
1,4257,28900,60500,4343,4,124,60,1,0
1,4258,79300,60500,4343,4,124,60,1,0
1,4259,36200,60500,4343,4,124,60,1,0
1,4260,45900,60500,4343,4,124,60,1,0
1,4261,25400,60500,4343,4,124,60,1,0
1,4262,52900,60500,4343,4,124,60,1,0
1,4263,32500,60500,4343,4,124,60,1,0
1,4264,35400,60500,4343,4,124,60,1,0
1,4265,33700,60500,4343,4,124,60,1,0
1,4266,39800,60500,4343,4,124,60,1,0
1,4267,39300,60500,4343,4,124,60,1,0
1,4268,42400,60500,4343,4,124,60,1,0
1,4269,37300,60500,4343,4,124,60,1,0
1,4270,48500,60500,4343,4,124,60,1,0
1,4271,36800,60500,4343,4,124,60,1,0
1,4272,36300,60500,4343,4,124,60,1,0
1,4273,29200,60500,4343,4,124,60,1,0
1,4274,28000,60500,4343,4,124,60,1,0
1,4275,20700,60500,4343,4,124,60,1,0
1,4276,36200,60500,4343,4,124,60,1,0
1,4277,33500,60500,4343,4,124,60,1,0
1,4278,42800,60500,4343,4,124,60,1,0
1,4279,40000,60500,4343,4,124,60,1,0
1,4280,51300,60500,4343,4,124,60,1,0
1,4281,34200,60500,4343,4,124,60,1,0
1,4282,34000,60500,4343,4,124,60,1,0
1,4283,23800,60500,4343,4,124,60,1,0
1,4284,38600,60500,4343,4,124,60,1,0
1,4285,28500,60500,4343,4,124,60,1,0
1,4286,34000,60500,4343,4,124,60,1,0
1,4287,40100,60500,4343,4,124,60,1,0
1,4288,28400,60500,4343,4,124,60,1,0
1,4289,29500,60500,4343,4,124,60,1,0
1,4290,28000,60500,4343,4,124,60,1,0
1,4291,35500,60500,4343,4,124,60,1,0
1,4292,26100,60500,4343,4,124,60,1,0
1,4293,27900,60500,4343,4,124,60,1,0
1,4294,59200,60500,4343,4,124,60,1,0
1,4295,18400,60500,4343,4,124,60,1,0
1,4296,33300,60500,4343,4,124,60,1,0
1,4297,40800,60500,4343,4,124,60,1,0
1,4298,41200,60500,4343,4,124,60,1,0
1,4299,34700,60500,4343,4,124,60,1,0
1,4300,38300,60500,4343,4,124,60,1,0
1,4301,32200,60500,4343,4,124,60,1,0
1,4302,69400,60500,4343,4,124,60,1,0
1,4303,24300,60500,4343,4,124,60,1,0
1,4304,41700,60500,4343,4,124,60,1,0
1,4305,26600,60500,4343,4,124,60,1,0
1,4306,39600,60500,4343,4,124,60,1,0
1,4307,35600,60500,4343,4,124,60,1,0
1,4308,18500,60500,4343,4,124,60,1,0
1,4309,36100,60500,4343,4,124,60,1,0
1,4310,35700,60500,4343,4,124,60,1,0
1,4311,23800,60500,4343,4,124,60,1,0
1,4312,27700,60500,4343,4,124,60,1,0
1,4313,33100,60500,4343,4,124,60,1,0
1,4314,40900,60500,4343,4,124,60,1,0
1,4315,24200,60500,4343,4,124,60,1,0
1,4316,37900,60500,4343,4,124,60,1,0
1,4317,24100,60500,4343,4,124,60,1,0
1,4318,59800,60500,4343,4,124,60,1,0
1,4319,37700,60500,4343,4,124,60,1,0
1,4320,29600,60500,4343,4,124,60,1,0
1,4321,33900,60500,4343,4,124,60,1,0
1,4322,40100,60500,4343,4,124,60,1,0
1,4323,40400,60500,4343,4,124,60,1,0
1,4324,42000,60500,4343,4,124,60,1,0
1,4325,24900,60500,4343,4,124,60,1,0
1,4326,34700,60500,4343,4,124,60,1,0
1,4327,41500,60500,4343,4,124,60,1,0
1,4328,38100,60500,4343,4,124,60,1,0
1,4329,33900,60500,4343,4,124,60,1,0
1,4330,35400,60500,4343,4,124,60,1,0
1,4331,25000,60500,4343,4,124,60,1,0
1,4332,35000,60500,4343,4,124,60,1,0
1,4333,37000,60500,4343,4,124,60,1,0
1,4334,40800,60500,4343,4,124,60,1,0
1,4335,27400,60500,4343,4,124,60,1,0
1,4336,26100,60500,4343,4,124,60,1,0
1,4337,26500,60500,4343,4,124,60,1,0
1,4338,41500,60500,4343,4,124,60,1,0
1,4339,34000,60500,4343,4,124,60,1,0
1,4340,35900,60500,4343,4,124,60,1,0
1,4341,38600,60500,4343,4,124,60,1,0
1,4342,42300,60500,4343,4,124,60,1,0
1,4343,34700,60500,4343,4,124,60,1,0
1,4344,36800,60500,4343,4,124,60,1,0
1,4345,24600,60500,4343,4,124,60,1,0
1,4346,34600,60500,4343,4,124,60,1,0
1,4347,35700,60500,4343,4,124,60,1,0
1,4348,27600,60500,4343,4,124,60,1,0
1,4349,30100,60500,4343,4,124,60,1,0
1,4350,80500,60500,4343,4,124,60,1,0
1,4351,35900,60500,4343,4,124,60,1,0
1,4352,38400,60500,4343,4,124,60,1,0
1,4353,32700,60500,4343,4,124,60,1,0
1,4354,35500,60500,4343,4,124,60,1,0
1,4355,27500,60500,4343,4,124,60,1,0
1,4356,28500,60500,4343,4,124,60,1,0
1,4357,35600,60500,4343,4,124,60,1,0
1,4358,39900,60500,4343,4,124,60,1,0
1,4359,40700,60500,4343,4,124,60,1,0
1,4360,33100,60500,4343,4,124,60,1,0
1,4361,36600,60500,4343,4,124,60,1,0
1,4362,39200,60500,4343,4,124,60,1,0
1,4363,35600,60500,4343,4,124,60,1,0
1,4364,37900,60500,4343,4,124,60,1,0
1,4365,61500,60500,4343,4,124,60,1,0
1,4366,35800,60500,4343,4,124,60,1,0
1,4367,39600,60500,4343,4,124,60,1,0
1,4368,27800,60500,4343,4,124,60,1,0
1,4369,32700,60500,4343,4,124,60,1,0
1,4370,34600,60500,4343,4,124,60,1,0
1,4371,33400,60500,4343,4,124,60,1,0
1,4372,36100,60500,4343,4,124,60,1,0
1,4373,30000,60500,4343,4,124,60,1,0
1,4374,34100,60500,4343,4,124,60,1,0
1,4375,29000,60500,4343,4,124,60,1,0
1,4376,41500,60500,4343,4,124,60,1,0
1,4377,37900,60500,4343,4,124,60,1,0
1,4378,32800,60500,4343,4,124,60,1,0
1,4379,36400,60500,4343,4,124,60,1,0
1,4380,29900,60500,4343,4,124,60,1,0
1,4381,37200,60500,4343,4,124,60,1,0
1,4382,60700,60500,4343,4,124,60,1,0
1,4383,22800,60500,4343,4,124,60,1,0
1,4384,49400,60500,4343,4,124,60,1,0
1,4385,35800,60500,4343,4,124,60,1,0
1,4386,33900,60500,4343,4,124,60,1,0
1,4387,35400,60500,4343,4,124,60,1,0
1,4388,29100,60500,4343,4,124,60,1,0
1,4389,40500,60500,4343,4,124,60,1,0
1,4390,42700,60500,4343,4,124,60,1,0
1,4391,39100,60500,4343,4,124,60,1,0
1,4392,38500,60500,4343,4,124,60,1,0
1,4393,25200,60500,4343,4,124,60,1,0
1,4394,27400,60500,4343,4,124,60,1,0
1,4395,24400,60500,4343,4,124,60,1,0
1,4396,26900,60500,4343,4,124,60,1,0
1,4397,29400,60500,4343,4,124,60,1,0
1,4398,41100,60500,4343,4,124,60,1,0
1,4399,34000,60500,4343,4,124,60,1,0
1,4400,31200,60500,4343,4,124,60,1,0
1,4401,38700,60500,4343,4,124,60,1,0
1,4402,34700,60500,4343,4,124,60,1,0
1,4403,33500,60500,4343,4,124,60,1,0
1,4404,37500,60500,4343,4,124,60,1,0
1,4405,27900,60500,4343,4,124,60,1,0
1,4406,33600,60500,4343,4,124,60,1,0
1,4407,34900,60500,4343,4,124,60,1,0
1,4408,37800,60500,4343,4,124,60,1,0
1,4409,28100,60500,4343,4,124,60,1,0
1,4410,39800,60500,4343,4,124,60,1,0
1,4411,26300,60500,4343,4,124,60,1,0
1,4412,40500,60500,4343,4,124,60,1,0
1,4413,36100,60500,4343,4,124,60,1,0
1,4414,34200,60500,4343,4,124,60,1,0
1,4415,30600,60500,4343,4,124,60,1,0
1,4416,36600,60500,4343,4,124,60,1,0
1,4417,35500,60500,4343,4,124,60,1,0
1,4418,35900,60500,4343,4,124,60,1,0
1,4419,32600,60500,4343,4,124,60,1,0
1,4420,46400,60500,4343,4,124,60,1,0
1,4421,34600,60500,4343,4,124,60,1,0
1,4422,29600,60500,4343,4,124,60,1,0
1,4423,24600,60500,4343,4,124,60,1,0
1,4424,41200,60500,4343,4,124,60,1,0
1,4425,38700,60500,4343,4,124,60,1,0
1,4426,40200,60500,4343,4,124,60,1,0
1,4427,35700,60500,4343,4,124,60,1,0
1,4428,29600,60500,4343,4,124,60,1,0
1,4429,44300,60500,4343,4,124,60,1,0
1,4430,45200,60500,4343,4,124,60,1,0
1,4431,35200,60500,4343,4,124,60,1,0
1,4432,51000,60500,4343,4,124,60,1,0
1,4433,18300,60500,4343,4,124,60,1,0
1,4434,35600,60500,4343,4,124,60,1,0
1,4435,39500,60500,4343,4,124,60,1,0
1,4436,39400,60500,4343,4,124,60,1,0
1,4437,26500,60500,4343,4,124,60,1,0
1,4438,75600,60500,4343,4,124,60,1,0
1,4439,36400,60500,4343,4,124,60,1,0
1,4440,27600,60500,4343,4,124,60,1,0
1,4441,32100,60500,4343,4,124,60,1,0
1,4442,39600,60500,4343,4,124,60,1,0
1,4443,29600,60500,4343,4,124,60,1,0
1,4444,29100,60500,4343,4,124,60,1,0
1,4445,27600,60500,4343,4,124,60,1,0
1,4446,37400,60500,4343,4,124,60,1,0
1,4447,33000,60500,4343,4,124,60,1,0
1,4448,35500,60500,4343,4,124,60,1,0
1,4449,25300,60500,4343,4,124,60,1,0
1,4450,30600,60500,4343,4,124,60,1,0
1,4451,32100,60500,4343,4,124,60,1,0
1,4452,30600,60500,4343,4,124,60,1,0
1,4453,35500,60500,4343,4,124,60,1,0
1,4454,45800,60500,4343,4,124,60,1,0
1,4455,37900,60500,4343,4,124,60,1,0
1,4456,36400,60500,4343,4,124,60,1,0
1,4457,34000,60500,4343,4,124,60,1,0
1,4458,33400,60500,4343,4,124,60,1,0
1,4459,39300,60500,4343,4,124,60,1,0
1,4460,42800,60500,4343,4,124,60,1,0
1,4461,33300,60500,4343,4,124,60,1,0
1,4462,39600,60500,4343,4,124,60,1,0
1,4463,39200,60500,4343,4,124,60,1,0
1,4464,44200,60500,4343,4,124,60,1,0
1,4465,26300,60500,4343,4,124,60,1,0
1,4466,32700,60500,4343,4,124,60,1,0
1,4467,41000,60500,4343,4,124,60,1,0
1,4468,39200,60500,4343,4,124,60,1,0
1,4469,21600,60500,4343,4,124,60,1,0
1,4470,43000,60500,4343,4,124,60,1,0
1,4471,49800,60500,4343,4,124,60,1,0
1,4472,31000,60500,4343,4,124,60,1,0
1,4473,44800,60500,4343,4,124,60,1,0
1,4474,36700,60500,4343,4,124,60,1,0
1,4475,36500,60500,4343,4,124,60,1,0
1,4476,29600,60500,4343,4,124,60,1,0
1,4477,18800,60500,4343,4,124,60,1,0
1,4478,33200,60500,4343,4,124,60,1,0
1,4479,44000,60500,4343,4,124,60,1,0
1,4480,37600,60500,4343,4,124,60,1,0
1,4481,35300,60500,4343,4,124,60,1,0
1,4482,36600,60500,4343,4,124,60,1,0
1,4483,24600,60500,4343,4,124,60,1,0
1,4484,34100,60500,4343,4,124,60,1,0
1,4485,25700,60500,4343,4,124,60,1,0
1,4486,32000,60500,4343,4,124,60,1,0
1,4487,38600,60500,4343,4,124,60,1,0
1,4488,84500,60500,4343,4,124,60,1,0
1,4489,26600,60500,4343,4,124,60,1,0
1,4490,33200,60500,4343,4,124,60,1,0
1,4491,33400,60500,4343,4,124,60,1,0
1,4492,31900,60500,4343,4,124,60,1,0
1,4493,35400,60500,4343,4,124,60,1,0
1,4494,67000,60500,4343,4,124,60,1,0
1,4495,33900,60500,4343,4,124,60,1,0
1,4496,41800,60500,4343,4,124,60,1,0
1,4497,24600,60500,4343,4,124,60,1,0
1,4498,47500,60500,4343,4,124,60,1,0
1,4499,32400,60500,4343,4,124,60,1,0
1,4500,29500,60500,4343,4,124,60,1,0
1,4501,34700,60500,4343,4,124,60,1,0
1,4502,24300,60500,4343,4,124,60,1,0
1,4503,35000,60500,4343,4,124,60,1,0
1,4504,25500,60500,4343,4,124,60,1,0
1,4505,39100,60500,4343,4,124,60,1,0
1,4506,47300,60500,4343,4,124,60,1,0
1,4507,27400,60500,4343,4,124,60,1,0
1,4508,36100,60500,4343,4,124,60,1,0
1,4509,33900,60500,4343,4,124,60,1,0
1,4510,32100,60500,4343,4,124,60,1,0
1,4511,29700,60500,4343,4,124,60,1,0
1,4512,31700,60500,4343,4,124,60,1,0
1,4513,38400,60500,4343,4,124,60,1,0
1,4514,40900,60500,4343,4,124,60,1,0
1,4515,33200,60500,4343,4,124,60,1,0
1,4516,37700,60500,4343,4,124,60,1,0
1,4517,25000,60500,4343,4,124,60,1,0
1,4518,66100,60500,4343,4,124,60,1,0
1,4519,27200,60500,4343,4,124,60,1,0
1,4520,29800,60500,4343,4,124,60,1,0
1,4521,31200,60500,4343,4,124,60,1,0
1,4522,34800,60500,4343,4,124,60,1,0
1,4523,25500,60500,4343,4,124,60,1,0
1,4524,38700,60500,4343,4,124,60,1,0
1,4525,35300,60500,4343,4,124,60,1,0
1,4526,27700,60500,4343,4,124,60,1,0
1,4527,27300,60500,4343,4,124,60,1,0
1,4528,212000,60500,4343,4,124,60,1,0
1,4529,35200,60500,4343,4,124,60,1,0
1,4530,39500,60500,4343,4,124,60,1,0
1,4531,36600,60500,4343,4,124,60,1,0
1,4532,37300,60500,4343,4,124,60,1,0
1,4533,25300,60500,4343,4,124,60,1,0
1,4534,37900,60500,4343,4,124,60,1,0
1,4535,34500,60500,4343,4,124,60,1,0
1,4536,35100,60500,4343,4,124,60,1,0
1,4537,33700,60500,4343,4,124,60,1,0
1,4538,30300,60500,4343,4,124,60,1,0
1,4539,26700,60500,4343,4,124,60,1,0
1,4540,41500,60500,4343,4,124,60,1,0
1,4541,29800,60500,4343,4,124,60,1,0
1,4542,37000,60500,4343,4,124,60,1,0
1,4543,33900,60500,4343,4,124,60,1,0
1,4544,32300,60500,4343,4,124,60,1,0
1,4545,60000,60500,4343,4,124,60,1,0
1,4546,37300,60500,4343,4,124,60,1,0
1,4547,32800,60500,4343,4,124,60,1,0
1,4548,35300,60500,4343,4,124,60,1,0
1,4549,33900,60500,4343,4,124,60,1,0
1,4550,29600,60500,4343,4,124,60,1,0
1,4551,29300,60500,4343,4,124,60,1,0
1,4552,42100,60500,4343,4,124,60,1,0
1,4553,39500,60500,4343,4,124,60,1,0
1,4554,31600,60500,4343,4,124,60,1,0
1,4555,27100,60500,4343,4,124,60,1,0
1,4556,36800,60500,4343,4,124,60,1,0
1,4557,28600,60500,4343,4,124,60,1,0
1,4558,44600,60500,4343,4,124,60,1,0
1,4559,29900,60500,4343,4,124,60,1,0
1,4560,33400,60500,4343,4,124,60,1,0
1,4561,26400,60500,4343,4,124,60,1,0
1,4562,30500,60500,4343,4,124,60,1,0
1,4563,33600,60500,4343,4,124,60,1,0
1,4564,35500,60500,4343,4,124,60,1,0
1,4565,32700,60500,4343,4,124,60,1,0
1,4566,30700,60500,4343,4,124,60,1,0
1,4567,25300,60500,4343,4,124,60,1,0
1,4568,28500,60500,4343,4,124,60,1,0
1,4569,25000,60500,4343,4,124,60,1,0
1,4570,28600,60500,4343,4,124,60,1,0
1,4571,38200,60500,4343,4,124,60,1,0
1,4572,40000,60500,4343,4,124,60,1,0
1,4573,33300,60500,4343,4,124,60,1,0
1,4574,40400,60500,4343,4,124,60,1,0
1,4575,30000,60500,4343,4,124,60,1,0
1,4576,30100,60500,4343,4,124,60,1,0
1,4577,35500,60500,4343,4,124,60,1,0
1,4578,71100,60500,4343,4,124,60,1,0
1,4579,30300,60500,4343,4,124,60,1,0
1,4580,40000,60500,4343,4,124,60,1,0
1,4581,25000,60500,4343,4,124,60,1,0
1,4582,75000,60500,4343,4,124,60,1,0
1,4583,25200,60500,4343,4,124,60,1,0
1,4584,35700,60500,4343,4,124,60,1,0
1,4585,32900,60500,4343,4,124,60,1,0
1,4586,37500,60500,4343,4,124,60,1,0
1,4587,28700,60500,4343,4,124,60,1,0
1,4588,26600,60500,4343,4,124,60,1,0
1,4589,25500,60500,4343,4,124,60,1,0
1,4590,29000,60500,4343,4,124,60,1,0
1,4591,32700,60500,4343,4,124,60,1,0
1,4592,41100,60500,4343,4,124,60,1,0
1,4593,25900,60500,4343,4,124,60,1,0
1,4594,75600,60500,4343,4,124,60,1,0
1,4595,31800,60500,4343,4,124,60,1,0
1,4596,41900,60500,4343,4,124,60,1,0
1,4597,26700,60500,4343,4,124,60,1,0
1,4598,37800,60500,4343,4,124,60,1,0
1,4599,27200,60500,4343,4,124,60,1,0
1,4600,34200,60500,4343,4,124,60,1,0
1,4601,32900,60500,4343,4,124,60,1,0
1,4602,39600,60500,4343,4,124,60,1,0
1,4603,34100,60500,4343,4,124,60,1,0
1,4604,39100,60500,4343,4,124,60,1,0
1,4605,36400,60500,4343,4,124,60,1,0
1,4606,40500,60500,4343,4,124,60,1,0
1,4607,37900,60500,4343,4,124,60,1,0
1,4608,20600,60500,4343,4,124,60,1,0
1,4609,23900,60500,4343,4,124,60,1,0
1,4610,45300,60500,4343,4,124,60,1,0
1,4611,29900,60500,4343,4,124,60,1,0
1,4612,35500,60500,4343,4,124,60,1,0
1,4613,33800,60500,4343,4,124,60,1,0
1,4614,35700,60500,4343,4,124,60,1,0
1,4615,25500,60500,4343,4,124,60,1,0
1,4616,36800,60500,4343,4,124,60,1,0
1,4617,25600,60500,4343,4,124,60,1,0
1,4618,36200,60500,4343,4,124,60,1,0
1,4619,24600,60500,4343,4,124,60,1,0
1,4620,33900,60500,4343,4,124,60,1,0
1,4621,24700,60500,4343,4,124,60,1,0
1,4622,36300,60500,4343,4,124,60,1,0
1,4623,39500,60500,4343,4,124,60,1,0
1,4624,32700,60500,4343,4,124,60,1,0
1,4625,33000,60500,4343,4,124,60,1,0
1,4626,44500,60500,4343,4,124,60,1,0
1,4627,24000,60500,4343,4,124,60,1,0
1,4628,37600,60500,4343,4,124,60,1,0
1,4629,27400,60500,4343,4,124,60,1,0
1,4630,37400,60500,4343,4,124,60,1,0
1,4631,30800,60500,4343,4,124,60,1,0
1,4632,30800,60500,4343,4,124,60,1,0
1,4633,34100,60500,4343,4,124,60,1,0
1,4634,36800,60500,4343,4,124,60,1,0
1,4635,34800,60500,4343,4,124,60,1,0
1,4636,27200,60500,4343,4,124,60,1,0
1,4637,34200,60500,4343,4,124,60,1,0
1,4638,31500,60500,4343,4,124,60,1,0
1,4639,33400,60500,4343,4,124,60,1,0
1,4640,37000,60500,4343,4,124,60,1,0
1,4641,41500,60500,4343,4,124,60,1,0
1,4642,86400,60500,4343,4,124,60,1,0
1,4643,32100,60500,4343,4,124,60,1,0
1,4644,28800,60500,4343,4,124,60,1,0
1,4645,26300,60500,4343,4,124,60,1,0
1,4646,31500,60500,4343,4,124,60,1,0
1,4647,25200,60500,4343,4,124,60,1,0
1,4648,42100,60500,4343,4,124,60,1,0
1,4649,32000,60500,4343,4,124,60,1,0
1,4650,28200,60500,4343,4,124,60,1,0
1,4651,37100,60500,4343,4,124,60,1,0
1,4652,37300,60500,4343,4,124,60,1,0
1,4653,33800,60500,4343,4,124,60,1,0
1,4654,37100,60500,4343,4,124,60,1,0
1,4655,31400,60500,4343,4,124,60,1,0
1,4656,28400,60500,4343,4,124,60,1,0
1,4657,30700,60500,4343,4,124,60,1,0
1,4658,35900,60500,4343,4,124,60,1,0
1,4659,42200,60500,4343,4,124,60,1,0
1,4660,40700,60500,4343,4,124,60,1,0
1,4661,30100,60500,4343,4,124,60,1,0
1,4662,46500,60500,4343,4,124,60,1,0
1,4663,33500,60500,4343,4,124,60,1,0
1,4664,35900,60500,4343,4,124,60,1,0
1,4665,25200,60500,4343,4,124,60,1,0
1,4666,38700,60500,4343,4,124,60,1,0
1,4667,32300,60500,4343,4,124,60,1,0
1,4668,28900,60500,4343,4,124,60,1,0
1,4669,33400,60500,4343,4,124,60,1,0
1,4670,37500,60500,4343,4,124,60,1,0
1,4671,32800,60500,4343,4,124,60,1,0
1,4672,22500,60500,4343,4,124,60,1,0
1,4673,144100,60500,4343,4,124,60,1,0
1,4674,27500,60500,4343,4,124,60,1,0
1,4675,32800,60500,4343,4,124,60,1,0
1,4676,37500,60500,4343,4,124,60,1,0
1,4677,41000,60500,4343,4,124,60,1,0
1,4678,26200,60500,4343,4,124,60,1,0
1,4679,37800,60500,4343,4,124,60,1,0
1,4680,41000,60500,4343,4,124,60,1,0
1,4681,32600,60500,4343,4,124,60,1,0
1,4682,36300,60500,4343,4,124,60,1,0
1,4683,30100,60500,4343,4,124,60,1,0
1,4684,52000,60500,4343,4,124,60,1,0
1,4685,22300,60500,4343,4,124,60,1,0
1,4686,35800,60500,4343,4,124,60,1,0
1,4687,32100,60500,4343,4,124,60,1,0
1,4688,45900,60500,4343,4,124,60,1,0
1,4689,25900,60500,4343,4,124,60,1,0
1,4690,36000,60500,4343,4,124,60,1,0
1,4691,34200,60500,4343,4,124,60,1,0
1,4692,71800,60500,4343,4,124,60,1,0
1,4693,32200,60500,4343,4,124,60,1,0
1,4694,37000,60500,4343,4,124,60,1,0
1,4695,33100,60500,4343,4,124,60,1,0
1,4696,34900,60500,4343,4,124,60,1,0
1,4697,28500,60500,4343,4,124,60,1,0
1,4698,47500,60500,4343,4,124,60,1,0
1,4699,40400,60500,4343,4,124,60,1,0
1,4700,48000,60500,4343,4,124,60,1,0
1,4701,28700,60500,4343,4,124,60,1,0
1,4702,164300,60500,4343,4,124,60,1,0
1,4703,29400,60500,4343,4,124,60,1,0
1,4704,45200,60500,4343,4,124,60,1,0
1,4705,74400,60500,4343,4,124,60,1,0
1,4706,39200,60500,4343,4,124,60,1,0
1,4707,48000,60500,4343,4,124,60,1,0
1,4708,33700,60500,4343,4,124,60,1,0
1,4709,38100,60500,4343,4,124,60,1,0
1,4710,40700,60500,4343,4,124,60,1,0
1,4711,34100,60500,4343,4,124,60,1,0
1,4712,30200,60500,4343,4,124,60,1,0
1,4713,25600,60500,4343,4,124,60,1,0
1,4714,39600,60500,4343,4,124,60,1,0
1,4715,32400,60500,4343,4,124,60,1,0
1,4716,37500,60500,4343,4,124,60,1,0
1,4717,35300,60500,4343,4,124,60,1,0
1,4718,40200,60500,4343,4,124,60,1,0
1,4719,33300,60500,4343,4,124,60,1,0
1,4720,25900,60500,4343,4,124,60,1,0
1,4721,24400,60500,4343,4,124,60,1,0
1,4722,28500,60500,4343,4,124,60,1,0
1,4723,24800,60500,4343,4,124,60,1,0
1,4724,37800,60500,4343,4,124,60,1,0
1,4725,40100,60500,4343,4,124,60,1,0
1,4726,26000,60500,4343,4,124,60,1,0
1,4727,43700,60500,4343,4,124,60,1,0
1,4728,32100,60500,4343,4,124,60,1,0
1,4729,34200,60500,4343,4,124,60,1,0
1,4730,36400,60500,4343,4,124,60,1,0
1,4731,33200,60500,4343,4,124,60,1,0
1,4732,35100,60500,4343,4,124,60,1,0
1,4733,24800,60500,4343,4,124,60,1,0
1,4734,39700,60500,4343,4,124,60,1,0
1,4735,40800,60500,4343,4,124,60,1,0
1,4736,28100,60500,4343,4,124,60,1,0
1,4737,28300,60500,4343,4,124,60,1,0
1,4738,39500,60500,4343,4,124,60,1,0
1,4739,19700,60500,4343,4,124,60,1,0
1,4740,42600,60500,4343,4,124,60,1,0
1,4741,34300,60500,4343,4,124,60,1,0
1,4742,25100,60500,4343,4,124,60,1,0
1,4743,31300,60500,4343,4,124,60,1,0
1,4744,49300,60500,4343,4,124,60,1,0
1,4745,34600,60500,4343,4,124,60,1,0
1,4746,52700,60500,4343,4,124,60,1,0
1,4747,36100,60500,4343,4,124,60,1,0
1,4748,40900,60500,4343,4,124,60,1,0
1,4749,35500,60500,4343,4,124,60,1,0
1,4750,41600,60500,4343,4,124,60,1,0
1,4751,33800,60500,4343,4,124,60,1,0
1,4752,33300,60500,4343,4,124,60,1,0
1,4753,30000,60500,4343,4,124,60,1,0
1,4754,60400,60500,4343,4,124,60,1,0
1,4755,33500,60500,4343,4,124,60,1,0
1,4756,43900,60500,4343,4,124,60,1,0
1,4757,37500,60500,4343,4,124,60,1,0
1,4758,39000,60500,4343,4,124,60,1,0
1,4759,33000,60500,4343,4,124,60,1,0
1,4760,36800,60500,4343,4,124,60,1,0
1,4761,25300,60500,4343,4,124,60,1,0
1,4762,38800,60500,4343,4,124,60,1,0
1,4763,43000,60500,4343,4,124,60,1,0
1,4764,28400,60500,4343,4,124,60,1,0
1,4765,24700,60500,4343,4,124,60,1,0
1,4766,189500,60500,4343,4,124,60,1,0
1,4767,18200,60500,4343,4,124,60,1,0
1,4768,30900,60500,4343,4,124,60,1,0
1,4769,28200,60500,4343,4,124,60,1,0
1,4770,38100,60500,4343,4,124,60,1,0
1,4771,40300,60500,4343,4,124,60,1,0
1,4772,34200,60500,4343,4,124,60,1,0
1,4773,33100,60500,4343,4,124,60,1,0
1,4774,35500,60500,4343,4,124,60,1,0
1,4775,24800,60500,4343,4,124,60,1,0
1,4776,33900,60500,4343,4,124,60,1,0
1,4777,33800,60500,4343,4,124,60,1,0
1,4778,38600,60500,4343,4,124,60,1,0
1,4779,29400,60500,4343,4,124,60,1,0
1,4780,41700,60500,4343,4,124,60,1,0
1,4781,24700,60500,4343,4,124,60,1,0
1,4782,36500,60500,4343,4,124,60,1,0
1,4783,31900,60500,4343,4,124,60,1,0
1,4784,34200,60500,4343,4,124,60,1,0
1,4785,53900,60500,4343,4,124,60,1,0
1,4786,35800,60500,4343,4,124,60,1,0
1,4787,33800,60500,4343,4,124,60,1,0
1,4788,34000,60500,4343,4,124,60,1,0
1,4789,24800,60500,4343,4,124,60,1,0
1,4790,35400,60500,4343,4,124,60,1,0
1,4791,36800,60500,4343,4,124,60,1,0
1,4792,37800,60500,4343,4,124,60,1,0
1,4793,32400,60500,4343,4,124,60,1,0
1,4794,31500,60500,4343,4,124,60,1,0
1,4795,32300,60500,4343,4,124,60,1,0
1,4796,41300,60500,4343,4,124,60,1,0
1,4797,26000,60500,4343,4,124,60,1,0
1,4798,38300,60500,4343,4,124,60,1,0
1,4799,34300,60500,4343,4,124,60,1,0
1,4800,40700,60500,4343,4,124,60,1,0
1,4801,38800,60500,4343,4,124,60,1,0
1,4802,61300,60500,4343,4,124,60,1,0
1,4803,34200,60500,4343,4,124,60,1,0
1,4804,73200,60500,4343,4,124,60,1,0
1,4805,25600,60500,4343,4,124,60,1,0
1,4806,36600,60500,4343,4,124,60,1,0
1,4807,38500,60500,4343,4,124,60,1,0
1,4808,53600,60500,4343,4,124,60,1,0
1,4809,40500,60500,4343,4,124,60,1,0
1,4810,50600,60500,4343,4,124,60,1,0
1,4811,25000,60500,4343,4,124,60,1,0
1,4812,36000,60500,4343,4,124,60,1,0
1,4813,32200,60500,4343,4,124,60,1,0
1,4814,33200,60500,4343,4,124,60,1,0
1,4815,25100,60500,4343,4,124,60,1,0
1,4816,29900,60500,4343,4,124,60,1,0
1,4817,24700,60500,4343,4,124,60,1,0
1,4818,35800,60500,4343,4,124,60,1,0
1,4819,39300,60500,4343,4,124,60,1,0
1,4820,50100,60500,4343,4,124,60,1,0
1,4821,26300,60500,4343,4,124,60,1,0
1,4822,29800,60500,4343,4,124,60,1,0
1,4823,24300,60500,4343,4,124,60,1,0
1,4824,32100,60500,4343,4,124,60,1,0
1,4825,32900,60500,4343,4,124,60,1,0
1,4826,29500,60500,4343,4,124,60,1,0
1,4827,28200,60500,4343,4,124,60,1,0
1,4828,24600,60500,4343,4,124,60,1,0
1,4829,25000,60500,4343,4,124,60,1,0
1,4830,37800,60500,4343,4,124,60,1,0
1,4831,22800,60500,4343,4,124,60,1,0
1,4832,57800,60500,4343,4,124,60,1,0
1,4833,34700,60500,4343,4,124,60,1,0
1,4834,38700,60500,4343,4,124,60,1,0
1,4835,32500,60500,4343,4,124,60,1,0
1,4836,31000,60500,4343,4,124,60,1,0
1,4837,33300,60500,4343,4,124,60,1,0
1,4838,33900,60500,4343,4,124,60,1,0
1,4839,37400,60500,4343,4,124,60,1,0
1,4840,41700,60500,4343,4,124,60,1,0
1,4841,29600,60500,4343,4,124,60,1,0
1,4842,38400,60500,4343,4,124,60,1,0
1,4843,17300,60500,4343,4,124,60,1,0
1,4844,54600,60500,4343,4,124,60,1,0
1,4845,33600,60500,4343,4,124,60,1,0
1,4846,37700,60500,4343,4,124,60,1,0
1,4847,35600,60500,4343,4,124,60,1,0
1,4848,28300,60500,4343,4,124,60,1,0
1,4849,16700,60500,4343,4,124,60,1,0
1,4850,42900,60500,4343,4,124,60,1,0
1,4851,28900,60500,4343,4,124,60,1,0
1,4852,30800,60500,4343,4,124,60,1,0
1,4853,84000,60500,4343,4,124,60,1,0
1,4854,43900,60500,4343,4,124,60,1,0
1,4855,26600,60500,4343,4,124,60,1,0
1,4856,31300,60500,4343,4,124,60,1,0
1,4857,36800,60500,4343,4,124,60,1,0
1,4858,45500,60500,4343,4,124,60,1,0
1,4859,29800,60500,4343,4,124,60,1,0
1,4860,40100,60500,4343,4,124,60,1,0
1,4861,38500,60500,4343,4,124,60,1,0
1,4862,43100,60500,4343,4,124,60,1,0
1,4863,28000,60500,4343,4,124,60,1,0
1,4864,37200,60500,4343,4,124,60,1,0
1,4865,34300,60500,4343,4,124,60,1,0
1,4866,39100,60500,4343,4,124,60,1,0
1,4867,27900,60500,4343,4,124,60,1,0
1,4868,27100,60500,4343,4,124,60,1,0
1,4869,34100,60500,4343,4,124,60,1,0
1,4870,29400,60500,4343,4,124,60,1,0
1,4871,32100,60500,4343,4,124,60,1,0
1,4872,26700,60500,4343,4,124,60,1,0
1,4873,34000,60500,4343,4,124,60,1,0
1,4874,35900,60500,4343,4,124,60,1,0
1,4875,26200,60500,4343,4,124,60,1,0
1,4876,33400,60500,4343,4,124,60,1,0
1,4877,34500,60500,4343,4,124,60,1,0
1,4878,37500,60500,4343,4,124,60,1,0
1,4879,33900,60500,4343,4,124,60,1,0
1,4880,43600,60500,4343,4,124,60,1,0
1,4881,24800,60500,4343,4,124,60,1,0
1,4882,40300,60500,4343,4,124,60,1,0
1,4883,37500,60500,4343,4,124,60,1,0
1,4884,28100,60500,4343,4,124,60,1,0
1,4885,23700,60500,4343,4,124,60,1,0
1,4886,28200,60500,4343,4,124,60,1,0
1,4887,34300,60500,4343,4,124,60,1,0
1,4888,29800,60500,4343,4,124,60,1,0
1,4889,22900,60500,4343,4,124,60,1,0
1,4890,33800,60500,4343,4,124,60,1,0
1,4891,33800,60500,4343,4,124,60,1,0
1,4892,27500,60500,4343,4,124,60,1,0
1,4893,26000,60500,4343,4,124,60,1,0
1,4894,39500,60500,4343,4,124,60,1,0
1,4895,24200,60500,4343,4,124,60,1,0
1,4896,28900,60500,4343,4,124,60,1,0
1,4897,31600,60500,4343,4,124,60,1,0
1,4898,40700,60500,4343,4,124,60,1,0
1,4899,29500,60500,4343,4,124,60,1,0
1,4900,81800,60500,4343,4,124,60,1,0
1,4901,29400,60500,4343,4,124,60,1,0
1,4902,39500,60500,4343,4,124,60,1,0
1,4903,28700,60500,4343,4,124,60,1,0
1,4904,38800,60500,4343,4,124,60,1,0
1,4905,37000,60500,4343,4,124,60,1,0
1,4906,44800,60500,4343,4,124,60,1,0
1,4907,25400,60500,4343,4,124,60,1,0
1,4908,21000,60500,4343,4,124,60,1,0
1,4909,23400,60500,4343,4,124,60,1,0
1,4910,31100,60500,4343,4,124,60,1,0
1,4911,29800,60500,4343,4,124,60,1,0
1,4912,30400,60500,4343,4,124,60,1,0
1,4913,30900,60500,4343,4,124,60,1,0
1,4914,63000,60500,4343,4,124,60,1,0
1,4915,41600,60500,4343,4,124,60,1,0
1,4916,44000,60500,4343,4,124,60,1,0
1,4917,24800,60500,4343,4,124,60,1,0
1,4918,27600,60500,4343,4,124,60,1,0
1,4919,36000,60500,4343,4,124,60,1,0
1,4920,35900,60500,4343,4,124,60,1,0
1,4921,28600,60500,4343,4,124,60,1,0
1,4922,28800,60500,4343,4,124,60,1,0
1,4923,26500,60500,4343,4,124,60,1,0
1,4924,33200,60500,4343,4,124,60,1,0
1,4925,32500,60500,4343,4,124,60,1,0
1,4926,35300,60500,4343,4,124,60,1,0
1,4927,33900,60500,4343,4,124,60,1,0
1,4928,43600,60500,4343,4,124,60,1,0
1,4929,37100,60500,4343,4,124,60,1,0
1,4930,40100,60500,4343,4,124,60,1,0
1,4931,26000,60500,4343,4,124,60,1,0
1,4932,34100,60500,4343,4,124,60,1,0
1,4933,28500,60500,4343,4,124,60,1,0
1,4934,39600,60500,4343,4,124,60,1,0
1,4935,35600,60500,4343,4,124,60,1,0
1,4936,36700,60500,4343,4,124,60,1,0
1,4937,28100,60500,4343,4,124,60,1,0
1,4938,56100,60500,4343,4,124,60,1,0
1,4939,23600,60500,4343,4,124,60,1,0
1,4940,35700,60500,4343,4,124,60,1,0
1,4941,33500,60500,4343,4,124,60,1,0
1,4942,37500,60500,4343,4,124,60,1,0
1,4943,32500,60500,4343,4,124,60,1,0
1,4944,37000,60500,4343,4,124,60,1,0
1,4945,34200,60500,4343,4,124,60,1,0
1,4946,29800,60500,4343,4,124,60,1,0
1,4947,31900,60500,4343,4,124,60,1,0
1,4948,40500,60500,4343,4,124,60,1,0
1,4949,35400,60500,4343,4,124,60,1,0
1,4950,27600,60500,4343,4,124,60,1,0
1,4951,40600,60500,4343,4,124,60,1,0
1,4952,31100,60500,4343,4,124,60,1,0
1,4953,21900,60500,4343,4,124,60,1,0
1,4954,19500,60500,4343,4,124,60,1,0
1,4955,38600,60500,4343,4,124,60,1,0
1,4956,39300,60500,4343,4,124,60,1,0
1,4957,41900,60500,4343,4,124,60,1,0
1,4958,47100,60500,4343,4,124,60,1,0
1,4959,30800,60500,4343,4,124,60,1,0
1,4960,29600,60500,4343,4,124,60,1,0
1,4961,28800,60500,4343,4,124,60,1,0
1,4962,26800,60500,4343,4,124,60,1,0
1,4963,24000,60500,4343,4,124,60,1,0
1,4964,17400,60500,4343,4,124,60,1,0
1,4965,37300,60500,4343,4,124,60,1,0
1,4966,25700,60500,4343,4,124,60,1,0
1,4967,27600,60500,4343,4,124,60,1,0
1,4968,36800,60500,4343,4,124,60,1,0
1,4969,39500,60500,4343,4,124,60,1,0
1,4970,45400,60500,4343,4,124,60,1,0
1,4971,32700,60500,4343,4,124,60,1,0
1,4972,29800,60500,4343,4,124,60,1,0
1,4973,30800,60500,4343,4,124,60,1,0
1,4974,32100,60500,4343,4,124,60,1,0
1,4975,32900,60500,4343,4,124,60,1,0
1,4976,37700,60500,4343,4,124,60,1,0
1,4977,32500,60500,4343,4,124,60,1,0
1,4978,69500,60500,4343,4,124,60,1,0
1,4979,36400,60500,4343,4,124,60,1,0
1,4980,48200,60500,4343,4,124,60,1,0
1,4981,40800,60500,4343,4,124,60,1,0
1,4982,35600,60500,4343,4,124,60,1,0
1,4983,33300,60500,4343,4,124,60,1,0
1,4984,27700,60500,4343,4,124,60,1,0
1,4985,34400,60500,4343,4,124,60,1,0
1,4986,34300,60500,4343,4,124,60,1,0
1,4987,32100,60500,4343,4,124,60,1,0
1,4988,27600,60500,4343,4,124,60,1,0
1,4989,73500,60500,4343,4,124,60,1,0
1,4990,37500,60500,4343,4,124,60,1,0
1,4991,33800,60500,4343,4,124,60,1,0
1,4992,45100,60500,4343,4,124,60,1,0
1,4993,40200,60500,4343,4,124,60,1,0
1,4994,41500,60500,4343,4,124,60,1,0
1,4995,37700,60500,4343,4,124,60,1,0
1,4996,42700,60500,4343,4,124,60,1,0
1,4997,18900,60500,4343,4,124,60,1,0
1,4998,35800,60500,4343,4,124,60,1,0
1,4999,33100,60500,4343,4,124,60,1,0
1,5000,172500,60500,4343,4,124,60,1,0
1,5001,33900,60500,4343,4,124,60,1,0
1,5002,37500,60500,4343,4,124,60,1,0
1,5003,32500,60500,4343,4,124,60,1,0
1,5004,28500,60500,4343,4,124,60,1,0
1,5005,24800,60500,4343,4,124,60,1,0
1,5006,39000,60500,4343,4,124,60,1,0
1,5007,32700,60500,4343,4,124,60,1,0
1,5008,35800,60500,4343,4,124,60,1,0
1,5009,33900,60500,4343,4,124,60,1,0
1,5010,65300,60500,4343,4,124,60,1,0
1,5011,32400,60500,4343,4,124,60,1,0
1,5012,35000,60500,4343,4,124,60,1,0
1,5013,26900,60500,4343,4,124,60,1,0
1,5014,37100,60500,4343,4,124,60,1,0
1,5015,24400,60500,4343,4,124,60,1,0
1,5016,38600,60500,4343,4,124,60,1,0
1,5017,17600,60500,4343,4,124,60,1,0
1,5018,35800,60500,4343,4,124,60,1,0
1,5019,35100,60500,4343,4,124,60,1,0
1,5020,40600,60500,4343,4,124,60,1,0
1,5021,31100,60500,4343,4,124,60,1,0
1,5022,26000,60500,4343,4,124,60,1,0
1,5023,26900,60500,4343,4,124,60,1,0
1,5024,38200,60500,4343,4,124,60,1,0
1,5025,25700,60500,4343,4,124,60,1,0
1,5026,26300,60500,4343,4,124,60,1,0
1,5027,24900,60500,4343,4,124,60,1,0
1,5028,29100,60500,4343,4,124,60,1,0
1,5029,33700,60500,4343,4,124,60,1,0
1,5030,35500,60500,4343,4,124,60,1,0
1,5031,32400,60500,4343,4,124,60,1,0
1,5032,55900,60500,4343,4,124,60,1,0
1,5033,27700,60500,4343,4,124,60,1,0
1,5034,40400,60500,4343,4,124,60,1,0
1,5035,30400,60500,4343,4,124,60,1,0
1,5036,37200,60500,4343,4,124,60,1,0
1,5037,34600,60500,4343,4,124,60,1,0
1,5038,35500,60500,4343,4,124,60,1,0
1,5039,30700,60500,4343,4,124,60,1,0
1,5040,29700,60500,4343,4,124,60,1,0
1,5041,112800,60500,4343,4,124,60,1,0
1,5042,36100,60500,4343,4,124,60,1,0
1,5043,38500,60500,4343,4,124,60,1,0
1,5044,115600,60500,4343,4,124,60,1,0
1,5045,38600,60500,4343,4,124,60,1,0
1,5046,30000,60500,4343,4,124,60,1,0
1,5047,30100,60500,4343,4,124,60,1,0
1,5048,117700,60500,4343,4,124,60,1,0
1,5049,31700,60500,4343,4,124,60,1,0
1,5050,41700,60500,4343,4,124,60,1,0
1,5051,27100,60500,4343,4,124,60,1,0
1,5052,35600,60500,4343,4,124,60,1,0
1,5053,35100,60500,4343,4,124,60,1,0
1,5054,37000,60500,4343,4,124,60,1,0
1,5055,36000,60500,4343,4,124,60,1,0
1,5056,37400,60500,4343,4,124,60,1,0
1,5057,22900,60500,4343,4,124,60,1,0
1,5058,29400,60500,4343,4,124,60,1,0
1,5059,36500,60500,4343,4,124,60,1,0
1,5060,40100,60500,4343,4,124,60,1,0
1,5061,32900,60500,4343,4,124,60,1,0
1,5062,33200,60500,4343,4,124,60,1,0
1,5063,23700,60500,4343,4,124,60,1,0
1,5064,36700,60500,4343,4,124,60,1,0
1,5065,33900,60500,4343,4,124,60,1,0
1,5066,34400,60500,4343,4,124,60,1,0
1,5067,31900,60500,4343,4,124,60,1,0
1,5068,35600,60500,4343,4,124,60,1,0
1,5069,36300,60500,4343,4,124,60,1,0
1,5070,35800,60500,4343,4,124,60,1,0
1,5071,40300,60500,4343,4,124,60,1,0
1,5072,38200,60500,4343,4,124,60,1,0
1,5073,30900,60500,4343,4,124,60,1,0
1,5074,87200,60500,4343,4,124,60,1,0
1,5075,44900,60500,4343,4,124,60,1,0
1,5076,37100,60500,4343,4,124,60,1,0
1,5077,27900,60500,4343,4,124,60,1,0
1,5078,45000,60500,4343,4,124,60,1,0
1,5079,32300,60500,4343,4,124,60,1,0
1,5080,44400,60500,4343,4,124,60,1,0
1,5081,33300,60500,4343,4,124,60,1,0
1,5082,36600,60500,4343,4,124,60,1,0
1,5083,34000,60500,4343,4,124,60,1,0
1,5084,73600,60500,4343,4,124,60,1,0
1,5085,41200,60500,4343,4,124,60,1,0
1,5086,36500,60500,4343,4,124,60,1,0
1,5087,39300,60500,4343,4,124,60,1,0
1,5088,52000,60500,4343,4,124,60,1,0
1,5089,24900,60500,4343,4,124,60,1,0
1,5090,26900,60500,4343,4,124,60,1,0
1,5091,36500,60500,4343,4,124,60,1,0
1,5092,34100,60500,4343,4,124,60,1,0
1,5093,34800,60500,4343,4,124,60,1,0
1,5094,33500,60500,4343,4,124,60,1,0
1,5095,33900,60500,4343,4,124,60,1,0
1,5096,38500,60500,4343,4,124,60,1,0
1,5097,36000,60500,4343,4,124,60,1,0
1,5098,34300,60500,4343,4,124,60,1,0
1,5099,32400,60500,4343,4,124,60,1,0
1,5100,44300,60500,4343,4,124,60,1,0
1,5101,25000,60500,4343,4,124,60,1,0
1,5102,30800,60500,4343,4,124,60,1,0
1,5103,32700,60500,4343,4,124,60,1,0
1,5104,31300,60500,4343,4,124,60,1,0
1,5105,21400,60500,4343,4,124,60,1,0
1,5106,64700,60500,4343,4,124,60,1,0
1,5107,33900,60500,4343,4,124,60,1,0
1,5108,54300,60500,4343,4,124,60,1,0
1,5109,28200,60500,4343,4,124,60,1,0
1,5110,34200,60500,4343,4,124,60,1,0
1,5111,32600,60500,4343,4,124,60,1,0
1,5112,105600,60500,4343,4,124,60,1,0
1,5113,34500,60500,4343,4,124,60,1,0
1,5114,35900,60500,4343,4,124,60,1,0
1,5115,28300,60500,4343,4,124,60,1,0
1,5116,36500,60500,4343,4,124,60,1,0
1,5117,37100,60500,4343,4,124,60,1,0
1,5118,62600,60500,4343,4,124,60,1,0
1,5119,31900,60500,4343,4,124,60,1,0
1,5120,36300,60500,4343,4,124,60,1,0
1,5121,25600,60500,4343,4,124,60,1,0
1,5122,37000,60500,4343,4,124,60,1,0
1,5123,28900,60500,4343,4,124,60,1,0
1,5124,41200,60500,4343,4,124,60,1,0
1,5125,39200,60500,4343,4,124,60,1,0
1,5126,30400,60500,4343,4,124,60,1,0
1,5127,22100,60500,4343,4,124,60,1,0
1,5128,55400,60500,4343,4,124,60,1,0
1,5129,33200,60500,4343,4,124,60,1,0
1,5130,33800,60500,4343,4,124,60,1,0
1,5131,26900,60500,4343,4,124,60,1,0
1,5132,42100,60500,4343,4,124,60,1,0
1,5133,28600,60500,4343,4,124,60,1,0
1,5134,58700,60500,4343,4,124,60,1,0
1,5135,35900,60500,4343,4,124,60,1,0
1,5136,43000,60500,4343,4,124,60,1,0
1,5137,30400,60500,4343,4,124,60,1,0
1,5138,28400,60500,4343,4,124,60,1,0
1,5139,40800,60500,4343,4,124,60,1,0
1,5140,35500,60500,4343,4,124,60,1,0
1,5141,35900,60500,4343,4,124,60,1,0
1,5142,38200,60500,4343,4,124,60,1,0
1,5143,27000,60500,4343,4,124,60,1,0
1,5144,31300,60500,4343,4,124,60,1,0
1,5145,33400,60500,4343,4,124,60,1,0
1,5146,35200,60500,4343,4,124,60,1,0
1,5147,33100,60500,4343,4,124,60,1,0
1,5148,36100,60500,4343,4,124,60,1,0
1,5149,29600,60500,4343,4,124,60,1,0
1,5150,35100,60500,4343,4,124,60,1,0
1,5151,35200,60500,4343,4,124,60,1,0
1,5152,84500,60500,4343,4,124,60,1,0
1,5153,25900,60500,4343,4,124,60,1,0
1,5154,53300,60500,4343,4,124,60,1,0
1,5155,31200,60500,4343,4,124,60,1,0
1,5156,46200,60500,4343,4,124,60,1,0
1,5157,32800,60500,4343,4,124,60,1,0
1,5158,27400,60500,4343,4,124,60,1,0
1,5159,39700,60500,4343,4,124,60,1,0
1,5160,37400,60500,4343,4,124,60,1,0
1,5161,25400,60500,4343,4,124,60,1,0
1,5162,35600,60500,4343,4,124,60,1,0
1,5163,36500,60500,4343,4,124,60,1,0
1,5164,26700,60500,4343,4,124,60,1,0
1,5165,45100,60500,4343,4,124,60,1,0
1,5166,134500,60500,4343,4,124,60,1,0
1,5167,38600,60500,4343,4,124,60,1,0
1,5168,32400,60500,4343,4,124,60,1,0
1,5169,26700,60500,4343,4,124,60,1,0
1,5170,61500,60500,4343,4,124,60,1,0
1,5171,42500,60500,4343,4,124,60,1,0
1,5172,26400,60500,4343,4,124,60,1,0
1,5173,43900,60500,4343,4,124,60,1,0
1,5174,40400,60500,4343,4,124,60,1,0
1,5175,39600,60500,4343,4,124,60,1,0
1,5176,29600,60500,4343,4,124,60,1,0
1,5177,35600,60500,4343,4,124,60,1,0
1,5178,34900,60500,4343,4,124,60,1,0
1,5179,32500,60500,4343,4,124,60,1,0
1,5180,35000,60500,4343,4,124,60,1,0
1,5181,35300,60500,4343,4,124,60,1,0
1,5182,37500,60500,4343,4,124,60,1,0
1,5183,33000,60500,4343,4,124,60,1,0
1,5184,27000,60500,4343,4,124,60,1,0
1,5185,32000,60500,4343,4,124,60,1,0
1,5186,82900,60500,4343,4,124,60,1,0
1,5187,25000,60500,4343,4,124,60,1,0
1,5188,35200,60500,4343,4,124,60,1,0
1,5189,24800,60500,4343,4,124,60,1,0
1,5190,57100,60500,4343,4,124,60,1,0
1,5191,35100,60500,4343,4,124,60,1,0
1,5192,29000,60500,4343,4,124,60,1,0
1,5193,37600,60500,4343,4,124,60,1,0
1,5194,30600,60500,4343,4,124,60,1,0
1,5195,34100,60500,4343,4,124,60,1,0
1,5196,25200,60500,4343,4,124,60,1,0
1,5197,32700,60500,4343,4,124,60,1,0
1,5198,25800,60500,4343,4,124,60,1,0
1,5199,32600,60500,4343,4,124,60,1,0
1,5200,33000,60500,4343,4,124,60,1,0
1,5201,31900,60500,4343,4,124,60,1,0
1,5202,31900,60500,4343,4,124,60,1,0
1,5203,33000,60500,4343,4,124,60,1,0
1,5204,74700,60500,4343,4,124,60,1,0
1,5205,32100,60500,4343,4,124,60,1,0
1,5206,43500,60500,4343,4,124,60,1,0
1,5207,26400,60500,4343,4,124,60,1,0
1,5208,31000,60500,4343,4,124,60,1,0
1,5209,34600,60500,4343,4,124,60,1,0
1,5210,38300,60500,4343,4,124,60,1,0
1,5211,33500,60500,4343,4,124,60,1,0
1,5212,72700,60500,4343,4,124,60,1,0
1,5213,57100,60500,4343,4,124,60,1,0
1,5214,38100,60500,4343,4,124,60,1,0
1,5215,28000,60500,4343,4,124,60,1,0
1,5216,34800,60500,4343,4,124,60,1,0
1,5217,32400,60500,4343,4,124,60,1,0
1,5218,35500,60500,4343,4,124,60,1,0
1,5219,26200,60500,4343,4,124,60,1,0
1,5220,42800,60500,4343,4,124,60,1,0
1,5221,34700,60500,4343,4,124,60,1,0
1,5222,46900,60500,4343,4,124,60,1,0
1,5223,39500,60500,4343,4,124,60,1,0
1,5224,26400,60500,4343,4,124,60,1,0
1,5225,17800,60500,4343,4,124,60,1,0
1,5226,19500,60500,4343,4,124,60,1,0
1,5227,38000,60500,4343,4,124,60,1,0
1,5228,23900,60500,4343,4,124,60,1,0
1,5229,39600,60500,4343,4,124,60,1,0
1,5230,39100,60500,4343,4,124,60,1,0
1,5231,22700,60500,4343,4,124,60,1,0
1,5232,35100,60500,4343,4,124,60,1,0
1,5233,84100,60500,4343,4,124,60,1,0
1,5234,33000,60500,4343,4,124,60,1,0
1,5235,25300,60500,4343,4,124,60,1,0
1,5236,38700,60500,4343,4,124,60,1,0
1,5237,40100,60500,4343,4,124,60,1,0
1,5238,38600,60500,4343,4,124,60,1,0
1,5239,42900,60500,4343,4,124,60,1,0
1,5240,36900,60500,4343,4,124,60,1,0
1,5241,34500,60500,4343,4,124,60,1,0
1,5242,39500,60500,4343,4,124,60,1,0
1,5243,25600,60500,4343,4,124,60,1,0
1,5244,50000,60500,4343,4,124,60,1,0
1,5245,37100,60500,4343,4,124,60,1,0
1,5246,40400,60500,4343,4,124,60,1,0
1,5247,38000,60500,4343,4,124,60,1,0
1,5248,39600,60500,4343,4,124,60,1,0
1,5249,28800,60500,4343,4,124,60,1,0
1,5250,42200,60500,4343,4,124,60,1,0
1,5251,33700,60500,4343,4,124,60,1,0
1,5252,39500,60500,4343,4,124,60,1,0
1,5253,34100,60500,4343,4,124,60,1,0
1,5254,40100,60500,4343,4,124,60,1,0
1,5255,44700,60500,4343,4,124,60,1,0
1,5256,47900,60500,4343,4,124,60,1,0
1,5257,50900,60500,4343,4,124,60,1,0
1,5258,38200,60500,4343,4,124,60,1,0
1,5259,24600,60500,4343,4,124,60,1,0
1,5260,39300,60500,4343,4,124,60,1,0
1,5261,38200,60500,4343,4,124,60,1,0
1,5262,30700,60500,4343,4,124,60,1,0
1,5263,24600,60500,4343,4,124,60,1,0
1,5264,36500,60500,4343,4,124,60,1,0
1,5265,24700,60500,4343,4,124,60,1,0
1,5266,55400,60500,4343,4,124,60,1,0
1,5267,34200,60500,4343,4,124,60,1,0
1,5268,50600,60500,4343,4,124,60,1,0
1,5269,34700,60500,4343,4,124,60,1,0
1,5270,38700,60500,4343,4,124,60,1,0
1,5271,38600,60500,4343,4,124,60,1,0
1,5272,34300,60500,4343,4,124,60,1,0
1,5273,29700,60500,4343,4,124,60,1,0
1,5274,30700,60500,4343,4,124,60,1,0
1,5275,26100,60500,4343,4,124,60,1,0
1,5276,37500,60500,4343,4,124,60,1,0
1,5277,31500,60500,4343,4,124,60,1,0
1,5278,35800,60500,4343,4,124,60,1,0
1,5279,33400,60500,4343,4,124,60,1,0
1,5280,37400,60500,4343,4,124,60,1,0
1,5281,32700,60500,4343,4,124,60,1,0
1,5282,42000,60500,4343,4,124,60,1,0
1,5283,33000,60500,4343,4,124,60,1,0
1,5284,38300,60500,4343,4,124,60,1,0
1,5285,34200,60500,4343,4,124,60,1,0
1,5286,29900,60500,4343,4,124,60,1,0
1,5287,24500,60500,4343,4,124,60,1,0
1,5288,38200,60500,4343,4,124,60,1,0
1,5289,30600,60500,4343,4,124,60,1,0
1,5290,28000,60500,4343,4,124,60,1,0
1,5291,36900,60500,4343,4,124,60,1,0
1,5292,34200,60500,4343,4,124,60,1,0
1,5293,25100,60500,4343,4,124,60,1,0
1,5294,45500,60500,4343,4,124,60,1,0
1,5295,32000,60500,4343,4,124,60,1,0
1,5296,41300,60500,4343,4,124,60,1,0
1,5297,32300,60500,4343,4,124,60,1,0
1,5298,35300,60500,4343,4,124,60,1,0
1,5299,25300,60500,4343,4,124,60,1,0
1,5300,35500,60500,4343,4,124,60,1,0
1,5301,32900,60500,4343,4,124,60,1,0
1,5302,35000,60500,4343,4,124,60,1,0
1,5303,33800,60500,4343,4,124,60,1,0
1,5304,24900,60500,4343,4,124,60,1,0
1,5305,44700,60500,4343,4,124,60,1,0
1,5306,35700,60500,4343,4,124,60,1,0
1,5307,35100,60500,4343,4,124,60,1,0
1,5308,79600,60500,4343,4,124,60,1,0
1,5309,38600,60500,4343,4,124,60,1,0
1,5310,36500,60500,4343,4,124,60,1,0
1,5311,28000,60500,4343,4,124,60,1,0
1,5312,53100,60500,4343,4,124,60,1,0
1,5313,35900,60500,4343,4,124,60,1,0
1,5314,25700,60500,4343,4,124,60,1,0
1,5315,38900,60500,4343,4,124,60,1,0
1,5316,33100,60500,4343,4,124,60,1,0
1,5317,25900,60500,4343,4,124,60,1,0
1,5318,33000,60500,4343,4,124,60,1,0
1,5319,33400,60500,4343,4,124,60,1,0
1,5320,27400,60500,4343,4,124,60,1,0
1,5321,34600,60500,4343,4,124,60,1,0
1,5322,38400,60500,4343,4,124,60,1,0
1,5323,25400,60500,4343,4,124,60,1,0
1,5324,40200,60500,4343,4,124,60,1,0
1,5325,23000,60500,4343,4,124,60,1,0
1,5326,28300,60500,4343,4,124,60,1,0
1,5327,25400,60500,4343,4,124,60,1,0
1,5328,26900,60500,4343,4,124,60,1,0
1,5329,28200,60500,4343,4,124,60,1,0
1,5330,72000,60500,4343,4,124,60,1,0
1,5331,44900,60500,4343,4,124,60,1,0
1,5332,40900,60500,4343,4,124,60,1,0
1,5333,39200,60500,4343,4,124,60,1,0
1,5334,36100,60500,4343,4,124,60,1,0
1,5335,34000,60500,4343,4,124,60,1,0
1,5336,27700,60500,4343,4,124,60,1,0
1,5337,32400,60500,4343,4,124,60,1,0
1,5338,39400,60500,4343,4,124,60,1,0
1,5339,32600,60500,4343,4,124,60,1,0
1,5340,38500,60500,4343,4,124,60,1,0
1,5341,40200,60500,4343,4,124,60,1,0
1,5342,69700,60500,4343,4,124,60,1,0
1,5343,30300,60500,4343,4,124,60,1,0
1,5344,61000,60500,4343,4,124,60,1,0
1,5345,30100,60500,4343,4,124,60,1,0
1,5346,41500,60500,4343,4,124,60,1,0
1,5347,38500,60500,4343,4,124,60,1,0
1,5348,38200,60500,4343,4,124,60,1,0
1,5349,25200,60500,4343,4,124,60,1,0
1,5350,256000,60500,4343,4,124,60,1,0
1,5351,32900,60500,4343,4,124,60,1,0
1,5352,36200,60500,4343,4,124,60,1,0
1,5353,32900,60500,4343,4,124,60,1,0
1,5354,35900,60500,4343,4,124,60,1,0
1,5355,33600,60500,4343,4,124,60,1,0
1,5356,40600,60500,4343,4,124,60,1,0
1,5357,39800,60500,4343,4,124,60,1,0
1,5358,25300,60500,4343,4,124,60,1,0
1,5359,27200,60500,4343,4,124,60,1,0
1,5360,19000,60500,4343,4,124,60,1,0
1,5361,21600,60500,4343,4,124,60,1,0
1,5362,64800,60500,4343,4,124,60,1,0
1,5363,32700,60500,4343,4,124,60,1,0
1,5364,27400,60500,4343,4,124,60,1,0
1,5365,26800,60500,4343,4,124,60,1,0
1,5366,46700,60500,4343,4,124,60,1,0
1,5367,22700,60500,4343,4,124,60,1,0
1,5368,33700,60500,4343,4,124,60,1,0
1,5369,31000,60500,4343,4,124,60,1,0
1,5370,27000,60500,4343,4,124,60,1,0
1,5371,39100,60500,4343,4,124,60,1,0
1,5372,38800,60500,4343,4,124,60,1,0
1,5373,35200,60500,4343,4,124,60,1,0
1,5374,35900,60500,4343,4,124,60,1,0
1,5375,32600,60500,4343,4,124,60,1,0
1,5376,26900,60500,4343,4,124,60,1,0
1,5377,34100,60500,4343,4,124,60,1,0
1,5378,30100,60500,4343,4,124,60,1,0
1,5379,23700,60500,4343,4,124,60,1,0
1,5380,26900,60500,4343,4,124,60,1,0
1,5381,38200,60500,4343,4,124,60,1,0
1,5382,37200,60500,4343,4,124,60,1,0
1,5383,31200,60500,4343,4,124,60,1,0
1,5384,39200,60500,4343,4,124,60,1,0
1,5385,32800,60500,4343,4,124,60,1,0
1,5386,41100,60500,4343,4,124,60,1,0
1,5387,34800,60500,4343,4,124,60,1,0
1,5388,20900,60500,4343,4,124,60,1,0
1,5389,37500,60500,4343,4,124,60,1,0
1,5390,25900,60500,4343,4,124,60,1,0
1,5391,30700,60500,4343,4,124,60,1,0
1,5392,40200,60500,4343,4,124,60,1,0
1,5393,34400,60500,4343,4,124,60,1,0
1,5394,76700,60500,4343,4,124,60,1,0
1,5395,33100,60500,4343,4,124,60,1,0
1,5396,41600,60500,4343,4,124,60,1,0
1,5397,36000,60500,4343,4,124,60,1,0
1,5398,43900,60500,4343,4,124,60,1,0
1,5399,25700,60500,4343,4,124,60,1,0
1,5400,28600,60500,4343,4,124,60,1,0
1,5401,26000,60500,4343,4,124,60,1,0
1,5402,38000,60500,4343,4,124,60,1,0
1,5403,36600,60500,4343,4,124,60,1,0
1,5404,31200,60500,4343,4,124,60,1,0
1,5405,33500,60500,4343,4,124,60,1,0
1,5406,35400,60500,4343,4,124,60,1,0
1,5407,30900,60500,4343,4,124,60,1,0
1,5408,30900,60500,4343,4,124,60,1,0
1,5409,29800,60500,4343,4,124,60,1,0
1,5410,35100,60500,4343,4,124,60,1,0
1,5411,37100,60500,4343,4,124,60,1,0
1,5412,26100,60500,4343,4,124,60,1,0
1,5413,34200,60500,4343,4,124,60,1,0
1,5414,38900,60500,4343,4,124,60,1,0
1,5415,34100,60500,4343,4,124,60,1,0
1,5416,47700,60500,4343,4,124,60,1,0
1,5417,38800,60500,4343,4,124,60,1,0
1,5418,33400,60500,4343,4,124,60,1,0
1,5419,33200,60500,4343,4,124,60,1,0
1,5420,49300,60500,4343,4,124,60,1,0
1,5421,26100,60500,4343,4,124,60,1,0
1,5422,37200,60500,4343,4,124,60,1,0
1,5423,33200,60500,4343,4,124,60,1,0
1,5424,30100,60500,4343,4,124,60,1,0
1,5425,37600,60500,4343,4,124,60,1,0
1,5426,35300,60500,4343,4,124,60,1,0
1,5427,35300,60500,4343,4,124,60,1,0
1,5428,29000,60500,4343,4,124,60,1,0
1,5429,26300,60500,4343,4,124,60,1,0
1,5430,35200,60500,4343,4,124,60,1,0
1,5431,38100,60500,4343,4,124,60,1,0
1,5432,26200,60500,4343,4,124,60,1,0
1,5433,37000,60500,4343,4,124,60,1,0
1,5434,33900,60500,4343,4,124,60,1,0
1,5435,33400,60500,4343,4,124,60,1,0
1,5436,26900,60500,4343,4,124,60,1,0
1,5437,38700,60500,4343,4,124,60,1,0
1,5438,39800,60500,4343,4,124,60,1,0
1,5439,49900,60500,4343,4,124,60,1,0
1,5440,25700,60500,4343,4,124,60,1,0
1,5441,36200,60500,4343,4,124,60,1,0
1,5442,35400,60500,4343,4,124,60,1,0
1,5443,33700,60500,4343,4,124,60,1,0
1,5444,35700,60500,4343,4,124,60,1,0
1,5445,33400,60500,4343,4,124,60,1,0
1,5446,36300,60500,4343,4,124,60,1,0
1,5447,23700,60500,4343,4,124,60,1,0
1,5448,24100,60500,4343,4,124,60,1,0
1,5449,35600,60500,4343,4,124,60,1,0
1,5450,28700,60500,4343,4,124,60,1,0
1,5451,25000,60500,4343,4,124,60,1,0
1,5452,35100,60500,4343,4,124,60,1,0
1,5453,37300,60500,4343,4,124,60,1,0
1,5454,28500,60500,4343,4,124,60,1,0
1,5455,33000,60500,4343,4,124,60,1,0
1,5456,37100,60500,4343,4,124,60,1,0
1,5457,34500,60500,4343,4,124,60,1,0
1,5458,73900,60500,4343,4,124,60,1,0
1,5459,32800,60500,4343,4,124,60,1,0
1,5460,39300,60500,4343,4,124,60,1,0
1,5461,23900,60500,4343,4,124,60,1,0
1,5462,43100,60500,4343,4,124,60,1,0
1,5463,33000,60500,4343,4,124,60,1,0
1,5464,35000,60500,4343,4,124,60,1,0
1,5465,32900,60500,4343,4,124,60,1,0
1,5466,36700,60500,4343,4,124,60,1,0
1,5467,29900,60500,4343,4,124,60,1,0
1,5468,28600,60500,4343,4,124,60,1,0
1,5469,29500,60500,4343,4,124,60,1,0
1,5470,31600,60500,4343,4,124,60,1,0
1,5471,38700,60500,4343,4,124,60,1,0
1,5472,38100,60500,4343,4,124,60,1,0
1,5473,56400,60500,4343,4,124,60,1,0
1,5474,56700,60500,4343,4,124,60,1,0
1,5475,33800,60500,4343,4,124,60,1,0
1,5476,31300,60500,4343,4,124,60,1,0
1,5477,33300,60500,4343,4,124,60,1,0
1,5478,45900,60500,4343,4,124,60,1,0
1,5479,35700,60500,4343,4,124,60,1,0
1,5480,35100,60500,4343,4,124,60,1,0
1,5481,45000,60500,4343,4,124,60,1,0
1,5482,29400,60500,4343,4,124,60,1,0
1,5483,40700,60500,4343,4,124,60,1,0
1,5484,40200,60500,4343,4,124,60,1,0
1,5485,34800,60500,4343,4,124,60,1,0
1,5486,38600,60500,4343,4,124,60,1,0
1,5487,33400,60500,4343,4,124,60,1,0
1,5488,35500,60500,4343,4,124,60,1,0
1,5489,34300,60500,4343,4,124,60,1,0
1,5490,37800,60500,4343,4,124,60,1,0
1,5491,42100,60500,4343,4,124,60,1,0
1,5492,31400,60500,4343,4,124,60,1,0
1,5493,37500,60500,4343,4,124,60,1,0
1,5494,21600,60500,4343,4,124,60,1,0
1,5495,32800,60500,4343,4,124,60,1,0
1,5496,31700,60500,4343,4,124,60,1,0
1,5497,34700,60500,4343,4,124,60,1,0
1,5498,37500,60500,4343,4,124,60,1,0
1,5499,33900,60500,4343,4,124,60,1,0
1,5500,36600,60500,4343,4,124,60,1,0
1,5501,34200,60500,4343,4,124,60,1,0
1,5502,34700,60500,4343,4,124,60,1,0
1,5503,33300,60500,4343,4,124,60,1,0
1,5504,43900,60500,4343,4,124,60,1,0
1,5505,38000,60500,4343,4,124,60,1,0
1,5506,25900,60500,4343,4,124,60,1,0
1,5507,35600,60500,4343,4,124,60,1,0
1,5508,39300,60500,4343,4,124,60,1,0
1,5509,34100,60500,4343,4,124,60,1,0
1,5510,61700,60500,4343,4,124,60,1,0
1,5511,24100,60500,4343,4,124,60,1,0
1,5512,32700,60500,4343,4,124,60,1,0
1,5513,34000,60500,4343,4,124,60,1,0
1,5514,40600,60500,4343,4,124,60,1,0
1,5515,33000,60500,4343,4,124,60,1,0
1,5516,27200,60500,4343,4,124,60,1,0
1,5517,32700,60500,4343,4,124,60,1,0
1,5518,37100,60500,4343,4,124,60,1,0
1,5519,36300,60500,4343,4,124,60,1,0
1,5520,86500,60500,4343,4,124,60,1,0
1,5521,38200,60500,4343,4,124,60,1,0
1,5522,38900,60500,4343,4,124,60,1,0
1,5523,35700,60500,4343,4,124,60,1,0
1,5524,28700,60500,4343,4,124,60,1,0
1,5525,33100,60500,4343,4,124,60,1,0
1,5526,36000,60500,4343,4,124,60,1,0
1,5527,34200,60500,4343,4,124,60,1,0
1,5528,34200,60500,4343,4,124,60,1,0
1,5529,36700,60500,4343,4,124,60,1,0
1,5530,35800,60500,4343,4,124,60,1,0
1,5531,33400,60500,4343,4,124,60,1,0
1,5532,23300,60500,4343,4,124,60,1,0
1,5533,31500,60500,4343,4,124,60,1,0
1,5534,36000,60500,4343,4,124,60,1,0
1,5535,35300,60500,4343,4,124,60,1,0
1,5536,42800,60500,4343,4,124,60,1,0
1,5537,33100,60500,4343,4,124,60,1,0
1,5538,30200,60500,4343,4,124,60,1,0
1,5539,33000,60500,4343,4,124,60,1,0
1,5540,33600,60500,4343,4,124,60,1,0
1,5541,23500,60500,4343,4,124,60,1,0
1,5542,38100,60500,4343,4,124,60,1,0
1,5543,32400,60500,4343,4,124,60,1,0
1,5544,37000,60500,4343,4,124,60,1,0
1,5545,38000,60500,4343,4,124,60,1,0
1,5546,40900,60500,4343,4,124,60,1,0
1,5547,37900,60500,4343,4,124,60,1,0
1,5548,29400,60500,4343,4,124,60,1,0
1,5549,34600,60500,4343,4,124,60,1,0
1,5550,73400,60500,4343,4,124,60,1,0
1,5551,33500,60500,4343,4,124,60,1,0
1,5552,27700,60500,4343,4,124,60,1,0
1,5553,33000,60500,4343,4,124,60,1,0
1,5554,62200,60500,4343,4,124,60,1,0
1,5555,29300,60500,4343,4,124,60,1,0
1,5556,38700,60500,4343,4,124,60,1,0
1,5557,24700,60500,4343,4,124,60,1,0
1,5558,35000,60500,4343,4,124,60,1,0
1,5559,33100,60500,4343,4,124,60,1,0
1,5560,26500,60500,4343,4,124,60,1,0
1,5561,22900,60500,4343,4,124,60,1,0
1,5562,33200,60500,4343,4,124,60,1,0
1,5563,33000,60500,4343,4,124,60,1,0
1,5564,18100,60500,4343,4,124,60,1,0
1,5565,32800,60500,4343,4,124,60,1,0
1,5566,93100,60500,4343,4,124,60,1,0
1,5567,25500,60500,4343,4,124,60,1,0
1,5568,35500,60500,4343,4,124,60,1,0
1,5569,35100,60500,4343,4,124,60,1,0
1,5570,26900,60500,4343,4,124,60,1,0
1,5571,30100,60500,4343,4,124,60,1,0
1,5572,34600,60500,4343,4,124,60,1,0
1,5573,33100,60500,4343,4,124,60,1,0
1,5574,29900,60500,4343,4,124,60,1,0
1,5575,35700,60500,4343,4,124,60,1,0
1,5576,58900,60500,4343,4,124,60,1,0
1,5577,36000,60500,4343,4,124,60,1,0
1,5578,43900,60500,4343,4,124,60,1,0
1,5579,34800,60500,4343,4,124,60,1,0
1,5580,36200,60500,4343,4,124,60,1,0
1,5581,37400,60500,4343,4,124,60,1,0
1,5582,30900,60500,4343,4,124,60,1,0
1,5583,45400,60500,4343,4,124,60,1,0
1,5584,127900,60500,4343,4,124,60,1,0
1,5585,30100,60500,4343,4,124,60,1,0
1,5586,37500,60500,4343,4,124,60,1,0
1,5587,44200,60500,4343,4,124,60,1,0
1,5588,56400,60500,4343,4,124,60,1,0
1,5589,48400,60500,4343,4,124,60,1,0
1,5590,35300,60500,4343,4,124,60,1,0
1,5591,34400,60500,4343,4,124,60,1,0
1,5592,47200,60500,4343,4,124,60,1,0
1,5593,28400,60500,4343,4,124,60,1,0
1,5594,89800,60500,4343,4,124,60,1,0
1,5595,39300,60500,4343,4,124,60,1,0
1,5596,31000,60500,4343,4,124,60,1,0
1,5597,24800,60500,4343,4,124,60,1,0
1,5598,34700,60500,4343,4,124,60,1,0
1,5599,32500,60500,4343,4,124,60,1,0
1,5600,32900,60500,4343,4,124,60,1,0
1,5601,31200,60500,4343,4,124,60,1,0
1,5602,36600,60500,4343,4,124,60,1,0
1,5603,30700,60500,4343,4,124,60,1,0
1,5604,43500,60500,4343,4,124,60,1,0
1,5605,36000,60500,4343,4,124,60,1,0
1,5606,52500,60500,4343,4,124,60,1,0
1,5607,32000,60500,4343,4,124,60,1,0
1,5608,34700,60500,4343,4,124,60,1,0
1,5609,27800,60500,4343,4,124,60,1,0
1,5610,29000,60500,4343,4,124,60,1,0
1,5611,24700,60500,4343,4,124,60,1,0
1,5612,38100,60500,4343,4,124,60,1,0
1,5613,26800,60500,4343,4,124,60,1,0
1,5614,39800,60500,4343,4,124,60,1,0
1,5615,44900,60500,4343,4,124,60,1,0
1,5616,64200,60500,4343,4,124,60,1,0
1,5617,37200,60500,4343,4,124,60,1,0
1,5618,36500,60500,4343,4,124,60,1,0
1,5619,35500,60500,4343,4,124,60,1,0
1,5620,37900,60500,4343,4,124,60,1,0
1,5621,34800,60500,4343,4,124,60,1,0
1,5622,30000,60500,4343,4,124,60,1,0
1,5623,26400,60500,4343,4,124,60,1,0
1,5624,36100,60500,4343,4,124,60,1,0
1,5625,34000,60500,4343,4,124,60,1,0
1,5626,29000,60500,4343,4,124,60,1,0
1,5627,31100,60500,4343,4,124,60,1,0
1,5628,37000,60500,4343,4,124,60,1,0
1,5629,35900,60500,4343,4,124,60,1,0
1,5630,34500,60500,4343,4,124,60,1,0
1,5631,33000,60500,4343,4,124,60,1,0
1,5632,26800,60500,4343,4,124,60,1,0
1,5633,31500,60500,4343,4,124,60,1,0
1,5634,35300,60500,4343,4,124,60,1,0
1,5635,20800,60500,4343,4,124,60,1,0
1,5636,43500,60500,4343,4,124,60,1,0
1,5637,28100,60500,4343,4,124,60,1,0
1,5638,36200,60500,4343,4,124,60,1,0
1,5639,29100,60500,4343,4,124,60,1,0
1,5640,32700,60500,4343,4,124,60,1,0
1,5641,28500,60500,4343,4,124,60,1,0
1,5642,33000,60500,4343,4,124,60,1,0
1,5643,197400,60500,4343,4,124,60,1,0
1,5644,55500,60500,4343,4,124,60,1,0
1,5645,33100,60500,4343,4,124,60,1,0
1,5646,40100,60500,4343,4,124,60,1,0
1,5647,36500,60500,4343,4,124,60,1,0
1,5648,78600,60500,4343,4,124,60,1,0
1,5649,43700,60500,4343,4,124,60,1,0
1,5650,35500,60500,4343,4,124,60,1,0
1,5651,33400,60500,4343,4,124,60,1,0
1,5652,37800,60500,4343,4,124,60,1,0
1,5653,25500,60500,4343,4,124,60,1,0
1,5654,72600,60500,4343,4,124,60,1,0
1,5655,25300,60500,4343,4,124,60,1,0
1,5656,33300,60500,4343,4,124,60,1,0
1,5657,32900,60500,4343,4,124,60,1,0
1,5658,32300,60500,4343,4,124,60,1,0
1,5659,24200,60500,4343,4,124,60,1,0
1,5660,40000,60500,4343,4,124,60,1,0
1,5661,31400,60500,4343,4,124,60,1,0
1,5662,34800,60500,4343,4,124,60,1,0
1,5663,34100,60500,4343,4,124,60,1,0
1,5664,43600,60500,4343,4,124,60,1,0
1,5665,34300,60500,4343,4,124,60,1,0
1,5666,29300,60500,4343,4,124,60,1,0
1,5667,24600,60500,4343,4,124,60,1,0
1,5668,28100,60500,4343,4,124,60,1,0
1,5669,43100,60500,4343,4,124,60,1,0
1,5670,39800,60500,4343,4,124,60,1,0
1,5671,40100,60500,4343,4,124,60,1,0
1,5672,47800,60500,4343,4,124,60,1,0
1,5673,21900,60500,4343,4,124,60,1,0
1,5674,42900,60500,4343,4,124,60,1,0
1,5675,24500,60500,4343,4,124,60,1,0
1,5676,31900,60500,4343,4,124,60,1,0
1,5677,32500,60500,4343,4,124,60,1,0
1,5678,40100,60500,4343,4,124,60,1,0
1,5679,33100,60500,4343,4,124,60,1,0
1,5680,39700,60500,4343,4,124,60,1,0
1,5681,34700,60500,4343,4,124,60,1,0
1,5682,36800,60500,4343,4,124,60,1,0
1,5683,25800,60500,4343,4,124,60,1,0
1,5684,36000,60500,4343,4,124,60,1,0
1,5685,38600,60500,4343,4,124,60,1,0
1,5686,36600,60500,4343,4,124,60,1,0
1,5687,29100,60500,4343,4,124,60,1,0
1,5688,36000,60500,4343,4,124,60,1,0
1,5689,29100,60500,4343,4,124,60,1,0
1,5690,55800,60500,4343,4,124,60,1,0
1,5691,33800,60500,4343,4,124,60,1,0
1,5692,37800,60500,4343,4,124,60,1,0
1,5693,37500,60500,4343,4,124,60,1,0
1,5694,36600,60500,4343,4,124,60,1,0
1,5695,34300,60500,4343,4,124,60,1,0
1,5696,41200,60500,4343,4,124,60,1,0
1,5697,30700,60500,4343,4,124,60,1,0
1,5698,41400,60500,4343,4,124,60,1,0
1,5699,40500,60500,4343,4,124,60,1,0
1,5700,38000,60500,4343,4,124,60,1,0
1,5701,33600,60500,4343,4,124,60,1,0
1,5702,26100,60500,4343,4,124,60,1,0
1,5703,36200,60500,4343,4,124,60,1,0
1,5704,49800,60500,4343,4,124,60,1,0
1,5705,29500,60500,4343,4,124,60,1,0
1,5706,32500,60500,4343,4,124,60,1,0
1,5707,39300,60500,4343,4,124,60,1,0
1,5708,35300,60500,4343,4,124,60,1,0
1,5709,38000,60500,4343,4,124,60,1,0
1,5710,40600,60500,4343,4,124,60,1,0
1,5711,37000,60500,4343,4,124,60,1,0
1,5712,41300,60500,4343,4,124,60,1,0
1,5713,32000,60500,4343,4,124,60,1,0
1,5714,35100,60500,4343,4,124,60,1,0
1,5715,39200,60500,4343,4,124,60,1,0
1,5716,36900,60500,4343,4,124,60,1,0
1,5717,31600,60500,4343,4,124,60,1,0
1,5718,25700,60500,4343,4,124,60,1,0
1,5719,41500,60500,4343,4,124,60,1,0
1,5720,36700,60500,4343,4,124,60,1,0
1,5721,24500,60500,4343,4,124,60,1,0
1,5722,63800,60500,4343,4,124,60,1,0
1,5723,31500,60500,4343,4,124,60,1,0
1,5724,37100,60500,4343,4,124,60,1,0
1,5725,32500,60500,4343,4,124,60,1,0
1,5726,34600,60500,4343,4,124,60,1,0
1,5727,33700,60500,4343,4,124,60,1,0
1,5728,51600,60500,4343,4,124,60,1,0
1,5729,27000,60500,4343,4,124,60,1,0
1,5730,40000,60500,4343,4,124,60,1,0
1,5731,25100,60500,4343,4,124,60,1,0
1,5732,37500,60500,4343,4,124,60,1,0
1,5733,32400,60500,4343,4,124,60,1,0
1,5734,28500,60500,4343,4,124,60,1,0
1,5735,36100,60500,4343,4,124,60,1,0
1,5736,27300,60500,4343,4,124,60,1,0
1,5737,32500,60500,4343,4,124,60,1,0
1,5738,28600,60500,4343,4,124,60,1,0
1,5739,39300,60500,4343,4,124,60,1,0
1,5740,37800,60500,4343,4,124,60,1,0
1,5741,28600,60500,4343,4,124,60,1,0
1,5742,36700,60500,4343,4,124,60,1,0
1,5743,30000,60500,4343,4,124,60,1,0
1,5744,65400,60500,4343,4,124,60,1,0
1,5745,29900,60500,4343,4,124,60,1,0
1,5746,35500,60500,4343,4,124,60,1,0
1,5747,36800,60500,4343,4,124,60,1,0
1,5748,25400,60500,4343,4,124,60,1,0
1,5749,40000,60500,4343,4,124,60,1,0
1,5750,27600,60500,4343,4,124,60,1,0
1,5751,31000,60500,4343,4,124,60,1,0
1,5752,39300,60500,4343,4,124,60,1,0
1,5753,32800,60500,4343,4,124,60,1,0
1,5754,61000,60500,4343,4,124,60,1,0
1,5755,28100,60500,4343,4,124,60,1,0
1,5756,30200,60500,4343,4,124,60,1,0
1,5757,33100,60500,4343,4,124,60,1,0
1,5758,46900,60500,4343,4,124,60,1,0
1,5759,29300,60500,4343,4,124,60,1,0
1,5760,30400,60500,4343,4,124,60,1,0
1,5761,32300,60500,4343,4,124,60,1,0
1,5762,38100,60500,4343,4,124,60,1,0
1,5763,25600,60500,4343,4,124,60,1,0
1,5764,55300,60500,4343,4,124,60,1,0
1,5765,47900,60500,4343,4,124,60,1,0
1,5766,32400,60500,4343,4,124,60,1,0
1,5767,35100,60500,4343,4,124,60,1,0
1,5768,36900,60500,4343,4,124,60,1,0
1,5769,34700,60500,4343,4,124,60,1,0
1,5770,37400,60500,4343,4,124,60,1,0
1,5771,27500,60500,4343,4,124,60,1,0
1,5772,29500,60500,4343,4,124,60,1,0
1,5773,37200,60500,4343,4,124,60,1,0
1,5774,26900,60500,4343,4,124,60,1,0
1,5775,26200,60500,4343,4,124,60,1,0
1,5776,73400,60500,4343,4,124,60,1,0
1,5777,38900,60500,4343,4,124,60,1,0
1,5778,43700,60500,4343,4,124,60,1,0
1,5779,21300,60500,4343,4,124,60,1,0
1,5780,34700,60500,4343,4,124,60,1,0
1,5781,27600,60500,4343,4,124,60,1,0
1,5782,35200,60500,4343,4,124,60,1,0
1,5783,34200,60500,4343,4,124,60,1,0
1,5784,28800,60500,4343,4,124,60,1,0
1,5785,60400,60500,4343,4,124,60,1,0
1,5786,35600,60500,4343,4,124,60,1,0
1,5787,25200,60500,4343,4,124,60,1,0
1,5788,51000,60500,4343,4,124,60,1,0
1,5789,27900,60500,4343,4,124,60,1,0
1,5790,34000,60500,4343,4,124,60,1,0
1,5791,28300,60500,4343,4,124,60,1,0
1,5792,40500,60500,4343,4,124,60,1,0
1,5793,33800,60500,4343,4,124,60,1,0
1,5794,36700,60500,4343,4,124,60,1,0
1,5795,27200,60500,4343,4,124,60,1,0
1,5796,33300,60500,4343,4,124,60,1,0
1,5797,90600,60500,4343,4,124,60,1,0
1,5798,35800,60500,4343,4,124,60,1,0
1,5799,32700,60500,4343,4,124,60,1,0
1,5800,27500,60500,4343,4,124,60,1,0
1,5801,41600,60500,4343,4,124,60,1,0
1,5802,35000,60500,4343,4,124,60,1,0
1,5803,35600,60500,4343,4,124,60,1,0
1,5804,34200,60500,4343,4,124,60,1,0
1,5805,33200,60500,4343,4,124,60,1,0
1,5806,39300,60500,4343,4,124,60,1,0
1,5807,49000,60500,4343,4,124,60,1,0
1,5808,35900,60500,4343,4,124,60,1,0
1,5809,37800,60500,4343,4,124,60,1,0
1,5810,43400,60500,4343,4,124,60,1,0
1,5811,40200,60500,4343,4,124,60,1,0
1,5812,31700,60500,4343,4,124,60,1,0
1,5813,27700,60500,4343,4,124,60,1,0
1,5814,35400,60500,4343,4,124,60,1,0
1,5815,192200,60500,4343,4,124,60,1,0
1,5816,33800,60500,4343,4,124,60,1,0
1,5817,35500,60500,4343,4,124,60,1,0
1,5818,34300,60500,4343,4,124,60,1,0
1,5819,25800,60500,4343,4,124,60,1,0
1,5820,40200,60500,4343,4,124,60,1,0
1,5821,39600,60500,4343,4,124,60,1,0
1,5822,64900,60500,4343,4,124,60,1,0
1,5823,43800,60500,4343,4,124,60,1,0
1,5824,46700,60500,4343,4,124,60,1,0
1,5825,38000,60500,4343,4,124,60,1,0
1,5826,34800,60500,4343,4,124,60,1,0
1,5827,34700,60500,4343,4,124,60,1,0
1,5828,40700,60500,4343,4,124,60,1,0
1,5829,33700,60500,4343,4,124,60,1,0
1,5830,37000,60500,4343,4,124,60,1,0
1,5831,24300,60500,4343,4,124,60,1,0
1,5832,35200,60500,4343,4,124,60,1,0
1,5833,35100,60500,4343,4,124,60,1,0
1,5834,36100,60500,4343,4,124,60,1,0
1,5835,32400,60500,4343,4,124,60,1,0
1,5836,42300,60500,4343,4,124,60,1,0
1,5837,73100,60500,4343,4,124,60,1,0
1,5838,29000,60500,4343,4,124,60,1,0
1,5839,37000,60500,4343,4,124,60,1,0
1,5840,41000,60500,4343,4,124,60,1,0
1,5841,36100,60500,4343,4,124,60,1,0
1,5842,50400,60500,4343,4,124,60,1,0
1,5843,35500,60500,4343,4,124,60,1,0
1,5844,33600,60500,4343,4,124,60,1,0
1,5845,35500,60500,4343,4,124,60,1,0
1,5846,25800,60500,4343,4,124,60,1,0
1,5847,35800,60500,4343,4,124,60,1,0
1,5848,34800,60500,4343,4,124,60,1,0
1,5849,44300,60500,4343,4,124,60,1,0
1,5850,35400,60500,4343,4,124,60,1,0
1,5851,32200,60500,4343,4,124,60,1,0
1,5852,37100,60500,4343,4,124,60,1,0
1,5853,26300,60500,4343,4,124,60,1,0
1,5854,37900,60500,4343,4,124,60,1,0
1,5855,32700,60500,4343,4,124,60,1,0
1,5856,29800,60500,4343,4,124,60,1,0
1,5857,24300,60500,4343,4,124,60,1,0
1,5858,40100,60500,4343,4,124,60,1,0
1,5859,40200,60500,4343,4,124,60,1,0
1,5860,34900,60500,4343,4,124,60,1,0
1,5861,36500,60500,4343,4,124,60,1,0
1,5862,29200,60500,4343,4,124,60,1,0
1,5863,236300,60500,4343,4,124,60,1,0
1,5864,36400,60500,4343,4,124,60,1,0
1,5865,36400,60500,4343,4,124,60,1,0
1,5866,32400,60500,4343,4,124,60,1,0
1,5867,28300,60500,4343,4,124,60,1,0
1,5868,30800,60500,4343,4,124,60,1,0
1,5869,30300,60500,4343,4,124,60,1,0
1,5870,86300,60500,4343,4,124,60,1,0
1,5871,39300,60500,4343,4,124,60,1,0
1,5872,40800,60500,4343,4,124,60,1,0
1,5873,31500,60500,4343,4,124,60,1,0
1,5874,59400,60500,4343,4,124,60,1,0
1,5875,35300,60500,4343,4,124,60,1,0
1,5876,34100,60500,4343,4,124,60,1,0
1,5877,27300,60500,4343,4,124,60,1,0
1,5878,34900,60500,4343,4,124,60,1,0
1,5879,33300,60500,4343,4,124,60,1,0
1,5880,38000,60500,4343,4,124,60,1,0
1,5881,27700,60500,4343,4,124,60,1,0
1,5882,35300,60500,4343,4,124,60,1,0
1,5883,32800,60500,4343,4,124,60,1,0
1,5884,27000,60500,4343,4,124,60,1,0
1,5885,35100,60500,4343,4,124,60,1,0
1,5886,31800,60500,4343,4,124,60,1,0
1,5887,35200,60500,4343,4,124,60,1,0
1,5888,37200,60500,4343,4,124,60,1,0
1,5889,29500,60500,4343,4,124,60,1,0
1,5890,64800,60500,4343,4,124,60,1,0
1,5891,29400,60500,4343,4,124,60,1,0
1,5892,32200,60500,4343,4,124,60,1,0
1,5893,32300,60500,4343,4,124,60,1,0
1,5894,37600,60500,4343,4,124,60,1,0
1,5895,30600,60500,4343,4,124,60,1,0
1,5896,32600,60500,4343,4,124,60,1,0
1,5897,33700,60500,4343,4,124,60,1,0
1,5898,32200,60500,4343,4,124,60,1,0
1,5899,41000,60500,4343,4,124,60,1,0
1,5900,36100,60500,4343,4,124,60,1,0
1,5901,32000,60500,4343,4,124,60,1,0
1,5902,33800,60500,4343,4,124,60,1,0
1,5903,36500,60500,4343,4,124,60,1,0
1,5904,37800,60500,4343,4,124,60,1,0
1,5905,50800,60500,4343,4,124,60,1,0
1,5906,29900,60500,4343,4,124,60,1,0
1,5907,49300,60500,4343,4,124,60,1,0
1,5908,47300,60500,4343,4,124,60,1,0
1,5909,47700,60500,4343,4,124,60,1,0
1,5910,36400,60500,4343,4,124,60,1,0
1,5911,33100,60500,4343,4,124,60,1,0
1,5912,27200,60500,4343,4,124,60,1,0
1,5913,34400,60500,4343,4,124,60,1,0
1,5914,34800,60500,4343,4,124,60,1,0
1,5915,37000,60500,4343,4,124,60,1,0
1,5916,53000,60500,4343,4,124,60,1,0
1,5917,33400,60500,4343,4,124,60,1,0
1,5918,41200,60500,4343,4,124,60,1,0
1,5919,24100,60500,4343,4,124,60,1,0
1,5920,43700,60500,4343,4,124,60,1,0
1,5921,24300,60500,4343,4,124,60,1,0
1,5922,37600,60500,4343,4,124,60,1,0
1,5923,37100,60500,4343,4,124,60,1,0
1,5924,30100,60500,4343,4,124,60,1,0
1,5925,37800,60500,4343,4,124,60,1,0
1,5926,35500,60500,4343,4,124,60,1,0
1,5927,32300,60500,4343,4,124,60,1,0
1,5928,27300,60500,4343,4,124,60,1,0
1,5929,36800,60500,4343,4,124,60,1,0
1,5930,28400,60500,4343,4,124,60,1,0
1,5931,37700,60500,4343,4,124,60,1,0
1,5932,34200,60500,4343,4,124,60,1,0
1,5933,38000,60500,4343,4,124,60,1,0
1,5934,39300,60500,4343,4,124,60,1,0
1,5935,27300,60500,4343,4,124,60,1,0
1,5936,36200,60500,4343,4,124,60,1,0
1,5937,34400,60500,4343,4,124,60,1,0
1,5938,38000,60500,4343,4,124,60,1,0
1,5939,29200,60500,4343,4,124,60,1,0
1,5940,34700,60500,4343,4,124,60,1,0
1,5941,41100,60500,4343,4,124,60,1,0
1,5942,40700,60500,4343,4,124,60,1,0
1,5943,37600,60500,4343,4,124,60,1,0
1,5944,34000,60500,4343,4,124,60,1,0
1,5945,32600,60500,4343,4,124,60,1,0
1,5946,39000,60500,4343,4,124,60,1,0
1,5947,32300,60500,4343,4,124,60,1,0
1,5948,29000,60500,4343,4,124,60,1,0
1,5949,36000,60500,4343,4,124,60,1,0
1,5950,44400,60500,4343,4,124,60,1,0
1,5951,35100,60500,4343,4,124,60,1,0
1,5952,37900,60500,4343,4,124,60,1,0
1,5953,39700,60500,4343,4,124,60,1,0
1,5954,23500,60500,4343,4,124,60,1,0
1,5955,38400,60500,4343,4,124,60,1,0
1,5956,32400,60500,4343,4,124,60,1,0
1,5957,42500,60500,4343,4,124,60,1,0
1,5958,28600,60500,4343,4,124,60,1,0
1,5959,32700,60500,4343,4,124,60,1,0
1,5960,29300,60500,4343,4,124,60,1,0
1,5961,34300,60500,4343,4,124,60,1,0
1,5962,37200,60500,4343,4,124,60,1,0
1,5963,36300,60500,4343,4,124,60,1,0
1,5964,26300,60500,4343,4,124,60,1,0
1,5965,42100,60500,4343,4,124,60,1,0
1,5966,46900,60500,4343,4,124,60,1,0
1,5967,30800,60500,4343,4,124,60,1,0
1,5968,75000,60500,4343,4,124,60,1,0
1,5969,32400,60500,4343,4,124,60,1,0
1,5970,26200,60500,4343,4,124,60,1,0
1,5971,34000,60500,4343,4,124,60,1,0
1,5972,34700,60500,4343,4,124,60,1,0
1,5973,33900,60500,4343,4,124,60,1,0
1,5974,41800,60500,4343,4,124,60,1,0
1,5975,34400,60500,4343,4,124,60,1,0
1,5976,28000,60500,4343,4,124,60,1,0
1,5977,29000,60500,4343,4,124,60,1,0
1,5978,24800,60500,4343,4,124,60,1,0
1,5979,33800,60500,4343,4,124,60,1,0
1,5980,37500,60500,4343,4,124,60,1,0
1,5981,33300,60500,4343,4,124,60,1,0
1,5982,37800,60500,4343,4,124,60,1,0
1,5983,31100,60500,4343,4,124,60,1,0
1,5984,29700,60500,4343,4,124,60,1,0
1,5985,49400,60500,4343,4,124,60,1,0
1,5986,38500,60500,4343,4,124,60,1,0
1,5987,34100,60500,4343,4,124,60,1,0
1,5988,37400,60500,4343,4,124,60,1,0
1,5989,26900,60500,4343,4,124,60,1,0
1,5990,33300,60500,4343,4,124,60,1,0
1,5991,127700,60500,4343,4,124,60,1,0
1,5992,35100,60500,4343,4,124,60,1,0
1,5993,30000,60500,4343,4,124,60,1,0
1,5994,48900,60500,4343,4,124,60,1,0
1,5995,41200,60500,4343,4,124,60,1,0
1,5996,27500,60500,4343,4,124,60,1,0
1,5997,33600,60500,4343,4,124,60,1,0
1,5998,30500,60500,4343,4,124,60,1,0
1,5999,32200,60500,4343,4,124,60,1,0
1,6000,28000,60500,4343,4,124,60,1,0
1,6001,21200,60500,4343,4,124,60,1,0
1,6002,40500,60500,4343,4,124,60,1,0
1,6003,21600,60500,4343,4,124,60,1,0
1,6004,42000,60500,4343,4,124,60,1,0
1,6005,38200,60500,4343,4,124,60,1,0
1,6006,47800,60500,4343,4,124,60,1,0
1,6007,37700,60500,4343,4,124,60,1,0
1,6008,44000,60500,4343,4,124,60,1,0
1,6009,27200,60500,4343,4,124,60,1,0
1,6010,38100,60500,4343,4,124,60,1,0
1,6011,35800,60500,4343,4,124,60,1,0
1,6012,43600,60500,4343,4,124,60,1,0
1,6013,34400,60500,4343,4,124,60,1,0
1,6014,34900,60500,4343,4,124,60,1,0
1,6015,34900,60500,4343,4,124,60,1,0
1,6016,32400,60500,4343,4,124,60,1,0
1,6017,32400,60500,4343,4,124,60,1,0
1,6018,40000,60500,4343,4,124,60,1,0
1,6019,37900,60500,4343,4,124,60,1,0
1,6020,28000,60500,4343,4,124,60,1,0
1,6021,32500,60500,4343,4,124,60,1,0
1,6022,56400,60500,4343,4,124,60,1,0
1,6023,22500,60500,4343,4,124,60,1,0
1,6024,39800,60500,4343,4,124,60,1,0
1,6025,38600,60500,4343,4,124,60,1,0
1,6026,52500,60500,4343,4,124,60,1,0
1,6027,35000,60500,4343,4,124,60,1,0
1,6028,35500,60500,4343,4,124,60,1,0
1,6029,35400,60500,4343,4,124,60,1,0
1,6030,38800,60500,4343,4,124,60,1,0
1,6031,34900,60500,4343,4,124,60,1,0
1,6032,34400,60500,4343,4,124,60,1,0
1,6033,40300,60500,4343,4,124,60,1,0
1,6034,34600,60500,4343,4,124,60,1,0
1,6035,33800,60500,4343,4,124,60,1,0
1,6036,37200,60500,4343,4,124,60,1,0
1,6037,34300,60500,4343,4,124,60,1,0
1,6038,34700,60500,4343,4,124,60,1,0
1,6039,28600,60500,4343,4,124,60,1,0
1,6040,23600,60500,4343,4,124,60,1,0
1,6041,41400,60500,4343,4,124,60,1,0
1,6042,41400,60500,4343,4,124,60,1,0
1,6043,25300,60500,4343,4,124,60,1,0
1,6044,39200,60500,4343,4,124,60,1,0
1,6045,25200,60500,4343,4,124,60,1,0
1,6046,40000,60500,4343,4,124,60,1,0
1,6047,32700,60500,4343,4,124,60,1,0
1,6048,36700,60500,4343,4,124,60,1,0
1,6049,35700,60500,4343,4,124,60,1,0
1,6050,29000,60500,4343,4,124,60,1,0
1,6051,32100,60500,4343,4,124,60,1,0
1,6052,37200,60500,4343,4,124,60,1,0
1,6053,39400,60500,4343,4,124,60,1,0
1,6054,35700,60500,4343,4,124,60,1,0
1,6055,25000,60500,4343,4,124,60,1,0
1,6056,35000,60500,4343,4,124,60,1,0
1,6057,25700,60500,4343,4,124,60,1,0
1,6058,37500,60500,4343,4,124,60,1,0
1,6059,38200,60500,4343,4,124,60,1,0
1,6060,27400,60500,4343,4,124,60,1,0
1,6061,35000,60500,4343,4,124,60,1,0
1,6062,69600,60500,4343,4,124,60,1,0
1,6063,39700,60500,4343,4,124,60,1,0
1,6064,28200,60500,4343,4,124,60,1,0
1,6065,34300,60500,4343,4,124,60,1,0
1,6066,34000,60500,4343,4,124,60,1,0
1,6067,34800,60500,4343,4,124,60,1,0
1,6068,30200,60500,4343,4,124,60,1,0
1,6069,37300,60500,4343,4,124,60,1,0
1,6070,40400,60500,4343,4,124,60,1,0
1,6071,24100,60500,4343,4,124,60,1,0
1,6072,38200,60500,4343,4,124,60,1,0
1,6073,43400,60500,4343,4,124,60,1,0
1,6074,65200,60500,4343,4,124,60,1,0
1,6075,46700,60500,4343,4,124,60,1,0
1,6076,34500,60500,4343,4,124,60,1,0
1,6077,34800,60500,4343,4,124,60,1,0
1,6078,27200,60500,4343,4,124,60,1,0
1,6079,35800,60500,4343,4,124,60,1,0
1,6080,39200,60500,4343,4,124,60,1,0
1,6081,27300,60500,4343,4,124,60,1,0
1,6082,74000,60500,4343,4,124,60,1,0
1,6083,36600,60500,4343,4,124,60,1,0
1,6084,44400,60500,4343,4,124,60,1,0
1,6085,25600,60500,4343,4,124,60,1,0
1,6086,37600,60500,4343,4,124,60,1,0
1,6087,32100,60500,4343,4,124,60,1,0
1,6088,36400,60500,4343,4,124,60,1,0
1,6089,39000,60500,4343,4,124,60,1,0
1,6090,32200,60500,4343,4,124,60,1,0
1,6091,32600,60500,4343,4,124,60,1,0
1,6092,75300,60500,4343,4,124,60,1,0
1,6093,54500,60500,4343,4,124,60,1,0
1,6094,42500,60500,4343,4,124,60,1,0
1,6095,25200,60500,4343,4,124,60,1,0
1,6096,32400,60500,4343,4,124,60,1,0
1,6097,28100,60500,4343,4,124,60,1,0
1,6098,34600,60500,4343,4,124,60,1,0
1,6099,27100,60500,4343,4,124,60,1,0
1,6100,39100,60500,4343,4,124,60,1,0
1,6101,32000,60500,4343,4,124,60,1,0
1,6102,34500,60500,4343,4,124,60,1,0
1,6103,33700,60500,4343,4,124,60,1,0
1,6104,36100,60500,4343,4,124,60,1,0
1,6105,30600,60500,4343,4,124,60,1,0
1,6106,38700,60500,4343,4,124,60,1,0
1,6107,35400,60500,4343,4,124,60,1,0
1,6108,25900,60500,4343,4,124,60,1,0
1,6109,27800,60500,4343,4,124,60,1,0
1,6110,35200,60500,4343,4,124,60,1,0
1,6111,33500,60500,4343,4,124,60,1,0
1,6112,21500,60500,4343,4,124,60,1,0
1,6113,34000,60500,4343,4,124,60,1,0
1,6114,25200,60500,4343,4,124,60,1,0
1,6115,42000,60500,4343,4,124,60,1,0
1,6116,40900,60500,4343,4,124,60,1,0
1,6117,37800,60500,4343,4,124,60,1,0
1,6118,42000,60500,4343,4,124,60,1,0
1,6119,31800,60500,4343,4,124,60,1,0
1,6120,31600,60500,4343,4,124,60,1,0
1,6121,32700,60500,4343,4,124,60,1,0
1,6122,21500,60500,4343,4,124,60,1,0
1,6123,32000,60500,4343,4,124,60,1,0
1,6124,39000,60500,4343,4,124,60,1,0
1,6125,25000,60500,4343,4,124,60,1,0
1,6126,25900,60500,4343,4,124,60,1,0
1,6127,31700,60500,4343,4,124,60,1,0
1,6128,35400,60500,4343,4,124,60,1,0
1,6129,34900,60500,4343,4,124,60,1,0
1,6130,20200,60500,4343,4,124,60,1,0
1,6131,24700,60500,4343,4,124,60,1,0
1,6132,33100,60500,4343,4,124,60,1,0
1,6133,34900,60500,4343,4,124,60,1,0
1,6134,42500,60500,4343,4,124,60,1,0
1,6135,39100,60500,4343,4,124,60,1,0
1,6136,34400,60500,4343,4,124,60,1,0
1,6137,33300,60500,4343,4,124,60,1,0
1,6138,33000,60500,4343,4,124,60,1,0
1,6139,26100,60500,4343,4,124,60,1,0
1,6140,30600,60500,4343,4,124,60,1,0
1,6141,34700,60500,4343,4,124,60,1,0
1,6142,34000,60500,4343,4,124,60,1,0
1,6143,37600,60500,4343,4,124,60,1,0
1,6144,26200,60500,4343,4,124,60,1,0
1,6145,33200,60500,4343,4,124,60,1,0
1,6146,37900,60500,4343,4,124,60,1,0
1,6147,37300,60500,4343,4,124,60,1,0
1,6148,30600,60500,4343,4,124,60,1,0
1,6149,33700,60500,4343,4,124,60,1,0
1,6150,41000,60500,4343,4,124,60,1,0
1,6151,36800,60500,4343,4,124,60,1,0
1,6152,42900,60500,4343,4,124,60,1,0
1,6153,30400,60500,4343,4,124,60,1,0
1,6154,21500,60500,4343,4,124,60,1,0
1,6155,35500,60500,4343,4,124,60,1,0
1,6156,34400,60500,4343,4,124,60,1,0
1,6157,32100,60500,4343,4,124,60,1,0
1,6158,38400,60500,4343,4,124,60,1,0
1,6159,27300,60500,4343,4,124,60,1,0
1,6160,39200,60500,4343,4,124,60,1,0
1,6161,32500,60500,4343,4,124,60,1,0
1,6162,39500,60500,4343,4,124,60,1,0
1,6163,35900,60500,4343,4,124,60,1,0
1,6164,39800,60500,4343,4,124,60,1,0
1,6165,44100,60500,4343,4,124,60,1,0
1,6166,31400,60500,4343,4,124,60,1,0
1,6167,40400,60500,4343,4,124,60,1,0
1,6168,33000,60500,4343,4,124,60,1,0
1,6169,21000,60500,4343,4,124,60,1,0
1,6170,27900,60500,4343,4,124,60,1,0
1,6171,29300,60500,4343,4,124,60,1,0
1,6172,36200,60500,4343,4,124,60,1,0
1,6173,105400,60500,4343,4,124,60,1,0
1,6174,36800,60500,4343,4,124,60,1,0
1,6175,30500,60500,4343,4,124,60,1,0
1,6176,46100,60500,4343,4,124,60,1,0
1,6177,34500,60500,4343,4,124,60,1,0
1,6178,40800,60500,4343,4,124,60,1,0
1,6179,28600,60500,4343,4,124,60,1,0
1,6180,43400,60500,4343,4,124,60,1,0
1,6181,39600,60500,4343,4,124,60,1,0
1,6182,27300,60500,4343,4,124,60,1,0
1,6183,25300,60500,4343,4,124,60,1,0
1,6184,48200,60500,4343,4,124,60,1,0
1,6185,17500,60500,4343,4,124,60,1,0
1,6186,58100,60500,4343,4,124,60,1,0
1,6187,46400,60500,4343,4,124,60,1,0
1,6188,50200,60500,4343,4,124,60,1,0
1,6189,32400,60500,4343,4,124,60,1,0
1,6190,37100,60500,4343,4,124,60,1,0
1,6191,25100,60500,4343,4,124,60,1,0
1,6192,48200,60500,4343,4,124,60,1,0
1,6193,37000,60500,4343,4,124,60,1,0
1,6194,73800,60500,4343,4,124,60,1,0
1,6195,50200,60500,4343,4,124,60,1,0
1,6196,46600,60500,4343,4,124,60,1,0
1,6197,33900,60500,4343,4,124,60,1,0
1,6198,45800,60500,4343,4,124,60,1,0
1,6199,38200,60500,4343,4,124,60,1,0
1,6200,34800,60500,4343,4,124,60,1,0
1,6201,23200,60500,4343,4,124,60,1,0
1,6202,39300,60500,4343,4,124,60,1,0
1,6203,37100,60500,4343,4,124,60,1,0
1,6204,63000,60500,4343,4,124,60,1,0
1,6205,24000,60500,4343,4,124,60,1,0
1,6206,36500,60500,4343,4,124,60,1,0
1,6207,34500,60500,4343,4,124,60,1,0
1,6208,33700,60500,4343,4,124,60,1,0
1,6209,42100,60500,4343,4,124,60,1,0
1,6210,48100,60500,4343,4,124,60,1,0
1,6211,37600,60500,4343,4,124,60,1,0
1,6212,36700,60500,4343,4,124,60,1,0
1,6213,32300,60500,4343,4,124,60,1,0
1,6214,35700,60500,4343,4,124,60,1,0
1,6215,33100,60500,4343,4,124,60,1,0
1,6216,36500,60500,4343,4,124,60,1,0
1,6217,32000,60500,4343,4,124,60,1,0
1,6218,36700,60500,4343,4,124,60,1,0
1,6219,24700,60500,4343,4,124,60,1,0
1,6220,26900,60500,4343,4,124,60,1,0
1,6221,33400,60500,4343,4,124,60,1,0
1,6222,30100,60500,4343,4,124,60,1,0
1,6223,25100,60500,4343,4,124,60,1,0
1,6224,35300,60500,4343,4,124,60,1,0
1,6225,55100,60500,4343,4,124,60,1,0
1,6226,38200,60500,4343,4,124,60,1,0
1,6227,18200,60500,4343,4,124,60,1,0
1,6228,39900,60500,4343,4,124,60,1,0
1,6229,30700,60500,4343,4,124,60,1,0
1,6230,34900,60500,4343,4,124,60,1,0
1,6231,30300,60500,4343,4,124,60,1,0
1,6232,56500,60500,4343,4,124,60,1,0
1,6233,35400,60500,4343,4,124,60,1,0
1,6234,46200,60500,4343,4,124,60,1,0
1,6235,37300,60500,4343,4,124,60,1,0
1,6236,36900,60500,4343,4,124,60,1,0
1,6237,34900,60500,4343,4,124,60,1,0
1,6238,35700,60500,4343,4,124,60,1,0
1,6239,31500,60500,4343,4,124,60,1,0
1,6240,36700,60500,4343,4,124,60,1,0
1,6241,37100,60500,4343,4,124,60,1,0
1,6242,39900,60500,4343,4,124,60,1,0
1,6243,30800,60500,4343,4,124,60,1,0
1,6244,49100,60500,4343,4,124,60,1,0
1,6245,30400,60500,4343,4,124,60,1,0
1,6246,39400,60500,4343,4,124,60,1,0
1,6247,29800,60500,4343,4,124,60,1,0
1,6248,48200,60500,4343,4,124,60,1,0
1,6249,31500,60500,4343,4,124,60,1,0
1,6250,26300,60500,4343,4,124,60,1,0
1,6251,32000,60500,4343,4,124,60,1,0
1,6252,40000,60500,4343,4,124,60,1,0
1,6253,30900,60500,4343,4,124,60,1,0
1,6254,43200,60500,4343,4,124,60,1,0
1,6255,25700,60500,4343,4,124,60,1,0
1,6256,35500,60500,4343,4,124,60,1,0
1,6257,28500,60500,4343,4,124,60,1,0
1,6258,37200,60500,4343,4,124,60,1,0
1,6259,33900,60500,4343,4,124,60,1,0
1,6260,41200,60500,4343,4,124,60,1,0
1,6261,40300,60500,4343,4,124,60,1,0
1,6262,34700,60500,4343,4,124,60,1,0
1,6263,22400,60500,4343,4,124,60,1,0
1,6264,44500,60500,4343,4,124,60,1,0
1,6265,28700,60500,4343,4,124,60,1,0
1,6266,35600,60500,4343,4,124,60,1,0
1,6267,27000,60500,4343,4,124,60,1,0
1,6268,42000,60500,4343,4,124,60,1,0
1,6269,26000,60500,4343,4,124,60,1,0
1,6270,37900,60500,4343,4,124,60,1,0
1,6271,28100,60500,4343,4,124,60,1,0
1,6272,36300,60500,4343,4,124,60,1,0
1,6273,17900,60500,4343,4,124,60,1,0
1,6274,37500,60500,4343,4,124,60,1,0
1,6275,39000,60500,4343,4,124,60,1,0
1,6276,28400,60500,4343,4,124,60,1,0
1,6277,37300,60500,4343,4,124,60,1,0
1,6278,27900,60500,4343,4,124,60,1,0
1,6279,31200,60500,4343,4,124,60,1,0
1,6280,42800,60500,4343,4,124,60,1,0
1,6281,32400,60500,4343,4,124,60,1,0
1,6282,40800,60500,4343,4,124,60,1,0
1,6283,26300,60500,4343,4,124,60,1,0
1,6284,36100,60500,4343,4,124,60,1,0
1,6285,48800,60500,4343,4,124,60,1,0
1,6286,28300,60500,4343,4,124,60,1,0
1,6287,31600,60500,4343,4,124,60,1,0
1,6288,29300,60500,4343,4,124,60,1,0
1,6289,120900,60500,4343,4,124,60,1,0
1,6290,32400,60500,4343,4,124,60,1,0
1,6291,42700,60500,4343,4,124,60,1,0
1,6292,33700,60500,4343,4,124,60,1,0
1,6293,23000,60500,4343,4,124,60,1,0
1,6294,25200,60500,4343,4,124,60,1,0
1,6295,35700,60500,4343,4,124,60,1,0
1,6296,52200,60500,4343,4,124,60,1,0
1,6297,30300,60500,4343,4,124,60,1,0
1,6298,29600,60500,4343,4,124,60,1,0
1,6299,31900,60500,4343,4,124,60,1,0
1,6300,31300,60500,4343,4,124,60,1,0
1,6301,32900,60500,4343,4,124,60,1,0
1,6302,37800,60500,4343,4,124,60,1,0
1,6303,34100,60500,4343,4,124,60,1,0
1,6304,28000,60500,4343,4,124,60,1,0
1,6305,35400,60500,4343,4,124,60,1,0
1,6306,39900,60500,4343,4,124,60,1,0
1,6307,29000,60500,4343,4,124,60,1,0
1,6308,29300,60500,4343,4,124,60,1,0
1,6309,35900,60500,4343,4,124,60,1,0
1,6310,26400,60500,4343,4,124,60,1,0
1,6311,25500,60500,4343,4,124,60,1,0
1,6312,40600,60500,4343,4,124,60,1,0
1,6313,27000,60500,4343,4,124,60,1,0
1,6314,27000,60500,4343,4,124,60,1,0
1,6315,36100,60500,4343,4,124,60,1,0
1,6316,254800,60500,4343,4,124,60,1,0
1,6317,39700,60500,4343,4,124,60,1,0
1,6318,34400,60500,4343,4,124,60,1,0
1,6319,35500,60500,4343,4,124,60,1,0
1,6320,35500,60500,4343,4,124,60,1,0
1,6321,29900,60500,4343,4,124,60,1,0
1,6322,26600,60500,4343,4,124,60,1,0
1,6323,28400,60500,4343,4,124,60,1,0
1,6324,39800,60500,4343,4,124,60,1,0
1,6325,33400,60500,4343,4,124,60,1,0
1,6326,29600,60500,4343,4,124,60,1,0
1,6327,32900,60500,4343,4,124,60,1,0
1,6328,25200,60500,4343,4,124,60,1,0
1,6329,37100,60500,4343,4,124,60,1,0
1,6330,38600,60500,4343,4,124,60,1,0
1,6331,26700,60500,4343,4,124,60,1,0
1,6332,35100,60500,4343,4,124,60,1,0
1,6333,227100,60500,4343,4,124,60,1,0
1,6334,39300,60500,4343,4,124,60,1,0
1,6335,36000,60500,4343,4,124,60,1,0
1,6336,42400,60500,4343,4,124,60,1,0
1,6337,24700,60500,4343,4,124,60,1,0
1,6338,45900,60500,4343,4,124,60,1,0
1,6339,34900,60500,4343,4,124,60,1,0
1,6340,29300,60500,4343,4,124,60,1,0
1,6341,32100,60500,4343,4,124,60,1,0
1,6342,34700,60500,4343,4,124,60,1,0
1,6343,23900,60500,4343,4,124,60,1,0
1,6344,26200,60500,4343,4,124,60,1,0
1,6345,31200,60500,4343,4,124,60,1,0
1,6346,42900,60500,4343,4,124,60,1,0
1,6347,36600,60500,4343,4,124,60,1,0
1,6348,35800,60500,4343,4,124,60,1,0
1,6349,24600,60500,4343,4,124,60,1,0
1,6350,25500,60500,4343,4,124,60,1,0
1,6351,30400,60500,4343,4,124,60,1,0
1,6352,22100,60500,4343,4,124,60,1,0
1,6353,24300,60500,4343,4,124,60,1,0
1,6354,33000,60500,4343,4,124,60,1,0
1,6355,28000,60500,4343,4,124,60,1,0
1,6356,40200,60500,4343,4,124,60,1,0
1,6357,24200,60500,4343,4,124,60,1,0
1,6358,31800,60500,4343,4,124,60,1,0
1,6359,32800,60500,4343,4,124,60,1,0
1,6360,32900,60500,4343,4,124,60,1,0
1,6361,27900,60500,4343,4,124,60,1,0
1,6362,48900,60500,4343,4,124,60,1,0
1,6363,37300,60500,4343,4,124,60,1,0
1,6364,41700,60500,4343,4,124,60,1,0
1,6365,94000,60500,4343,4,124,60,1,0
1,6366,28600,60500,4343,4,124,60,1,0
1,6367,18700,60500,4343,4,124,60,1,0
1,6368,41700,60500,4343,4,124,60,1,0
1,6369,41000,60500,4343,4,124,60,1,0
1,6370,38200,60500,4343,4,124,60,1,0
1,6371,30500,60500,4343,4,124,60,1,0
1,6372,61300,60500,4343,4,124,60,1,0
1,6373,36500,60500,4343,4,124,60,1,0
1,6374,38000,60500,4343,4,124,60,1,0
1,6375,37100,60500,4343,4,124,60,1,0
1,6376,30400,60500,4343,4,124,60,1,0
1,6377,33700,60500,4343,4,124,60,1,0
1,6378,42400,60500,4343,4,124,60,1,0
1,6379,39200,60500,4343,4,124,60,1,0
1,6380,35500,60500,4343,4,124,60,1,0
1,6381,29200,60500,4343,4,124,60,1,0
1,6382,34400,60500,4343,4,124,60,1,0
1,6383,38400,60500,4343,4,124,60,1,0
1,6384,38800,60500,4343,4,124,60,1,0
1,6385,32700,60500,4343,4,124,60,1,0
1,6386,34700,60500,4343,4,124,60,1,0
1,6387,32500,60500,4343,4,124,60,1,0
1,6388,35900,60500,4343,4,124,60,1,0
1,6389,34200,60500,4343,4,124,60,1,0
1,6390,35300,60500,4343,4,124,60,1,0
1,6391,32800,60500,4343,4,124,60,1,0
1,6392,28100,60500,4343,4,124,60,1,0
1,6393,22500,60500,4343,4,124,60,1,0
1,6394,43500,60500,4343,4,124,60,1,0
1,6395,35100,60500,4343,4,124,60,1,0
1,6396,27100,60500,4343,4,124,60,1,0
1,6397,249500,60500,4343,4,124,60,1,0
1,6398,41100,60500,4343,4,124,60,1,0
1,6399,32800,60500,4343,4,124,60,1,0
1,6400,35700,60500,4343,4,124,60,1,0
1,6401,26200,60500,4343,4,124,60,1,0
1,6402,223200,60500,4343,4,124,60,1,0
1,6403,32800,60500,4343,4,124,60,1,0
1,6404,28200,60500,4343,4,124,60,1,0
1,6405,27400,60500,4343,4,124,60,1,0
1,6406,39500,60500,4343,4,124,60,1,0
1,6407,17900,60500,4343,4,124,60,1,0
1,6408,35300,60500,4343,4,124,60,1,0
1,6409,36800,60500,4343,4,124,60,1,0
1,6410,37300,60500,4343,4,124,60,1,0
1,6411,32700,60500,4343,4,124,60,1,0
1,6412,37700,60500,4343,4,124,60,1,0
1,6413,34200,60500,4343,4,124,60,1,0
1,6414,28700,60500,4343,4,124,60,1,0
1,6415,32900,60500,4343,4,124,60,1,0
1,6416,23900,60500,4343,4,124,60,1,0
1,6417,27000,60500,4343,4,124,60,1,0
1,6418,36900,60500,4343,4,124,60,1,0
1,6419,37000,60500,4343,4,124,60,1,0
1,6420,66200,60500,4343,4,124,60,1,0
1,6421,24900,60500,4343,4,124,60,1,0
1,6422,59400,60500,4343,4,124,60,1,0
1,6423,32400,60500,4343,4,124,60,1,0
1,6424,26500,60500,4343,4,124,60,1,0
1,6425,34200,60500,4343,4,124,60,1,0
1,6426,31700,60500,4343,4,124,60,1,0
1,6427,31400,60500,4343,4,124,60,1,0
1,6428,35800,60500,4343,4,124,60,1,0
1,6429,36600,60500,4343,4,124,60,1,0
1,6430,38000,60500,4343,4,124,60,1,0
1,6431,26400,60500,4343,4,124,60,1,0
1,6432,37900,60500,4343,4,124,60,1,0
1,6433,37900,60500,4343,4,124,60,1,0
1,6434,42200,60500,4343,4,124,60,1,0
1,6435,33700,60500,4343,4,124,60,1,0
1,6436,26200,60500,4343,4,124,60,1,0
1,6437,35400,60500,4343,4,124,60,1,0
1,6438,36400,60500,4343,4,124,60,1,0
1,6439,29000,60500,4343,4,124,60,1,0
1,6440,34800,60500,4343,4,124,60,1,0
1,6441,33100,60500,4343,4,124,60,1,0
1,6442,29600,60500,4343,4,124,60,1,0
1,6443,24800,60500,4343,4,124,60,1,0
1,6444,37000,60500,4343,4,124,60,1,0
1,6445,41900,60500,4343,4,124,60,1,0
1,6446,31600,60500,4343,4,124,60,1,0
1,6447,28200,60500,4343,4,124,60,1,0
1,6448,27400,60500,4343,4,124,60,1,0
1,6449,33000,60500,4343,4,124,60,1,0
1,6450,37600,60500,4343,4,124,60,1,0
1,6451,36500,60500,4343,4,124,60,1,0
1,6452,37400,60500,4343,4,124,60,1,0
1,6453,34200,60500,4343,4,124,60,1,0
1,6454,44700,60500,4343,4,124,60,1,0
1,6455,34000,60500,4343,4,124,60,1,0
1,6456,20700,60500,4343,4,124,60,1,0
1,6457,29400,60500,4343,4,124,60,1,0
1,6458,31900,60500,4343,4,124,60,1,0
1,6459,38300,60500,4343,4,124,60,1,0
1,6460,41300,60500,4343,4,124,60,1,0
1,6461,31000,60500,4343,4,124,60,1,0
1,6462,30200,60500,4343,4,124,60,1,0
1,6463,34100,60500,4343,4,124,60,1,0
1,6464,35500,60500,4343,4,124,60,1,0
1,6465,35300,60500,4343,4,124,60,1,0
1,6466,31600,60500,4343,4,124,60,1,0
1,6467,26300,60500,4343,4,124,60,1,0
1,6468,33700,60500,4343,4,124,60,1,0
1,6469,31200,60500,4343,4,124,60,1,0
1,6470,59200,60500,4343,4,124,60,1,0
1,6471,39100,60500,4343,4,124,60,1,0
1,6472,47300,60500,4343,4,124,60,1,0
1,6473,33100,60500,4343,4,124,60,1,0
1,6474,38600,60500,4343,4,124,60,1,0
1,6475,36800,60500,4343,4,124,60,1,0
1,6476,31700,60500,4343,4,124,60,1,0
1,6477,39300,60500,4343,4,124,60,1,0
1,6478,37500,60500,4343,4,124,60,1,0
1,6479,29100,60500,4343,4,124,60,1,0
1,6480,27900,60500,4343,4,124,60,1,0
1,6481,43500,60500,4343,4,124,60,1,0
1,6482,160800,60500,4343,4,124,60,1,0
1,6483,36400,60500,4343,4,124,60,1,0
1,6484,37000,60500,4343,4,124,60,1,0
1,6485,32400,60500,4343,4,124,60,1,0
1,6486,34800,60500,4343,4,124,60,1,0
1,6487,33300,60500,4343,4,124,60,1,0
1,6488,32600,60500,4343,4,124,60,1,0
1,6489,37600,60500,4343,4,124,60,1,0
1,6490,75900,60500,4343,4,124,60,1,0
1,6491,37500,60500,4343,4,124,60,1,0
1,6492,25400,60500,4343,4,124,60,1,0
1,6493,40400,60500,4343,4,124,60,1,0
1,6494,27100,60500,4343,4,124,60,1,0
1,6495,60500,60500,4343,4,124,60,1,0
1,6496,53900,60500,4343,4,124,60,1,0
1,6497,43200,60500,4343,4,124,60,1,0
1,6498,35100,60500,4343,4,124,60,1,0
1,6499,26500,60500,4343,4,124,60,1,0
1,6500,65500,60500,4343,4,124,60,1,0
1,6501,26300,60500,4343,4,124,60,1,0
1,6502,28800,60500,4343,4,124,60,1,0
1,6503,34200,60500,4343,4,124,60,1,0
1,6504,35400,60500,4343,4,124,60,1,0
1,6505,27500,60500,4343,4,124,60,1,0
1,6506,30000,60500,4343,4,124,60,1,0
1,6507,33400,60500,4343,4,124,60,1,0
1,6508,41800,60500,4343,4,124,60,1,0
1,6509,37000,60500,4343,4,124,60,1,0
1,6510,36600,60500,4343,4,124,60,1,0
1,6511,32800,60500,4343,4,124,60,1,0
1,6512,40000,60500,4343,4,124,60,1,0
1,6513,33300,60500,4343,4,124,60,1,0
1,6514,38700,60500,4343,4,124,60,1,0
1,6515,32600,60500,4343,4,124,60,1,0
1,6516,38100,60500,4343,4,124,60,1,0
1,6517,33300,60500,4343,4,124,60,1,0
1,6518,35300,60500,4343,4,124,60,1,0
1,6519,25000,60500,4343,4,124,60,1,0
1,6520,26000,60500,4343,4,124,60,1,0
1,6521,26700,60500,4343,4,124,60,1,0
1,6522,57600,60500,4343,4,124,60,1,0
1,6523,33100,60500,4343,4,124,60,1,0
1,6524,53800,60500,4343,4,124,60,1,0
1,6525,32400,60500,4343,4,124,60,1,0
1,6526,38800,60500,4343,4,124,60,1,0
1,6527,33100,60500,4343,4,124,60,1,0
1,6528,36900,60500,4343,4,124,60,1,0
1,6529,26300,60500,4343,4,124,60,1,0
1,6530,36400,60500,4343,4,124,60,1,0
1,6531,29600,60500,4343,4,124,60,1,0
1,6532,95400,60500,4343,4,124,60,1,0
1,6533,25800,60500,4343,4,124,60,1,0
1,6534,32300,60500,4343,4,124,60,1,0
1,6535,40800,60500,4343,4,124,60,1,0
1,6536,35800,60500,4343,4,124,60,1,0
1,6537,25600,60500,4343,4,124,60,1,0
1,6538,40400,60500,4343,4,124,60,1,0
1,6539,36400,60500,4343,4,124,60,1,0
1,6540,29000,60500,4343,4,124,60,1,0
1,6541,33300,60500,4343,4,124,60,1,0
1,6542,42600,60500,4343,4,124,60,1,0
1,6543,172600,60500,4343,4,124,60,1,0
1,6544,63900,60500,4343,4,124,60,1,0
1,6545,35700,60500,4343,4,124,60,1,0
1,6546,32700,60500,4343,4,124,60,1,0
1,6547,35200,60500,4343,4,124,60,1,0
1,6548,29500,60500,4343,4,124,60,1,0
1,6549,24600,60500,4343,4,124,60,1,0
1,6550,35700,60500,4343,4,124,60,1,0
1,6551,45700,60500,4343,4,124,60,1,0
1,6552,37800,60500,4343,4,124,60,1,0
1,6553,30100,60500,4343,4,124,60,1,0
1,6554,26200,60500,4343,4,124,60,1,0
1,6555,32700,60500,4343,4,124,60,1,0
1,6556,32500,60500,4343,4,124,60,1,0
1,6557,20900,60500,4343,4,124,60,1,0
1,6558,37100,60500,4343,4,124,60,1,0
1,6559,34800,60500,4343,4,124,60,1,0
1,6560,36300,60500,4343,4,124,60,1,0
1,6561,34500,60500,4343,4,124,60,1,0
1,6562,39400,60500,4343,4,124,60,1,0
1,6563,32200,60500,4343,4,124,60,1,0
1,6564,32800,60500,4343,4,124,60,1,0
1,6565,32200,60500,4343,4,124,60,1,0
1,6566,26900,60500,4343,4,124,60,1,0
1,6567,112400,60500,4343,4,124,60,1,0
1,6568,33500,60500,4343,4,124,60,1,0
1,6569,33500,60500,4343,4,124,60,1,0
1,6570,40900,60500,4343,4,124,60,1,0
1,6571,33900,60500,4343,4,124,60,1,0
1,6572,33900,60500,4343,4,124,60,1,0
1,6573,24200,60500,4343,4,124,60,1,0
1,6574,41900,60500,4343,4,124,60,1,0
1,6575,23600,60500,4343,4,124,60,1,0
1,6576,46200,60500,4343,4,124,60,1,0
1,6577,31500,60500,4343,4,124,60,1,0
1,6578,37400,60500,4343,4,124,60,1,0
1,6579,30500,60500,4343,4,124,60,1,0
1,6580,53700,60500,4343,4,124,60,1,0
1,6581,34400,60500,4343,4,124,60,1,0
1,6582,219600,60500,4343,4,124,60,1,0
1,6583,25800,60500,4343,4,124,60,1,0
1,6584,29400,60500,4343,4,124,60,1,0
1,6585,35700,60500,4343,4,124,60,1,0
1,6586,29500,60500,4343,4,124,60,1,0
1,6587,28000,60500,4343,4,124,60,1,0
1,6588,34700,60500,4343,4,124,60,1,0
1,6589,32300,60500,4343,4,124,60,1,0
1,6590,33700,60500,4343,4,124,60,1,0
1,6591,24500,60500,4343,4,124,60,1,0
1,6592,38300,60500,4343,4,124,60,1,0
1,6593,25300,60500,4343,4,124,60,1,0
1,6594,36000,60500,4343,4,124,60,1,0
1,6595,32500,60500,4343,4,124,60,1,0
1,6596,35900,60500,4343,4,124,60,1,0
1,6597,231300,60500,4343,4,124,60,1,0
1,6598,36900,60500,4343,4,124,60,1,0
1,6599,26500,60500,4343,4,124,60,1,0
1,6600,38000,60500,4343,4,124,60,1,0
1,6601,25500,60500,4343,4,124,60,1,0
1,6602,34300,60500,4343,4,124,60,1,0
1,6603,34900,60500,4343,4,124,60,1,0
1,6604,35200,60500,4343,4,124,60,1,0
1,6605,31500,60500,4343,4,124,60,1,0
1,6606,46100,60500,4343,4,124,60,1,0
1,6607,24500,60500,4343,4,124,60,1,0
1,6608,32800,60500,4343,4,124,60,1,0
1,6609,28900,60500,4343,4,124,60,1,0
1,6610,31700,60500,4343,4,124,60,1,0
1,6611,28200,60500,4343,4,124,60,1,0
1,6612,35300,60500,4343,4,124,60,1,0
1,6613,32600,60500,4343,4,124,60,1,0
1,6614,40200,60500,4343,4,124,60,1,0
1,6615,19000,60500,4343,4,124,60,1,0
1,6616,42300,60500,4343,4,124,60,1,0
1,6617,98000,60500,4343,4,124,60,1,0
1,6618,40100,60500,4343,4,124,60,1,0
1,6619,18500,60500,4343,4,124,60,1,0
1,6620,38000,60500,4343,4,124,60,1,0
1,6621,33400,60500,4343,4,124,60,1,0
1,6622,34700,60500,4343,4,124,60,1,0
1,6623,25200,60500,4343,4,124,60,1,0
1,6624,32800,60500,4343,4,124,60,1,0
1,6625,30600,60500,4343,4,124,60,1,0
1,6626,33500,60500,4343,4,124,60,1,0
1,6627,34100,60500,4343,4,124,60,1,0
1,6628,44900,60500,4343,4,124,60,1,0
1,6629,23200,60500,4343,4,124,60,1,0
1,6630,35900,60500,4343,4,124,60,1,0
1,6631,24900,60500,4343,4,124,60,1,0
1,6632,40500,60500,4343,4,124,60,1,0
1,6633,36000,60500,4343,4,124,60,1,0
1,6634,28700,60500,4343,4,124,60,1,0
1,6635,39700,60500,4343,4,124,60,1,0
1,6636,37000,60500,4343,4,124,60,1,0
1,6637,36300,60500,4343,4,124,60,1,0
1,6638,38400,60500,4343,4,124,60,1,0
1,6639,25300,60500,4343,4,124,60,1,0
1,6640,873900,60500,4343,4,124,60,1,0
1,6641,32300,60500,4343,4,124,60,1,0
1,6642,26800,60500,4343,4,124,60,1,0
1,6643,25400,60500,4343,4,124,60,1,0
1,6644,36600,60500,4343,4,124,60,1,0
1,6645,32700,60500,4343,4,124,60,1,0
1,6646,30700,60500,4343,4,124,60,1,0
1,6647,32000,60500,4343,4,124,60,1,0
1,6648,44000,60500,4343,4,124,60,1,0
1,6649,30500,60500,4343,4,124,60,1,0
1,6650,51500,60500,4343,4,124,60,1,0
1,6651,30300,60500,4343,4,124,60,1,0
1,6652,31200,60500,4343,4,124,60,1,0
1,6653,32400,60500,4343,4,124,60,1,0
1,6654,39200,60500,4343,4,124,60,1,0
1,6655,22900,60500,4343,4,124,60,1,0
1,6656,46300,60500,4343,4,124,60,1,0
1,6657,117800,60500,4343,4,124,60,1,0
1,6658,120800,60500,4343,4,124,60,1,0
1,6659,40300,60500,4343,4,124,60,1,0
1,6660,34800,60500,4343,4,124,60,1,0
1,6661,40600,60500,4343,4,124,60,1,0
1,6662,27700,60500,4343,4,124,60,1,0
1,6663,33700,60500,4343,4,124,60,1,0
1,6664,28100,60500,4343,4,124,60,1,0
1,6665,36400,60500,4343,4,124,60,1,0
1,6666,30100,60500,4343,4,124,60,1,0
1,6667,32600,60500,4343,4,124,60,1,0
1,6668,39500,60500,4343,4,124,60,1,0
1,6669,132000,60500,4343,4,124,60,1,0
1,6670,31500,60500,4343,4,124,60,1,0
1,6671,31500,60500,4343,4,124,60,1,0
1,6672,36000,60500,4343,4,124,60,1,0
1,6673,35400,60500,4343,4,124,60,1,0
1,6674,25800,60500,4343,4,124,60,1,0
1,6675,55400,60500,4343,4,124,60,1,0
1,6676,36700,60500,4343,4,124,60,1,0
1,6677,39700,60500,4343,4,124,60,1,0
1,6678,41100,60500,4343,4,124,60,1,0
1,6679,35900,60500,4343,4,124,60,1,0
1,6680,26800,60500,4343,4,124,60,1,0
1,6681,29900,60500,4343,4,124,60,1,0
1,6682,60400,60500,4343,4,124,60,1,0
1,6683,145700,60500,4343,4,124,60,1,0
1,6684,30400,60500,4343,4,124,60,1,0
1,6685,27900,60500,4343,4,124,60,1,0
1,6686,44200,60500,4343,4,124,60,1,0
1,6687,42900,60500,4343,4,124,60,1,0
1,6688,46800,60500,4343,4,124,60,1,0
1,6689,32700,60500,4343,4,124,60,1,0
1,6690,30300,60500,4343,4,124,60,1,0
1,6691,38800,60500,4343,4,124,60,1,0
1,6692,38400,60500,4343,4,124,60,1,0
1,6693,29700,60500,4343,4,124,60,1,0
1,6694,37600,60500,4343,4,124,60,1,0
1,6695,33700,60500,4343,4,124,60,1,0
1,6696,58300,60500,4343,4,124,60,1,0
1,6697,27100,60500,4343,4,124,60,1,0
1,6698,26300,60500,4343,4,124,60,1,0
1,6699,29500,60500,4343,4,124,60,1,0
1,6700,26600,60500,4343,4,124,60,1,0
1,6701,34100,60500,4343,4,124,60,1,0
1,6702,29300,60500,4343,4,124,60,1,0
1,6703,37500,60500,4343,4,124,60,1,0
1,6704,38600,60500,4343,4,124,60,1,0
1,6705,34500,60500,4343,4,124,60,1,0
1,6706,35700,60500,4343,4,124,60,1,0
1,6707,40200,60500,4343,4,124,60,1,0
1,6708,28000,60500,4343,4,124,60,1,0
1,6709,32200,60500,4343,4,124,60,1,0
1,6710,50800,60500,4343,4,124,60,1,0
1,6711,34300,60500,4343,4,124,60,1,0
1,6712,45700,60500,4343,4,124,60,1,0
1,6713,42700,60500,4343,4,124,60,1,0
1,6714,33900,60500,4343,4,124,60,1,0
1,6715,39400,60500,4343,4,124,60,1,0
1,6716,36600,60500,4343,4,124,60,1,0
1,6717,23800,60500,4343,4,124,60,1,0
1,6718,39800,60500,4343,4,124,60,1,0
1,6719,24100,60500,4343,4,124,60,1,0
1,6720,58900,60500,4343,4,124,60,1,0
1,6721,43500,60500,4343,4,124,60,1,0
1,6722,55900,60500,4343,4,124,60,1,0
1,6723,33800,60500,4343,4,124,60,1,0
1,6724,29700,60500,4343,4,124,60,1,0
1,6725,31700,60500,4343,4,124,60,1,0
1,6726,29300,60500,4343,4,124,60,1,0
1,6727,62100,60500,4343,4,124,60,1,0
1,6728,30900,60500,4343,4,124,60,1,0
1,6729,35200,60500,4343,4,124,60,1,0
1,6730,40000,60500,4343,4,124,60,1,0
1,6731,33300,60500,4343,4,124,60,1,0
1,6732,34800,60500,4343,4,124,60,1,0
1,6733,33800,60500,4343,4,124,60,1,0
1,6734,36600,60500,4343,4,124,60,1,0
1,6735,34800,60500,4343,4,124,60,1,0
1,6736,41800,60500,4343,4,124,60,1,0
1,6737,35700,60500,4343,4,124,60,1,0
1,6738,40100,60500,4343,4,124,60,1,0
1,6739,48000,60500,4343,4,124,60,1,0
1,6740,42800,60500,4343,4,124,60,1,0
1,6741,62200,60500,4343,4,124,60,1,0
1,6742,66600,60500,4343,4,124,60,1,0
1,6743,35400,60500,4343,4,124,60,1,0
1,6744,64600,60500,4343,4,124,60,1,0
1,6745,25200,60500,4343,4,124,60,1,0
1,6746,27400,60500,4343,4,124,60,1,0
1,6747,24500,60500,4343,4,124,60,1,0
1,6748,28200,60500,4343,4,124,60,1,0
1,6749,24600,60500,4343,4,124,60,1,0
1,6750,34100,60500,4343,4,124,60,1,0
1,6751,37200,60500,4343,4,124,60,1,0
1,6752,32800,60500,4343,4,124,60,1,0
1,6753,32900,60500,4343,4,124,60,1,0
1,6754,38500,60500,4343,4,124,60,1,0
1,6755,33000,60500,4343,4,124,60,1,0
1,6756,30400,60500,4343,4,124,60,1,0
1,6757,26900,60500,4343,4,124,60,1,0
1,6758,42400,60500,4343,4,124,60,1,0
1,6759,31900,60500,4343,4,124,60,1,0
1,6760,34900,60500,4343,4,124,60,1,0
1,6761,34200,60500,4343,4,124,60,1,0
1,6762,42500,60500,4343,4,124,60,1,0
1,6763,46200,60500,4343,4,124,60,1,0
1,6764,28600,60500,4343,4,124,60,1,0
1,6765,33000,60500,4343,4,124,60,1,0
1,6766,51700,60500,4343,4,124,60,1,0
1,6767,28900,60500,4343,4,124,60,1,0
1,6768,38700,60500,4343,4,124,60,1,0
1,6769,44500,60500,4343,4,124,60,1,0
1,6770,40400,60500,4343,4,124,60,1,0
1,6771,35600,60500,4343,4,124,60,1,0
1,6772,78900,60500,4343,4,124,60,1,0
1,6773,35200,60500,4343,4,124,60,1,0
1,6774,77500,60500,4343,4,124,60,1,0
1,6775,38000,60500,4343,4,124,60,1,0
1,6776,43300,60500,4343,4,124,60,1,0
1,6777,26800,60500,4343,4,124,60,1,0
1,6778,35900,60500,4343,4,124,60,1,0
1,6779,38400,60500,4343,4,124,60,1,0
1,6780,41400,60500,4343,4,124,60,1,0
1,6781,25000,60500,4343,4,124,60,1,0
1,6782,31000,60500,4343,4,124,60,1,0
1,6783,35800,60500,4343,4,124,60,1,0
1,6784,42700,60500,4343,4,124,60,1,0
1,6785,41900,60500,4343,4,124,60,1,0
1,6786,26400,60500,4343,4,124,60,1,0
1,6787,37000,60500,4343,4,124,60,1,0
1,6788,33800,60500,4343,4,124,60,1,0
1,6789,126500,60500,4343,4,124,60,1,0
1,6790,36600,60500,4343,4,124,60,1,0
1,6791,31200,60500,4343,4,124,60,1,0
1,6792,72100,60500,4343,4,124,60,1,0
1,6793,28100,60500,4343,4,124,60,1,0
1,6794,34800,60500,4343,4,124,60,1,0
1,6795,38600,60500,4343,4,124,60,1,0
1,6796,43700,60500,4343,4,124,60,1,0
1,6797,46800,60500,4343,4,124,60,1,0
1,6798,38700,60500,4343,4,124,60,1,0
1,6799,53400,60500,4343,4,124,60,1,0
1,6800,31700,60500,4343,4,124,60,1,0
1,6801,88200,60500,4343,4,124,60,1,0
1,6802,64300,60500,4343,4,124,60,1,0
1,6803,28600,60500,4343,4,124,60,1,0
1,6804,39300,60500,4343,4,124,60,1,0
1,6805,33100,60500,4343,4,124,60,1,0
1,6806,42200,60500,4343,4,124,60,1,0
1,6807,31000,60500,4343,4,124,60,1,0
1,6808,33000,60500,4343,4,124,60,1,0
1,6809,134700,60500,4343,4,124,60,1,0
1,6810,43600,60500,4343,4,124,60,1,0
1,6811,35800,60500,4343,4,124,60,1,0
1,6812,33800,60500,4343,4,124,60,1,0
1,6813,37600,60500,4343,4,124,60,1,0
1,6814,76200,60500,4343,4,124,60,1,0
1,6815,36500,60500,4343,4,124,60,1,0
1,6816,38200,60500,4343,4,124,60,1,0
1,6817,34100,60500,4343,4,124,60,1,0
1,6818,44900,60500,4343,4,124,60,1,0
1,6819,33200,60500,4343,4,124,60,1,0
1,6820,34800,60500,4343,4,124,60,1,0
1,6821,35900,60500,4343,4,124,60,1,0
1,6822,83400,60500,4343,4,124,60,1,0
1,6823,36200,60500,4343,4,124,60,1,0
1,6824,47600,60500,4343,4,124,60,1,0
1,6825,35200,60500,4343,4,124,60,1,0
1,6826,35400,60500,4343,4,124,60,1,0
1,6827,32400,60500,4343,4,124,60,1,0
1,6828,37800,60500,4343,4,124,60,1,0
1,6829,33100,60500,4343,4,124,60,1,0
1,6830,35200,60500,4343,4,124,60,1,0
1,6831,25700,60500,4343,4,124,60,1,0
1,6832,49200,60500,4343,4,124,60,1,0
1,6833,84900,60500,4343,4,124,60,1,0
1,6834,26500,60500,4343,4,124,60,1,0
1,6835,27500,60500,4343,4,124,60,1,0
1,6836,37900,60500,4343,4,124,60,1,0
1,6837,41900,60500,4343,4,124,60,1,0
1,6838,34000,60500,4343,4,124,60,1,0
1,6839,32200,60500,4343,4,124,60,1,0
1,6840,37100,60500,4343,4,124,60,1,0
1,6841,33900,60500,4343,4,124,60,1,0
1,6842,27100,60500,4343,4,124,60,1,0
1,6843,32600,60500,4343,4,124,60,1,0
1,6844,66000,60500,4343,4,124,60,1,0
1,6845,43800,60500,4343,4,124,60,1,0
1,6846,37300,60500,4343,4,124,60,1,0
1,6847,33600,60500,4343,4,124,60,1,0
1,6848,26900,60500,4343,4,124,60,1,0
1,6849,26800,60500,4343,4,124,60,1,0
1,6850,44800,60500,4343,4,124,60,1,0
1,6851,94900,60500,4343,4,124,60,1,0
1,6852,35000,60500,4343,4,124,60,1,0
1,6853,28900,60500,4343,4,124,60,1,0
1,6854,36400,60500,4343,4,124,60,1,0
1,6855,23600,60500,4343,4,124,60,1,0
1,6856,58800,60500,4343,4,124,60,1,0
1,6857,31400,60500,4343,4,124,60,1,0
1,6858,39900,60500,4343,4,124,60,1,0
1,6859,38000,60500,4343,4,124,60,1,0
1,6860,50900,60500,4343,4,124,60,1,0
1,6861,40300,60500,4343,4,124,60,1,0
1,6862,26900,60500,4343,4,124,60,1,0
1,6863,41000,60500,4343,4,124,60,1,0
1,6864,42100,60500,4343,4,124,60,1,0
1,6865,33000,60500,4343,4,124,60,1,0
1,6866,26300,60500,4343,4,124,60,1,0
1,6867,31500,60500,4343,4,124,60,1,0
1,6868,35900,60500,4343,4,124,60,1,0
1,6869,31400,60500,4343,4,124,60,1,0
1,6870,42200,60500,4343,4,124,60,1,0
1,6871,35700,60500,4343,4,124,60,1,0
1,6872,38300,60500,4343,4,124,60,1,0
1,6873,40800,60500,4343,4,124,60,1,0
1,6874,48900,60500,4343,4,124,60,1,0
1,6875,35900,60500,4343,4,124,60,1,0
1,6876,35300,60500,4343,4,124,60,1,0
1,6877,25500,60500,4343,4,124,60,1,0
1,6878,37000,60500,4343,4,124,60,1,0
1,6879,33300,60500,4343,4,124,60,1,0
1,6880,35400,60500,4343,4,124,60,1,0
1,6881,35800,60500,4343,4,124,60,1,0
1,6882,28500,60500,4343,4,124,60,1,0
1,6883,35700,60500,4343,4,124,60,1,0
1,6884,32300,60500,4343,4,124,60,1,0
1,6885,32700,60500,4343,4,124,60,1,0
1,6886,31800,60500,4343,4,124,60,1,0
1,6887,24600,60500,4343,4,124,60,1,0
1,6888,35800,60500,4343,4,124,60,1,0
1,6889,25900,60500,4343,4,124,60,1,0
1,6890,38100,60500,4343,4,124,60,1,0
1,6891,41200,60500,4343,4,124,60,1,0
1,6892,20500,60500,4343,4,124,60,1,0
1,6893,39300,60500,4343,4,124,60,1,0
1,6894,34400,60500,4343,4,124,60,1,0
1,6895,39800,60500,4343,4,124,60,1,0
1,6896,59200,60500,4343,4,124,60,1,0
1,6897,24500,60500,4343,4,124,60,1,0
1,6898,36400,60500,4343,4,124,60,1,0
1,6899,31800,60500,4343,4,124,60,1,0
1,6900,31000,60500,4343,4,124,60,1,0
1,6901,33200,60500,4343,4,124,60,1,0
1,6902,28700,60500,4343,4,124,60,1,0
1,6903,33800,60500,4343,4,124,60,1,0
1,6904,37900,60500,4343,4,124,60,1,0
1,6905,232100,60500,4343,4,124,60,1,0
1,6906,34600,60500,4343,4,124,60,1,0
1,6907,33600,60500,4343,4,124,60,1,0
1,6908,36600,60500,4343,4,124,60,1,0
1,6909,21700,60500,4343,4,124,60,1,0
1,6910,43300,60500,4343,4,124,60,1,0
1,6911,28800,60500,4343,4,124,60,1,0
1,6912,47600,60500,4343,4,124,60,1,0
1,6913,27700,60500,4343,4,124,60,1,0
1,6914,39200,60500,4343,4,124,60,1,0
1,6915,30900,60500,4343,4,124,60,1,0
1,6916,36800,60500,4343,4,124,60,1,0
1,6917,32400,60500,4343,4,124,60,1,0
1,6918,26600,60500,4343,4,124,60,1,0
1,6919,31700,60500,4343,4,124,60,1,0
1,6920,47700,60500,4343,4,124,60,1,0
1,6921,33800,60500,4343,4,124,60,1,0
1,6922,30400,60500,4343,4,124,60,1,0
1,6923,43700,60500,4343,4,124,60,1,0
1,6924,26400,60500,4343,4,124,60,1,0
1,6925,29800,60500,4343,4,124,60,1,0
1,6926,38700,60500,4343,4,124,60,1,0
1,6927,28200,60500,4343,4,124,60,1,0
1,6928,36600,60500,4343,4,124,60,1,0
1,6929,38400,60500,4343,4,124,60,1,0
1,6930,32400,60500,4343,4,124,60,1,0
1,6931,38500,60500,4343,4,124,60,1,0
1,6932,32400,60500,4343,4,124,60,1,0
1,6933,36400,60500,4343,4,124,60,1,0
1,6934,39100,60500,4343,4,124,60,1,0
1,6935,36200,60500,4343,4,124,60,1,0
1,6936,27100,60500,4343,4,124,60,1,0
1,6937,26800,60500,4343,4,124,60,1,0
1,6938,24500,60500,4343,4,124,60,1,0
1,6939,38600,60500,4343,4,124,60,1,0
1,6940,44500,60500,4343,4,124,60,1,0
1,6941,32400,60500,4343,4,124,60,1,0
1,6942,38100,60500,4343,4,124,60,1,0
1,6943,42300,60500,4343,4,124,60,1,0
1,6944,28000,60500,4343,4,124,60,1,0
1,6945,32600,60500,4343,4,124,60,1,0
1,6946,38200,60500,4343,4,124,60,1,0
1,6947,28300,60500,4343,4,124,60,1,0
1,6948,34400,60500,4343,4,124,60,1,0
1,6949,35900,60500,4343,4,124,60,1,0
1,6950,31500,60500,4343,4,124,60,1,0
1,6951,33500,60500,4343,4,124,60,1,0
1,6952,44500,60500,4343,4,124,60,1,0
1,6953,38100,60500,4343,4,124,60,1,0
1,6954,43400,60500,4343,4,124,60,1,0
1,6955,35700,60500,4343,4,124,60,1,0
1,6956,35700,60500,4343,4,124,60,1,0
1,6957,32200,60500,4343,4,124,60,1,0
1,6958,25400,60500,4343,4,124,60,1,0
1,6959,35000,60500,4343,4,124,60,1,0
1,6960,35800,60500,4343,4,124,60,1,0
1,6961,33700,60500,4343,4,124,60,1,0
1,6962,35800,60500,4343,4,124,60,1,0
1,6963,32400,60500,4343,4,124,60,1,0
1,6964,30700,60500,4343,4,124,60,1,0
1,6965,74600,60500,4343,4,124,60,1,0
1,6966,33000,60500,4343,4,124,60,1,0
1,6967,31500,60500,4343,4,124,60,1,0
1,6968,34000,60500,4343,4,124,60,1,0
1,6969,25100,60500,4343,4,124,60,1,0
1,6970,36000,60500,4343,4,124,60,1,0
1,6971,29200,60500,4343,4,124,60,1,0
1,6972,38300,60500,4343,4,124,60,1,0
1,6973,24000,60500,4343,4,124,60,1,0
1,6974,31100,60500,4343,4,124,60,1,0
1,6975,36400,60500,4343,4,124,60,1,0
1,6976,41100,60500,4343,4,124,60,1,0
1,6977,32400,60500,4343,4,124,60,1,0
1,6978,29500,60500,4343,4,124,60,1,0
1,6979,29700,60500,4343,4,124,60,1,0
1,6980,35400,60500,4343,4,124,60,1,0
1,6981,33100,60500,4343,4,124,60,1,0
1,6982,32400,60500,4343,4,124,60,1,0
1,6983,32900,60500,4343,4,124,60,1,0
1,6984,27400,60500,4343,4,124,60,1,0
1,6985,29600,60500,4343,4,124,60,1,0
1,6986,29400,60500,4343,4,124,60,1,0
1,6987,29500,60500,4343,4,124,60,1,0
1,6988,46400,60500,4343,4,124,60,1,0
1,6989,49900,60500,4343,4,124,60,1,0
1,6990,30400,60500,4343,4,124,60,1,0
1,6991,55100,60500,4343,4,124,60,1,0
1,6992,20100,60500,4343,4,124,60,1,0
1,6993,35400,60500,4343,4,124,60,1,0
1,6994,37900,60500,4343,4,124,60,1,0
1,6995,39800,60500,4343,4,124,60,1,0
1,6996,26700,60500,4343,4,124,60,1,0
1,6997,32300,60500,4343,4,124,60,1,0
1,6998,36900,60500,4343,4,124,60,1,0
1,6999,24700,60500,4343,4,124,60,1,0
1,7000,35000,60500,4343,4,124,60,1,0
1,7001,26600,60500,4343,4,124,60,1,0
1,7002,34500,60500,4343,4,124,60,1,0
1,7003,24800,60500,4343,4,124,60,1,0
1,7004,34500,60500,4343,4,124,60,1,0
1,7005,35400,60500,4343,4,124,60,1,0
1,7006,39800,60500,4343,4,124,60,1,0
1,7007,177200,60500,4343,4,124,60,1,0
1,7008,41800,60500,4343,4,124,60,1,0
1,7009,30800,60500,4343,4,124,60,1,0
1,7010,28900,60500,4343,4,124,60,1,0
1,7011,33800,60500,4343,4,124,60,1,0
1,7012,35000,60500,4343,4,124,60,1,0
1,7013,25900,60500,4343,4,124,60,1,0
1,7014,40700,60500,4343,4,124,60,1,0
1,7015,25300,60500,4343,4,124,60,1,0
1,7016,44000,60500,4343,4,124,60,1,0
1,7017,25000,60500,4343,4,124,60,1,0
1,7018,38300,60500,4343,4,124,60,1,0
1,7019,145500,60500,4343,4,124,60,1,0
1,7020,50200,60500,4343,4,124,60,1,0
1,7021,25400,60500,4343,4,124,60,1,0
1,7022,42200,60500,4343,4,124,60,1,0
1,7023,24700,60500,4343,4,124,60,1,0
1,7024,79100,60500,4343,4,124,60,1,0
1,7025,34100,60500,4343,4,124,60,1,0
1,7026,35300,60500,4343,4,124,60,1,0
1,7027,47400,60500,4343,4,124,60,1,0
1,7028,27400,60500,4343,4,124,60,1,0
1,7029,24000,60500,4343,4,124,60,1,0
1,7030,27400,60500,4343,4,124,60,1,0
1,7031,32500,60500,4343,4,124,60,1,0
1,7032,40200,60500,4343,4,124,60,1,0
1,7033,36400,60500,4343,4,124,60,1,0
1,7034,37200,60500,4343,4,124,60,1,0
1,7035,23000,60500,4343,4,124,60,1,0
1,7036,33400,60500,4343,4,124,60,1,0
1,7037,28400,60500,4343,4,124,60,1,0
1,7038,36300,60500,4343,4,124,60,1,0
1,7039,37500,60500,4343,4,124,60,1,0
1,7040,25100,60500,4343,4,124,60,1,0
1,7041,25200,60500,4343,4,124,60,1,0
1,7042,37100,60500,4343,4,124,60,1,0
1,7043,24500,60500,4343,4,124,60,1,0
1,7044,34700,60500,4343,4,124,60,1,0
1,7045,32600,60500,4343,4,124,60,1,0
1,7046,43300,60500,4343,4,124,60,1,0
1,7047,27800,60500,4343,4,124,60,1,0
1,7048,33700,60500,4343,4,124,60,1,0
1,7049,33800,60500,4343,4,124,60,1,0
1,7050,27500,60500,4343,4,124,60,1,0
1,7051,24300,60500,4343,4,124,60,1,0
1,7052,36200,60500,4343,4,124,60,1,0
1,7053,33600,60500,4343,4,124,60,1,0
1,7054,39600,60500,4343,4,124,60,1,0
1,7055,34400,60500,4343,4,124,60,1,0
1,7056,25500,60500,4343,4,124,60,1,0
1,7057,29400,60500,4343,4,124,60,1,0
1,7058,36700,60500,4343,4,124,60,1,0
1,7059,32300,60500,4343,4,124,60,1,0
1,7060,37900,60500,4343,4,124,60,1,0
1,7061,23800,60500,4343,4,124,60,1,0
1,7062,28600,60500,4343,4,124,60,1,0
1,7063,35000,60500,4343,4,124,60,1,0
1,7064,41900,60500,4343,4,124,60,1,0
1,7065,31800,60500,4343,4,124,60,1,0
1,7066,40400,60500,4343,4,124,60,1,0
1,7067,36000,60500,4343,4,124,60,1,0
1,7068,39100,60500,4343,4,124,60,1,0
1,7069,34000,60500,4343,4,124,60,1,0
1,7070,35300,60500,4343,4,124,60,1,0
1,7071,32300,60500,4343,4,124,60,1,0
1,7072,30500,60500,4343,4,124,60,1,0
1,7073,33200,60500,4343,4,124,60,1,0
1,7074,38800,60500,4343,4,124,60,1,0
1,7075,34700,60500,4343,4,124,60,1,0
1,7076,38200,60500,4343,4,124,60,1,0
1,7077,32500,60500,4343,4,124,60,1,0
1,7078,52300,60500,4343,4,124,60,1,0
1,7079,33000,60500,4343,4,124,60,1,0
1,7080,42300,60500,4343,4,124,60,1,0
1,7081,32500,60500,4343,4,124,60,1,0
1,7082,36200,60500,4343,4,124,60,1,0
1,7083,28600,60500,4343,4,124,60,1,0
1,7084,35800,60500,4343,4,124,60,1,0
1,7085,33100,60500,4343,4,124,60,1,0
1,7086,28500,60500,4343,4,124,60,1,0
1,7087,28200,60500,4343,4,124,60,1,0
1,7088,74300,60500,4343,4,124,60,1,0
1,7089,32300,60500,4343,4,124,60,1,0
1,7090,42000,60500,4343,4,124,60,1,0
1,7091,30400,60500,4343,4,124,60,1,0
1,7092,34800,60500,4343,4,124,60,1,0
1,7093,29000,60500,4343,4,124,60,1,0
1,7094,33900,60500,4343,4,124,60,1,0
1,7095,33300,60500,4343,4,124,60,1,0
1,7096,28300,60500,4343,4,124,60,1,0
1,7097,38500,60500,4343,4,124,60,1,0
1,7098,34400,60500,4343,4,124,60,1,0
1,7099,33100,60500,4343,4,124,60,1,0
1,7100,47900,60500,4343,4,124,60,1,0
1,7101,60300,60500,4343,4,124,60,1,0
1,7102,26900,60500,4343,4,124,60,1,0
1,7103,34700,60500,4343,4,124,60,1,0
1,7104,36200,60500,4343,4,124,60,1,0
1,7105,52100,60500,4343,4,124,60,1,0
1,7106,30400,60500,4343,4,124,60,1,0
1,7107,25600,60500,4343,4,124,60,1,0
1,7108,34900,60500,4343,4,124,60,1,0
1,7109,32200,60500,4343,4,124,60,1,0
1,7110,37300,60500,4343,4,124,60,1,0
1,7111,23800,60500,4343,4,124,60,1,0
1,7112,40900,60500,4343,4,124,60,1,0
1,7113,24700,60500,4343,4,124,60,1,0
1,7114,38600,60500,4343,4,124,60,1,0
1,7115,27500,60500,4343,4,124,60,1,0
1,7116,37200,60500,4343,4,124,60,1,0
1,7117,33400,60500,4343,4,124,60,1,0
1,7118,61300,60500,4343,4,124,60,1,0
1,7119,62100,60500,4343,4,124,60,1,0
1,7120,44000,60500,4343,4,124,60,1,0
1,7121,39800,60500,4343,4,124,60,1,0
1,7122,35400,60500,4343,4,124,60,1,0
1,7123,23900,60500,4343,4,124,60,1,0
1,7124,27800,60500,4343,4,124,60,1,0
1,7125,31700,60500,4343,4,124,60,1,0
1,7126,62800,60500,4343,4,124,60,1,0
1,7127,24400,60500,4343,4,124,60,1,0
1,7128,64600,60500,4343,4,124,60,1,0
1,7129,40800,60500,4343,4,124,60,1,0
1,7130,42400,60500,4343,4,124,60,1,0
1,7131,25100,60500,4343,4,124,60,1,0
1,7132,26500,60500,4343,4,124,60,1,0
1,7133,34100,60500,4343,4,124,60,1,0
1,7134,27300,60500,4343,4,124,60,1,0
1,7135,51600,60500,4343,4,124,60,1,0
1,7136,39800,60500,4343,4,124,60,1,0
1,7137,42300,60500,4343,4,124,60,1,0
1,7138,30500,60500,4343,4,124,60,1,0
1,7139,31100,60500,4343,4,124,60,1,0
1,7140,36000,60500,4343,4,124,60,1,0
1,7141,33900,60500,4343,4,124,60,1,0
1,7142,35000,60500,4343,4,124,60,1,0
1,7143,32800,60500,4343,4,124,60,1,0
1,7144,40800,60500,4343,4,124,60,1,0
1,7145,26300,60500,4343,4,124,60,1,0
1,7146,38200,60500,4343,4,124,60,1,0
1,7147,32400,60500,4343,4,124,60,1,0
1,7148,38300,60500,4343,4,124,60,1,0
1,7149,27400,60500,4343,4,124,60,1,0
1,7150,62500,60500,4343,4,124,60,1,0
1,7151,44000,60500,4343,4,124,60,1,0
1,7152,33700,60500,4343,4,124,60,1,0
1,7153,33100,60500,4343,4,124,60,1,0
1,7154,28600,60500,4343,4,124,60,1,0
1,7155,24700,60500,4343,4,124,60,1,0
1,7156,46400,60500,4343,4,124,60,1,0
1,7157,24500,60500,4343,4,124,60,1,0
1,7158,40100,60500,4343,4,124,60,1,0
1,7159,30000,60500,4343,4,124,60,1,0
1,7160,35900,60500,4343,4,124,60,1,0
1,7161,32400,60500,4343,4,124,60,1,0
1,7162,36200,60500,4343,4,124,60,1,0
1,7163,31800,60500,4343,4,124,60,1,0
1,7164,28000,60500,4343,4,124,60,1,0
1,7165,29500,60500,4343,4,124,60,1,0
1,7166,42300,60500,4343,4,124,60,1,0
1,7167,29100,60500,4343,4,124,60,1,0
1,7168,45900,60500,4343,4,124,60,1,0
1,7169,31700,60500,4343,4,124,60,1,0
1,7170,34300,60500,4343,4,124,60,1,0
1,7171,32900,60500,4343,4,124,60,1,0
1,7172,27900,60500,4343,4,124,60,1,0
1,7173,44300,60500,4343,4,124,60,1,0
1,7174,35100,60500,4343,4,124,60,1,0
1,7175,26700,60500,4343,4,124,60,1,0
1,7176,37700,60500,4343,4,124,60,1,0
1,7177,25600,60500,4343,4,124,60,1,0
1,7178,35800,60500,4343,4,124,60,1,0
1,7179,34700,60500,4343,4,124,60,1,0
1,7180,72200,60500,4343,4,124,60,1,0
1,7181,107500,60500,4343,4,124,60,1,0
1,7182,32100,60500,4343,4,124,60,1,0
1,7183,36400,60500,4343,4,124,60,1,0
1,7184,40700,60500,4343,4,124,60,1,0
1,7185,28200,60500,4343,4,124,60,1,0
1,7186,38000,60500,4343,4,124,60,1,0
1,7187,32100,60500,4343,4,124,60,1,0
1,7188,37300,60500,4343,4,124,60,1,0
1,7189,26100,60500,4343,4,124,60,1,0
1,7190,37000,60500,4343,4,124,60,1,0
1,7191,40700,60500,4343,4,124,60,1,0
1,7192,36300,60500,4343,4,124,60,1,0
1,7193,21200,60500,4343,4,124,60,1,0
1,7194,34800,60500,4343,4,124,60,1,0
1,7195,25100,60500,4343,4,124,60,1,0
1,7196,36900,60500,4343,4,124,60,1,0
1,7197,27100,60500,4343,4,124,60,1,0
1,7198,125000,60500,4343,4,124,60,1,0
1,7199,35000,60500,4343,4,124,60,1,0
1,7200,45000,60500,4343,4,124,60,1,0
1,7201,38500,60500,4343,4,124,60,1,0
1,7202,30500,60500,4343,4,124,60,1,0
1,7203,34700,60500,4343,4,124,60,1,0
1,7204,47700,60500,4343,4,124,60,1,0
1,7205,27500,60500,4343,4,124,60,1,0
1,7206,31300,60500,4343,4,124,60,1,0
1,7207,33200,60500,4343,4,124,60,1,0
1,7208,28900,60500,4343,4,124,60,1,0
1,7209,31400,60500,4343,4,124,60,1,0
1,7210,60500,60500,4343,4,124,60,1,0
1,7211,24800,60500,4343,4,124,60,1,0
1,7212,54800,60500,4343,4,124,60,1,0
1,7213,23100,60500,4343,4,124,60,1,0
1,7214,27600,60500,4343,4,124,60,1,0
1,7215,32400,60500,4343,4,124,60,1,0
1,7216,33000,60500,4343,4,124,60,1,0
1,7217,34600,60500,4343,4,124,60,1,0
1,7218,28800,60500,4343,4,124,60,1,0
1,7219,26200,60500,4343,4,124,60,1,0
1,7220,36500,60500,4343,4,124,60,1,0
1,7221,33800,60500,4343,4,124,60,1,0
1,7222,34800,60500,4343,4,124,60,1,0
1,7223,33200,60500,4343,4,124,60,1,0
1,7224,52300,60500,4343,4,124,60,1,0
1,7225,28600,60500,4343,4,124,60,1,0
1,7226,34200,60500,4343,4,124,60,1,0
1,7227,34700,60500,4343,4,124,60,1,0
1,7228,28300,60500,4343,4,124,60,1,0
1,7229,25600,60500,4343,4,124,60,1,0
1,7230,75500,60500,4343,4,124,60,1,0
1,7231,43000,60500,4343,4,124,60,1,0
1,7232,37200,60500,4343,4,124,60,1,0
1,7233,175800,60500,4343,4,124,60,1,0
1,7234,36800,60500,4343,4,124,60,1,0
1,7235,33500,60500,4343,4,124,60,1,0
1,7236,28100,60500,4343,4,124,60,1,0
1,7237,34300,60500,4343,4,124,60,1,0
1,7238,36600,60500,4343,4,124,60,1,0
1,7239,31800,60500,4343,4,124,60,1,0
1,7240,138600,60500,4343,4,124,60,1,0
1,7241,30800,60500,4343,4,124,60,1,0
1,7242,40500,60500,4343,4,124,60,1,0
1,7243,32300,60500,4343,4,124,60,1,0
1,7244,34500,60500,4343,4,124,60,1,0
1,7245,36400,60500,4343,4,124,60,1,0
1,7246,36600,60500,4343,4,124,60,1,0
1,7247,33300,60500,4343,4,124,60,1,0
1,7248,44800,60500,4343,4,124,60,1,0
1,7249,31900,60500,4343,4,124,60,1,0
1,7250,51900,60500,4343,4,124,60,1,0
1,7251,29900,60500,4343,4,124,60,1,0
1,7252,35600,60500,4343,4,124,60,1,0
1,7253,41100,60500,4343,4,124,60,1,0
1,7254,40300,60500,4343,4,124,60,1,0
1,7255,32600,60500,4343,4,124,60,1,0
1,7256,36900,60500,4343,4,124,60,1,0
1,7257,32000,60500,4343,4,124,60,1,0
1,7258,38000,60500,4343,4,124,60,1,0
1,7259,32300,60500,4343,4,124,60,1,0
1,7260,53700,60500,4343,4,124,60,1,0
1,7261,24300,60500,4343,4,124,60,1,0
1,7262,37900,60500,4343,4,124,60,1,0
1,7263,31100,60500,4343,4,124,60,1,0
1,7264,28100,60500,4343,4,124,60,1,0
1,7265,34300,60500,4343,4,124,60,1,0
1,7266,31800,60500,4343,4,124,60,1,0
1,7267,29400,60500,4343,4,124,60,1,0
1,7268,36100,60500,4343,4,124,60,1,0
1,7269,29200,60500,4343,4,124,60,1,0
1,7270,37500,60500,4343,4,124,60,1,0
1,7271,33300,60500,4343,4,124,60,1,0
1,7272,30400,60500,4343,4,124,60,1,0
1,7273,28400,60500,4343,4,124,60,1,0
1,7274,35700,60500,4343,4,124,60,1,0
1,7275,24200,60500,4343,4,124,60,1,0
1,7276,28800,60500,4343,4,124,60,1,0
1,7277,32400,60500,4343,4,124,60,1,0
1,7278,35600,60500,4343,4,124,60,1,0
1,7279,40000,60500,4343,4,124,60,1,0
1,7280,44700,60500,4343,4,124,60,1,0
1,7281,18300,60500,4343,4,124,60,1,0
1,7282,31800,60500,4343,4,124,60,1,0
1,7283,34600,60500,4343,4,124,60,1,0
1,7284,28900,60500,4343,4,124,60,1,0
1,7285,24000,60500,4343,4,124,60,1,0
1,7286,29600,60500,4343,4,124,60,1,0
1,7287,32200,60500,4343,4,124,60,1,0
1,7288,27300,60500,4343,4,124,60,1,0
1,7289,33100,60500,4343,4,124,60,1,0
1,7290,38600,60500,4343,4,124,60,1,0
1,7291,31900,60500,4343,4,124,60,1,0
1,7292,35100,60500,4343,4,124,60,1,0
1,7293,38300,60500,4343,4,124,60,1,0
1,7294,32000,60500,4343,4,124,60,1,0
1,7295,39800,60500,4343,4,124,60,1,0
1,7296,41100,60500,4343,4,124,60,1,0
1,7297,27800,60500,4343,4,124,60,1,0
1,7298,19600,60500,4343,4,124,60,1,0
1,7299,25200,60500,4343,4,124,60,1,0
1,7300,25800,60500,4343,4,124,60,1,0
1,7301,33000,60500,4343,4,124,60,1,0
1,7302,35600,60500,4343,4,124,60,1,0
1,7303,24500,60500,4343,4,124,60,1,0
1,7304,35800,60500,4343,4,124,60,1,0
1,7305,32600,60500,4343,4,124,60,1,0
1,7306,32400,60500,4343,4,124,60,1,0
1,7307,33500,60500,4343,4,124,60,1,0
1,7308,35300,60500,4343,4,124,60,1,0
1,7309,31800,60500,4343,4,124,60,1,0
1,7310,40100,60500,4343,4,124,60,1,0
1,7311,36600,60500,4343,4,124,60,1,0
1,7312,43100,60500,4343,4,124,60,1,0
1,7313,37800,60500,4343,4,124,60,1,0
1,7314,44100,60500,4343,4,124,60,1,0
1,7315,35300,60500,4343,4,124,60,1,0
1,7316,42500,60500,4343,4,124,60,1,0
1,7317,30900,60500,4343,4,124,60,1,0
1,7318,33400,60500,4343,4,124,60,1,0
1,7319,42500,60500,4343,4,124,60,1,0
1,7320,36700,60500,4343,4,124,60,1,0
1,7321,26400,60500,4343,4,124,60,1,0
1,7322,88800,60500,4343,4,124,60,1,0
1,7323,33300,60500,4343,4,124,60,1,0
1,7324,33400,60500,4343,4,124,60,1,0
1,7325,32600,60500,4343,4,124,60,1,0
1,7326,35200,60500,4343,4,124,60,1,0
1,7327,44200,60500,4343,4,124,60,1,0
1,7328,43200,60500,4343,4,124,60,1,0
1,7329,29500,60500,4343,4,124,60,1,0
1,7330,36000,60500,4343,4,124,60,1,0
1,7331,32100,60500,4343,4,124,60,1,0
1,7332,32800,60500,4343,4,124,60,1,0
1,7333,38000,60500,4343,4,124,60,1,0
1,7334,34000,60500,4343,4,124,60,1,0
1,7335,25400,60500,4343,4,124,60,1,0
1,7336,42000,60500,4343,4,124,60,1,0
1,7337,19800,60500,4343,4,124,60,1,0
1,7338,35600,60500,4343,4,124,60,1,0
1,7339,23900,60500,4343,4,124,60,1,0
1,7340,34900,60500,4343,4,124,60,1,0
1,7341,28100,60500,4343,4,124,60,1,0
1,7342,71600,60500,4343,4,124,60,1,0
1,7343,31800,60500,4343,4,124,60,1,0
1,7344,34700,60500,4343,4,124,60,1,0
1,7345,34400,60500,4343,4,124,60,1,0
1,7346,35100,60500,4343,4,124,60,1,0
1,7347,36400,60500,4343,4,124,60,1,0
1,7348,41600,60500,4343,4,124,60,1,0
1,7349,36300,60500,4343,4,124,60,1,0
1,7350,31900,60500,4343,4,124,60,1,0
1,7351,23300,60500,4343,4,124,60,1,0
1,7352,49200,60500,4343,4,124,60,1,0
1,7353,34000,60500,4343,4,124,60,1,0
1,7354,46000,60500,4343,4,124,60,1,0
1,7355,35500,60500,4343,4,124,60,1,0
1,7356,29300,60500,4343,4,124,60,1,0
1,7357,36000,60500,4343,4,124,60,1,0
1,7358,43400,60500,4343,4,124,60,1,0
1,7359,24700,60500,4343,4,124,60,1,0
1,7360,27600,60500,4343,4,124,60,1,0
1,7361,33000,60500,4343,4,124,60,1,0
1,7362,51000,60500,4343,4,124,60,1,0
1,7363,33700,60500,4343,4,124,60,1,0
1,7364,40400,60500,4343,4,124,60,1,0
1,7365,36000,60500,4343,4,124,60,1,0
1,7366,31500,60500,4343,4,124,60,1,0
1,7367,23900,60500,4343,4,124,60,1,0
1,7368,35800,60500,4343,4,124,60,1,0
1,7369,34100,60500,4343,4,124,60,1,0
1,7370,27400,60500,4343,4,124,60,1,0
1,7371,34800,60500,4343,4,124,60,1,0
1,7372,37900,60500,4343,4,124,60,1,0
1,7373,34200,60500,4343,4,124,60,1,0
1,7374,39600,60500,4343,4,124,60,1,0
1,7375,37800,60500,4343,4,124,60,1,0
1,7376,29600,60500,4343,4,124,60,1,0
1,7377,26100,60500,4343,4,124,60,1,0
1,7378,51200,60500,4343,4,124,60,1,0
1,7379,35300,60500,4343,4,124,60,1,0
1,7380,36000,60500,4343,4,124,60,1,0
1,7381,26200,60500,4343,4,124,60,1,0
1,7382,36500,60500,4343,4,124,60,1,0
1,7383,28200,60500,4343,4,124,60,1,0
1,7384,35400,60500,4343,4,124,60,1,0
1,7385,32400,60500,4343,4,124,60,1,0
1,7386,32900,60500,4343,4,124,60,1,0
1,7387,38600,60500,4343,4,124,60,1,0
1,7388,46100,60500,4343,4,124,60,1,0
1,7389,28200,60500,4343,4,124,60,1,0
1,7390,27400,60500,4343,4,124,60,1,0
1,7391,34000,60500,4343,4,124,60,1,0
1,7392,29500,60500,4343,4,124,60,1,0
1,7393,33100,60500,4343,4,124,60,1,0
1,7394,36600,60500,4343,4,124,60,1,0
1,7395,35900,60500,4343,4,124,60,1,0
1,7396,38700,60500,4343,4,124,60,1,0
1,7397,25100,60500,4343,4,124,60,1,0
1,7398,33900,60500,4343,4,124,60,1,0
1,7399,28200,60500,4343,4,124,60,1,0
1,7400,26100,60500,4343,4,124,60,1,0
1,7401,33900,60500,4343,4,124,60,1,0
1,7402,43200,60500,4343,4,124,60,1,0
1,7403,34800,60500,4343,4,124,60,1,0
1,7404,31100,60500,4343,4,124,60,1,0
1,7405,32800,60500,4343,4,124,60,1,0
1,7406,41900,60500,4343,4,124,60,1,0
1,7407,45500,60500,4343,4,124,60,1,0
1,7408,31500,60500,4343,4,124,60,1,0
1,7409,22900,60500,4343,4,124,60,1,0
1,7410,33900,60500,4343,4,124,60,1,0
1,7411,40500,60500,4343,4,124,60,1,0
1,7412,28000,60500,4343,4,124,60,1,0
1,7413,34900,60500,4343,4,124,60,1,0
1,7414,28600,60500,4343,4,124,60,1,0
1,7415,43100,60500,4343,4,124,60,1,0
1,7416,32900,60500,4343,4,124,60,1,0
1,7417,25900,60500,4343,4,124,60,1,0
1,7418,28400,60500,4343,4,124,60,1,0
1,7419,32700,60500,4343,4,124,60,1,0
1,7420,40900,60500,4343,4,124,60,1,0
1,7421,33400,60500,4343,4,124,60,1,0
1,7422,29000,60500,4343,4,124,60,1,0
1,7423,33900,60500,4343,4,124,60,1,0
1,7424,29100,60500,4343,4,124,60,1,0
1,7425,29600,60500,4343,4,124,60,1,0
1,7426,28200,60500,4343,4,124,60,1,0
1,7427,25500,60500,4343,4,124,60,1,0
1,7428,102500,60500,4343,4,124,60,1,0
1,7429,44500,60500,4343,4,124,60,1,0
1,7430,36900,60500,4343,4,124,60,1,0
1,7431,24700,60500,4343,4,124,60,1,0
1,7432,29300,60500,4343,4,124,60,1,0
1,7433,36700,60500,4343,4,124,60,1,0
1,7434,48400,60500,4343,4,124,60,1,0
1,7435,29300,60500,4343,4,124,60,1,0
1,7436,33800,60500,4343,4,124,60,1,0
1,7437,31800,60500,4343,4,124,60,1,0
1,7438,52500,60500,4343,4,124,60,1,0
1,7439,34500,60500,4343,4,124,60,1,0
1,7440,52900,60500,4343,4,124,60,1,0
1,7441,28000,60500,4343,4,124,60,1,0
1,7442,654600,60500,4343,4,124,60,1,0
1,7443,25000,60500,4343,4,124,60,1,0
1,7444,62000,60500,4343,4,124,60,1,0
1,7445,35900,60500,4343,4,124,60,1,0
1,7446,33300,60500,4343,4,124,60,1,0
1,7447,32500,60500,4343,4,124,60,1,0
1,7448,33300,60500,4343,4,124,60,1,0
1,7449,33500,60500,4343,4,124,60,1,0
1,7450,36800,60500,4343,4,124,60,1,0
1,7451,39300,60500,4343,4,124,60,1,0
1,7452,19600,60500,4343,4,124,60,1,0
1,7453,45300,60500,4343,4,124,60,1,0
1,7454,28700,60500,4343,4,124,60,1,0
1,7455,36400,60500,4343,4,124,60,1,0
1,7456,41400,60500,4343,4,124,60,1,0
1,7457,34300,60500,4343,4,124,60,1,0
1,7458,38700,60500,4343,4,124,60,1,0
1,7459,39500,60500,4343,4,124,60,1,0
1,7460,42700,60500,4343,4,124,60,1,0
1,7461,27900,60500,4343,4,124,60,1,0
1,7462,44500,60500,4343,4,124,60,1,0
1,7463,35900,60500,4343,4,124,60,1,0
1,7464,96500,60500,4343,4,124,60,1,0
1,7465,36300,60500,4343,4,124,60,1,0
1,7466,46700,60500,4343,4,124,60,1,0
1,7467,34500,60500,4343,4,124,60,1,0
1,7468,30100,60500,4343,4,124,60,1,0
1,7469,38000,60500,4343,4,124,60,1,0
1,7470,39200,60500,4343,4,124,60,1,0
1,7471,35200,60500,4343,4,124,60,1,0
1,7472,37600,60500,4343,4,124,60,1,0
1,7473,33700,60500,4343,4,124,60,1,0
1,7474,42400,60500,4343,4,124,60,1,0
1,7475,45600,60500,4343,4,124,60,1,0
1,7476,37700,60500,4343,4,124,60,1,0
1,7477,24600,60500,4343,4,124,60,1,0
1,7478,39400,60500,4343,4,124,60,1,0
1,7479,29700,60500,4343,4,124,60,1,0
1,7480,35100,60500,4343,4,124,60,1,0
1,7481,34200,60500,4343,4,124,60,1,0
1,7482,26000,60500,4343,4,124,60,1,0
1,7483,42900,60500,4343,4,124,60,1,0
1,7484,70200,60500,4343,4,124,60,1,0
1,7485,32800,60500,4343,4,124,60,1,0
1,7486,38100,60500,4343,4,124,60,1,0
1,7487,37300,60500,4343,4,124,60,1,0
1,7488,44700,60500,4343,4,124,60,1,0
1,7489,32800,60500,4343,4,124,60,1,0
1,7490,36100,60500,4343,4,124,60,1,0
1,7491,32300,60500,4343,4,124,60,1,0
1,7492,26800,60500,4343,4,124,60,1,0
1,7493,24100,60500,4343,4,124,60,1,0
1,7494,41700,60500,4343,4,124,60,1,0
1,7495,25800,60500,4343,4,124,60,1,0
1,7496,67000,60500,4343,4,124,60,1,0
1,7497,28600,60500,4343,4,124,60,1,0
1,7498,33300,60500,4343,4,124,60,1,0
1,7499,31600,60500,4343,4,124,60,1,0
1,7500,28500,60500,4343,4,124,60,1,0
1,7501,25000,60500,4343,4,124,60,1,0
1,7502,28300,60500,4343,4,124,60,1,0
1,7503,26200,60500,4343,4,124,60,1,0
1,7504,39800,60500,4343,4,124,60,1,0
1,7505,38000,60500,4343,4,124,60,1,0
1,7506,35700,60500,4343,4,124,60,1,0
1,7507,44400,60500,4343,4,124,60,1,0
1,7508,41600,60500,4343,4,124,60,1,0
1,7509,38700,60500,4343,4,124,60,1,0
1,7510,33800,60500,4343,4,124,60,1,0
1,7511,74700,60500,4343,4,124,60,1,0
1,7512,37600,60500,4343,4,124,60,1,0
1,7513,26700,60500,4343,4,124,60,1,0
1,7514,29000,60500,4343,4,124,60,1,0
1,7515,33800,60500,4343,4,124,60,1,0
1,7516,27400,60500,4343,4,124,60,1,0
1,7517,26800,60500,4343,4,124,60,1,0
1,7518,27900,60500,4343,4,124,60,1,0
1,7519,46100,60500,4343,4,124,60,1,0
1,7520,38800,60500,4343,4,124,60,1,0
1,7521,26500,60500,4343,4,124,60,1,0
1,7522,71300,60500,4343,4,124,60,1,0
1,7523,36500,60500,4343,4,124,60,1,0
1,7524,26700,60500,4343,4,124,60,1,0
1,7525,32400,60500,4343,4,124,60,1,0
1,7526,30200,60500,4343,4,124,60,1,0
1,7527,33200,60500,4343,4,124,60,1,0
1,7528,41300,60500,4343,4,124,60,1,0
1,7529,27800,60500,4343,4,124,60,1,0
1,7530,140200,60500,4343,4,124,60,1,0
1,7531,34100,60500,4343,4,124,60,1,0
1,7532,45600,60500,4343,4,124,60,1,0
1,7533,25400,60500,4343,4,124,60,1,0
1,7534,55200,60500,4343,4,124,60,1,0
1,7535,33300,60500,4343,4,124,60,1,0
1,7536,38800,60500,4343,4,124,60,1,0
1,7537,32400,60500,4343,4,124,60,1,0
1,7538,33200,60500,4343,4,124,60,1,0
1,7539,32300,60500,4343,4,124,60,1,0
1,7540,27800,60500,4343,4,124,60,1,0
1,7541,32700,60500,4343,4,124,60,1,0
1,7542,34500,60500,4343,4,124,60,1,0
1,7543,38900,60500,4343,4,124,60,1,0
1,7544,60000,60500,4343,4,124,60,1,0
1,7545,34600,60500,4343,4,124,60,1,0
1,7546,36600,60500,4343,4,124,60,1,0
1,7547,26300,60500,4343,4,124,60,1,0
1,7548,37100,60500,4343,4,124,60,1,0
1,7549,35400,60500,4343,4,124,60,1,0
1,7550,43100,60500,4343,4,124,60,1,0
1,7551,25200,60500,4343,4,124,60,1,0
1,7552,39000,60500,4343,4,124,60,1,0
1,7553,24500,60500,4343,4,124,60,1,0
1,7554,38200,60500,4343,4,124,60,1,0
1,7555,34000,60500,4343,4,124,60,1,0
1,7556,29000,60500,4343,4,124,60,1,0
1,7557,31300,60500,4343,4,124,60,1,0
1,7558,45300,60500,4343,4,124,60,1,0
1,7559,59500,60500,4343,4,124,60,1,0
1,7560,27700,60500,4343,4,124,60,1,0
1,7561,38300,60500,4343,4,124,60,1,0
1,7562,28000,60500,4343,4,124,60,1,0
1,7563,27900,60500,4343,4,124,60,1,0
1,7564,35300,60500,4343,4,124,60,1,0
1,7565,25300,60500,4343,4,124,60,1,0
1,7566,35400,60500,4343,4,124,60,1,0
1,7567,38100,60500,4343,4,124,60,1,0
1,7568,28200,60500,4343,4,124,60,1,0
1,7569,26000,60500,4343,4,124,60,1,0
1,7570,49200,60500,4343,4,124,60,1,0
1,7571,32700,60500,4343,4,124,60,1,0
1,7572,28000,60500,4343,4,124,60,1,0
1,7573,34900,60500,4343,4,124,60,1,0
1,7574,34700,60500,4343,4,124,60,1,0
1,7575,35500,60500,4343,4,124,60,1,0
1,7576,24200,60500,4343,4,124,60,1,0
1,7577,16700,60500,4343,4,124,60,1,0
1,7578,38700,60500,4343,4,124,60,1,0
1,7579,34400,60500,4343,4,124,60,1,0
1,7580,34300,60500,4343,4,124,60,1,0
1,7581,34500,60500,4343,4,124,60,1,0
1,7582,33500,60500,4343,4,124,60,1,0
1,7583,21000,60500,4343,4,124,60,1,0
1,7584,27400,60500,4343,4,124,60,1,0
1,7585,38800,60500,4343,4,124,60,1,0
1,7586,30900,60500,4343,4,124,60,1,0
1,7587,54800,60500,4343,4,124,60,1,0
1,7588,39300,60500,4343,4,124,60,1,0
1,7589,25200,60500,4343,4,124,60,1,0
1,7590,35200,60500,4343,4,124,60,1,0
1,7591,33700,60500,4343,4,124,60,1,0
1,7592,43200,60500,4343,4,124,60,1,0
1,7593,23200,60500,4343,4,124,60,1,0
1,7594,35400,60500,4343,4,124,60,1,0
1,7595,46400,60500,4343,4,124,60,1,0
1,7596,36800,60500,4343,4,124,60,1,0
1,7597,24600,60500,4343,4,124,60,1,0
1,7598,38100,60500,4343,4,124,60,1,0
1,7599,32000,60500,4343,4,124,60,1,0
1,7600,120800,60500,4343,4,124,60,1,0
1,7601,42000,60500,4343,4,124,60,1,0
1,7602,29200,60500,4343,4,124,60,1,0
1,7603,33300,60500,4343,4,124,60,1,0
1,7604,28500,60500,4343,4,124,60,1,0
1,7605,26000,60500,4343,4,124,60,1,0
1,7606,62900,60500,4343,4,124,60,1,0
1,7607,40700,60500,4343,4,124,60,1,0
1,7608,38000,60500,4343,4,124,60,1,0
1,7609,24900,60500,4343,4,124,60,1,0
1,7610,80300,60500,4343,4,124,60,1,0
1,7611,27900,60500,4343,4,124,60,1,0
1,7612,38300,60500,4343,4,124,60,1,0
1,7613,23200,60500,4343,4,124,60,1,0
1,7614,36900,60500,4343,4,124,60,1,0
1,7615,40200,60500,4343,4,124,60,1,0
1,7616,36500,60500,4343,4,124,60,1,0
1,7617,32100,60500,4343,4,124,60,1,0
1,7618,37700,60500,4343,4,124,60,1,0
1,7619,32800,60500,4343,4,124,60,1,0
1,7620,35700,60500,4343,4,124,60,1,0
1,7621,64100,60500,4343,4,124,60,1,0
1,7622,35300,60500,4343,4,124,60,1,0
1,7623,35100,60500,4343,4,124,60,1,0
1,7624,45000,60500,4343,4,124,60,1,0
1,7625,33700,60500,4343,4,124,60,1,0
1,7626,54100,60500,4343,4,124,60,1,0
1,7627,23900,60500,4343,4,124,60,1,0
1,7628,26500,60500,4343,4,124,60,1,0
1,7629,24400,60500,4343,4,124,60,1,0
1,7630,39300,60500,4343,4,124,60,1,0
1,7631,35600,60500,4343,4,124,60,1,0
1,7632,33700,60500,4343,4,124,60,1,0
1,7633,25100,60500,4343,4,124,60,1,0
1,7634,37000,60500,4343,4,124,60,1,0
1,7635,29300,60500,4343,4,124,60,1,0
1,7636,37900,60500,4343,4,124,60,1,0
1,7637,25600,60500,4343,4,124,60,1,0
1,7638,35100,60500,4343,4,124,60,1,0
1,7639,24700,60500,4343,4,124,60,1,0
1,7640,36800,60500,4343,4,124,60,1,0
1,7641,33300,60500,4343,4,124,60,1,0
1,7642,36000,60500,4343,4,124,60,1,0
1,7643,31900,60500,4343,4,124,60,1,0
1,7644,36500,60500,4343,4,124,60,1,0
1,7645,33400,60500,4343,4,124,60,1,0
1,7646,45100,60500,4343,4,124,60,1,0
1,7647,31800,60500,4343,4,124,60,1,0
1,7648,35800,60500,4343,4,124,60,1,0
1,7649,36500,60500,4343,4,124,60,1,0
1,7650,46300,60500,4343,4,124,60,1,0
1,7651,37100,60500,4343,4,124,60,1,0
1,7652,40300,60500,4343,4,124,60,1,0
1,7653,32300,60500,4343,4,124,60,1,0
1,7654,28900,60500,4343,4,124,60,1,0
1,7655,35000,60500,4343,4,124,60,1,0
1,7656,37700,60500,4343,4,124,60,1,0
1,7657,33800,60500,4343,4,124,60,1,0
1,7658,36500,60500,4343,4,124,60,1,0
1,7659,32500,60500,4343,4,124,60,1,0
1,7660,37700,60500,4343,4,124,60,1,0
1,7661,50000,60500,4343,4,124,60,1,0
1,7662,36300,60500,4343,4,124,60,1,0
1,7663,25300,60500,4343,4,124,60,1,0
1,7664,30000,60500,4343,4,124,60,1,0
1,7665,135600,60500,4343,4,124,60,1,0
1,7666,36300,60500,4343,4,124,60,1,0
1,7667,33200,60500,4343,4,124,60,1,0
1,7668,35800,60500,4343,4,124,60,1,0
1,7669,26700,60500,4343,4,124,60,1,0
1,7670,27000,60500,4343,4,124,60,1,0
1,7671,24800,60500,4343,4,124,60,1,0
1,7672,33300,60500,4343,4,124,60,1,0
1,7673,39500,60500,4343,4,124,60,1,0
1,7674,31500,60500,4343,4,124,60,1,0
1,7675,32200,60500,4343,4,124,60,1,0
1,7676,31900,60500,4343,4,124,60,1,0
1,7677,162500,60500,4343,4,124,60,1,0
1,7678,39400,60500,4343,4,124,60,1,0
1,7679,26500,60500,4343,4,124,60,1,0
1,7680,36400,60500,4343,4,124,60,1,0
1,7681,65700,60500,4343,4,124,60,1,0
1,7682,37400,60500,4343,4,124,60,1,0
1,7683,37200,60500,4343,4,124,60,1,0
1,7684,34800,60500,4343,4,124,60,1,0
1,7685,28300,60500,4343,4,124,60,1,0
1,7686,44700,60500,4343,4,124,60,1,0
1,7687,32700,60500,4343,4,124,60,1,0
1,7688,38000,60500,4343,4,124,60,1,0
1,7689,32700,60500,4343,4,124,60,1,0
1,7690,27000,60500,4343,4,124,60,1,0
1,7691,32200,60500,4343,4,124,60,1,0
1,7692,28200,60500,4343,4,124,60,1,0
1,7693,26700,60500,4343,4,124,60,1,0
1,7694,35900,60500,4343,4,124,60,1,0
1,7695,32800,60500,4343,4,124,60,1,0
1,7696,101500,60500,4343,4,124,60,1,0
1,7697,30500,60500,4343,4,124,60,1,0
1,7698,75200,60500,4343,4,124,60,1,0
1,7699,33100,60500,4343,4,124,60,1,0
1,7700,30600,60500,4343,4,124,60,1,0
1,7701,31700,60500,4343,4,124,60,1,0
1,7702,28300,60500,4343,4,124,60,1,0
1,7703,29300,60500,4343,4,124,60,1,0
1,7704,27200,60500,4343,4,124,60,1,0
1,7705,37000,60500,4343,4,124,60,1,0
1,7706,61000,60500,4343,4,124,60,1,0
1,7707,36800,60500,4343,4,124,60,1,0
1,7708,40200,60500,4343,4,124,60,1,0
1,7709,25700,60500,4343,4,124,60,1,0
1,7710,35600,60500,4343,4,124,60,1,0
1,7711,41000,60500,4343,4,124,60,1,0
1,7712,28900,60500,4343,4,124,60,1,0
1,7713,20700,60500,4343,4,124,60,1,0
1,7714,24200,60500,4343,4,124,60,1,0
1,7715,34900,60500,4343,4,124,60,1,0
1,7716,32300,60500,4343,4,124,60,1,0
1,7717,34400,60500,4343,4,124,60,1,0
1,7718,34400,60500,4343,4,124,60,1,0
1,7719,36300,60500,4343,4,124,60,1,0
1,7720,108200,60500,4343,4,124,60,1,0
1,7721,42400,60500,4343,4,124,60,1,0
1,7722,28000,60500,4343,4,124,60,1,0
1,7723,24000,60500,4343,4,124,60,1,0
1,7724,27300,60500,4343,4,124,60,1,0
1,7725,25000,60500,4343,4,124,60,1,0
1,7726,33800,60500,4343,4,124,60,1,0
1,7727,24900,60500,4343,4,124,60,1,0
1,7728,26700,60500,4343,4,124,60,1,0
1,7729,25500,60500,4343,4,124,60,1,0
1,7730,78100,60500,4343,4,124,60,1,0
1,7731,57900,60500,4343,4,124,60,1,0
1,7732,26800,60500,4343,4,124,60,1,0
1,7733,19100,60500,4343,4,124,60,1,0
1,7734,37300,60500,4343,4,124,60,1,0
1,7735,28000,60500,4343,4,124,60,1,0
1,7736,27300,60500,4343,4,124,60,1,0
1,7737,25500,60500,4343,4,124,60,1,0
1,7738,34600,60500,4343,4,124,60,1,0
1,7739,32700,60500,4343,4,124,60,1,0
1,7740,63700,60500,4343,4,124,60,1,0
1,7741,44600,60500,4343,4,124,60,1,0
1,7742,35200,60500,4343,4,124,60,1,0
1,7743,33000,60500,4343,4,124,60,1,0
1,7744,26500,60500,4343,4,124,60,1,0
1,7745,31500,60500,4343,4,124,60,1,0
1,7746,32300,60500,4343,4,124,60,1,0
1,7747,35500,60500,4343,4,124,60,1,0
1,7748,29000,60500,4343,4,124,60,1,0
1,7749,26400,60500,4343,4,124,60,1,0
1,7750,25900,60500,4343,4,124,60,1,0
1,7751,31900,60500,4343,4,124,60,1,0
1,7752,68800,60500,4343,4,124,60,1,0
1,7753,24400,60500,4343,4,124,60,1,0
1,7754,32800,60500,4343,4,124,60,1,0
1,7755,187800,60500,4343,4,124,60,1,0
1,7756,37300,60500,4343,4,124,60,1,0
1,7757,32400,60500,4343,4,124,60,1,0
1,7758,46900,60500,4343,4,124,60,1,0
1,7759,31000,60500,4343,4,124,60,1,0
1,7760,80500,60500,4343,4,124,60,1,0
1,7761,32600,60500,4343,4,124,60,1,0
1,7762,40100,60500,4343,4,124,60,1,0
1,7763,24200,60500,4343,4,124,60,1,0
1,7764,37500,60500,4343,4,124,60,1,0
1,7765,35900,60500,4343,4,124,60,1,0
1,7766,35700,60500,4343,4,124,60,1,0
1,7767,24700,60500,4343,4,124,60,1,0
1,7768,36300,60500,4343,4,124,60,1,0
1,7769,37100,60500,4343,4,124,60,1,0
1,7770,35700,60500,4343,4,124,60,1,0
1,7771,24900,60500,4343,4,124,60,1,0
1,7772,29700,60500,4343,4,124,60,1,0
1,7773,25600,60500,4343,4,124,60,1,0
1,7774,36600,60500,4343,4,124,60,1,0
1,7775,38400,60500,4343,4,124,60,1,0
1,7776,48400,60500,4343,4,124,60,1,0
1,7777,32100,60500,4343,4,124,60,1,0
1,7778,34700,60500,4343,4,124,60,1,0
1,7779,40700,60500,4343,4,124,60,1,0
1,7780,27000,60500,4343,4,124,60,1,0
1,7781,35100,60500,4343,4,124,60,1,0
1,7782,20500,60500,4343,4,124,60,1,0
1,7783,34800,60500,4343,4,124,60,1,0
1,7784,38200,60500,4343,4,124,60,1,0
1,7785,22800,60500,4343,4,124,60,1,0
1,7786,33500,60500,4343,4,124,60,1,0
1,7787,29800,60500,4343,4,124,60,1,0
1,7788,28000,60500,4343,4,124,60,1,0
1,7789,29900,60500,4343,4,124,60,1,0
1,7790,41400,60500,4343,4,124,60,1,0
1,7791,24900,60500,4343,4,124,60,1,0
1,7792,29900,60500,4343,4,124,60,1,0
1,7793,26600,60500,4343,4,124,60,1,0
1,7794,35900,60500,4343,4,124,60,1,0
1,7795,25300,60500,4343,4,124,60,1,0
1,7796,35600,60500,4343,4,124,60,1,0
1,7797,34800,60500,4343,4,124,60,1,0
1,7798,34800,60500,4343,4,124,60,1,0
1,7799,27400,60500,4343,4,124,60,1,0
1,7800,103500,60500,4343,4,124,60,1,0
1,7801,26300,60500,4343,4,124,60,1,0
1,7802,41300,60500,4343,4,124,60,1,0
1,7803,90400,60500,4343,4,124,60,1,0
1,7804,38900,60500,4343,4,124,60,1,0
1,7805,25200,60500,4343,4,124,60,1,0
1,7806,36100,60500,4343,4,124,60,1,0
1,7807,35700,60500,4343,4,124,60,1,0
1,7808,31500,60500,4343,4,124,60,1,0
1,7809,24400,60500,4343,4,124,60,1,0
1,7810,34700,60500,4343,4,124,60,1,0
1,7811,33800,60500,4343,4,124,60,1,0
1,7812,32900,60500,4343,4,124,60,1,0
1,7813,31100,60500,4343,4,124,60,1,0
1,7814,37300,60500,4343,4,124,60,1,0
1,7815,39800,60500,4343,4,124,60,1,0
1,7816,29900,60500,4343,4,124,60,1,0
1,7817,32100,60500,4343,4,124,60,1,0
1,7818,39200,60500,4343,4,124,60,1,0
1,7819,36600,60500,4343,4,124,60,1,0
1,7820,36700,60500,4343,4,124,60,1,0
1,7821,32100,60500,4343,4,124,60,1,0
1,7822,26800,60500,4343,4,124,60,1,0
1,7823,27300,60500,4343,4,124,60,1,0
1,7824,22000,60500,4343,4,124,60,1,0
1,7825,35100,60500,4343,4,124,60,1,0
1,7826,38000,60500,4343,4,124,60,1,0
1,7827,28800,60500,4343,4,124,60,1,0
1,7828,31600,60500,4343,4,124,60,1,0
1,7829,29400,60500,4343,4,124,60,1,0
1,7830,26800,60500,4343,4,124,60,1,0
1,7831,32100,60500,4343,4,124,60,1,0
1,7832,61200,60500,4343,4,124,60,1,0
1,7833,33900,60500,4343,4,124,60,1,0
1,7834,63900,60500,4343,4,124,60,1,0
1,7835,34900,60500,4343,4,124,60,1,0
1,7836,35000,60500,4343,4,124,60,1,0
1,7837,37000,60500,4343,4,124,60,1,0
1,7838,36100,60500,4343,4,124,60,1,0
1,7839,32100,60500,4343,4,124,60,1,0
1,7840,37000,60500,4343,4,124,60,1,0
1,7841,38100,60500,4343,4,124,60,1,0
1,7842,29900,60500,4343,4,124,60,1,0
1,7843,41200,60500,4343,4,124,60,1,0
1,7844,27900,60500,4343,4,124,60,1,0
1,7845,39600,60500,4343,4,124,60,1,0
1,7846,35500,60500,4343,4,124,60,1,0
1,7847,26700,60500,4343,4,124,60,1,0
1,7848,37800,60500,4343,4,124,60,1,0
1,7849,33300,60500,4343,4,124,60,1,0
1,7850,163600,60500,4343,4,124,60,1,0
1,7851,32000,60500,4343,4,124,60,1,0
1,7852,28500,60500,4343,4,124,60,1,0
1,7853,25000,60500,4343,4,124,60,1,0
1,7854,35700,60500,4343,4,124,60,1,0
1,7855,29300,60500,4343,4,124,60,1,0
1,7856,35500,60500,4343,4,124,60,1,0
1,7857,33600,60500,4343,4,124,60,1,0
1,7858,34900,60500,4343,4,124,60,1,0
1,7859,32800,60500,4343,4,124,60,1,0
1,7860,33100,60500,4343,4,124,60,1,0
1,7861,32900,60500,4343,4,124,60,1,0
1,7862,36900,60500,4343,4,124,60,1,0
1,7863,24200,60500,4343,4,124,60,1,0
1,7864,33400,60500,4343,4,124,60,1,0
1,7865,35300,60500,4343,4,124,60,1,0
1,7866,36400,60500,4343,4,124,60,1,0
1,7867,34200,60500,4343,4,124,60,1,0
1,7868,27500,60500,4343,4,124,60,1,0
1,7869,34900,60500,4343,4,124,60,1,0
1,7870,31800,60500,4343,4,124,60,1,0
1,7871,38500,60500,4343,4,124,60,1,0
1,7872,51400,60500,4343,4,124,60,1,0
1,7873,40800,60500,4343,4,124,60,1,0
1,7874,31400,60500,4343,4,124,60,1,0
1,7875,35200,60500,4343,4,124,60,1,0
1,7876,36800,60500,4343,4,124,60,1,0
1,7877,29400,60500,4343,4,124,60,1,0
1,7878,34500,60500,4343,4,124,60,1,0
1,7879,28800,60500,4343,4,124,60,1,0
1,7880,33600,60500,4343,4,124,60,1,0
1,7881,31500,60500,4343,4,124,60,1,0
1,7882,35800,60500,4343,4,124,60,1,0
1,7883,32800,60500,4343,4,124,60,1,0
1,7884,35400,60500,4343,4,124,60,1,0
1,7885,25700,60500,4343,4,124,60,1,0
1,7886,31700,60500,4343,4,124,60,1,0
1,7887,34900,60500,4343,4,124,60,1,0
1,7888,35800,60500,4343,4,124,60,1,0
1,7889,35300,60500,4343,4,124,60,1,0
1,7890,39300,60500,4343,4,124,60,1,0
1,7891,33700,60500,4343,4,124,60,1,0
1,7892,28700,60500,4343,4,124,60,1,0
1,7893,32800,60500,4343,4,124,60,1,0
1,7894,37300,60500,4343,4,124,60,1,0
1,7895,24700,60500,4343,4,124,60,1,0
1,7896,36800,60500,4343,4,124,60,1,0
1,7897,39700,60500,4343,4,124,60,1,0
1,7898,39100,60500,4343,4,124,60,1,0
1,7899,41400,60500,4343,4,124,60,1,0
1,7900,46000,60500,4343,4,124,60,1,0
1,7901,28300,60500,4343,4,124,60,1,0
1,7902,36200,60500,4343,4,124,60,1,0
1,7903,38200,60500,4343,4,124,60,1,0
1,7904,35900,60500,4343,4,124,60,1,0
1,7905,38600,60500,4343,4,124,60,1,0
1,7906,165100,60500,4343,4,124,60,1,0
1,7907,41700,60500,4343,4,124,60,1,0
1,7908,37400,60500,4343,4,124,60,1,0
1,7909,25000,60500,4343,4,124,60,1,0
1,7910,42400,60500,4343,4,124,60,1,0
1,7911,20000,60500,4343,4,124,60,1,0
1,7912,28700,60500,4343,4,124,60,1,0
1,7913,38900,60500,4343,4,124,60,1,0
1,7914,21900,60500,4343,4,124,60,1,0
1,7915,27700,60500,4343,4,124,60,1,0
1,7916,41000,60500,4343,4,124,60,1,0
1,7917,34400,60500,4343,4,124,60,1,0
1,7918,27000,60500,4343,4,124,60,1,0
1,7919,27100,60500,4343,4,124,60,1,0
1,7920,25600,60500,4343,4,124,60,1,0
1,7921,31500,60500,4343,4,124,60,1,0
1,7922,30500,60500,4343,4,124,60,1,0
1,7923,33200,60500,4343,4,124,60,1,0
1,7924,26400,60500,4343,4,124,60,1,0
1,7925,28500,60500,4343,4,124,60,1,0
1,7926,146300,60500,4343,4,124,60,1,0
1,7927,43500,60500,4343,4,124,60,1,0
1,7928,20700,60500,4343,4,124,60,1,0
1,7929,34000,60500,4343,4,124,60,1,0
1,7930,149900,60500,4343,4,124,60,1,0
1,7931,43700,60500,4343,4,124,60,1,0
1,7932,32500,60500,4343,4,124,60,1,0
1,7933,33100,60500,4343,4,124,60,1,0
1,7934,36200,60500,4343,4,124,60,1,0
1,7935,25300,60500,4343,4,124,60,1,0
1,7936,26600,60500,4343,4,124,60,1,0
1,7937,45100,60500,4343,4,124,60,1,0
1,7938,29400,60500,4343,4,124,60,1,0
1,7939,30600,60500,4343,4,124,60,1,0
1,7940,30700,60500,4343,4,124,60,1,0
1,7941,40300,60500,4343,4,124,60,1,0
1,7942,39200,60500,4343,4,124,60,1,0
1,7943,36100,60500,4343,4,124,60,1,0
1,7944,46700,60500,4343,4,124,60,1,0
1,7945,33500,60500,4343,4,124,60,1,0
1,7946,27700,60500,4343,4,124,60,1,0
1,7947,70700,60500,4343,4,124,60,1,0
1,7948,42100,60500,4343,4,124,60,1,0
1,7949,35500,60500,4343,4,124,60,1,0
1,7950,35600,60500,4343,4,124,60,1,0
1,7951,37800,60500,4343,4,124,60,1,0
1,7952,38900,60500,4343,4,124,60,1,0
1,7953,32600,60500,4343,4,124,60,1,0
1,7954,51400,60500,4343,4,124,60,1,0
1,7955,24000,60500,4343,4,124,60,1,0
1,7956,36500,60500,4343,4,124,60,1,0
1,7957,28200,60500,4343,4,124,60,1,0
1,7958,47800,60500,4343,4,124,60,1,0
1,7959,41900,60500,4343,4,124,60,1,0
1,7960,29900,60500,4343,4,124,60,1,0
1,7961,26000,60500,4343,4,124,60,1,0
1,7962,28200,60500,4343,4,124,60,1,0
1,7963,33400,60500,4343,4,124,60,1,0
1,7964,43000,60500,4343,4,124,60,1,0
1,7965,33300,60500,4343,4,124,60,1,0
1,7966,35400,60500,4343,4,124,60,1,0
1,7967,32100,60500,4343,4,124,60,1,0
1,7968,116500,60500,4343,4,124,60,1,0
1,7969,36900,60500,4343,4,124,60,1,0
1,7970,29200,60500,4343,4,124,60,1,0
1,7971,31600,60500,4343,4,124,60,1,0
1,7972,38700,60500,4343,4,124,60,1,0
1,7973,31800,60500,4343,4,124,60,1,0
1,7974,34100,60500,4343,4,124,60,1,0
1,7975,32300,60500,4343,4,124,60,1,0
1,7976,35800,60500,4343,4,124,60,1,0
1,7977,34700,60500,4343,4,124,60,1,0
1,7978,33000,60500,4343,4,124,60,1,0
1,7979,34300,60500,4343,4,124,60,1,0
1,7980,36300,60500,4343,4,124,60,1,0
1,7981,28700,60500,4343,4,124,60,1,0
1,7982,53800,60500,4343,4,124,60,1,0
1,7983,29900,60500,4343,4,124,60,1,0
1,7984,45200,60500,4343,4,124,60,1,0
1,7985,76700,60500,4343,4,124,60,1,0
1,7986,57500,60500,4343,4,124,60,1,0
1,7987,161400,60500,4343,4,124,60,1,0
1,7988,43700,60500,4343,4,124,60,1,0
1,7989,37300,60500,4343,4,124,60,1,0
1,7990,37300,60500,4343,4,124,60,1,0
1,7991,34300,60500,4343,4,124,60,1,0
1,7992,26300,60500,4343,4,124,60,1,0
1,7993,28900,60500,4343,4,124,60,1,0
1,7994,35300,60500,4343,4,124,60,1,0
1,7995,35000,60500,4343,4,124,60,1,0
1,7996,33000,60500,4343,4,124,60,1,0
1,7997,30600,60500,4343,4,124,60,1,0
1,7998,27100,60500,4343,4,124,60,1,0
1,7999,27200,60500,4343,4,124,60,1,0
1,8000,32900,60500,4343,4,124,60,1,0
1,8001,40800,60500,4343,4,124,60,1,0
1,8002,29700,60500,4343,4,124,60,1,0
1,8003,26200,60500,4343,4,124,60,1,0
1,8004,39700,60500,4343,4,124,60,1,0
1,8005,28600,60500,4343,4,124,60,1,0
1,8006,36700,60500,4343,4,124,60,1,0
1,8007,26100,60500,4343,4,124,60,1,0
1,8008,25000,60500,4343,4,124,60,1,0
1,8009,39400,60500,4343,4,124,60,1,0
1,8010,48600,60500,4343,4,124,60,1,0
1,8011,40600,60500,4343,4,124,60,1,0
1,8012,42300,60500,4343,4,124,60,1,0
1,8013,28400,60500,4343,4,124,60,1,0
1,8014,49800,60500,4343,4,124,60,1,0
1,8015,51200,60500,4343,4,124,60,1,0
1,8016,331800,60500,4343,4,124,60,1,0
1,8017,25500,60500,4343,4,124,60,1,0
1,8018,34100,60500,4343,4,124,60,1,0
1,8019,27300,60500,4343,4,124,60,1,0
1,8020,39200,60500,4343,4,124,60,1,0
1,8021,26200,60500,4343,4,124,60,1,0
1,8022,43500,60500,4343,4,124,60,1,0
1,8023,39700,60500,4343,4,124,60,1,0
1,8024,27600,60500,4343,4,124,60,1,0
1,8025,27200,60500,4343,4,124,60,1,0
1,8026,36400,60500,4343,4,124,60,1,0
1,8027,39800,60500,4343,4,124,60,1,0
1,8028,61300,60500,4343,4,124,60,1,0
1,8029,31600,60500,4343,4,124,60,1,0
1,8030,39700,60500,4343,4,124,60,1,0
1,8031,37700,60500,4343,4,124,60,1,0
1,8032,35700,60500,4343,4,124,60,1,0
1,8033,36700,60500,4343,4,124,60,1,0
1,8034,26500,60500,4343,4,124,60,1,0
1,8035,143500,60500,4343,4,124,60,1,0
1,8036,30100,60500,4343,4,124,60,1,0
1,8037,34600,60500,4343,4,124,60,1,0
1,8038,37900,60500,4343,4,124,60,1,0
1,8039,36600,60500,4343,4,124,60,1,0
1,8040,37800,60500,4343,4,124,60,1,0
1,8041,38100,60500,4343,4,124,60,1,0
1,8042,33800,60500,4343,4,124,60,1,0
1,8043,25700,60500,4343,4,124,60,1,0
1,8044,19900,60500,4343,4,124,60,1,0
1,8045,57000,60500,4343,4,124,60,1,0
1,8046,42000,60500,4343,4,124,60,1,0
1,8047,37600,60500,4343,4,124,60,1,0
1,8048,28000,60500,4343,4,124,60,1,0
1,8049,37000,60500,4343,4,124,60,1,0
1,8050,37700,60500,4343,4,124,60,1,0
1,8051,38200,60500,4343,4,124,60,1,0
1,8052,34100,60500,4343,4,124,60,1,0
1,8053,37600,60500,4343,4,124,60,1,0
1,8054,71800,60500,4343,4,124,60,1,0
1,8055,27800,60500,4343,4,124,60,1,0
1,8056,40900,60500,4343,4,124,60,1,0
1,8057,34400,60500,4343,4,124,60,1,0
1,8058,36500,60500,4343,4,124,60,1,0
1,8059,34200,60500,4343,4,124,60,1,0
1,8060,91300,60500,4343,4,124,60,1,0
1,8061,42500,60500,4343,4,124,60,1,0
1,8062,47700,60500,4343,4,124,60,1,0
1,8063,38500,60500,4343,4,124,60,1,0
1,8064,37300,60500,4343,4,124,60,1,0
1,8065,36400,60500,4343,4,124,60,1,0
1,8066,34000,60500,4343,4,124,60,1,0
1,8067,22600,60500,4343,4,124,60,1,0
1,8068,26600,60500,4343,4,124,60,1,0
1,8069,25000,60500,4343,4,124,60,1,0
1,8070,29600,60500,4343,4,124,60,1,0
1,8071,29900,60500,4343,4,124,60,1,0
1,8072,104400,60500,4343,4,124,60,1,0
1,8073,25800,60500,4343,4,124,60,1,0
1,8074,37100,60500,4343,4,124,60,1,0
1,8075,35400,60500,4343,4,124,60,1,0
1,8076,38100,60500,4343,4,124,60,1,0
1,8077,36500,60500,4343,4,124,60,1,0
1,8078,36300,60500,4343,4,124,60,1,0
1,8079,36000,60500,4343,4,124,60,1,0
1,8080,31700,60500,4343,4,124,60,1,0
1,8081,28200,60500,4343,4,124,60,1,0
1,8082,42300,60500,4343,4,124,60,1,0
1,8083,43200,60500,4343,4,124,60,1,0
1,8084,67500,60500,4343,4,124,60,1,0
1,8085,30800,60500,4343,4,124,60,1,0
1,8086,26400,60500,4343,4,124,60,1,0
1,8087,34600,60500,4343,4,124,60,1,0
1,8088,40600,60500,4343,4,124,60,1,0
1,8089,28200,60500,4343,4,124,60,1,0
1,8090,21400,60500,4343,4,124,60,1,0
1,8091,33900,60500,4343,4,124,60,1,0
1,8092,34900,60500,4343,4,124,60,1,0
1,8093,75200,60500,4343,4,124,60,1,0
1,8094,38900,60500,4343,4,124,60,1,0
1,8095,28600,60500,4343,4,124,60,1,0
1,8096,73200,60500,4343,4,124,60,1,0
1,8097,68700,60500,4343,4,124,60,1,0
1,8098,77000,60500,4343,4,124,60,1,0
1,8099,31000,60500,4343,4,124,60,1,0
1,8100,36100,60500,4343,4,124,60,1,0
1,8101,27200,60500,4343,4,124,60,1,0
1,8102,40700,60500,4343,4,124,60,1,0
1,8103,31800,60500,4343,4,124,60,1,0
1,8104,27400,60500,4343,4,124,60,1,0
1,8105,35400,60500,4343,4,124,60,1,0
1,8106,38800,60500,4343,4,124,60,1,0
1,8107,54600,60500,4343,4,124,60,1,0
1,8108,26000,60500,4343,4,124,60,1,0
1,8109,36800,60500,4343,4,124,60,1,0
1,8110,29100,60500,4343,4,124,60,1,0
1,8111,37900,60500,4343,4,124,60,1,0
1,8112,28900,60500,4343,4,124,60,1,0
1,8113,43200,60500,4343,4,124,60,1,0
1,8114,33700,60500,4343,4,124,60,1,0
1,8115,39400,60500,4343,4,124,60,1,0
1,8116,38600,60500,4343,4,124,60,1,0
1,8117,25700,60500,4343,4,124,60,1,0
1,8118,27800,60500,4343,4,124,60,1,0
1,8119,36000,60500,4343,4,124,60,1,0
1,8120,51300,60500,4343,4,124,60,1,0
1,8121,34200,60500,4343,4,124,60,1,0
1,8122,24500,60500,4343,4,124,60,1,0
1,8123,27400,60500,4343,4,124,60,1,0
1,8124,27900,60500,4343,4,124,60,1,0
1,8125,32400,60500,4343,4,124,60,1,0
1,8126,33400,60500,4343,4,124,60,1,0
1,8127,31600,60500,4343,4,124,60,1,0
1,8128,35100,60500,4343,4,124,60,1,0
1,8129,34100,60500,4343,4,124,60,1,0
1,8130,28000,60500,4343,4,124,60,1,0
1,8131,36100,60500,4343,4,124,60,1,0
1,8132,49500,60500,4343,4,124,60,1,0
1,8133,36400,60500,4343,4,124,60,1,0
1,8134,34000,60500,4343,4,124,60,1,0
1,8135,35300,60500,4343,4,124,60,1,0
1,8136,30000,60500,4343,4,124,60,1,0
1,8137,39800,60500,4343,4,124,60,1,0
1,8138,30300,60500,4343,4,124,60,1,0
1,8139,29600,60500,4343,4,124,60,1,0
1,8140,37700,60500,4343,4,124,60,1,0
1,8141,27100,60500,4343,4,124,60,1,0
1,8142,38600,60500,4343,4,124,60,1,0
1,8143,27400,60500,4343,4,124,60,1,0
1,8144,32000,60500,4343,4,124,60,1,0
1,8145,35300,60500,4343,4,124,60,1,0
1,8146,29600,60500,4343,4,124,60,1,0
1,8147,37200,60500,4343,4,124,60,1,0
1,8148,47500,60500,4343,4,124,60,1,0
1,8149,41500,60500,4343,4,124,60,1,0
1,8150,72700,60500,4343,4,124,60,1,0
1,8151,26100,60500,4343,4,124,60,1,0
1,8152,43400,60500,4343,4,124,60,1,0
1,8153,34100,60500,4343,4,124,60,1,0
1,8154,37000,60500,4343,4,124,60,1,0
1,8155,32600,60500,4343,4,124,60,1,0
1,8156,47200,60500,4343,4,124,60,1,0
1,8157,36000,60500,4343,4,124,60,1,0
1,8158,35800,60500,4343,4,124,60,1,0
1,8159,36900,60500,4343,4,124,60,1,0
1,8160,38300,60500,4343,4,124,60,1,0
1,8161,36000,60500,4343,4,124,60,1,0
1,8162,26600,60500,4343,4,124,60,1,0
1,8163,44000,60500,4343,4,124,60,1,0
1,8164,34800,60500,4343,4,124,60,1,0
1,8165,33600,60500,4343,4,124,60,1,0
1,8166,35600,60500,4343,4,124,60,1,0
1,8167,42900,60500,4343,4,124,60,1,0
1,8168,48500,60500,4343,4,124,60,1,0
1,8169,24900,60500,4343,4,124,60,1,0
1,8170,43300,60500,4343,4,124,60,1,0
1,8171,32500,60500,4343,4,124,60,1,0
1,8172,30400,60500,4343,4,124,60,1,0
1,8173,37300,60500,4343,4,124,60,1,0
1,8174,51500,60500,4343,4,124,60,1,0
1,8175,25900,60500,4343,4,124,60,1,0
1,8176,47300,60500,4343,4,124,60,1,0
1,8177,29300,60500,4343,4,124,60,1,0
1,8178,40200,60500,4343,4,124,60,1,0
1,8179,26200,60500,4343,4,124,60,1,0
1,8180,42800,60500,4343,4,124,60,1,0
1,8181,32900,60500,4343,4,124,60,1,0
1,8182,41400,60500,4343,4,124,60,1,0
1,8183,20800,60500,4343,4,124,60,1,0
1,8184,26200,60500,4343,4,124,60,1,0
1,8185,44100,60500,4343,4,124,60,1,0
1,8186,54100,60500,4343,4,124,60,1,0
1,8187,305500,60500,4343,4,124,60,1,0
1,8188,37000,60500,4343,4,124,60,1,0
1,8189,28600,60500,4343,4,124,60,1,0
1,8190,34500,60500,4343,4,124,60,1,0
1,8191,37400,60500,4343,4,124,60,1,0
1,8192,35300,60500,4343,4,124,60,1,0
1,8193,28400,60500,4343,4,124,60,1,0
1,8194,42100,60500,4343,4,124,60,1,0
1,8195,33400,60500,4343,4,124,60,1,0
1,8196,45300,60500,4343,4,124,60,1,0
1,8197,36400,60500,4343,4,124,60,1,0
1,8198,26800,60500,4343,4,124,60,1,0
1,8199,26200,60500,4343,4,124,60,1,0
1,8200,43700,60500,4343,4,124,60,1,0
1,8201,76700,60500,4343,4,124,60,1,0
1,8202,27200,60500,4343,4,124,60,1,0
1,8203,36500,60500,4343,4,124,60,1,0
1,8204,62900,60500,4343,4,124,60,1,0
1,8205,26700,60500,4343,4,124,60,1,0
1,8206,67100,60500,4343,4,124,60,1,0
1,8207,33500,60500,4343,4,124,60,1,0
1,8208,54300,60500,4343,4,124,60,1,0
1,8209,35600,60500,4343,4,124,60,1,0
1,8210,35800,60500,4343,4,124,60,1,0
1,8211,27100,60500,4343,4,124,60,1,0
1,8212,33300,60500,4343,4,124,60,1,0
1,8213,26800,60500,4343,4,124,60,1,0
1,8214,38500,60500,4343,4,124,60,1,0
1,8215,27500,60500,4343,4,124,60,1,0
1,8216,44900,60500,4343,4,124,60,1,0
1,8217,34000,60500,4343,4,124,60,1,0
1,8218,75300,60500,4343,4,124,60,1,0
1,8219,37000,60500,4343,4,124,60,1,0
1,8220,39800,60500,4343,4,124,60,1,0
1,8221,36000,60500,4343,4,124,60,1,0
1,8222,39900,60500,4343,4,124,60,1,0
1,8223,32600,60500,4343,4,124,60,1,0
1,8224,29500,60500,4343,4,124,60,1,0
1,8225,29800,60500,4343,4,124,60,1,0
1,8226,36900,60500,4343,4,124,60,1,0
1,8227,38000,60500,4343,4,124,60,1,0
1,8228,31800,60500,4343,4,124,60,1,0
1,8229,34600,60500,4343,4,124,60,1,0
1,8230,94700,60500,4343,4,124,60,1,0
1,8231,31400,60500,4343,4,124,60,1,0
1,8232,36800,60500,4343,4,124,60,1,0
1,8233,35100,60500,4343,4,124,60,1,0
1,8234,66000,60500,4343,4,124,60,1,0
1,8235,58000,60500,4343,4,124,60,1,0
1,8236,30900,60500,4343,4,124,60,1,0
1,8237,37700,60500,4343,4,124,60,1,0
1,8238,37000,60500,4343,4,124,60,1,0
1,8239,36700,60500,4343,4,124,60,1,0
1,8240,137700,60500,4343,4,124,60,1,0
1,8241,24700,60500,4343,4,124,60,1,0
1,8242,53600,60500,4343,4,124,60,1,0
1,8243,43000,60500,4343,4,124,60,1,0
1,8244,34300,60500,4343,4,124,60,1,0
1,8245,34500,60500,4343,4,124,60,1,0
1,8246,37300,60500,4343,4,124,60,1,0
1,8247,41400,60500,4343,4,124,60,1,0
1,8248,31200,60500,4343,4,124,60,1,0
1,8249,71800,60500,4343,4,124,60,1,0
1,8250,69500,60500,4343,4,124,60,1,0
1,8251,38800,60500,4343,4,124,60,1,0
1,8252,71500,60500,4343,4,124,60,1,0
1,8253,43100,60500,4343,4,124,60,1,0
1,8254,29100,60500,4343,4,124,60,1,0
1,8255,29500,60500,4343,4,124,60,1,0
1,8256,26400,60500,4343,4,124,60,1,0
1,8257,32300,60500,4343,4,124,60,1,0
1,8258,37400,60500,4343,4,124,60,1,0
1,8259,32100,60500,4343,4,124,60,1,0
1,8260,40100,60500,4343,4,124,60,1,0
1,8261,39900,60500,4343,4,124,60,1,0
1,8262,27700,60500,4343,4,124,60,1,0
1,8263,36400,60500,4343,4,124,60,1,0
1,8264,27400,60500,4343,4,124,60,1,0
1,8265,34800,60500,4343,4,124,60,1,0
1,8266,38100,60500,4343,4,124,60,1,0
1,8267,96400,60500,4343,4,124,60,1,0
1,8268,36600,60500,4343,4,124,60,1,0
1,8269,42900,60500,4343,4,124,60,1,0
1,8270,38700,60500,4343,4,124,60,1,0
1,8271,46000,60500,4343,4,124,60,1,0
1,8272,40300,60500,4343,4,124,60,1,0
1,8273,29500,60500,4343,4,124,60,1,0
1,8274,48700,60500,4343,4,124,60,1,0
1,8275,34300,60500,4343,4,124,60,1,0
1,8276,29700,60500,4343,4,124,60,1,0
1,8277,35000,60500,4343,4,124,60,1,0
1,8278,53900,60500,4343,4,124,60,1,0
1,8279,43700,60500,4343,4,124,60,1,0
1,8280,34500,60500,4343,4,124,60,1,0
1,8281,29400,60500,4343,4,124,60,1,0
1,8282,26900,60500,4343,4,124,60,1,0
1,8283,27800,60500,4343,4,124,60,1,0
1,8284,27500,60500,4343,4,124,60,1,0
1,8285,36000,60500,4343,4,124,60,1,0
1,8286,66400,60500,4343,4,124,60,1,0
1,8287,36500,60500,4343,4,124,60,1,0
1,8288,34400,60500,4343,4,124,60,1,0
1,8289,35500,60500,4343,4,124,60,1,0
1,8290,34100,60500,4343,4,124,60,1,0
1,8291,36300,60500,4343,4,124,60,1,0
1,8292,29300,60500,4343,4,124,60,1,0
1,8293,27800,60500,4343,4,124,60,1,0
1,8294,35500,60500,4343,4,124,60,1,0
1,8295,39900,60500,4343,4,124,60,1,0
1,8296,24100,60500,4343,4,124,60,1,0
1,8297,30200,60500,4343,4,124,60,1,0
1,8298,143000,60500,4343,4,124,60,1,0
1,8299,41500,60500,4343,4,124,60,1,0
1,8300,24200,60500,4343,4,124,60,1,0
1,8301,28300,60500,4343,4,124,60,1,0
1,8302,35700,60500,4343,4,124,60,1,0
1,8303,28500,60500,4343,4,124,60,1,0
1,8304,29900,60500,4343,4,124,60,1,0
1,8305,40500,60500,4343,4,124,60,1,0
1,8306,37000,60500,4343,4,124,60,1,0
1,8307,41500,60500,4343,4,124,60,1,0
1,8308,30000,60500,4343,4,124,60,1,0
1,8309,36800,60500,4343,4,124,60,1,0
1,8310,63400,60500,4343,4,124,60,1,0
1,8311,54000,60500,4343,4,124,60,1,0
1,8312,96900,60500,4343,4,124,60,1,0
1,8313,20900,60500,4343,4,124,60,1,0
1,8314,49000,60500,4343,4,124,60,1,0
1,8315,38200,60500,4343,4,124,60,1,0
1,8316,27100,60500,4343,4,124,60,1,0
1,8317,37800,60500,4343,4,124,60,1,0
1,8318,37700,60500,4343,4,124,60,1,0
1,8319,35100,60500,4343,4,124,60,1,0
1,8320,39200,60500,4343,4,124,60,1,0
1,8321,27700,60500,4343,4,124,60,1,0
1,8322,32100,60500,4343,4,124,60,1,0
1,8323,158100,60500,4343,4,124,60,1,0
1,8324,33000,60500,4343,4,124,60,1,0
1,8325,27700,60500,4343,4,124,60,1,0
1,8326,36500,60500,4343,4,124,60,1,0
1,8327,37700,60500,4343,4,124,60,1,0
1,8328,27400,60500,4343,4,124,60,1,0
1,8329,25200,60500,4343,4,124,60,1,0
1,8330,38600,60500,4343,4,124,60,1,0
1,8331,37700,60500,4343,4,124,60,1,0
1,8332,42700,60500,4343,4,124,60,1,0
1,8333,38500,60500,4343,4,124,60,1,0
1,8334,39000,60500,4343,4,124,60,1,0
1,8335,30400,60500,4343,4,124,60,1,0
1,8336,35000,60500,4343,4,124,60,1,0
1,8337,35300,60500,4343,4,124,60,1,0
1,8338,32200,60500,4343,4,124,60,1,0
1,8339,33400,60500,4343,4,124,60,1,0
1,8340,46400,60500,4343,4,124,60,1,0
1,8341,38900,60500,4343,4,124,60,1,0
1,8342,38600,60500,4343,4,124,60,1,0
1,8343,28200,60500,4343,4,124,60,1,0
1,8344,244700,60500,4343,4,124,60,1,0
1,8345,53200,60500,4343,4,124,60,1,0
1,8346,38900,60500,4343,4,124,60,1,0
1,8347,34400,60500,4343,4,124,60,1,0
1,8348,27400,60500,4343,4,124,60,1,0
1,8349,36000,60500,4343,4,124,60,1,0
1,8350,38300,60500,4343,4,124,60,1,0
1,8351,28900,60500,4343,4,124,60,1,0
1,8352,32800,60500,4343,4,124,60,1,0
1,8353,37500,60500,4343,4,124,60,1,0
1,8354,39900,60500,4343,4,124,60,1,0
1,8355,36600,60500,4343,4,124,60,1,0
1,8356,27600,60500,4343,4,124,60,1,0
1,8357,38900,60500,4343,4,124,60,1,0
1,8358,27500,60500,4343,4,124,60,1,0
1,8359,39800,60500,4343,4,124,60,1,0
1,8360,116000,60500,4343,4,124,60,1,0
1,8361,35100,60500,4343,4,124,60,1,0
1,8362,40500,60500,4343,4,124,60,1,0
1,8363,38300,60500,4343,4,124,60,1,0
1,8364,57800,60500,4343,4,124,60,1,0
1,8365,36000,60500,4343,4,124,60,1,0
1,8366,25000,60500,4343,4,124,60,1,0
1,8367,34500,60500,4343,4,124,60,1,0
1,8368,29300,60500,4343,4,124,60,1,0
1,8369,28600,60500,4343,4,124,60,1,0
1,8370,35600,60500,4343,4,124,60,1,0
1,8371,33900,60500,4343,4,124,60,1,0
1,8372,38800,60500,4343,4,124,60,1,0
1,8373,34500,60500,4343,4,124,60,1,0
1,8374,58100,60500,4343,4,124,60,1,0
1,8375,32400,60500,4343,4,124,60,1,0
1,8376,55800,60500,4343,4,124,60,1,0
1,8377,27800,60500,4343,4,124,60,1,0
1,8378,25900,60500,4343,4,124,60,1,0
1,8379,35200,60500,4343,4,124,60,1,0
1,8380,68000,60500,4343,4,124,60,1,0
1,8381,45900,60500,4343,4,124,60,1,0
1,8382,37500,60500,4343,4,124,60,1,0
1,8383,26500,60500,4343,4,124,60,1,0
1,8384,45900,60500,4343,4,124,60,1,0
1,8385,36900,60500,4343,4,124,60,1,0
1,8386,48400,60500,4343,4,124,60,1,0
1,8387,31500,60500,4343,4,124,60,1,0
1,8388,149500,60500,4343,4,124,60,1,0
1,8389,31700,60500,4343,4,124,60,1,0
1,8390,36400,60500,4343,4,124,60,1,0
1,8391,43200,60500,4343,4,124,60,1,0
1,8392,37600,60500,4343,4,124,60,1,0
1,8393,39500,60500,4343,4,124,60,1,0
1,8394,35400,60500,4343,4,124,60,1,0
1,8395,24700,60500,4343,4,124,60,1,0
1,8396,47900,60500,4343,4,124,60,1,0
1,8397,36800,60500,4343,4,124,60,1,0
1,8398,37700,60500,4343,4,124,60,1,0
1,8399,37200,60500,4343,4,124,60,1,0
1,8400,38300,60500,4343,4,124,60,1,0
1,8401,34900,60500,4343,4,124,60,1,0
1,8402,22600,60500,4343,4,124,60,1,0
1,8403,29500,60500,4343,4,124,60,1,0
1,8404,31100,60500,4343,4,124,60,1,0
1,8405,41500,60500,4343,4,124,60,1,0
1,8406,35700,60500,4343,4,124,60,1,0
1,8407,27100,60500,4343,4,124,60,1,0
1,8408,65200,60500,4343,4,124,60,1,0
1,8409,37200,60500,4343,4,124,60,1,0
1,8410,41500,60500,4343,4,124,60,1,0
1,8411,36600,60500,4343,4,124,60,1,0
1,8412,32800,60500,4343,4,124,60,1,0
1,8413,34900,60500,4343,4,124,60,1,0
1,8414,54100,60500,4343,4,124,60,1,0
1,8415,34300,60500,4343,4,124,60,1,0
1,8416,26100,60500,4343,4,124,60,1,0
1,8417,36500,60500,4343,4,124,60,1,0
1,8418,33700,60500,4343,4,124,60,1,0
1,8419,26100,60500,4343,4,124,60,1,0
1,8420,25600,60500,4343,4,124,60,1,0
1,8421,35300,60500,4343,4,124,60,1,0
1,8422,41800,60500,4343,4,124,60,1,0
1,8423,35900,60500,4343,4,124,60,1,0
1,8424,40600,60500,4343,4,124,60,1,0
1,8425,53700,60500,4343,4,124,60,1,0
1,8426,26200,60500,4343,4,124,60,1,0
1,8427,27400,60500,4343,4,124,60,1,0
1,8428,30900,60500,4343,4,124,60,1,0
1,8429,28500,60500,4343,4,124,60,1,0
1,8430,36300,60500,4343,4,124,60,1,0
1,8431,34500,60500,4343,4,124,60,1,0
1,8432,26000,60500,4343,4,124,60,1,0
1,8433,40300,60500,4343,4,124,60,1,0
1,8434,50400,60500,4343,4,124,60,1,0
1,8435,43100,60500,4343,4,124,60,1,0
1,8436,32100,60500,4343,4,124,60,1,0
1,8437,34200,60500,4343,4,124,60,1,0
1,8438,27300,60500,4343,4,124,60,1,0
1,8439,36400,60500,4343,4,124,60,1,0
1,8440,36100,60500,4343,4,124,60,1,0
1,8441,41100,60500,4343,4,124,60,1,0
1,8442,30800,60500,4343,4,124,60,1,0
1,8443,35500,60500,4343,4,124,60,1,0
1,8444,36900,60500,4343,4,124,60,1,0
1,8445,105700,60500,4343,4,124,60,1,0
1,8446,46700,60500,4343,4,124,60,1,0
1,8447,38300,60500,4343,4,124,60,1,0
1,8448,26900,60500,4343,4,124,60,1,0
1,8449,32700,60500,4343,4,124,60,1,0
1,8450,218000,60500,4343,4,124,60,1,0
1,8451,33700,60500,4343,4,124,60,1,0
1,8452,37200,60500,4343,4,124,60,1,0
1,8453,37700,60500,4343,4,124,60,1,0
1,8454,33500,60500,4343,4,124,60,1,0
1,8455,29700,60500,4343,4,124,60,1,0
1,8456,69500,60500,4343,4,124,60,1,0
1,8457,41000,60500,4343,4,124,60,1,0
1,8458,32500,60500,4343,4,124,60,1,0
1,8459,27600,60500,4343,4,124,60,1,0
1,8460,84900,60500,4343,4,124,60,1,0
1,8461,33300,60500,4343,4,124,60,1,0
1,8462,36100,60500,4343,4,124,60,1,0
1,8463,37100,60500,4343,4,124,60,1,0
1,8464,41900,60500,4343,4,124,60,1,0
1,8465,35600,60500,4343,4,124,60,1,0
1,8466,35500,60500,4343,4,124,60,1,0
1,8467,27400,60500,4343,4,124,60,1,0
1,8468,91700,60500,4343,4,124,60,1,0
1,8469,32600,60500,4343,4,124,60,1,0
1,8470,40000,60500,4343,4,124,60,1,0
1,8471,38000,60500,4343,4,124,60,1,0
1,8472,36100,60500,4343,4,124,60,1,0
1,8473,30800,60500,4343,4,124,60,1,0
1,8474,36200,60500,4343,4,124,60,1,0
1,8475,29300,60500,4343,4,124,60,1,0
1,8476,36100,60500,4343,4,124,60,1,0
1,8477,28100,60500,4343,4,124,60,1,0
1,8478,30000,60500,4343,4,124,60,1,0
1,8479,66800,60500,4343,4,124,60,1,0
1,8480,36600,60500,4343,4,124,60,1,0
1,8481,33700,60500,4343,4,124,60,1,0
1,8482,40700,60500,4343,4,124,60,1,0
1,8483,40800,60500,4343,4,124,60,1,0
1,8484,36400,60500,4343,4,124,60,1,0
1,8485,35800,60500,4343,4,124,60,1,0
1,8486,36000,60500,4343,4,124,60,1,0
1,8487,32900,60500,4343,4,124,60,1,0
1,8488,37800,60500,4343,4,124,60,1,0
1,8489,36900,60500,4343,4,124,60,1,0
1,8490,35300,60500,4343,4,124,60,1,0
1,8491,33600,60500,4343,4,124,60,1,0
1,8492,39600,60500,4343,4,124,60,1,0
1,8493,25900,60500,4343,4,124,60,1,0
1,8494,28500,60500,4343,4,124,60,1,0
1,8495,22600,60500,4343,4,124,60,1,0
1,8496,66800,60500,4343,4,124,60,1,0
1,8497,47300,60500,4343,4,124,60,1,0
1,8498,35100,60500,4343,4,124,60,1,0
1,8499,43600,60500,4343,4,124,60,1,0
1,8500,37300,60500,4343,4,124,60,1,0
1,8501,34200,60500,4343,4,124,60,1,0
1,8502,280900,60500,4343,4,124,60,1,0
1,8503,40300,60500,4343,4,124,60,1,0
1,8504,32500,60500,4343,4,124,60,1,0
1,8505,36200,60500,4343,4,124,60,1,0
1,8506,35200,60500,4343,4,124,60,1,0
1,8507,28800,60500,4343,4,124,60,1,0
1,8508,38100,60500,4343,4,124,60,1,0
1,8509,34800,60500,4343,4,124,60,1,0
1,8510,37300,60500,4343,4,124,60,1,0
1,8511,37200,60500,4343,4,124,60,1,0
1,8512,45400,60500,4343,4,124,60,1,0
1,8513,42700,60500,4343,4,124,60,1,0
1,8514,27700,60500,4343,4,124,60,1,0
1,8515,29000,60500,4343,4,124,60,1,0
1,8516,40800,60500,4343,4,124,60,1,0
1,8517,27000,60500,4343,4,124,60,1,0
1,8518,36600,60500,4343,4,124,60,1,0
1,8519,28600,60500,4343,4,124,60,1,0
1,8520,28600,60500,4343,4,124,60,1,0
1,8521,30600,60500,4343,4,124,60,1,0
1,8522,29700,60500,4343,4,124,60,1,0
1,8523,28100,60500,4343,4,124,60,1,0
1,8524,36800,60500,4343,4,124,60,1,0
1,8525,29400,60500,4343,4,124,60,1,0
1,8526,76200,60500,4343,4,124,60,1,0
1,8527,35000,60500,4343,4,124,60,1,0
1,8528,37400,60500,4343,4,124,60,1,0
1,8529,35700,60500,4343,4,124,60,1,0
1,8530,45000,60500,4343,4,124,60,1,0
1,8531,27600,60500,4343,4,124,60,1,0
1,8532,35800,60500,4343,4,124,60,1,0
1,8533,42000,60500,4343,4,124,60,1,0
1,8534,28100,60500,4343,4,124,60,1,0
1,8535,40800,60500,4343,4,124,60,1,0
1,8536,28500,60500,4343,4,124,60,1,0
1,8537,37600,60500,4343,4,124,60,1,0
1,8538,59100,60500,4343,4,124,60,1,0
1,8539,36400,60500,4343,4,124,60,1,0
1,8540,25700,60500,4343,4,124,60,1,0
1,8541,35000,60500,4343,4,124,60,1,0
1,8542,41000,60500,4343,4,124,60,1,0
1,8543,28900,60500,4343,4,124,60,1,0
1,8544,31300,60500,4343,4,124,60,1,0
1,8545,24600,60500,4343,4,124,60,1,0
1,8546,35500,60500,4343,4,124,60,1,0
1,8547,35000,60500,4343,4,124,60,1,0
1,8548,38500,60500,4343,4,124,60,1,0
1,8549,38300,60500,4343,4,124,60,1,0
1,8550,27400,60500,4343,4,124,60,1,0
1,8551,38300,60500,4343,4,124,60,1,0
1,8552,38200,60500,4343,4,124,60,1,0
1,8553,36100,60500,4343,4,124,60,1,0
1,8554,27000,60500,4343,4,124,60,1,0
1,8555,37400,60500,4343,4,124,60,1,0
1,8556,40100,60500,4343,4,124,60,1,0
1,8557,34700,60500,4343,4,124,60,1,0
1,8558,36000,60500,4343,4,124,60,1,0
1,8559,36200,60500,4343,4,124,60,1,0
1,8560,41300,60500,4343,4,124,60,1,0
1,8561,40800,60500,4343,4,124,60,1,0
1,8562,83700,60500,4343,4,124,60,1,0
1,8563,35300,60500,4343,4,124,60,1,0
1,8564,49100,60500,4343,4,124,60,1,0
1,8565,37800,60500,4343,4,124,60,1,0
1,8566,47800,60500,4343,4,124,60,1,0
1,8567,31200,60500,4343,4,124,60,1,0
1,8568,36700,60500,4343,4,124,60,1,0
1,8569,30800,60500,4343,4,124,60,1,0
1,8570,36200,60500,4343,4,124,60,1,0
1,8571,37100,60500,4343,4,124,60,1,0
1,8572,36300,60500,4343,4,124,60,1,0
1,8573,40500,60500,4343,4,124,60,1,0
1,8574,27900,60500,4343,4,124,60,1,0
1,8575,95200,60500,4343,4,124,60,1,0
1,8576,40200,60500,4343,4,124,60,1,0
1,8577,37600,60500,4343,4,124,60,1,0
1,8578,38400,60500,4343,4,124,60,1,0
1,8579,52500,60500,4343,4,124,60,1,0
1,8580,35800,60500,4343,4,124,60,1,0
1,8581,30500,60500,4343,4,124,60,1,0
1,8582,31700,60500,4343,4,124,60,1,0
1,8583,36000,60500,4343,4,124,60,1,0
1,8584,25400,60500,4343,4,124,60,1,0
1,8585,37700,60500,4343,4,124,60,1,0
1,8586,65900,60500,4343,4,124,60,1,0
1,8587,28300,60500,4343,4,124,60,1,0
1,8588,32800,60500,4343,4,124,60,1,0
1,8589,35100,60500,4343,4,124,60,1,0
1,8590,33900,60500,4343,4,124,60,1,0
1,8591,40800,60500,4343,4,124,60,1,0
1,8592,38200,60500,4343,4,124,60,1,0
1,8593,39700,60500,4343,4,124,60,1,0
1,8594,26700,60500,4343,4,124,60,1,0
1,8595,39800,60500,4343,4,124,60,1,0
1,8596,35600,60500,4343,4,124,60,1,0
1,8597,34800,60500,4343,4,124,60,1,0
1,8598,38800,60500,4343,4,124,60,1,0
1,8599,39700,60500,4343,4,124,60,1,0
1,8600,37900,60500,4343,4,124,60,1,0
1,8601,36500,60500,4343,4,124,60,1,0
1,8602,28600,60500,4343,4,124,60,1,0
1,8603,30100,60500,4343,4,124,60,1,0
1,8604,53500,60500,4343,4,124,60,1,0
1,8605,37300,60500,4343,4,124,60,1,0
1,8606,39800,60500,4343,4,124,60,1,0
1,8607,35700,60500,4343,4,124,60,1,0
1,8608,43700,60500,4343,4,124,60,1,0
1,8609,33600,60500,4343,4,124,60,1,0
1,8610,51400,60500,4343,4,124,60,1,0
1,8611,33500,60500,4343,4,124,60,1,0
1,8612,28200,60500,4343,4,124,60,1,0
1,8613,25900,60500,4343,4,124,60,1,0
1,8614,35400,60500,4343,4,124,60,1,0
1,8615,35700,60500,4343,4,124,60,1,0
1,8616,27500,60500,4343,4,124,60,1,0
1,8617,31100,60500,4343,4,124,60,1,0
1,8618,35600,60500,4343,4,124,60,1,0
1,8619,35300,60500,4343,4,124,60,1,0
1,8620,34800,60500,4343,4,124,60,1,0
1,8621,34700,60500,4343,4,124,60,1,0
1,8622,35800,60500,4343,4,124,60,1,0
1,8623,21900,60500,4343,4,124,60,1,0
1,8624,28700,60500,4343,4,124,60,1,0
1,8625,39400,60500,4343,4,124,60,1,0
1,8626,29700,60500,4343,4,124,60,1,0
1,8627,53500,60500,4343,4,124,60,1,0
1,8628,35100,60500,4343,4,124,60,1,0
1,8629,25600,60500,4343,4,124,60,1,0
1,8630,25500,60500,4343,4,124,60,1,0
1,8631,36300,60500,4343,4,124,60,1,0
1,8632,39000,60500,4343,4,124,60,1,0
1,8633,36600,60500,4343,4,124,60,1,0
1,8634,37400,60500,4343,4,124,60,1,0
1,8635,36900,60500,4343,4,124,60,1,0
1,8636,26800,60500,4343,4,124,60,1,0
1,8637,37500,60500,4343,4,124,60,1,0
1,8638,39100,60500,4343,4,124,60,1,0
1,8639,111600,60500,4343,4,124,60,1,0
1,8640,73700,60500,4343,4,124,60,1,0
1,8641,45600,60500,4343,4,124,60,1,0
1,8642,28400,60500,4343,4,124,60,1,0
1,8643,31800,60500,4343,4,124,60,1,0
1,8644,32400,60500,4343,4,124,60,1,0
1,8645,34400,60500,4343,4,124,60,1,0
1,8646,24400,60500,4343,4,124,60,1,0
1,8647,32500,60500,4343,4,124,60,1,0
1,8648,29300,60500,4343,4,124,60,1,0
1,8649,33700,60500,4343,4,124,60,1,0
1,8650,34100,60500,4343,4,124,60,1,0
1,8651,38100,60500,4343,4,124,60,1,0
1,8652,37500,60500,4343,4,124,60,1,0
1,8653,33600,60500,4343,4,124,60,1,0
1,8654,37300,60500,4343,4,124,60,1,0
1,8655,33400,60500,4343,4,124,60,1,0
1,8656,43600,60500,4343,4,124,60,1,0
1,8657,24400,60500,4343,4,124,60,1,0
1,8658,46900,60500,4343,4,124,60,1,0
1,8659,29200,60500,4343,4,124,60,1,0
1,8660,38900,60500,4343,4,124,60,1,0
1,8661,24100,60500,4343,4,124,60,1,0
1,8662,32500,60500,4343,4,124,60,1,0
1,8663,33200,60500,4343,4,124,60,1,0
1,8664,93600,60500,4343,4,124,60,1,0
1,8665,33100,60500,4343,4,124,60,1,0
1,8666,194500,60500,4343,4,124,60,1,0
1,8667,32100,60500,4343,4,124,60,1,0
1,8668,116400,60500,4343,4,124,60,1,0
1,8669,33100,60500,4343,4,124,60,1,0
1,8670,32700,60500,4343,4,124,60,1,0
1,8671,25400,60500,4343,4,124,60,1,0
1,8672,83600,60500,4343,4,124,60,1,0
1,8673,39900,60500,4343,4,124,60,1,0
1,8674,39800,60500,4343,4,124,60,1,0
1,8675,38100,60500,4343,4,124,60,1,0
1,8676,115000,60500,4343,4,124,60,1,0
1,8677,38300,60500,4343,4,124,60,1,0
1,8678,42700,60500,4343,4,124,60,1,0
1,8679,32200,60500,4343,4,124,60,1,0
1,8680,39400,60500,4343,4,124,60,1,0
1,8681,32700,60500,4343,4,124,60,1,0
1,8682,43100,60500,4343,4,124,60,1,0
1,8683,26000,60500,4343,4,124,60,1,0
1,8684,37400,60500,4343,4,124,60,1,0
1,8685,38100,60500,4343,4,124,60,1,0
1,8686,33700,60500,4343,4,124,60,1,0
1,8687,31800,60500,4343,4,124,60,1,0
1,8688,35300,60500,4343,4,124,60,1,0
1,8689,34800,60500,4343,4,124,60,1,0
1,8690,72200,60500,4343,4,124,60,1,0
1,8691,47600,60500,4343,4,124,60,1,0
1,8692,36200,60500,4343,4,124,60,1,0
1,8693,32000,60500,4343,4,124,60,1,0
1,8694,34000,60500,4343,4,124,60,1,0
1,8695,40900,60500,4343,4,124,60,1,0
1,8696,27000,60500,4343,4,124,60,1,0
1,8697,35300,60500,4343,4,124,60,1,0
1,8698,37900,60500,4343,4,124,60,1,0
1,8699,32500,60500,4343,4,124,60,1,0
1,8700,51900,60500,4343,4,124,60,1,0
1,8701,39100,60500,4343,4,124,60,1,0
1,8702,48600,60500,4343,4,124,60,1,0
1,8703,28300,60500,4343,4,124,60,1,0
1,8704,37300,60500,4343,4,124,60,1,0
1,8705,50100,60500,4343,4,124,60,1,0
1,8706,34400,60500,4343,4,124,60,1,0
1,8707,39100,60500,4343,4,124,60,1,0
1,8708,37500,60500,4343,4,124,60,1,0
1,8709,26500,60500,4343,4,124,60,1,0
1,8710,44100,60500,4343,4,124,60,1,0
1,8711,37600,60500,4343,4,124,60,1,0
1,8712,50500,60500,4343,4,124,60,1,0
1,8713,24300,60500,4343,4,124,60,1,0
1,8714,34100,60500,4352,4,124,60,1,0
