match_id,sample_index,duration_ns,tick_p95_ns,tcp_bytes,udp_bytes,payload_bytes,scheduler_overruns
1,0,242700,1954400,3008,966385048,37849254,0
1,1,1505400,1954400,3008,966385048,37849254,0
1,2,145000,1954400,3008,966385048,37849254,0
1,3,1103300,1954400,3008,966385048,37849254,0
1,4,263900,1954400,3008,966385048,37849254,0
1,5,1316300,1954400,3008,966385048,37849254,0
1,6,190900,1954400,3008,966385048,37849254,0
1,7,1253400,1954400,3008,966385048,37849254,0
1,8,192500,1954400,3008,966385048,37849254,0
1,9,1519900,1954400,3008,966385048,37849254,0
1,10,312700,1954400,3008,966385048,37849254,0
1,11,1336100,1954400,3008,966385048,37849254,0
1,12,284500,1954400,3008,966385048,37849254,0
1,13,1354400,1954400,3008,966385048,37849254,0
1,14,263000,1954400,3008,966385048,37849254,0
1,15,1180700,1954400,3008,966385048,37849254,0
1,16,303200,1954400,3008,966385048,37849254,0
1,17,1638400,1954400,3008,966385048,37849254,0
1,18,415100,1954400,3008,966385048,37849254,0
1,19,1157500,1954400,3008,966385048,37849254,0
1,20,266900,1954400,3008,966385048,37849254,0
1,21,1240200,1954400,3008,966385048,37849254,0
1,22,262700,1954400,3008,966385048,37849254,0
1,23,1432400,1954400,3008,966385048,37849254,0
1,24,170900,1954400,3008,966385048,37849254,0
1,25,1259300,1954400,3008,966385048,37849254,0
1,26,278600,1954400,3008,966385048,37849254,0
1,27,1250100,1954400,3008,966385048,37849254,0
1,28,255700,1954400,3008,966385048,37849254,0
1,29,1364500,1954400,3008,966385048,37849254,0
1,30,250800,1954400,3008,966385048,37849254,0
1,31,1330400,1954400,3008,966385048,37849254,0
1,32,322100,1954400,3008,966385048,37849254,0
1,33,1310600,1954400,3008,966385048,37849254,0
1,34,470400,1954400,3008,966385048,37849254,0
1,35,1310100,1954400,3008,966385048,37849254,0
1,36,278600,1954400,3008,966385048,37849254,0
1,37,1310800,1954400,3008,966385048,37849254,0
1,38,278500,1954400,3008,966385048,37849254,0
1,39,1486500,1954400,3008,966385048,37849254,0
1,40,199500,1954400,3008,966385048,37849254,0
1,41,1560000,1954400,3008,966385048,37849254,0
1,42,375700,1954400,3008,966385048,37849254,0
1,43,1635300,1954400,3008,966385048,37849254,0
1,44,281700,1954400,3008,966385048,37849254,0
1,45,1272100,1954400,3008,966385048,37849254,0
1,46,301400,1954400,3008,966385048,37849254,0
1,47,1387600,1954400,3008,966385048,37849254,0
1,48,192600,1954400,3008,966385048,37849254,0
1,49,1574100,1954400,3008,966385048,37849254,0
1,50,309900,1954400,3008,966385048,37849254,0
1,51,1282300,1954400,3008,966385048,37849254,0
1,52,237100,1954400,3008,966385048,37849254,0
1,53,1385200,1954400,3008,966385048,37849254,0
1,54,204100,1954400,3008,966385048,37849254,0
1,55,1288000,1954400,3008,966385048,37849254,0
1,56,208700,1954400,3008,966385048,37849254,0
1,57,1551600,1954400,3008,966385048,37849254,0
1,58,292600,1954400,3008,966385048,37849254,0
1,59,1565300,1954400,3008,966385048,37849254,0
1,60,262400,1954400,3008,966385048,37849254,0
1,61,1484100,1954400,3008,966385048,37849254,0
1,62,283700,1954400,3008,966385048,37849254,0
1,63,1301600,1954400,3008,966385048,37849254,0
1,64,273000,1954400,3008,966385048,37849254,0
1,65,1303300,1954400,3008,966385048,37849254,0
1,66,269900,1954400,3008,966385048,37849254,0
1,67,1161100,1954400,3008,966385048,37849254,0
1,68,293400,1954400,3008,966385048,37849254,0
1,69,1332200,1954400,3008,966385048,37849254,0
1,70,261400,1954400,3008,966385048,37849254,0
1,71,1269100,1954400,3008,966385048,37849254,0
1,72,264400,1954400,3008,966385048,37849254,0
1,73,1377900,1954400,3008,966385048,37849254,0
1,74,262600,1954400,3008,966385048,37849254,0
1,75,1552300,1954400,3008,966385048,37849254,0
1,76,255100,1954400,3008,966385048,37849254,0
1,77,1248900,1954400,3008,966385048,37849254,0
1,78,259100,1954400,3008,966385048,37849254,0
1,79,1295600,1954400,3008,966385048,37849254,0
1,80,217600,1954400,3008,966385048,37849254,0
1,81,1321000,1954400,3008,966385048,37849254,0
1,82,373900,1954400,3008,966385048,37849254,0
1,83,1892100,1954400,3008,966385048,37849254,0
1,84,173200,1954400,3008,966385048,37849254,0
1,85,1639600,1954400,3008,966385048,37849254,0
1,86,269500,1954400,3008,966385048,37849254,0
1,87,1876300,1954400,3008,966385048,37849254,0
1,88,247900,1954400,3008,966385048,37849254,0
1,89,2103400,1954400,3008,966385048,37849254,0
1,90,401000,1954400,3008,966385048,37849254,0
1,91,1572000,1954400,3008,966385048,37849254,0
1,92,248400,1954400,3008,966385048,37849254,0
1,93,1529000,1954400,3008,966385048,37849254,0
1,94,395300,1954400,3008,966385048,37849254,0
1,95,1849900,1954400,3008,966385048,37849254,0
1,96,381900,1954400,3008,966385048,37849254,0
1,97,1918200,1954400,3008,966385048,37849254,0
1,98,304300,1954400,3008,966385048,37849254,0
1,99,1738800,1954400,3008,966385048,37849254,0
1,100,373400,1954400,3008,966385048,37849254,0
1,101,1657400,1954400,3008,966385048,37849254,0
1,102,372500,1954400,3008,966385048,37849254,0
1,103,1883200,1954400,3008,966385048,37849254,0
1,104,301100,1954400,3008,966385048,37849254,0
1,105,1963200,1954400,3008,966385048,37849254,0
1,106,247400,1954400,3008,966385048,37849254,0
1,107,1941000,1954400,3008,966385048,37849254,0
1,108,247000,1954400,3008,966385048,37849254,0
1,109,1932200,1954400,3008,966385048,37849254,0
1,110,271200,1954400,3008,966385048,37849254,0
1,111,1939400,1954400,3008,966385048,37849254,0
1,112,386900,1954400,3008,966385048,37849254,0
1,113,1718400,1954400,3008,966385048,37849254,0
1,114,225500,1954400,3008,966385048,37849254,0
1,115,2107600,1954400,3008,966385048,37849254,0
1,116,393100,1954400,3008,966385048,37849254,0
1,117,1318300,1954400,3008,966385048,37849254,0
1,118,260400,1954400,3008,966385048,37849254,0
1,119,1894200,1954400,3008,966385048,37849254,0
1,120,370500,1954400,3008,966385048,37849254,0
1,121,1485600,1954400,3008,966385048,37849254,0
1,122,362600,1954400,3008,966385048,37849254,0
1,123,1388600,1954400,3008,966385048,37849254,0
1,124,602600,1954400,3008,966385048,37849254,0
1,125,1310500,1954400,3008,966385048,37849254,0
1,126,395400,1954400,3008,966385048,37849254,0
1,127,1931200,1954400,3008,966385048,37849254,0
1,128,387600,1954400,3008,966385048,37849254,0
1,129,1543900,1954400,3008,966385048,37849254,0
1,130,395200,1954400,3008,966385048,37849254,0
1,131,1821300,1954400,3008,966385048,37849254,0
1,132,279600,1954400,3008,966385048,37849254,0
1,133,1922000,1954400,3008,966385048,37849254,0
1,134,354100,1954400,3008,966385048,37849254,0
1,135,1780000,1954400,3008,966385048,37849254,0
1,136,323700,1954400,3008,966385048,37849254,0
1,137,1384000,1954400,3008,966385048,37849254,0
1,138,346400,1954400,3008,966385048,37849254,0
1,139,1824000,1954400,3008,966385048,37849254,0
1,140,369200,1954400,3008,966385048,37849254,0
1,141,1898800,1954400,3008,966385048,37849254,0
1,142,246400,1954400,3008,966385048,37849254,0
1,143,1775200,1954400,3008,966385048,37849254,0
1,144,372100,1954400,3008,966385048,37849254,0
1,145,1746900,1954400,3008,966385048,37849254,0
1,146,320400,1954400,3008,966385048,37849254,0
1,147,1296200,1954400,3008,966385048,37849254,0
1,148,379200,1954400,3008,966385048,37849254,0
1,149,2352600,1954400,3008,966385048,37849254,0
1,150,368700,1954400,3008,966385048,37849254,0
1,151,1985500,1954400,3008,966385048,37849254,0
1,152,370100,1954400,3008,966385048,37849254,0
1,153,1512400,1954400,3008,966385048,37849254,0
1,154,380000,1954400,3008,966385048,37849254,0
1,155,1391600,1954400,3008,966385048,37849254,0
1,156,358200,1954400,3008,966385048,37849254,0
1,157,1643800,1954400,3008,966385048,37849254,0
1,158,261000,1954400,3008,966385048,37849254,0
1,159,1834200,1954400,3008,966385048,37849254,0
1,160,217900,1954400,3008,966385048,37849254,0
1,161,1793700,1954400,3008,966385048,37849254,0
1,162,379700,1954400,3008,966385048,37849254,0
1,163,1908000,1954400,3008,966385048,37849254,0
1,164,400200,1954400,3008,966385048,37849254,0
1,165,1301000,1954400,3008,966385048,37849254,0
1,166,394100,1954400,3008,966385048,37849254,0
1,167,1510000,1954400,3008,966385048,37849254,0
1,168,191800,1954400,3008,966385048,37849254,0
1,169,1552500,1954400,3008,966385048,37849254,0
1,170,351500,1954400,3008,966385048,37849254,0
1,171,1960400,1954400,3008,966385048,37849254,0
1,172,368800,1954400,3008,966385048,37849254,0
1,173,1754600,1954400,3008,966385048,37849254,0
1,174,335000,1954400,3008,966385048,37849254,0
1,175,1748700,1954400,3008,966385048,37849254,0
1,176,459400,1954400,3008,966385048,37849254,0
1,177,2027500,1954400,3008,966385048,37849254,0
1,178,181500,1954400,3008,966385048,37849254,0
1,179,1936600,1954400,3008,966385048,37849254,0
1,180,263700,1954400,3008,966385048,37849254,0
1,181,1661500,1954400,3008,966385048,37849254,0
1,182,361500,1954400,3008,966385048,37849254,0
1,183,1985300,1954400,3008,966385048,37849254,0
1,184,366700,1954400,3008,966385048,37849254,0
1,185,1884600,1954400,3008,966385048,37849254,0
1,186,375500,1954400,3008,966385048,37849254,0
1,187,1974600,1954400,3008,966385048,37849254,0
1,188,266900,1954400,3008,966385048,37849254,0
1,189,2215000,1954400,3008,966385048,37849254,0
1,190,356000,1954400,3008,966385048,37849254,0
1,191,1942600,1954400,3008,966385048,37849254,0
1,192,322300,1954400,3008,966385048,37849254,0
1,193,1469400,1954400,3008,966385048,37849254,0
1,194,366700,1954400,3008,966385048,37849254,0
1,195,1813900,1954400,3008,966385048,37849254,0
1,196,370600,1954400,3008,966385048,37849254,0
1,197,1964900,1954400,3008,966385048,37849254,0
1,198,382600,1954400,3008,966385048,37849254,0
1,199,1842800,1954400,3008,966385048,37849254,0
1,200,651900,1954400,3008,966385048,37849254,0
1,201,1904000,1954400,3008,966385048,37849254,0
1,202,508700,1954400,3008,966385048,37849254,0
1,203,1621400,1954400,3008,966385048,37849254,0
1,204,370500,1954400,3008,966385048,37849254,0
1,205,1929500,1954400,3008,966385048,37849254,0
1,206,346400,1954400,3008,966385048,37849254,0
1,207,1879100,1954400,3008,966385048,37849254,0
1,208,515300,1954400,3008,966385048,37849254,0
1,209,1931600,1954400,3008,966385048,37849254,0
1,210,337400,1954400,3008,966385048,37849254,0
1,211,2018300,1954400,3008,966385048,37849254,0
1,212,313600,1954400,3008,966385048,37849254,0
1,213,1269800,1954400,3008,966385048,37849254,0
1,214,349000,1954400,3008,966385048,37849254,0
1,215,1934900,1954400,3008,966385048,37849254,0
1,216,244300,1954400,3008,966385048,37849254,0
1,217,1890600,1954400,3008,966385048,37849254,0
1,218,363800,1954400,3008,966385048,37849254,0
1,219,1851900,1954400,3008,966385048,37849254,0
1,220,348200,1954400,3008,966385048,37849254,0
1,221,1746400,1954400,3008,966385048,37849254,0
1,222,374400,1954400,3008,966385048,37849254,0
1,223,1963600,1954400,3008,966385048,37849254,0
1,224,265300,1954400,3008,966385048,37849254,0
1,225,2131900,1954400,3008,966385048,37849254,0
1,226,437100,1954400,3008,966385048,37849254,0
1,227,1758200,1954400,3008,966385048,37849254,0
1,228,384300,1954400,3008,966385048,37849254,0
1,229,1489400,1954400,3008,966385048,37849254,0
1,230,364500,1954400,3008,966385048,37849254,0
1,231,1602800,1954400,3008,966385048,37849254,0
1,232,363700,1954400,3008,966385048,37849254,0
1,233,1917700,1954400,3008,966385048,37849254,0
1,234,378600,1954400,3008,966385048,37849254,0
1,235,1986400,1954400,3008,966385048,37849254,0
1,236,376800,1954400,3008,966385048,37849254,0
1,237,1661000,1954400,3008,966385048,37849254,0
1,238,393800,1954400,3008,966385048,37849254,0
1,239,1415600,1954400,3008,966385048,37849254,0
1,240,368100,1954400,3008,966385048,37849254,0
1,241,1264300,1954400,3008,966385048,37849254,0
1,242,377700,1954400,3008,966385048,37849254,0
1,243,1623600,1954400,3008,966385048,37849254,0
1,244,265400,1954400,3008,966385048,37849254,0
1,245,1442900,1954400,3008,966385048,37849254,0
1,246,660700,1954400,3008,966385048,37849254,0
1,247,1912400,1954400,3008,966385048,37849254,0
1,248,239200,1954400,3008,966385048,37849254,0
1,249,1904300,1954400,3008,966385048,37849254,0
1,250,388400,1954400,3008,966385048,37849254,0
1,251,2296800,1954400,3008,966385048,37849254,0
1,252,398900,1954400,3008,966385048,37849254,0
1,253,2069000,1954400,3008,966385048,37849254,0
1,254,296200,1954400,3008,966385048,37849254,0
1,255,1884600,1954400,3008,966385048,37849254,0
1,256,406000,1954400,3008,966385048,37849254,0
1,257,1920600,1954400,3008,966385048,37849254,0
1,258,406100,1954400,3008,966385048,37849254,0
1,259,1946400,1954400,3008,966385048,37849254,0
1,260,388400,1954400,3008,966385048,37849254,0
1,261,1661200,1954400,3008,966385048,37849254,0
1,262,364900,1954400,3008,966385048,37849254,0
1,263,1935800,1954400,3008,966385048,37849254,0
1,264,378000,1954400,3008,966385048,37849254,0
1,265,1875700,1954400,3008,966385048,37849254,0
1,266,518200,1954400,3008,966385048,37849254,0
1,267,1227600,1954400,3008,966385048,37849254,0
1,268,454700,1954400,3008,966385048,37849254,0
1,269,1936500,1954400,3008,966385048,37849254,0
1,270,428900,1954400,3008,966385048,37849254,0
1,271,2026200,1954400,3008,966385048,37849254,0
1,272,364300,1954400,3008,966385048,37849254,0
1,273,1281000,1954400,3008,966385048,37849254,0
1,274,564600,1954400,3008,966385048,37849254,0
1,275,1406800,1954400,3008,966385048,37849254,0
1,276,587900,1954400,3008,966385048,37849254,0
1,277,1221600,1954400,3008,966385048,37849254,0
1,278,320100,1954400,3008,966385048,37849254,0
1,279,1740600,1954400,3008,966385048,37849254,0
1,280,360600,1954400,3008,966385048,37849254,0
1,281,1655100,1954400,3008,966385048,37849254,0
1,282,264100,1954400,3008,966385048,37849254,0
1,283,1900400,1954400,3008,966385048,37849254,0
1,284,384900,1954400,3008,966385048,37849254,0
1,285,1402400,1954400,3008,966385048,37849254,0
1,286,443700,1954400,3008,966385048,37849254,0
1,287,1970200,1954400,3008,966385048,37849254,0
1,288,208200,1954400,3008,966385048,37849254,0
1,289,1950800,1954400,3008,966385048,37849254,0
1,290,335000,1954400,3008,966385048,37849254,0
1,291,1885300,1954400,3008,966385048,37849254,0
1,292,382900,1954400,3008,966385048,37849254,0
1,293,1364500,1954400,3008,966385048,37849254,0
1,294,332800,1954400,3008,966385048,37849254,0
1,295,1931100,1954400,3008,966385048,37849254,0
1,296,402300,1954400,3008,966385048,37849254,0
1,297,1664300,1954400,3008,966385048,37849254,0
1,298,399400,1954400,3008,966385048,37849254,0
1,299,1741700,1954400,3008,966385048,37849254,0
1,300,269800,1954400,3008,966385048,37849254,0
1,301,1945900,1954400,3008,966385048,37849254,0
1,302,388400,1954400,3008,966385048,37849254,0
1,303,1751500,1954400,3008,966385048,37849254,0
1,304,391200,1954400,3008,966385048,37849254,0
1,305,1731300,1954400,3008,966385048,37849254,0
1,306,248400,1954400,3008,966385048,37849254,0
1,307,1972700,1954400,3008,966385048,37849254,0
1,308,374200,1954400,3008,966385048,37849254,0
1,309,1811400,1954400,3008,966385048,37849254,0
1,310,274500,1954400,3008,966385048,37849254,0
1,311,1439900,1954400,3008,966385048,37849254,0
1,312,363500,1954400,3008,966385048,37849254,0
1,313,1647800,1954400,3008,966385048,37849254,0
1,314,445300,1954400,3008,966385048,37849254,0
1,315,2063400,1954400,3008,966385048,37849254,0
1,316,295900,1954400,3008,966385048,37849254,0
1,317,1910300,1954400,3008,966385048,37849254,0
1,318,387800,1954400,3008,966385048,37849254,0
1,319,1948100,1954400,3008,966385048,37849254,0
1,320,487200,1954400,3008,966385048,37849254,0
1,321,2007400,1954400,3008,966385048,37849254,0
1,322,326100,1954400,3008,966385048,37849254,0
1,323,1861300,1954400,3008,966385048,37849254,0
1,324,254700,1954400,3008,966385048,37849254,0
1,325,1959600,1954400,3008,966385048,37849254,0
1,326,352200,1954400,3008,966385048,37849254,0
1,327,1358000,1954400,3008,966385048,37849254,0
1,328,399500,1954400,3008,966385048,37849254,0
1,329,1838500,1954400,3008,966385048,37849254,0
1,330,314100,1954400,3008,966385048,37849254,0
1,331,1562600,1954400,3008,966385048,37849254,0
1,332,303800,1954400,3008,966385048,37849254,0
1,333,1938100,1954400,3008,966385048,37849254,0
1,334,267400,1954400,3008,966385048,37849254,0
1,335,1507100,1954400,3008,966385048,37849254,0
1,336,274400,1954400,3008,966385048,37849254,0
1,337,1684800,1954400,3008,966385048,37849254,0
1,338,330200,1954400,3008,966385048,37849254,0
1,339,1935000,1954400,3008,966385048,37849254,0
1,340,247000,1954400,3008,966385048,37849254,0
1,341,1914600,1954400,3008,966385048,37849254,0
1,342,329800,1954400,3008,966385048,37849254,0
1,343,1818800,1954400,3008,966385048,37849254,0
1,344,398400,1954400,3008,966385048,37849254,0
1,345,1916200,1954400,3008,966385048,37849254,0
1,346,358500,1954400,3008,966385048,37849254,0
1,347,1940400,1954400,3008,966385048,37849254,0
1,348,320100,1954400,3008,966385048,37849254,0
1,349,1900400,1954400,3008,966385048,37849254,0
1,350,374600,1954400,3008,966385048,37849254,0
1,351,1636400,1954400,3008,966385048,37849254,0
1,352,274100,1954400,3008,966385048,37849254,0
1,353,1749900,1954400,3008,966385048,37849254,0
1,354,259000,1954400,3008,966385048,37849254,0
1,355,1886900,1954400,3008,966385048,37849254,0
1,356,265300,1954400,3008,966385048,37849254,0
1,357,1507500,1954400,3008,966385048,37849254,0
1,358,382200,1954400,3008,966385048,37849254,0
1,359,1721900,1954400,3008,966385048,37849254,0
1,360,375100,1954400,3008,966385048,37849254,0
1,361,1297000,1954400,3008,966385048,37849254,0
1,362,262400,1954400,3008,966385048,37849254,0
1,363,1776800,1954400,3008,966385048,37849254,0
1,364,366200,1954400,3008,966385048,37849254,0
1,365,1311300,1954400,3008,966385048,37849254,0
1,366,243300,1954400,3008,966385048,37849254,0
1,367,1773800,1954400,3008,966385048,37849254,0
1,368,383400,1954400,3008,966385048,37849254,0
1,369,2049100,1954400,3008,966385048,37849254,0
1,370,383400,1954400,3008,966385048,37849254,0
1,371,1914400,1954400,3008,966385048,37849254,0
1,372,363200,1954400,3008,966385048,37849254,0
1,373,1993500,1954400,3008,966385048,37849254,0
1,374,353900,1954400,3008,966385048,37849254,0
1,375,1868100,1954400,3008,966385048,37849254,0
1,376,498500,1954400,3008,966385048,37849254,0
1,377,1368800,1954400,3008,966385048,37849254,0
1,378,520700,1954400,3008,966385048,37849254,0
1,379,2306500,1954400,3008,966385048,37849254,0
1,380,400100,1954400,3008,966385048,37849254,0
1,381,1909900,1954400,3008,966385048,37849254,0
1,382,402500,1954400,3008,966385048,37849254,0
1,383,1907600,1954400,3008,966385048,37849254,0
1,384,331700,1954400,3008,966385048,37849254,0
1,385,1776100,1954400,3008,966385048,37849254,0
1,386,352300,1954400,3008,966385048,37849254,0
1,387,1639700,1954400,3008,966385048,37849254,0
1,388,409700,1954400,3008,966385048,37849254,0
1,389,1604100,1954400,3008,966385048,37849254,0
1,390,313100,1954400,3008,966385048,37849254,0
1,391,1896100,1954400,3008,966385048,37849254,0
1,392,315200,1954400,3008,966385048,37849254,0
1,393,1869200,1954400,3008,966385048,37849254,0
1,394,261200,1954400,3008,966385048,37849254,0
1,395,1810600,1954400,3008,966385048,37849254,0
1,396,359600,1954400,3008,966385048,37849254,0
1,397,1771100,1954400,3008,966385048,37849254,0
1,398,357100,1954400,3008,966385048,37849254,0
1,399,1767200,1954400,3008,966385048,37849254,0
1,400,375800,1954400,3008,966385048,37849254,0
1,401,1316900,1954400,3008,966385048,37849254,0
1,402,344400,1954400,3008,966385048,37849254,0
1,403,1869500,1954400,3008,966385048,37849254,0
1,404,306900,1954400,3008,966385048,37849254,0
1,405,1768200,1954400,3008,966385048,37849254,0
1,406,392700,1954400,3008,966385048,37849254,0
1,407,1933400,1954400,3008,966385048,37849254,0
1,408,361900,1954400,3008,966385048,37849254,0
1,409,1855900,1954400,3008,966385048,37849254,0
1,410,345800,1954400,3008,966385048,37849254,0
1,411,1851000,1954400,3008,966385048,37849254,0
1,412,365800,1954400,3008,966385048,37849254,0
1,413,1541300,1954400,3008,966385048,37849254,0
1,414,365800,1954400,3008,966385048,37849254,0
1,415,1687700,1954400,3008,966385048,37849254,0
1,416,370100,1954400,3008,966385048,37849254,0
1,417,1593200,1954400,3008,966385048,37849254,0
1,418,262200,1954400,3008,966385048,37849254,0
1,419,2263800,1954400,3008,966385048,37849254,0
1,420,389100,1954400,3008,966385048,37849254,0
1,421,1443500,1954400,3008,966385048,37849254,0
1,422,335000,1954400,3008,966385048,37849254,0
1,423,1409100,1954400,3008,966385048,37849254,0
1,424,422500,1954400,3008,966385048,37849254,0
1,425,1773100,1954400,3008,966385048,37849254,0
1,426,417900,1954400,3008,966385048,37849254,0
1,427,2140300,1954400,3008,966385048,37849254,0
1,428,399600,1954400,3008,966385048,37849254,0
1,429,1951200,1954400,3008,966385048,37849254,0
1,430,358600,1954400,3008,966385048,37849254,0
1,431,1776500,1954400,3008,966385048,37849254,0
1,432,270100,1954400,3008,966385048,37849254,0
1,433,2071000,1954400,3008,966385048,37849254,0
1,434,260100,1954400,3008,966385048,37849254,0
1,435,2134700,1954400,3008,966385048,37849254,0
1,436,322800,1954400,3008,966385048,37849254,0
1,437,2012800,1954400,3008,966385048,37849254,0
1,438,264600,1954400,3008,966385048,37849254,0
1,439,1844800,1954400,3008,966385048,37849254,0
1,440,363300,1954400,3008,966385048,37849254,0
1,441,1274200,1954400,3008,966385048,37849254,0
1,442,384800,1954400,3008,966385048,37849254,0
1,443,2033600,1954400,3008,966385048,37849254,0
1,444,362900,1954400,3008,966385048,37849254,0
1,445,1634000,1954400,3008,966385048,37849254,0
1,446,258300,1954400,3008,966385048,37849254,0
1,447,1617900,1954400,3008,966385048,37849254,0
1,448,257900,1954400,3008,966385048,37849254,0
1,449,1709700,1954400,3008,966385048,37849254,0
1,450,389200,1954400,3008,966385048,37849254,0
1,451,1313400,1954400,3008,966385048,37849254,0
1,452,351400,1954400,3008,966385048,37849254,0
1,453,1620000,1954400,3008,966385048,37849254,0
1,454,425000,1954400,3008,966385048,37849254,0
1,455,1935900,1954400,3008,966385048,37849254,0
1,456,379100,1954400,3008,966385048,37849254,0
1,457,1825900,1954400,3008,966385048,37849254,0
1,458,405800,1954400,3008,966385048,37849254,0
1,459,1914000,1954400,3008,966385048,37849254,0
1,460,236100,1954400,3008,966385048,37849254,0
1,461,1952100,1954400,3008,966385048,37849254,0
1,462,285100,1954400,3008,966385048,37849254,0
1,463,2084500,1954400,3008,966385048,37849254,0
1,464,262900,1954400,3008,966385048,37849254,0
1,465,1951100,1954400,3008,966385048,37849254,0
1,466,375400,1954400,3008,966385048,37849254,0
1,467,1427300,1954400,3008,966385048,37849254,0
1,468,351600,1954400,3008,966385048,37849254,0
1,469,1955200,1954400,3008,966385048,37849254,0
1,470,378800,1954400,3008,966385048,37849254,0
1,471,1703900,1954400,3008,966385048,37849254,0
1,472,309300,1954400,3008,966385048,37849254,0
1,473,1849400,1954400,3008,966385048,37849254,0
1,474,364800,1954400,3008,966385048,37849254,0
1,475,1844200,1954400,3008,966385048,37849254,0
1,476,291700,1954400,3008,966385048,37849254,0
1,477,1424400,1954400,3008,966385048,37849254,0
1,478,375500,1954400,3008,966385048,37849254,0
1,479,1398500,1954400,3008,966385048,37849254,0
1,480,368900,1954400,3008,966385048,37849254,0
1,481,1444000,1954400,3008,966385048,37849254,0
1,482,387300,1954400,3008,966385048,37849254,0
1,483,1856700,1954400,3008,966385048,37849254,0
1,484,275700,1954400,3008,966385048,37849254,0
1,485,1389600,1954400,3008,966385048,37849254,0
1,486,489300,1954400,3008,966385048,37849254,0
1,487,1562000,1954400,3008,966385048,37849254,0
1,488,360800,1954400,3008,966385048,37849254,0
1,489,1812300,1954400,3008,966385048,37849254,0
1,490,363400,1954400,3008,966385048,37849254,0
1,491,1974500,1954400,3008,966385048,37849254,0
1,492,410400,1954400,3008,966385048,37849254,0
1,493,1893100,1954400,3008,966385048,37849254,0
1,494,396000,1954400,3008,966385048,37849254,0
1,495,1877000,1954400,3008,966385048,37849254,0
1,496,360300,1954400,3008,966385048,37849254,0
1,497,1629100,1954400,3008,966385048,37849254,0
1,498,348600,1954400,3008,966385048,37849254,0
1,499,1817200,1954400,3008,966385048,37849254,0
1,500,364800,1954400,3008,966385048,37849254,0
1,501,1541600,1954400,3008,966385048,37849254,0
1,502,344900,1954400,3008,966385048,37849254,0
1,503,1413600,1954400,3008,966385048,37849254,0
1,504,374000,1954400,3008,966385048,37849254,0
1,505,1580800,1954400,3008,966385048,37849254,0
1,506,358300,1954400,3008,966385048,37849254,0
1,507,2197800,1954400,3008,966385048,37849254,0
1,508,428000,1954400,3008,966385048,37849254,0
1,509,1873500,1954400,3008,966385048,37849254,0
1,510,525600,1954400,3008,966385048,37849254,0
1,511,1884000,1954400,3008,966385048,37849254,0
1,512,229700,1954400,3008,966385048,37849254,0
1,513,1415800,1954400,3008,966385048,37849254,0
1,514,375300,1954400,3008,966385048,37849254,0
1,515,1872900,1954400,3008,966385048,37849254,0
1,516,255700,1954400,3008,966385048,37849254,0
1,517,1802100,1954400,3008,966385048,37849254,0
1,518,362900,1954400,3008,966385048,37849254,0
1,519,1821100,1954400,3008,966385048,37849254,0
1,520,369000,1954400,3008,966385048,37849254,0
1,521,1567200,1954400,3008,966385048,37849254,0
1,522,265800,1954400,3008,966385048,37849254,0
1,523,1824200,1954400,3008,966385048,37849254,0
1,524,266800,1954400,3008,966385048,37849254,0
1,525,1890500,1954400,3008,966385048,37849254,0
1,526,275000,1954400,3008,966385048,37849254,0
1,527,1696000,1954400,3008,966385048,37849254,0
1,528,328800,1954400,3008,966385048,37849254,0
1,529,1850900,1954400,3008,966385048,37849254,0
1,530,359600,1954400,3008,966385048,37849254,0
1,531,1261800,1954400,3008,966385048,37849254,0
1,532,357900,1954400,3008,966385048,37849254,0
1,533,1509100,1954400,3008,966385048,37849254,0
1,534,348700,1954400,3008,966385048,37849254,0
1,535,1436100,1954400,3008,966385048,37849254,0
1,536,357900,1954400,3008,966385048,37849254,0
1,537,1586800,1954400,3008,966385048,37849254,0
1,538,412400,1954400,3008,966385048,37849254,0
1,539,1906800,1954400,3008,966385048,37849254,0
1,540,371800,1954400,3008,966385048,37849254,0
1,541,1813200,1954400,3008,966385048,37849254,0
1,542,362300,1954400,3008,966385048,37849254,0
1,543,2057100,1954400,3008,966385048,37849254,0
1,544,259300,1954400,3008,966385048,37849254,0
1,545,2034600,1954400,3008,966385048,37849254,0
1,546,373800,1954400,3008,966385048,37849254,0
1,547,1641000,1954400,3008,966385048,37849254,0
1,548,388800,1954400,3008,966385048,37849254,0
1,549,1878500,1954400,3008,966385048,37849254,0
1,550,302900,1954400,3008,966385048,37849254,0
1,551,1810500,1954400,3008,966385048,37849254,0
1,552,316000,1954400,3008,966385048,37849254,0
1,553,1837900,1954400,3008,966385048,37849254,0
1,554,353700,1954400,3008,966385048,37849254,0
1,555,1951300,1954400,3008,966385048,37849254,0
1,556,488000,1954400,3008,966385048,37849254,0
1,557,1814000,1954400,3008,966385048,37849254,0
1,558,315500,1954400,3008,966385048,37849254,0
1,559,1500900,1954400,3008,966385048,37849254,0
1,560,361000,1954400,3008,966385048,37849254,0
1,561,1812200,1954400,3008,966385048,37849254,0
1,562,362700,1954400,3008,966385048,37849254,0
1,563,1272200,1954400,3008,966385048,37849254,0
1,564,312300,1954400,3008,966385048,37849254,0
1,565,1599900,1954400,3008,966385048,37849254,0
1,566,358000,1954400,3008,966385048,37849254,0
1,567,1450600,1954400,3008,966385048,37849254,0
1,568,263500,1954400,3008,966385048,37849254,0
1,569,1600800,1954400,3008,966385048,37849254,0
1,570,173300,1954400,3008,966385048,37849254,0
1,571,1642300,1954400,3008,966385048,37849254,0
1,572,378900,1954400,3008,966385048,37849254,0
1,573,1655800,1954400,3008,966385048,37849254,0
1,574,396500,1954400,3008,966385048,37849254,0
1,575,1845600,1954400,3008,966385048,37849254,0
1,576,419800,1954400,3008,966385048,37849254,0
1,577,1641700,1954400,3008,966385048,37849254,0
1,578,375600,1954400,3008,966385048,37849254,0
1,579,1743300,1954400,3008,966385048,37849254,0
1,580,421600,1954400,3008,966385048,37849254,0
1,581,1776800,1954400,3008,966385048,37849254,0
1,582,392600,1954400,3008,966385048,37849254,0
1,583,1840100,1954400,3008,966385048,37849254,0
1,584,364400,1954400,3008,966385048,37849254,0
1,585,1587800,1954400,3008,966385048,37849254,0
1,586,206600,1954400,3008,966385048,37849254,0
1,587,1802900,1954400,3008,966385048,37849254,0
1,588,286400,1954400,3008,966385048,37849254,0
1,589,1753600,1954400,3008,966385048,37849254,0
1,590,310900,1954400,3008,966385048,37849254,0
1,591,1777800,1954400,3008,966385048,37849254,0
1,592,383400,1954400,3008,966385048,37849254,0
1,593,1993500,1954400,3008,966385048,37849254,0
1,594,552200,1954400,3008,966385048,37849254,0
1,595,2102700,1954400,3008,966385048,37849254,0
1,596,1368500,1954400,3008,966385048,37849254,0
1,597,1329200,1954400,3008,966385048,37849254,0
1,598,354600,1954400,3008,966385048,37849254,0
1,599,1597500,1954400,3008,966385048,37849254,0
1,600,355000,1954400,3008,966385048,37849254,0
1,601,1875400,1954400,3008,966385048,37849254,0
1,602,283400,1954400,3008,966385048,37849254,0
1,603,1811500,1954400,3008,966385048,37849254,0
1,604,305300,1954400,3008,966385048,37849254,0
1,605,1724000,1954400,3008,966385048,37849254,0
1,606,663700,1954400,3008,966385048,37849254,0
1,607,1945800,1954400,3008,966385048,37849254,0
1,608,412700,1954400,3008,966385048,37849254,0
1,609,1836500,1954400,3008,966385048,37849254,0
1,610,450900,1954400,3008,966385048,37849254,0
1,611,1746300,1954400,3008,966385048,37849254,0
1,612,424100,1954400,3008,966385048,37849254,0
1,613,1719800,1954400,3008,966385048,37849254,0
1,614,345200,1954400,3008,966385048,37849254,0
1,615,1875500,1954400,3008,966385048,37849254,0
1,616,359900,1954400,3008,966385048,37849254,0
1,617,1469000,1954400,3008,966385048,37849254,0
1,618,320500,1954400,3008,966385048,37849254,0
1,619,1868800,1954400,3008,966385048,37849254,0
1,620,258300,1954400,3008,966385048,37849254,0
1,621,1729600,1954400,3008,966385048,37849254,0
1,622,227500,1954400,3008,966385048,37849254,0
1,623,1909900,1954400,3008,966385048,37849254,0
1,624,398400,1954400,3008,966385048,37849254,0
1,625,1856300,1954400,3008,966385048,37849254,0
1,626,331800,1954400,3008,966385048,37849254,0
1,627,1363100,1954400,3008,966385048,37849254,0
1,628,267400,1954400,3008,966385048,37849254,0
1,629,1877500,1954400,3008,966385048,37849254,0
1,630,275400,1954400,3008,966385048,37849254,0
1,631,1351400,1954400,3008,966385048,37849254,0
1,632,331600,1954400,3008,966385048,37849254,0
1,633,1633400,1954400,3008,966385048,37849254,0
1,634,363300,1954400,3008,966385048,37849254,0
1,635,1652600,1954400,3008,966385048,37849254,0
1,636,377300,1954400,3008,966385048,37849254,0
1,637,2422200,1954400,3008,966385048,37849254,0
1,638,391800,1954400,3008,966385048,37849254,0
1,639,1598600,1954400,3008,966385048,37849254,0
1,640,435200,1954400,3008,966385048,37849254,0
1,641,2069200,1954400,3008,966385048,37849254,0
1,642,417200,1954400,3008,966385048,37849254,0
1,643,1690400,1954400,3008,966385048,37849254,0
1,644,450900,1954400,3008,966385048,37849254,0
1,645,1955700,1954400,3008,966385048,37849254,0
1,646,449900,1954400,3008,966385048,37849254,0
1,647,1780500,1954400,3008,966385048,37849254,0
1,648,282200,1954400,3008,966385048,37849254,0
1,649,1380200,1954400,3008,966385048,37849254,0
1,650,406600,1954400,3008,966385048,37849254,0
1,651,1814500,1954400,3008,966385048,37849254,0
1,652,438200,1954400,3008,966385048,37849254,0
1,653,1320900,1954400,3008,966385048,37849254,0
1,654,412700,1954400,3008,966385048,37849254,0
1,655,2063200,1954400,3008,966385048,37849254,0
1,656,345300,1954400,3008,966385048,37849254,0
1,657,1340900,1954400,3008,966385048,37849254,0
1,658,358100,1954400,3008,966385048,37849254,0
1,659,1940700,1954400,3008,966385048,37849254,0
1,660,408400,1954400,3008,966385048,37849254,0
1,661,1613700,1954400,3008,966385048,37849254,0
1,662,258800,1954400,3008,966385048,37849254,0
1,663,2003400,1954400,3008,966385048,37849254,0
1,664,403200,1954400,3008,966385048,37849254,0
1,665,1902500,1954400,3008,966385048,37849254,0
1,666,389600,1954400,3008,966385048,37849254,0
1,667,1818800,1954400,3008,966385048,37849254,0
1,668,354900,1954400,3008,966385048,37849254,0
1,669,1896600,1954400,3008,966385048,37849254,0
1,670,358100,1954400,3008,966385048,37849254,0
1,671,1765600,1954400,3008,966385048,37849254,0
1,672,379600,1954400,3008,966385048,37849254,0
1,673,1224700,1954400,3008,966385048,37849254,0
1,674,369700,1954400,3008,966385048,37849254,0
1,675,1844300,1954400,3008,966385048,37849254,0
1,676,270800,1954400,3008,966385048,37849254,0
1,677,1910900,1954400,3008,966385048,37849254,0
1,678,376900,1954400,3008,966385048,37849254,0
1,679,1680900,1954400,3008,966385048,37849254,0
1,680,372200,1954400,3008,966385048,37849254,0
1,681,1861500,1954400,3008,966385048,37849254,0
1,682,479100,1954400,3008,966385048,37849254,0
1,683,1647800,1954400,3008,966385048,37849254,0
1,684,388600,1954400,3008,966385048,37849254,0
1,685,2128700,1954400,3008,966385048,37849254,0
1,686,301500,1954400,3008,966385048,37849254,0
1,687,1696600,1954400,3008,966385048,37849254,0
1,688,322800,1954400,3008,966385048,37849254,0
1,689,1922600,1954400,3008,966385048,37849254,0
1,690,268800,1954400,3008,966385048,37849254,0
1,691,1335100,1954400,3008,966385048,37849254,0
1,692,343500,1954400,3008,966385048,37849254,0
1,693,1697000,1954400,3008,966385048,37849254,0
1,694,264400,1954400,3008,966385048,37849254,0
1,695,1275600,1954400,3008,966385048,37849254,0
1,696,257300,1954400,3008,966385048,37849254,0
1,697,2112600,1954400,3008,966385048,37849254,0
1,698,345400,1954400,3008,966385048,37849254,0
1,699,2362000,1954400,3008,966385048,37849254,0
1,700,385500,1954400,3008,966385048,37849254,0
1,701,2051800,1954400,3008,966385048,37849254,0
1,702,360000,1954400,3008,966385048,37849254,0
1,703,1996700,1954400,3008,966385048,37849254,0
1,704,413900,1954400,3008,966385048,37849254,0
1,705,1832200,1954400,3008,966385048,37849254,0
1,706,303900,1954400,3008,966385048,37849254,0
1,707,1804900,1954400,3008,966385048,37849254,0
1,708,371600,1954400,3008,966385048,37849254,0
1,709,1961700,1954400,3008,966385048,37849254,0
1,710,339200,1954400,3008,966385048,37849254,0
1,711,1849700,1954400,3008,966385048,37849254,0
1,712,362200,1954400,3008,966385048,37849254,0
1,713,1568500,1954400,3008,966385048,37849254,0
1,714,263200,1954400,3008,966385048,37849254,0
1,715,1807700,1954400,3008,966385048,37849254,0
1,716,322100,1954400,3008,966385048,37849254,0
1,717,1494400,1954400,3008,966385048,37849254,0
1,718,371400,1954400,3008,966385048,37849254,0
1,719,1883900,1954400,3008,966385048,37849254,0
1,720,330300,1954400,3008,966385048,37849254,0
1,721,1684700,1954400,3008,966385048,37849254,0
1,722,364400,1954400,3008,966385048,37849254,0
1,723,1875100,1954400,3008,966385048,37849254,0
1,724,278700,1954400,3008,966385048,37849254,0
1,725,2225900,1954400,3008,966385048,37849254,0
1,726,287400,1954400,3008,966385048,37849254,0
1,727,1608400,1954400,3008,966385048,37849254,0
1,728,271900,1954400,3008,966385048,37849254,0
1,729,1885400,1954400,3008,966385048,37849254,0
1,730,265300,1954400,3008,966385048,37849254,0
1,731,1276400,1954400,3008,966385048,37849254,0
1,732,371700,1954400,3008,966385048,37849254,0
1,733,1753700,1954400,3008,966385048,37849254,0
1,734,387900,1954400,3008,966385048,37849254,0
1,735,1956800,1954400,3008,966385048,37849254,0
1,736,650500,1954400,3008,966385048,37849254,0
1,737,1859300,1954400,3008,966385048,37849254,0
1,738,375500,1954400,3008,966385048,37849254,0
1,739,1968100,1954400,3008,966385048,37849254,0
1,740,284900,1954400,3008,966385048,37849254,0
1,741,1274400,1954400,3008,966385048,37849254,0
1,742,260100,1954400,3008,966385048,37849254,0
1,743,1828000,1954400,3008,966385048,37849254,0
1,744,373700,1954400,3008,966385048,37849254,0
1,745,1958500,1954400,3008,966385048,37849254,0
1,746,281900,1954400,3008,966385048,37849254,0
1,747,1868800,1954400,3008,966385048,37849254,0
1,748,363000,1954400,3008,966385048,37849254,0
1,749,1742800,1954400,3008,966385048,37849254,0
1,750,326200,1954400,3008,966385048,37849254,0
1,751,2020900,1954400,3008,966385048,37849254,0
1,752,233300,1954400,3008,966385048,37849254,0
1,753,1946600,1954400,3008,966385048,37849254,0
1,754,351400,1954400,3008,966385048,37849254,0
1,755,1689300,1954400,3008,966385048,37849254,0
1,756,627800,1954400,3008,966385048,37849254,0
1,757,1440700,1954400,3008,966385048,37849254,0
1,758,348000,1954400,3008,966385048,37849254,0
1,759,1897600,1954400,3008,966385048,37849254,0
1,760,177800,1954400,3008,966385048,37849254,0
1,761,1338400,1954400,3008,966385048,37849254,0
1,762,445100,1954400,3008,966385048,37849254,0
1,763,1694300,1954400,3008,966385048,37849254,0
1,764,565300,1954400,3008,966385048,37849254,0
1,765,1855100,1954400,3008,966385048,37849254,0
1,766,340600,1954400,3008,966385048,37849254,0
1,767,1795700,1954400,3008,966385048,37849254,0
1,768,365300,1954400,3008,966385048,37849254,0
1,769,1558900,1954400,3008,966385048,37849254,0
1,770,453900,1954400,3008,966385048,37849254,0
1,771,1801800,1954400,3008,966385048,37849254,0
1,772,251500,1954400,3008,966385048,37849254,0
1,773,1333700,1954400,3008,966385048,37849254,0
1,774,376900,1954400,3008,966385048,37849254,0
1,775,1707800,1954400,3008,966385048,37849254,0
1,776,342000,1954400,3008,966385048,37849254,0
1,777,2046800,1954400,3008,966385048,37849254,0
1,778,355400,1954400,3008,966385048,37849254,0
1,779,1886300,1954400,3008,966385048,37849254,0
1,780,363000,1954400,3008,966385048,37849254,0
1,781,1442600,1954400,3008,966385048,37849254,0
1,782,366900,1954400,3008,966385048,37849254,0
1,783,1486300,1954400,3008,966385048,37849254,0
1,784,261200,1954400,3008,966385048,37849254,0
1,785,1659300,1954400,3008,966385048,37849254,0
1,786,275500,1954400,3008,966385048,37849254,0
1,787,2107700,1954400,3008,966385048,37849254,0
1,788,264000,1954400,3008,966385048,37849254,0
1,789,1242200,1954400,3008,966385048,37849254,0
1,790,349100,1954400,3008,966385048,37849254,0
1,791,1308100,1954400,3008,966385048,37849254,0
1,792,432200,1954400,3008,966385048,37849254,0
1,793,1846700,1954400,3008,966385048,37849254,0
1,794,357800,1954400,3008,966385048,37849254,0
1,795,1435400,1954400,3008,966385048,37849254,0
1,796,421700,1954400,3008,966385048,37849254,0
1,797,1891300,1954400,3008,966385048,37849254,0
1,798,281500,1954400,3008,966385048,37849254,0
1,799,1832500,1954400,3008,966385048,37849254,0
1,800,289400,1954400,3008,966385048,37849254,0
1,801,1674500,1954400,3008,966385048,37849254,0
1,802,251900,1954400,3008,966385048,37849254,0
1,803,1366700,1954400,3008,966385048,37849254,0
1,804,295900,1954400,3008,966385048,37849254,0
1,805,1827000,1954400,3008,966385048,37849254,0
1,806,253300,1954400,3008,966385048,37849254,0
1,807,1755000,1954400,3008,966385048,37849254,0
1,808,257600,1954400,3008,966385048,37849254,0
1,809,1293600,1954400,3008,966385048,37849254,0
1,810,331300,1954400,3008,966385048,37849254,0
1,811,1684700,1954400,3008,966385048,37849254,0
1,812,238400,1954400,3008,966385048,37849254,0
1,813,1300700,1954400,3008,966385048,37849254,0
1,814,353500,1954400,3008,966385048,37849254,0
1,815,1753800,1954400,3008,966385048,37849254,0
1,816,364500,1954400,3008,966385048,37849254,0
1,817,1319300,1954400,3008,966385048,37849254,0
1,818,356300,1954400,3008,966385048,37849254,0
1,819,1815400,1954400,3008,966385048,37849254,0
1,820,162000,1954400,3008,966385048,37849254,0
1,821,1938800,1954400,3008,966385048,37849254,0
1,822,272700,1954400,3008,966385048,37849254,0
1,823,1786300,1954400,3008,966385048,37849254,0
1,824,359300,1954400,3008,966385048,37849254,0
1,825,1930300,1954400,3008,966385048,37849254,0
1,826,290600,1954400,3008,966385048,37849254,0
1,827,1937000,1954400,3008,966385048,37849254,0
1,828,370000,1954400,3008,966385048,37849254,0
1,829,1853600,1954400,3008,966385048,37849254,0
1,830,304600,1954400,3008,966385048,37849254,0
1,831,1867900,1954400,3008,966385048,37849254,0
1,832,364800,1954400,3008,966385048,37849254,0
1,833,1874700,1954400,3008,966385048,37849254,0
1,834,272100,1954400,3008,966385048,37849254,0
1,835,1870900,1954400,3008,966385048,37849254,0
1,836,273200,1954400,3008,966385048,37849254,0
1,837,1706700,1954400,3008,966385048,37849254,0
1,838,457200,1954400,3008,966385048,37849254,0
1,839,1630100,1954400,3008,966385048,37849254,0
1,840,613100,1954400,3008,966385048,37849254,0
1,841,1913300,1954400,3008,966385048,37849254,0
1,842,290300,1954400,3008,966385048,37849254,0
1,843,1671200,1954400,3008,966385048,37849254,0
1,844,377600,1954400,3008,966385048,37849254,0
1,845,1824900,1954400,3008,966385048,37849254,0
1,846,280600,1954400,3008,966385048,37849254,0
1,847,1512900,1954400,3008,966385048,37849254,0
1,848,362800,1954400,3008,966385048,37849254,0
1,849,1743300,1954400,3008,966385048,37849254,0
1,850,384600,1954400,3008,966385048,37849254,0
1,851,1853700,1954400,3008,966385048,37849254,0
1,852,363900,1954400,3008,966385048,37849254,0
1,853,1912800,1954400,3008,966385048,37849254,0
1,854,361200,1954400,3008,966385048,37849254,0
1,855,1740300,1954400,3008,966385048,37849254,0
1,856,380400,1954400,3008,966385048,37849254,0
1,857,1349600,1954400,3008,966385048,37849254,0
1,858,264500,1954400,3008,966385048,37849254,0
1,859,1595100,1954400,3008,966385048,37849254,0
1,860,278900,1954400,3008,966385048,37849254,0
1,861,2068800,1954400,3008,966385048,37849254,0
1,862,357400,1954400,3008,966385048,37849254,0
1,863,1748900,1954400,3008,966385048,37849254,0
1,864,269700,1954400,3008,966385048,37849254,0
1,865,1642900,1954400,3008,966385048,37849254,0
1,866,297200,1954400,3008,966385048,37849254,0
1,867,1573800,1954400,3008,966385048,37849254,0
1,868,371800,1954400,3008,966385048,37849254,0
1,869,1814000,1954400,3008,966385048,37849254,0
1,870,358900,1954400,3008,966385048,37849254,0
1,871,1471900,1954400,3008,966385048,37849254,0
1,872,325800,1954400,3008,966385048,37849254,0
1,873,1468200,1954400,3008,966385048,37849254,0
1,874,382200,1954400,3008,966385048,37849254,0
1,875,1939900,1954400,3008,966385048,37849254,0
1,876,415700,1954400,3008,966385048,37849254,0
1,877,1570900,1954400,3008,966385048,37849254,0
1,878,252400,1954400,3008,966385048,37849254,0
1,879,1304100,1954400,3008,966385048,37849254,0
1,880,672900,1954400,3008,966385048,37849254,0
1,881,1614900,1954400,3008,966385048,37849254,0
1,882,243600,1954400,3008,966385048,37849254,0
1,883,1708700,1954400,3008,966385048,37849254,0
1,884,241300,1954400,3008,966385048,37849254,0
1,885,1978400,1954400,3008,966385048,37849254,0
1,886,254000,1954400,3008,966385048,37849254,0
1,887,1889400,1954400,3008,966385048,37849254,0
1,888,332000,1954400,3008,966385048,37849254,0
1,889,1838900,1954400,3008,966385048,37849254,0
1,890,294200,1954400,3008,966385048,37849254,0
1,891,1449500,1954400,3008,966385048,37849254,0
1,892,352500,1954400,3008,966385048,37849254,0
1,893,1845700,1954400,3008,966385048,37849254,0
1,894,258500,1954400,3008,966385048,37849254,0
1,895,1819900,1954400,3008,966385048,37849254,0
1,896,331900,1954400,3008,966385048,37849254,0
1,897,2033400,1954400,3008,966385048,37849254,0
1,898,241400,1954400,3008,966385048,37849254,0
1,899,1889800,1954400,3008,966385048,37849254,0
1,900,240700,1954400,3008,966385048,37849254,0
1,901,1832500,1954400,3008,966385048,37849254,0
1,902,202500,1954400,3008,966385048,37849254,0
1,903,1788100,1954400,3008,966385048,37849254,0
1,904,355700,1954400,3008,966385048,37849254,0
1,905,1781700,1954400,3008,966385048,37849254,0
1,906,350700,1954400,3008,966385048,37849254,0
1,907,1877400,1954400,3008,966385048,37849254,0
1,908,253800,1954400,3008,966385048,37849254,0
1,909,1870500,1954400,3008,966385048,37849254,0
1,910,374100,1954400,3008,966385048,37849254,0
1,911,1975200,1954400,3008,966385048,37849254,0
1,912,362900,1954400,3008,966385048,37849254,0
1,913,2039600,1954400,3008,966385048,37849254,0
1,914,353800,1954400,3008,966385048,37849254,0
1,915,1626500,1954400,3008,966385048,37849254,0
1,916,595300,1954400,3008,966385048,37849254,0
1,917,1454600,1954400,3008,966385048,37849254,0
1,918,188000,1954400,3008,966385048,37849254,0
1,919,1521000,1954400,3008,966385048,37849254,0
1,920,384100,1954400,3008,966385048,37849254,0
1,921,1932400,1954400,3008,966385048,37849254,0
1,922,308800,1954400,3008,966385048,37849254,0
1,923,1328400,1954400,3008,966385048,37849254,0
1,924,250500,1954400,3008,966385048,37849254,0
1,925,1760700,1954400,3008,966385048,37849254,0
1,926,308400,1954400,3008,966385048,37849254,0
1,927,1640400,1954400,3008,966385048,37849254,0
1,928,364400,1954400,3008,966385048,37849254,0
1,929,1811600,1954400,3008,966385048,37849254,0
1,930,358100,1954400,3008,966385048,37849254,0
1,931,1806400,1954400,3008,966385048,37849254,0
1,932,346500,1954400,3008,966385048,37849254,0
1,933,1348000,1954400,3008,966385048,37849254,0
1,934,362400,1954400,3008,966385048,37849254,0
1,935,1822000,1954400,3008,966385048,37849254,0
1,936,285900,1954400,3008,966385048,37849254,0
1,937,1808700,1954400,3008,966385048,37849254,0
1,938,378700,1954400,3008,966385048,37849254,0
1,939,1832800,1954400,3008,966385048,37849254,0
1,940,357400,1954400,3008,966385048,37849254,0
1,941,1245700,1954400,3008,966385048,37849254,0
1,942,362200,1954400,3008,966385048,37849254,0
1,943,1740700,1954400,3008,966385048,37849254,0
1,944,259000,1954400,3008,966385048,37849254,0
1,945,1323100,1954400,3008,966385048,37849254,0
1,946,351000,1954400,3008,966385048,37849254,0
1,947,1378500,1954400,3008,966385048,37849254,0
1,948,249100,1954400,3008,966385048,37849254,0
1,949,1775800,1954400,3008,966385048,37849254,0
1,950,264000,1954400,3008,966385048,37849254,0
1,951,1584800,1954400,3008,966385048,37849254,0
1,952,427600,1954400,3008,966385048,37849254,0
1,953,2004000,1954400,3008,966385048,37849254,0
1,954,412700,1954400,3008,966385048,37849254,0
1,955,1808100,1954400,3008,966385048,37849254,0
1,956,357900,1954400,3008,966385048,37849254,0
1,957,1547400,1954400,3008,966385048,37849254,0
1,958,357700,1954400,3008,966385048,37849254,0
1,959,1823200,1954400,3008,966385048,37849254,0
1,960,353000,1954400,3008,966385048,37849254,0
1,961,1842300,1954400,3008,966385048,37849254,0
1,962,255300,1954400,3008,966385048,37849254,0
1,963,2350200,1954400,3008,966385048,37849254,0
1,964,394700,1954400,3008,966385048,37849254,0
1,965,1644800,1954400,3008,966385048,37849254,0
1,966,893300,1954400,3008,966385048,37849254,0
1,967,1920100,1954400,3008,966385048,37849254,0
1,968,347800,1954400,3008,966385048,37849254,0
1,969,1751600,1954400,3008,966385048,37849254,0
1,970,330300,1954400,3008,966385048,37849254,0
1,971,1228900,1954400,3008,966385048,37849254,0
1,972,324000,1954400,3008,966385048,37849254,0
1,973,1852800,1954400,3008,966385048,37849254,0
1,974,310700,1954400,3008,966385048,37849254,0
1,975,1866800,1954400,3008,966385048,37849254,0
1,976,326900,1954400,3008,966385048,37849254,0
1,977,1859800,1954400,3008,966385048,37849254,0
1,978,378800,1954400,3008,966385048,37849254,0
1,979,1856800,1954400,3008,966385048,37849254,0
1,980,330100,1954400,3008,966385048,37849254,0
1,981,1415200,1954400,3008,966385048,37849254,0
1,982,350300,1954400,3008,966385048,37849254,0
1,983,1919200,1954400,3008,966385048,37849254,0
1,984,254800,1954400,3008,966385048,37849254,0
1,985,1847100,1954400,3008,966385048,37849254,0
1,986,571900,1954400,3008,966385048,37849254,0
1,987,1843200,1954400,3008,966385048,37849254,0
1,988,858700,1954400,3008,966385048,37849254,0
1,989,1304400,1954400,3008,966385048,37849254,0
1,990,285200,1954400,3008,966385048,37849254,0
1,991,1433800,1954400,3008,966385048,37849254,0
1,992,315700,1954400,3008,966385048,37849254,0
1,993,1363200,1954400,3008,966385048,37849254,0
1,994,275100,1954400,3008,966385048,37849254,0
1,995,1694500,1954400,3008,966385048,37849254,0
1,996,379100,1954400,3008,966385048,37849254,0
1,997,1954900,1954400,3008,966385048,37849254,0
1,998,179000,1954400,3008,966385048,37849254,0
1,999,1804200,1954400,3008,966385048,37849254,0
1,1000,259300,1954400,3008,966385048,37849254,0
1,1001,2203000,1954400,3008,966385048,37849254,0
1,1002,362700,1954400,3008,966385048,37849254,0
1,1003,1556000,1954400,3008,966385048,37849254,0
1,1004,353300,1954400,3008,966385048,37849254,0
1,1005,1869200,1954400,3008,966385048,37849254,0
1,1006,360000,1954400,3008,966385048,37849254,0
1,1007,1992200,1954400,3008,966385048,37849254,0
1,1008,281500,1954400,3008,966385048,37849254,0
1,1009,2021400,1954400,3008,966385048,37849254,0
1,1010,175500,1954400,3008,966385048,37849254,0
1,1011,1856600,1954400,3008,966385048,37849254,0
1,1012,263100,1954400,3008,966385048,37849254,0
1,1013,1947900,1954400,3008,966385048,37849254,0
1,1014,259800,1954400,3008,966385048,37849254,0
1,1015,1365800,1954400,3008,966385048,37849254,0
1,1016,246700,1954400,3008,966385048,37849254,0
1,1017,1699800,1954400,3008,966385048,37849254,0
1,1018,252000,1954400,3008,966385048,37849254,0
1,1019,1901000,1954400,3008,966385048,37849254,0
1,1020,332100,1954400,3008,966385048,37849254,0
1,1021,1787500,1954400,3008,966385048,37849254,0
1,1022,329400,1954400,3008,966385048,37849254,0
1,1023,1611800,1954400,3008,966385048,37849254,0
1,1024,381900,1954400,3008,966385048,37849254,0
1,1025,1801700,1954400,3008,966385048,37849254,0
1,1026,375900,1954400,3008,966385048,37849254,0
1,1027,1480300,1954400,3008,966385048,37849254,0
1,1028,347400,1954400,3008,966385048,37849254,0
1,1029,2069100,1954400,3008,966385048,37849254,0
1,1030,357600,1954400,3008,966385048,37849254,0
1,1031,1800800,1954400,3008,966385048,37849254,0
1,1032,356800,1954400,3008,966385048,37849254,0
1,1033,2202700,1954400,3008,966385048,37849254,0
1,1034,316800,1954400,3008,966385048,37849254,0
1,1035,2413100,1954400,3008,966385048,37849254,0
1,1036,609000,1954400,3008,966385048,37849254,0
1,1037,1864200,1954400,3008,966385048,37849254,0
1,1038,337200,1954400,3008,966385048,37849254,0
1,1039,1236100,1954400,3008,966385048,37849254,0
1,1040,350600,1954400,3008,966385048,37849254,0
1,1041,1335300,1954400,3008,966385048,37849254,0
1,1042,246000,1954400,3008,966385048,37849254,0
1,1043,1429300,1954400,3008,966385048,37849254,0
1,1044,370000,1954400,3008,966385048,37849254,0
1,1045,1769300,1954400,3008,966385048,37849254,0
1,1046,365100,1954400,3008,966385048,37849254,0
1,1047,1840900,1954400,3008,966385048,37849254,0
1,1048,291300,1954400,3008,966385048,37849254,0
1,1049,1908300,1954400,3008,966385048,37849254,0
1,1050,421900,1954400,3008,966385048,37849254,0
1,1051,1867200,1954400,3008,966385048,37849254,0
1,1052,313900,1954400,3008,966385048,37849254,0
1,1053,1247700,1954400,3008,966385048,37849254,0
1,1054,250000,1954400,3008,966385048,37849254,0
1,1055,1774200,1954400,3008,966385048,37849254,0
1,1056,378600,1954400,3008,966385048,37849254,0
1,1057,1481900,1954400,3008,966385048,37849254,0
1,1058,372500,1954400,3008,966385048,37849254,0
1,1059,1847200,1954400,3008,966385048,37849254,0
1,1060,378600,1954400,3008,966385048,37849254,0
1,1061,2043200,1954400,3008,966385048,37849254,0
1,1062,535700,1954400,3008,966385048,37849254,0
1,1063,1636100,1954400,3008,966385048,37849254,0
1,1064,191600,1954400,3008,966385048,37849254,0
1,1065,1874700,1954400,3008,966385048,37849254,0
1,1066,317800,1954400,3008,966385048,37849254,0
1,1067,1490600,1954400,3008,966385048,37849254,0
1,1068,334400,1954400,3008,966385048,37849254,0
1,1069,1264300,1954400,3008,966385048,37849254,0
1,1070,348400,1954400,3008,966385048,37849254,0
1,1071,1837200,1954400,3008,966385048,37849254,0
1,1072,353000,1954400,3008,966385048,37849254,0
1,1073,1485700,1954400,3008,966385048,37849254,0
1,1074,351300,1954400,3008,966385048,37849254,0
1,1075,1846600,1954400,3008,966385048,37849254,0
1,1076,360400,1954400,3008,966385048,37849254,0
1,1077,2063400,1954400,3008,966385048,37849254,0
1,1078,345800,1954400,3008,966385048,37849254,0
1,1079,1238500,1954400,3008,966385048,37849254,0
1,1080,294500,1954400,3008,966385048,37849254,0
1,1081,1982100,1954400,3008,966385048,37849254,0
1,1082,236400,1954400,3008,966385048,37849254,0
1,1083,1843900,1954400,3008,966385048,37849254,0
1,1084,275900,1954400,3008,966385048,37849254,0
1,1085,1961000,1954400,3008,966385048,37849254,0
1,1086,372200,1954400,3008,966385048,37849254,0
1,1087,1301700,1954400,3008,966385048,37849254,0
1,1088,316900,1954400,3008,966385048,37849254,0
1,1089,1846800,1954400,3008,966385048,37849254,0
1,1090,364900,1954400,3008,966385048,37849254,0
1,1091,1847700,1954400,3008,966385048,37849254,0
1,1092,416300,1954400,3008,966385048,37849254,0
1,1093,1667900,1954400,3008,966385048,37849254,0
1,1094,364700,1954400,3008,966385048,37849254,0
1,1095,1729100,1954400,3008,966385048,37849254,0
1,1096,425500,1954400,3008,966385048,37849254,0
1,1097,1831100,1954400,3008,966385048,37849254,0
1,1098,167000,1954400,3008,966385048,37849254,0
1,1099,1895200,1954400,3008,966385048,37849254,0
1,1100,401200,1954400,3008,966385048,37849254,0
1,1101,1861700,1954400,3008,966385048,37849254,0
1,1102,258100,1954400,3008,966385048,37849254,0
1,1103,1267800,1954400,3008,966385048,37849254,0
1,1104,351100,1954400,3008,966385048,37849254,0
1,1105,1415900,1954400,3008,966385048,37849254,0
1,1106,658600,1954400,3008,966385048,37849254,0
1,1107,1396700,1954400,3008,966385048,37849254,0
1,1108,270000,1954400,3008,966385048,37849254,0
1,1109,1649200,1954400,3008,966385048,37849254,0
1,1110,363500,1954400,3008,966385048,37849254,0
1,1111,1859800,1954400,3008,966385048,37849254,0
1,1112,351600,1954400,3008,966385048,37849254,0
1,1113,1841400,1954400,3008,966385048,37849254,0
1,1114,360500,1954400,3008,966385048,37849254,0
1,1115,1650600,1954400,3008,966385048,37849254,0
1,1116,340800,1954400,3008,966385048,37849254,0
1,1117,1825200,1954400,3008,966385048,37849254,0
1,1118,275400,1954400,3008,966385048,37849254,0
1,1119,1779500,1954400,3008,966385048,37849254,0
1,1120,262700,1954400,3008,966385048,37849254,0
1,1121,1818700,1954400,3008,966385048,37849254,0
1,1122,361100,1954400,3008,966385048,37849254,0
1,1123,1973200,1954400,3008,966385048,37849254,0
1,1124,336000,1954400,3008,966385048,37849254,0
1,1125,1969300,1954400,3008,966385048,37849254,0
1,1126,363100,1954400,3008,966385048,37849254,0
1,1127,2136200,1954400,3008,966385048,37849254,0
1,1128,250800,1954400,3008,966385048,37849254,0
1,1129,1336700,1954400,3008,966385048,37849254,0
1,1130,304200,1954400,3008,966385048,37849254,0
1,1131,1265000,1954400,3008,966385048,37849254,0
1,1132,363100,1954400,3008,966385048,37849254,0
1,1133,1235400,1954400,3008,966385048,37849254,0
1,1134,258800,1954400,3008,966385048,37849254,0
1,1135,1945500,1954400,3008,966385048,37849254,0
1,1136,256600,1954400,3008,966385048,37849254,0
1,1137,1906800,1954400,3008,966385048,37849254,0
1,1138,344400,1954400,3008,966385048,37849254,0
1,1139,1687300,1954400,3008,966385048,37849254,0
1,1140,240700,1954400,3008,966385048,37849254,0
1,1141,2350100,1954400,3008,966385048,37849254,0
1,1142,270500,1954400,3008,966385048,37849254,0
1,1143,1708600,1954400,3008,966385048,37849254,0
1,1144,389400,1954400,3008,966385048,37849254,0
1,1145,1879200,1954400,3008,966385048,37849254,0
1,1146,248200,1954400,3008,966385048,37849254,0
1,1147,1551500,1954400,3008,966385048,37849254,0
1,1148,354900,1954400,3008,966385048,37849254,0
1,1149,1438100,1954400,3008,966385048,37849254,0
1,1150,278900,1954400,3008,966385048,37849254,0
1,1151,1344600,1954400,3008,966385048,37849254,0
1,1152,268200,1954400,3008,966385048,37849254,0
1,1153,1899500,1954400,3008,966385048,37849254,0
1,1154,519700,1954400,3008,966385048,37849254,0
1,1155,1852700,1954400,3008,966385048,37849254,0
1,1156,392800,1954400,3008,966385048,37849254,0
1,1157,1849800,1954400,3008,966385048,37849254,0
1,1158,280000,1954400,3008,966385048,37849254,0
1,1159,1816000,1954400,3008,966385048,37849254,0
1,1160,321000,1954400,3008,966385048,37849254,0
1,1161,1832600,1954400,3008,966385048,37849254,0
1,1162,625700,1954400,3008,966385048,37849254,0
1,1163,1729000,1954400,3008,966385048,37849254,0
1,1164,390000,1954400,3008,966385048,37849254,0
1,1165,1854600,1954400,3008,966385048,37849254,0
1,1166,236700,1954400,3008,966385048,37849254,0
1,1167,1724600,1954400,3008,966385048,37849254,0
1,1168,796200,1954400,3008,966385048,37849254,0
1,1169,1392100,1954400,3008,966385048,37849254,0
1,1170,278200,1954400,3008,966385048,37849254,0
1,1171,1301100,1954400,3008,966385048,37849254,0
1,1172,321500,1954400,3008,966385048,37849254,0
1,1173,1302100,1954400,3008,966385048,37849254,0
1,1174,355200,1954400,3008,966385048,37849254,0
1,1175,1202100,1954400,3008,966385048,37849254,0
1,1176,359100,1954400,3008,966385048,37849254,0
1,1177,1505200,1954400,3008,966385048,37849254,0
1,1178,366500,1954400,3008,966385048,37849254,0
1,1179,1995200,1954400,3008,966385048,37849254,0
1,1180,355200,1954400,3008,966385048,37849254,0
1,1181,1582100,1954400,3008,966385048,37849254,0
1,1182,247400,1954400,3008,966385048,37849254,0
1,1183,1804600,1954400,3008,966385048,37849254,0
1,1184,414100,1954400,3008,966385048,37849254,0
1,1185,1856000,1954400,3008,966385048,37849254,0
1,1186,280300,1954400,3008,966385048,37849254,0
1,1187,1484700,1954400,3008,966385048,37849254,0
1,1188,356100,1954400,3008,966385048,37849254,0
1,1189,1321300,1954400,3008,966385048,37849254,0
1,1190,246500,1954400,3008,966385048,37849254,0
1,1191,1838900,1954400,3008,966385048,37849254,0
1,1192,290500,1954400,3008,966385048,37849254,0
1,1193,1797200,1954400,3008,966385048,37849254,0
1,1194,344900,1954400,3008,966385048,37849254,0
1,1195,1895600,1954400,3008,966385048,37849254,0
1,1196,436300,1954400,3008,966385048,37849254,0
1,1197,1417500,1954400,3008,966385048,37849254,0
1,1198,529800,1954400,3008,966385048,37849254,0
1,1199,1847500,1954400,3008,966385048,37849254,0
1,1200,342800,1954400,3008,966385048,37849254,0
1,1201,1357800,1954400,3008,966385048,37849254,0
1,1202,440700,1954400,3008,966385048,37849254,0
1,1203,1635200,1954400,3008,966385048,37849254,0
1,1204,283600,1954400,3008,966385048,37849254,0
1,1205,2004900,1954400,3008,966385048,37849254,0
1,1206,295400,1954400,3008,966385048,37849254,0
1,1207,1518500,1954400,3008,966385048,37849254,0
1,1208,358800,1954400,3008,966385048,37849254,0
1,1209,2033800,1954400,3008,966385048,37849254,0
1,1210,298000,1954400,3008,966385048,37849254,0
1,1211,1603900,1954400,3008,966385048,37849254,0
1,1212,257800,1954400,3008,966385048,37849254,0
1,1213,2113400,1954400,3008,966385048,37849254,0
1,1214,334300,1954400,3008,966385048,37849254,0
1,1215,1631300,1954400,3008,966385048,37849254,0
1,1216,361500,1954400,3008,966385048,37849254,0
1,1217,1805500,1954400,3008,966385048,37849254,0
1,1218,353400,1954400,3008,966385048,37849254,0
1,1219,1399800,1954400,3008,966385048,37849254,0
1,1220,399800,1954400,3008,966385048,37849254,0
1,1221,1837300,1954400,3008,966385048,37849254,0
1,1222,414500,1954400,3008,966385048,37849254,0
1,1223,1722600,1954400,3008,966385048,37849254,0
1,1224,243000,1954400,3008,966385048,37849254,0
1,1225,1341100,1954400,3008,966385048,37849254,0
1,1226,283000,1954400,3008,966385048,37849254,0
1,1227,1840100,1954400,3008,966385048,37849254,0
1,1228,381200,1954400,3008,966385048,37849254,0
1,1229,1680900,1954400,3008,966385048,37849254,0
1,1230,403800,1954400,3008,966385048,37849254,0
1,1231,1819200,1954400,3008,966385048,37849254,0
1,1232,271200,1954400,3008,966385048,37849254,0
1,1233,1896800,1954400,3008,966385048,37849254,0
1,1234,620400,1954400,3008,966385048,37849254,0
1,1235,1832500,1954400,3008,966385048,37849254,0
1,1236,264400,1954400,3008,966385048,37849254,0
1,1237,1820200,1954400,3008,966385048,37849254,0
1,1238,366900,1954400,3008,966385048,37849254,0
1,1239,1458100,1954400,3008,966385048,37849254,0
1,1240,320900,1954400,3008,966385048,37849254,0
1,1241,2028400,1954400,3008,966385048,37849254,0
1,1242,334400,1954400,3008,966385048,37849254,0
1,1243,2009600,1954400,3008,966385048,37849254,0
1,1244,256400,1954400,3008,966385048,37849254,0
1,1245,1869700,1954400,3008,966385048,37849254,0
1,1246,352600,1954400,3008,966385048,37849254,0
1,1247,1195600,1954400,3008,966385048,37849254,0
1,1248,354800,1954400,3008,966385048,37849254,0
1,1249,1822200,1954400,3008,966385048,37849254,0
1,1250,429500,1954400,3008,966385048,37849254,0
1,1251,1659500,1954400,3008,966385048,37849254,0
1,1252,305200,1954400,3008,966385048,37849254,0
1,1253,1756600,1954400,3008,966385048,37849254,0
1,1254,370200,1954400,3008,966385048,37849254,0
1,1255,1842300,1954400,3008,966385048,37849254,0
1,1256,367000,1954400,3008,966385048,37849254,0
1,1257,1740200,1954400,3008,966385048,37849254,0
1,1258,314700,1954400,3008,966385048,37849254,0
1,1259,2443100,1954400,3008,966385048,37849254,0
1,1260,370700,1954400,3008,966385048,37849254,0
1,1261,1740200,1954400,3008,966385048,37849254,0
1,1262,277500,1954400,3008,966385048,37849254,0
1,1263,1586800,1954400,3008,966385048,37849254,0
1,1264,409500,1954400,3008,966385048,37849254,0
1,1265,1821300,1954400,3008,966385048,37849254,0
1,1266,330500,1954400,3008,966385048,37849254,0
1,1267,1927700,1954400,3008,966385048,37849254,0
1,1268,350400,1954400,3008,966385048,37849254,0
1,1269,1298700,1954400,3008,966385048,37849254,0
1,1270,372800,1954400,3008,966385048,37849254,0
1,1271,1873200,1954400,3008,966385048,37849254,0
1,1272,309900,1954400,3008,966385048,37849254,0
1,1273,1421100,1954400,3008,966385048,37849254,0
1,1274,376900,1954400,3008,966385048,37849254,0
1,1275,2029600,1954400,3008,966385048,37849254,0
1,1276,303400,1954400,3008,966385048,37849254,0
1,1277,2087300,1954400,3008,966385048,37849254,0
1,1278,385200,1954400,3008,966385048,37849254,0
1,1279,2044200,1954400,3008,966385048,37849254,0
1,1280,363100,1954400,3008,966385048,37849254,0
1,1281,1651300,1954400,3008,966385048,37849254,0
1,1282,275200,1954400,3008,966385048,37849254,0
1,1283,1555000,1954400,3008,966385048,37849254,0
1,1284,315600,1954400,3008,966385048,37849254,0
1,1285,1955700,1954400,3008,966385048,37849254,0
1,1286,357300,1954400,3008,966385048,37849254,0
1,1287,1644800,1954400,3008,966385048,37849254,0
1,1288,413800,1954400,3008,966385048,37849254,0
1,1289,1789500,1954400,3008,966385048,37849254,0
1,1290,265000,1954400,3008,966385048,37849254,0
1,1291,1546900,1954400,3008,966385048,37849254,0
1,1292,361500,1954400,3008,966385048,37849254,0
1,1293,1968700,1954400,3008,966385048,37849254,0
1,1294,365300,1954400,3008,966385048,37849254,0
1,1295,1299600,1954400,3008,966385048,37849254,0
1,1296,357300,1954400,3008,966385048,37849254,0
1,1297,1865200,1954400,3008,966385048,37849254,0
1,1298,350000,1954400,3008,966385048,37849254,0
1,1299,1206600,1954400,3008,966385048,37849254,0
1,1300,415300,1954400,3008,966385048,37849254,0
1,1301,1810700,1954400,3008,966385048,37849254,0
1,1302,256700,1954400,3008,966385048,37849254,0
1,1303,2000400,1954400,3008,966385048,37849254,0
1,1304,360800,1954400,3008,966385048,37849254,0
1,1305,1871700,1954400,3008,966385048,37849254,0
1,1306,363600,1954400,3008,966385048,37849254,0
1,1307,1729600,1954400,3008,966385048,37849254,0
1,1308,277600,1954400,3008,966385048,37849254,0
1,1309,1949200,1954400,3008,966385048,37849254,0
1,1310,357400,1954400,3008,966385048,37849254,0
1,1311,2841800,1954400,3008,966385048,37849254,0
1,1312,266800,1954400,3008,966385048,37849254,0
1,1313,1830100,1954400,3008,966385048,37849254,0
1,1314,287100,1954400,3008,966385048,37849254,0
1,1315,1903900,1954400,3008,966385048,37849254,0
1,1316,243700,1954400,3008,966385048,37849254,0
1,1317,1336700,1954400,3008,966385048,37849254,0
1,1318,271400,1954400,3008,966385048,37849254,0
1,1319,1880800,1954400,3008,966385048,37849254,0
1,1320,269500,1954400,3008,966385048,37849254,0
1,1321,1913700,1954400,3008,966385048,37849254,0
1,1322,351700,1954400,3008,966385048,37849254,0
1,1323,1556200,1954400,3008,966385048,37849254,0
1,1324,358800,1954400,3008,966385048,37849254,0
1,1325,1844700,1954400,3008,966385048,37849254,0
1,1326,290700,1954400,3008,966385048,37849254,0
1,1327,1646700,1954400,3008,966385048,37849254,0
1,1328,367200,1954400,3008,966385048,37849254,0
1,1329,1851700,1954400,3008,966385048,37849254,0
1,1330,351900,1954400,3008,966385048,37849254,0
1,1331,1271100,1954400,3008,966385048,37849254,0
1,1332,269000,1954400,3008,966385048,37849254,0
1,1333,2097500,1954400,3008,966385048,37849254,0
1,1334,247700,1954400,3008,966385048,37849254,0
1,1335,1406300,1954400,3008,966385048,37849254,0
1,1336,268300,1954400,3008,966385048,37849254,0
1,1337,1786600,1954400,3008,966385048,37849254,0
1,1338,368200,1954400,3008,966385048,37849254,0
1,1339,1817000,1954400,3008,966385048,37849254,0
1,1340,210400,1954400,3008,966385048,37849254,0
1,1341,1865400,1954400,3008,966385048,37849254,0
1,1342,270200,1954400,3008,966385048,37849254,0
1,1343,1274900,1954400,3008,966385048,37849254,0
1,1344,256400,1954400,3008,966385048,37849254,0
1,1345,1814500,1954400,3008,966385048,37849254,0
1,1346,377900,1954400,3008,966385048,37849254,0
1,1347,1870400,1954400,3008,966385048,37849254,0
1,1348,272800,1954400,3008,966385048,37849254,0
1,1349,1973200,1954400,3008,966385048,37849254,0
1,1350,374100,1954400,3008,966385048,37849254,0
1,1351,1835700,1954400,3008,966385048,37849254,0
1,1352,248600,1954400,3008,966385048,37849254,0
1,1353,1281500,1954400,3008,966385048,37849254,0
1,1354,367700,1954400,3008,966385048,37849254,0
1,1355,1275900,1954400,3008,966385048,37849254,0
1,1356,383700,1954400,3008,966385048,37849254,0
1,1357,1689200,1954400,3008,966385048,37849254,0
1,1358,408300,1954400,3008,966385048,37849254,0
1,1359,1834700,1954400,3008,966385048,37849254,0
1,1360,263700,1954400,3008,966385048,37849254,0
1,1361,1253800,1954400,3008,966385048,37849254,0
1,1362,424700,1954400,3008,966385048,37849254,0
1,1363,1545900,1954400,3008,966385048,37849254,0
1,1364,387000,1954400,3008,966385048,37849254,0
1,1365,1272300,1954400,3008,966385048,37849254,0
1,1366,405800,1954400,3008,966385048,37849254,0
1,1367,1926300,1954400,3008,966385048,37849254,0
1,1368,215600,1954400,3008,966385048,37849254,0
1,1369,1843500,1954400,3008,966385048,37849254,0
1,1370,389400,1954400,3008,966385048,37849254,0
1,1371,1696600,1954400,3008,966385048,37849254,0
1,1372,247000,1954400,3008,966385048,37849254,0
1,1373,2198600,1954400,3008,966385048,37849254,0
1,1374,244800,1954400,3008,966385048,37849254,0
1,1375,1791700,1954400,3008,966385048,37849254,0
1,1376,261900,1954400,3008,966385048,37849254,0
1,1377,1912600,1954400,3008,966385048,37849254,0
1,1378,444700,1954400,3008,966385048,37849254,0
1,1379,1394300,1954400,3008,966385048,37849254,0
1,1380,343300,1954400,3008,966385048,37849254,0
1,1381,1829600,1954400,3008,966385048,37849254,0
1,1382,349400,1954400,3008,966385048,37849254,0
1,1383,1712600,1954400,3008,966385048,37849254,0
1,1384,355800,1954400,3008,966385048,37849254,0
1,1385,1820700,1954400,3008,966385048,37849254,0
1,1386,367200,1954400,3008,966385048,37849254,0
1,1387,1272500,1954400,3008,966385048,37849254,0
1,1388,276600,1954400,3008,966385048,37849254,0
1,1389,1838700,1954400,3008,966385048,37849254,0
1,1390,384800,1954400,3008,966385048,37849254,0
1,1391,2051200,1954400,3008,966385048,37849254,0
1,1392,312300,1954400,3008,966385048,37849254,0
1,1393,1801100,1954400,3008,966385048,37849254,0
1,1394,330700,1954400,3008,966385048,37849254,0
1,1395,1972200,1954400,3008,966385048,37849254,0
1,1396,261100,1954400,3008,966385048,37849254,0
1,1397,1658000,1954400,3008,966385048,37849254,0
1,1398,367300,1954400,3008,966385048,37849254,0
1,1399,1400100,1954400,3008,966385048,37849254,0
1,1400,353800,1954400,3008,966385048,37849254,0
1,1401,1349900,1954400,3008,966385048,37849254,0
1,1402,328100,1954400,3008,966385048,37849254,0
1,1403,1892600,1954400,3008,966385048,37849254,0
1,1404,252900,1954400,3008,966385048,37849254,0
1,1405,1892600,1954400,3008,966385048,37849254,0
1,1406,323700,1954400,3008,966385048,37849254,0
1,1407,1936300,1954400,3008,966385048,37849254,0
1,1408,279500,1954400,3008,966385048,37849254,0
1,1409,1323300,1954400,3008,966385048,37849254,0
1,1410,340000,1954400,3008,966385048,37849254,0
1,1411,1853400,1954400,3008,966385048,37849254,0
1,1412,354100,1954400,3008,966385048,37849254,0
1,1413,1546800,1954400,3008,966385048,37849254,0
1,1414,424200,1954400,3008,966385048,37849254,0
1,1415,1822200,1954400,3008,966385048,37849254,0
1,1416,253500,1954400,3008,966385048,37849254,0
1,1417,2060100,1954400,3008,966385048,37849254,0
1,1418,364000,1954400,3008,966385048,37849254,0
1,1419,1762100,1954400,3008,966385048,37849254,0
1,1420,363800,1954400,3008,966385048,37849254,0
1,1421,1930300,1954400,3008,966385048,37849254,0
1,1422,251600,1954400,3008,966385048,37849254,0
1,1423,1725500,1954400,3008,966385048,37849254,0
1,1424,284300,1954400,3008,966385048,37849254,0
1,1425,1373000,1954400,3008,966385048,37849254,0
1,1426,366200,1954400,3008,966385048,37849254,0
1,1427,1846700,1954400,3008,966385048,37849254,0
1,1428,383100,1954400,3008,966385048,37849254,0
1,1429,1475200,1954400,3008,966385048,37849254,0
1,1430,199600,1954400,3008,966385048,37849254,0
1,1431,1513300,1954400,3008,966385048,37849254,0
1,1432,232700,1954400,3008,966385048,37849254,0
1,1433,2048400,1954400,3008,966385048,37849254,0
1,1434,411500,1954400,3008,966385048,37849254,0
1,1435,1414500,1954400,3008,966385048,37849254,0
1,1436,314800,1954400,3008,966385048,37849254,0
1,1437,1728300,1954400,3008,966385048,37849254,0
1,1438,477100,1954400,3008,966385048,37849254,0
1,1439,1678200,1954400,3008,966385048,37849254,0
1,1440,424600,1954400,3008,966385048,37849254,0
1,1441,1355200,1954400,3008,966385048,37849254,0
1,1442,249500,1954400,3008,966385048,37849254,0
1,1443,1759700,1954400,3008,966385048,37849254,0
1,1444,247200,1954400,3008,966385048,37849254,0
1,1445,1439700,1954400,3008,966385048,37849254,0
1,1446,347800,1954400,3008,966385048,37849254,0
1,1447,2238300,1954400,3008,966385048,37849254,0
1,1448,361700,1954400,3008,966385048,37849254,0
1,1449,1793200,1954400,3008,966385048,37849254,0
1,1450,365100,1954400,3008,966385048,37849254,0
1,1451,1751800,1954400,3008,966385048,37849254,0
1,1452,367300,1954400,3008,966385048,37849254,0
1,1453,1811400,1954400,3008,966385048,37849254,0
1,1454,358900,1954400,3008,966385048,37849254,0
1,1455,1851100,1954400,3008,966385048,37849254,0
1,1456,392100,1954400,3008,966385048,37849254,0
1,1457,1874400,1954400,3008,966385048,37849254,0
1,1458,387100,1954400,3008,966385048,37849254,0
1,1459,1822300,1954400,3008,966385048,37849254,0
1,1460,345400,1954400,3008,966385048,37849254,0
1,1461,1813600,1954400,3008,966385048,37849254,0
1,1462,621600,1954400,3008,966385048,37849254,0
1,1463,1909100,1954400,3008,966385048,37849254,0
1,1464,247000,1954400,3008,966385048,37849254,0
1,1465,2127000,1954400,3008,966385048,37849254,0
1,1466,180400,1954400,3008,966385048,37849254,0
1,1467,1366200,1954400,3008,966385048,37849254,0
1,1468,391500,1954400,3008,966385048,37849254,0
1,1469,1496000,1954400,3008,966385048,37849254,0
1,1470,222700,1954400,3008,966385048,37849254,0
1,1471,1492100,1954400,3008,966385048,37849254,0
1,1472,365200,1954400,3008,966385048,37849254,0
1,1473,1902000,1954400,3008,966385048,37849254,0
1,1474,243000,1954400,3008,966385048,37849254,0
1,1475,1716300,1954400,3008,966385048,37849254,0
1,1476,365600,1954400,3008,966385048,37849254,0
1,1477,2064500,1954400,3008,966385048,37849254,0
1,1478,535100,1954400,3008,966385048,37849254,0
1,1479,1869600,1954400,3008,966385048,37849254,0
1,1480,344400,1954400,3008,966385048,37849254,0
1,1481,1369800,1954400,3008,966385048,37849254,0
1,1482,366000,1954400,3008,966385048,37849254,0
1,1483,1807600,1954400,3008,966385048,37849254,0
1,1484,367700,1954400,3008,966385048,37849254,0
1,1485,1625000,1954400,3008,966385048,37849254,0
1,1486,339300,1954400,3008,966385048,37849254,0
1,1487,1843300,1954400,3008,966385048,37849254,0
1,1488,238400,1954400,3008,966385048,37849254,0
1,1489,1677000,1954400,3008,966385048,37849254,0
1,1490,248800,1954400,3008,966385048,37849254,0
1,1491,1617000,1954400,3008,966385048,37849254,0
1,1492,333300,1954400,3008,966385048,37849254,0
1,1493,1395900,1954400,3008,966385048,37849254,0
1,1494,325500,1954400,3008,966385048,37849254,0
1,1495,1456700,1954400,3008,966385048,37849254,0
1,1496,275800,1954400,3008,966385048,37849254,0
1,1497,1788400,1954400,3008,966385048,37849254,0
1,1498,352300,1954400,3008,966385048,37849254,0
1,1499,1889000,1954400,3008,966385048,37849254,0
1,1500,362900,1954400,3008,966385048,37849254,0
1,1501,1854500,1954400,3008,966385048,37849254,0
1,1502,353700,1954400,3008,966385048,37849254,0
1,1503,2083900,1954400,3008,966385048,37849254,0
1,1504,234200,1954400,3008,966385048,37849254,0
1,1505,1870500,1954400,3008,966385048,37849254,0
1,1506,352000,1954400,3008,966385048,37849254,0
1,1507,1620800,1954400,3008,966385048,37849254,0
1,1508,339600,1954400,3008,966385048,37849254,0
1,1509,1390200,1954400,3008,966385048,37849254,0
1,1510,335300,1954400,3008,966385048,37849254,0
1,1511,1626800,1954400,3008,966385048,37849254,0
1,1512,252600,1954400,3008,966385048,37849254,0
1,1513,1752300,1954400,3008,966385048,37849254,0
1,1514,252100,1954400,3008,966385048,37849254,0
1,1515,1748400,1954400,3008,966385048,37849254,0
1,1516,215900,1954400,3008,966385048,37849254,0
1,1517,1823500,1954400,3008,966385048,37849254,0
1,1518,298900,1954400,3008,966385048,37849254,0
1,1519,1844800,1954400,3008,966385048,37849254,0
1,1520,248800,1954400,3008,966385048,37849254,0
1,1521,1565600,1954400,3008,966385048,37849254,0
1,1522,382000,1954400,3008,966385048,37849254,0
1,1523,1548700,1954400,3008,966385048,37849254,0
1,1524,292000,1954400,3008,966385048,37849254,0
1,1525,1833800,1954400,3008,966385048,37849254,0
1,1526,307100,1954400,3008,966385048,37849254,0
1,1527,1618600,1954400,3008,966385048,37849254,0
1,1528,246300,1954400,3008,966385048,37849254,0
1,1529,1884700,1954400,3008,966385048,37849254,0
1,1530,575700,1954400,3008,966385048,37849254,0
1,1531,1869200,1954400,3008,966385048,37849254,0
1,1532,343900,1954400,3008,966385048,37849254,0
1,1533,2129500,1954400,3008,966385048,37849254,0
1,1534,372200,1954400,3008,966385048,37849254,0
1,1535,1541400,1954400,3008,966385048,37849254,0
1,1536,282000,1954400,3008,966385048,37849254,0
1,1537,1923600,1954400,3008,966385048,37849254,0
1,1538,266600,1954400,3008,966385048,37849254,0
1,1539,1913800,1954400,3008,966385048,37849254,0
1,1540,348900,1954400,3008,966385048,37849254,0
1,1541,2121300,1954400,3008,966385048,37849254,0
1,1542,355300,1954400,3008,966385048,37849254,0
1,1543,2198200,1954400,3008,966385048,37849254,0
1,1544,254800,1954400,3008,966385048,37849254,0
1,1545,1764100,1954400,3008,966385048,37849254,0
1,1546,478700,1954400,3008,966385048,37849254,0
1,1547,1792200,1954400,3008,966385048,37849254,0
1,1548,343000,1954400,3008,966385048,37849254,0
1,1549,1578700,1954400,3008,966385048,37849254,0
1,1550,359000,1954400,3008,966385048,37849254,0
1,1551,1334900,1954400,3008,966385048,37849254,0
1,1552,266400,1954400,3008,966385048,37849254,0
1,1553,1488900,1954400,3008,966385048,37849254,0
1,1554,336600,1954400,3008,966385048,37849254,0
1,1555,2020000,1954400,3008,966385048,37849254,0
1,1556,360000,1954400,3008,966385048,37849254,0
1,1557,1846900,1954400,3008,966385048,37849254,0
1,1558,380800,1954400,3008,966385048,37849254,0
1,1559,1930300,1954400,3008,966385048,37849254,0
1,1560,249700,1954400,3008,966385048,37849254,0
1,1561,1444600,1954400,3008,966385048,37849254,0
1,1562,259200,1954400,3008,966385048,37849254,0
1,1563,1573900,1954400,3008,966385048,37849254,0
1,1564,466300,1954400,3008,966385048,37849254,0
1,1565,1628400,1954400,3008,966385048,37849254,0
1,1566,397400,1954400,3008,966385048,37849254,0
1,1567,1892900,1954400,3008,966385048,37849254,0
1,1568,310500,1954400,3008,966385048,37849254,0
1,1569,1808100,1954400,3008,966385048,37849254,0
1,1570,299300,1954400,3008,966385048,37849254,0
1,1571,1849400,1954400,3008,966385048,37849254,0
1,1572,264500,1954400,3008,966385048,37849254,0
1,1573,1299900,1954400,3008,966385048,37849254,0
1,1574,362700,1954400,3008,966385048,37849254,0
1,1575,1460200,1954400,3008,966385048,37849254,0
1,1576,432300,1954400,3008,966385048,37849254,0
1,1577,1706300,1954400,3008,966385048,37849254,0
1,1578,361400,1954400,3008,966385048,37849254,0
1,1579,1834500,1954400,3008,966385048,37849254,0
1,1580,346300,1954400,3008,966385048,37849254,0
1,1581,1757000,1954400,3008,966385048,37849254,0
1,1582,389100,1954400,3008,966385048,37849254,0
1,1583,1884900,1954400,3008,966385048,37849254,0
1,1584,609800,1954400,3008,966385048,37849254,0
1,1585,1686600,1954400,3008,966385048,37849254,0
1,1586,256300,1954400,3008,966385048,37849254,0
1,1587,1238300,1954400,3008,966385048,37849254,0
1,1588,332100,1954400,3008,966385048,37849254,0
1,1589,1602800,1954400,3008,966385048,37849254,0
1,1590,265800,1954400,3008,966385048,37849254,0
1,1591,1827200,1954400,3008,966385048,37849254,0
1,1592,418000,1954400,3008,966385048,37849254,0
1,1593,1756700,1954400,3008,966385048,37849254,0
1,1594,260400,1954400,3008,966385048,37849254,0
1,1595,1443800,1954400,3008,966385048,37849254,0
1,1596,250400,1954400,3008,966385048,37849254,0
1,1597,1866400,1954400,3008,966385048,37849254,0
1,1598,355500,1954400,3008,966385048,37849254,0
1,1599,1862800,1954400,3008,966385048,37849254,0
1,1600,337300,1954400,3008,966385048,37849254,0
1,1601,1725800,1954400,3008,966385048,37849254,0
1,1602,252600,1954400,3008,966385048,37849254,0
1,1603,1824100,1954400,3008,966385048,37849254,0
1,1604,357100,1954400,3008,966385048,37849254,0
1,1605,1769900,1954400,3008,966385048,37849254,0
1,1606,343000,1954400,3008,966385048,37849254,0
1,1607,2098100,1954400,3008,966385048,37849254,0
1,1608,274500,1954400,3008,966385048,37849254,0
1,1609,1469500,1954400,3008,966385048,37849254,0
1,1610,330800,1954400,3008,966385048,37849254,0
1,1611,1698700,1954400,3008,966385048,37849254,0
1,1612,377500,1954400,3008,966385048,37849254,0
1,1613,1344200,1954400,3008,966385048,37849254,0
1,1614,357500,1954400,3008,966385048,37849254,0
1,1615,1908000,1954400,3008,966385048,37849254,0
1,1616,252300,1954400,3008,966385048,37849254,0
1,1617,1337400,1954400,3008,966385048,37849254,0
1,1618,358600,1954400,3008,966385048,37849254,0
1,1619,2034300,1954400,3008,966385048,37849254,0
1,1620,307300,1954400,3008,966385048,37849254,0
1,1621,1640100,1954400,3008,966385048,37849254,0
1,1622,371100,1954400,3008,966385048,37849254,0
1,1623,2078900,1954400,3008,966385048,37849254,0
1,1624,369800,1954400,3008,966385048,37849254,0
1,1625,1849400,1954400,3008,966385048,37849254,0
1,1626,312300,1954400,3008,966385048,37849254,0
1,1627,1310900,1954400,3008,966385048,37849254,0
1,1628,327000,1954400,3008,966385048,37849254,0
1,1629,1296800,1954400,3008,966385048,37849254,0
1,1630,354900,1954400,3008,966385048,37849254,0
1,1631,1842100,1954400,3008,966385048,37849254,0
1,1632,272000,1954400,3008,966385048,37849254,0
1,1633,1726400,1954400,3008,966385048,37849254,0
1,1634,307300,1954400,3008,966385048,37849254,0
1,1635,2050500,1954400,3008,966385048,37849254,0
1,1636,276800,1954400,3008,966385048,37849254,0
1,1637,1735700,1954400,3008,966385048,37849254,0
1,1638,289400,1954400,3008,966385048,37849254,0
1,1639,1846200,1954400,3008,966385048,37849254,0
1,1640,364000,1954400,3008,966385048,37849254,0
1,1641,1893900,1954400,3008,966385048,37849254,0
1,1642,379500,1954400,3008,966385048,37849254,0
1,1643,1329800,1954400,3008,966385048,37849254,0
1,1644,319900,1954400,3008,966385048,37849254,0
1,1645,1375400,1954400,3008,966385048,37849254,0
1,1646,414900,1954400,3008,966385048,37849254,0
1,1647,1730500,1954400,3008,966385048,37849254,0
1,1648,354700,1954400,3008,966385048,37849254,0
1,1649,1861300,1954400,3008,966385048,37849254,0
1,1650,436700,1954400,3008,966385048,37849254,0
1,1651,1866400,1954400,3008,966385048,37849254,0
1,1652,258400,1954400,3008,966385048,37849254,0
1,1653,1837500,1954400,3008,966385048,37849254,0
1,1654,371100,1954400,3008,966385048,37849254,0
1,1655,1207300,1954400,3008,966385048,37849254,0
1,1656,370100,1954400,3008,966385048,37849254,0
1,1657,1428900,1954400,3008,966385048,37849254,0
1,1658,425900,1954400,3008,966385048,37849254,0
1,1659,1728400,1954400,3008,966385048,37849254,0
1,1660,305400,1954400,3008,966385048,37849254,0
1,1661,1824900,1954400,3008,966385048,37849254,0
1,1662,340600,1954400,3008,966385048,37849254,0
1,1663,1905800,1954400,3008,966385048,37849254,0
1,1664,396900,1954400,3008,966385048,37849254,0
1,1665,1911900,1954400,3008,966385048,37849254,0
1,1666,291200,1954400,3008,966385048,37849254,0
1,1667,2035700,1954400,3008,966385048,37849254,0
1,1668,256000,1954400,3008,966385048,37849254,0
1,1669,1838000,1954400,3008,966385048,37849254,0
1,1670,277200,1954400,3008,966385048,37849254,0
1,1671,1636600,1954400,3008,966385048,37849254,0
1,1672,454500,1954400,3008,966385048,37849254,0
1,1673,1838000,1954400,3008,966385048,37849254,0
1,1674,348200,1954400,3008,966385048,37849254,0
1,1675,1993900,1954400,3008,966385048,37849254,0
1,1676,356500,1954400,3008,966385048,37849254,0
1,1677,1472700,1954400,3008,966385048,37849254,0
1,1678,352300,1954400,3008,966385048,37849254,0
1,1679,1840000,1954400,3008,966385048,37849254,0
1,1680,252700,1954400,3008,966385048,37849254,0
1,1681,1853000,1954400,3008,966385048,37849254,0
1,1682,355200,1954400,3008,966385048,37849254,0
1,1683,1354100,1954400,3008,966385048,37849254,0
1,1684,250500,1954400,3008,966385048,37849254,0
1,1685,1320200,1954400,3008,966385048,37849254,0
1,1686,236200,1954400,3008,966385048,37849254,0
1,1687,1920800,1954400,3008,966385048,37849254,0
1,1688,309800,1954400,3008,966385048,37849254,0
1,1689,1591500,1954400,3008,966385048,37849254,0
1,1690,247800,1954400,3008,966385048,37849254,0
1,1691,1769600,1954400,3008,966385048,37849254,0
1,1692,672100,1954400,3008,966385048,37849254,0
1,1693,1995500,1954400,3008,966385048,37849254,0
1,1694,405400,1954400,3008,966385048,37849254,0
1,1695,1845800,1954400,3008,966385048,37849254,0
1,1696,360700,1954400,3008,966385048,37849254,0
1,1697,1844900,1954400,3008,966385048,37849254,0
1,1698,346900,1954400,3008,966385048,37849254,0
1,1699,1574300,1954400,3008,966385048,37849254,0
1,1700,392900,1954400,3008,966385048,37849254,0
1,1701,1387200,1954400,3008,966385048,37849254,0
1,1702,264500,1954400,3008,966385048,37849254,0
1,1703,1968900,1954400,3008,966385048,37849254,0
1,1704,391200,1954400,3008,966385048,37849254,0
1,1705,1656500,1954400,3008,966385048,37849254,0
1,1706,369000,1954400,3008,966385048,37849254,0
1,1707,1664100,1954400,3008,966385048,37849254,0
1,1708,367400,1954400,3008,966385048,37849254,0
1,1709,1916600,1954400,3008,966385048,37849254,0
1,1710,364500,1954400,3008,966385048,37849254,0
1,1711,1576900,1954400,3008,966385048,37849254,0
1,1712,249100,1954400,3008,966385048,37849254,0
1,1713,2118400,1954400,3008,966385048,37849254,0
1,1714,423400,1954400,3008,966385048,37849254,0
1,1715,1414200,1954400,3008,966385048,37849254,0
1,1716,359800,1954400,3008,966385048,37849254,0
1,1717,1830300,1954400,3008,966385048,37849254,0
1,1718,302100,1954400,3008,966385048,37849254,0
1,1719,1650000,1954400,3008,966385048,37849254,0
1,1720,376400,1954400,3008,966385048,37849254,0
1,1721,1850600,1954400,3008,966385048,37849254,0
1,1722,270700,1954400,3008,966385048,37849254,0
1,1723,1609300,1954400,3008,966385048,37849254,0
1,1724,1178600,1954400,3008,966385048,37849254,0
1,1725,1688600,1954400,3008,966385048,37849254,0
1,1726,348300,1954400,3008,966385048,37849254,0
1,1727,1831100,1954400,3008,966385048,37849254,0
1,1728,357200,1954400,3008,966385048,37849254,0
1,1729,1815600,1954400,3008,966385048,37849254,0
1,1730,358400,1954400,3008,966385048,37849254,0
1,1731,1710900,1954400,3008,966385048,37849254,0
1,1732,407300,1954400,3008,966385048,37849254,0
1,1733,1270900,1954400,3008,966385048,37849254,0
1,1734,381500,1954400,3008,966385048,37849254,0
1,1735,1922700,1954400,3008,966385048,37849254,0
1,1736,377200,1954400,3008,966385048,37849254,0
1,1737,1923900,1954400,3008,966385048,37849254,0
1,1738,350900,1954400,3008,966385048,37849254,0
1,1739,1415400,1954400,3008,966385048,37849254,0
1,1740,256500,1954400,3008,966385048,37849254,0
1,1741,1832800,1954400,3008,966385048,37849254,0
1,1742,346300,1954400,3008,966385048,37849254,0
1,1743,1833500,1954400,3008,966385048,37849254,0
1,1744,325400,1954400,3008,966385048,37849254,0
1,1745,1759800,1954400,3008,966385048,37849254,0
1,1746,364900,1954400,3008,966385048,37849254,0
1,1747,1878100,1954400,3008,966385048,37849254,0
1,1748,247000,1954400,3008,966385048,37849254,0
1,1749,1944000,1954400,3008,966385048,37849254,0
1,1750,347200,1954400,3008,966385048,37849254,0
1,1751,1434100,1954400,3008,966385048,37849254,0
1,1752,253400,1954400,3008,966385048,37849254,0
1,1753,1690100,1954400,3008,966385048,37849254,0
1,1754,388800,1954400,3008,966385048,37849254,0
1,1755,1830600,1954400,3008,966385048,37849254,0
1,1756,321500,1954400,3008,966385048,37849254,0
1,1757,1837600,1954400,3008,966385048,37849254,0
1,1758,352000,1954400,3008,966385048,37849254,0
1,1759,1952300,1954400,3008,966385048,37849254,0
1,1760,405000,1954400,3008,966385048,37849254,0
1,1761,1865700,1954400,3008,966385048,37849254,0
1,1762,373300,1954400,3008,966385048,37849254,0
1,1763,1443600,1954400,3008,966385048,37849254,0
1,1764,558200,1954400,3008,966385048,37849254,0
1,1765,1802900,1954400,3008,966385048,37849254,0
1,1766,377200,1954400,3008,966385048,37849254,0
1,1767,2012700,1954400,3008,966385048,37849254,0
1,1768,304300,1954400,3008,966385048,37849254,0
1,1769,1492100,1954400,3008,966385048,37849254,0
1,1770,361000,1954400,3008,966385048,37849254,0
1,1771,1389400,1954400,3008,966385048,37849254,0
1,1772,363900,1954400,3008,966385048,37849254,0
1,1773,1881100,1954400,3008,966385048,37849254,0
1,1774,355000,1954400,3008,966385048,37849254,0
1,1775,1907500,1954400,3008,966385048,37849254,0
1,1776,381000,1954400,3008,966385048,37849254,0
1,1777,1935800,1954400,3008,966385048,37849254,0
1,1778,359700,1954400,3008,966385048,37849254,0
1,1779,1843400,1954400,3008,966385048,37849254,0
1,1780,308000,1954400,3008,966385048,37849254,0
1,1781,1922200,1954400,3008,966385048,37849254,0
1,1782,385000,1954400,3008,966385048,37849254,0
1,1783,1777300,1954400,3008,966385048,37849254,0
1,1784,308600,1954400,3008,966385048,37849254,0
1,1785,1863200,1954400,3008,966385048,37849254,0
1,1786,312000,1954400,3008,966385048,37849254,0
1,1787,1566300,1954400,3008,966385048,37849254,0
1,1788,354200,1954400,3008,966385048,37849254,0
1,1789,1995500,1954400,3008,966385048,37849254,0
1,1790,364700,1954400,3008,966385048,37849254,0
1,1791,1383200,1954400,3008,966385048,37849254,0
1,1792,350600,1954400,3008,966385048,37849254,0
1,1793,1234300,1954400,3008,966385048,37849254,0
1,1794,251800,1954400,3008,966385048,37849254,0
1,1795,1656900,1954400,3008,966385048,37849254,0
1,1796,268000,1954400,3008,966385048,37849254,0
1,1797,1982400,1954400,3008,966385048,37849254,0
1,1798,351600,1954400,3008,966385048,37849254,0
1,1799,1813200,1954400,3008,966385048,37849254,0
1,1800,288500,1954400,3008,966385048,37849254,0
1,1801,1818600,1954400,3008,966385048,37849254,0
1,1802,252000,1954400,3008,966385048,37849254,0
1,1803,1621100,1954400,3008,966385048,37849254,0
1,1804,353700,1954400,3008,966385048,37849254,0
1,1805,1855200,1954400,3008,966385048,37849254,0
1,1806,720500,1954400,3008,966385048,37849254,0
1,1807,1288900,1954400,3008,966385048,37849254,0
1,1808,353100,1954400,3008,966385048,37849254,0
1,1809,1827700,1954400,3008,966385048,37849254,0
1,1810,498200,1954400,3008,966385048,37849254,0
1,1811,1247800,1954400,3008,966385048,37849254,0
1,1812,425900,1954400,3008,966385048,37849254,0
1,1813,1609600,1954400,3008,966385048,37849254,0
1,1814,363700,1954400,3008,966385048,37849254,0
1,1815,1598900,1954400,3008,966385048,37849254,0
1,1816,345800,1954400,3008,966385048,37849254,0
1,1817,1849000,1954400,3008,966385048,37849254,0
1,1818,301400,1954400,3008,966385048,37849254,0
1,1819,1931400,1954400,3008,966385048,37849254,0
1,1820,365300,1954400,3008,966385048,37849254,0
1,1821,1818300,1954400,3008,966385048,37849254,0
1,1822,299000,1954400,3008,966385048,37849254,0
1,1823,1958900,1954400,3008,966385048,37849254,0
1,1824,361100,1954400,3008,966385048,37849254,0
1,1825,1485500,1954400,3008,966385048,37849254,0
1,1826,262300,1954400,3008,966385048,37849254,0
1,1827,1719600,1954400,3008,966385048,37849254,0
1,1828,358800,1954400,3008,966385048,37849254,0
1,1829,1937700,1954400,3008,966385048,37849254,0
1,1830,383000,1954400,3008,966385048,37849254,0
1,1831,1720600,1954400,3008,966385048,37849254,0
1,1832,248700,1954400,3008,966385048,37849254,0
1,1833,1909400,1954400,3008,966385048,37849254,0
1,1834,408900,1954400,3008,966385048,37849254,0
1,1835,1969400,1954400,3008,966385048,37849254,0
1,1836,326400,1954400,3008,966385048,37849254,0
1,1837,2070400,1954400,3008,966385048,37849254,0
1,1838,358800,1954400,3008,966385048,37849254,0
1,1839,1610100,1954400,3008,966385048,37849254,0
1,1840,251000,1954400,3008,966385048,37849254,0
1,1841,1482900,1954400,3008,966385048,37849254,0
1,1842,258000,1954400,3008,966385048,37849254,0
1,1843,1838100,1954400,3008,966385048,37849254,0
1,1844,257600,1954400,3008,966385048,37849254,0
1,1845,1838500,1954400,3008,966385048,37849254,0
1,1846,279000,1954400,3008,966385048,37849254,0
1,1847,1520000,1954400,3008,966385048,37849254,0
1,1848,403400,1954400,3008,966385048,37849254,0
1,1849,1820300,1954400,3008,966385048,37849254,0
1,1850,335900,1954400,3008,966385048,37849254,0
1,1851,1758900,1954400,3008,966385048,37849254,0
1,1852,434100,1954400,3008,966385048,37849254,0
1,1853,1853500,1954400,3008,966385048,37849254,0
1,1854,384700,1954400,3008,966385048,37849254,0
1,1855,1748900,1954400,3008,966385048,37849254,0
1,1856,344100,1954400,3008,966385048,37849254,0
1,1857,1427900,1954400,3008,966385048,37849254,0
1,1858,355300,1954400,3008,966385048,37849254,0
1,1859,1794900,1954400,3008,966385048,37849254,0
1,1860,380500,1954400,3008,966385048,37849254,0
1,1861,1868900,1954400,3008,966385048,37849254,0
1,1862,389300,1954400,3008,966385048,37849254,0
1,1863,1870800,1954400,3008,966385048,37849254,0
1,1864,301100,1954400,3008,966385048,37849254,0
1,1865,1817900,1954400,3008,966385048,37849254,0
1,1866,258500,1954400,3008,966385048,37849254,0
1,1867,1877000,1954400,3008,966385048,37849254,0
1,1868,256100,1954400,3008,966385048,37849254,0
1,1869,1664200,1954400,3008,966385048,37849254,0
1,1870,292600,1954400,3008,966385048,37849254,0
1,1871,1852300,1954400,3008,966385048,37849254,0
1,1872,340100,1954400,3008,966385048,37849254,0
1,1873,1532600,1954400,3008,966385048,37849254,0
1,1874,353200,1954400,3008,966385048,37849254,0
1,1875,1833500,1954400,3008,966385048,37849254,0
1,1876,506900,1954400,3008,966385048,37849254,0
1,1877,1272800,1954400,3008,966385048,37849254,0
1,1878,363400,1954400,3008,966385048,37849254,0
1,1879,1701700,1954400,3008,966385048,37849254,0
1,1880,361300,1954400,3008,966385048,37849254,0
1,1881,1837600,1954400,3008,966385048,37849254,0
1,1882,350100,1954400,3008,966385048,37849254,0
1,1883,2322400,1954400,3008,966385048,37849254,0
1,1884,206200,1954400,3008,966385048,37849254,0
1,1885,1543600,1954400,3008,966385048,37849254,0
1,1886,271800,1954400,3008,966385048,37849254,0
1,1887,1263100,1954400,3008,966385048,37849254,0
1,1888,256000,1954400,3008,966385048,37849254,0
1,1889,2052400,1954400,3008,966385048,37849254,0
1,1890,352500,1954400,3008,966385048,37849254,0
1,1891,1664500,1954400,3008,966385048,37849254,0
1,1892,401300,1954400,3008,966385048,37849254,0
1,1893,1957000,1954400,3008,966385048,37849254,0
1,1894,338000,1954400,3008,966385048,37849254,0
1,1895,1428900,1954400,3008,966385048,37849254,0
1,1896,354600,1954400,3008,966385048,37849254,0
1,1897,1612300,1954400,3008,966385048,37849254,0
1,1898,260300,1954400,3008,966385048,37849254,0
1,1899,1947700,1954400,3008,966385048,37849254,0
1,1900,362000,1954400,3008,966385048,37849254,0
1,1901,2408500,1954400,3008,966385048,37849254,0
1,1902,377800,1954400,3008,966385048,37849254,0
1,1903,1759700,1954400,3008,966385048,37849254,0
1,1904,575400,1954400,3008,966385048,37849254,0
1,1905,1243000,1954400,3008,966385048,37849254,0
1,1906,223100,1954400,3008,966385048,37849254,0
1,1907,1852600,1954400,3008,966385048,37849254,0
1,1908,276500,1954400,3008,966385048,37849254,0
1,1909,1765100,1954400,3008,966385048,37849254,0
1,1910,329400,1954400,3008,966385048,37849254,0
1,1911,1839700,1954400,3008,966385048,37849254,0
1,1912,256100,1954400,3008,966385048,37849254,0
1,1913,1838800,1954400,3008,966385048,37849254,0
1,1914,350000,1954400,3008,966385048,37849254,0
1,1915,1815800,1954400,3008,966385048,37849254,0
1,1916,262500,1954400,3008,966385048,37849254,0
1,1917,1472800,1954400,3008,966385048,37849254,0
1,1918,445400,1954400,3008,966385048,37849254,0
1,1919,1253200,1954400,3008,966385048,37849254,0
1,1920,296700,1954400,3008,966385048,37849254,0
1,1921,1264700,1954400,3008,966385048,37849254,0
1,1922,361400,1954400,3008,966385048,37849254,0
1,1923,1822000,1954400,3008,966385048,37849254,0
1,1924,267200,1954400,3008,966385048,37849254,0
1,1925,1846800,1954400,3008,966385048,37849254,0
1,1926,401900,1954400,3008,966385048,37849254,0
1,1927,1809900,1954400,3008,966385048,37849254,0
1,1928,447700,1954400,3008,966385048,37849254,0
1,1929,1707500,1954400,3008,966385048,37849254,0
1,1930,278700,1954400,3008,966385048,37849254,0
1,1931,1848400,1954400,3008,966385048,37849254,0
1,1932,358300,1954400,3008,966385048,37849254,0
1,1933,1927700,1954400,3008,966385048,37849254,0
1,1934,379200,1954400,3008,966385048,37849254,0
1,1935,1541300,1954400,3008,966385048,37849254,0
1,1936,241800,1954400,3008,966385048,37849254,0
1,1937,1834000,1954400,3008,966385048,37849254,0
1,1938,372400,1954400,3008,966385048,37849254,0
1,1939,1799300,1954400,3008,966385048,37849254,0
1,1940,237300,1954400,3008,966385048,37849254,0
1,1941,1464200,1954400,3008,966385048,37849254,0
1,1942,313900,1954400,3008,966385048,37849254,0
1,1943,1830700,1954400,3008,966385048,37849254,0
1,1944,341200,1954400,3008,966385048,37849254,0
1,1945,1257500,1954400,3008,966385048,37849254,0
1,1946,371100,1954400,3008,966385048,37849254,0
1,1947,1701700,1954400,3008,966385048,37849254,0
1,1948,543200,1954400,3008,966385048,37849254,0
1,1949,2271900,1954400,3008,966385048,37849254,0
1,1950,469600,1954400,3008,966385048,37849254,0
1,1951,1749700,1954400,3008,966385048,37849254,0
1,1952,354000,1954400,3008,966385048,37849254,0
1,1953,1307000,1954400,3008,966385048,37849254,0
1,1954,291000,1954400,3008,966385048,37849254,0
1,1955,1966600,1954400,3008,966385048,37849254,0
1,1956,299300,1954400,3008,966385048,37849254,0
1,1957,1471600,1954400,3008,966385048,37849254,0
1,1958,358400,1954400,3008,966385048,37849254,0
1,1959,1814700,1954400,3008,966385048,37849254,0
1,1960,351800,1954400,3008,966385048,37849254,0
1,1961,1721400,1954400,3008,966385048,37849254,0
1,1962,252200,1954400,3008,966385048,37849254,0
1,1963,2189800,1954400,3008,966385048,37849254,0
1,1964,357000,1954400,3008,966385048,37849254,0
1,1965,1434500,1954400,3008,966385048,37849254,0
1,1966,725000,1954400,3008,966385048,37849254,0
1,1967,1693300,1954400,3008,966385048,37849254,0
1,1968,185800,1954400,3008,966385048,37849254,0
1,1969,2062000,1954400,3008,966385048,37849254,0
1,1970,262900,1954400,3008,966385048,37849254,0
1,1971,1831400,1954400,3008,966385048,37849254,0
1,1972,379400,1954400,3008,966385048,37849254,0
1,1973,1858900,1954400,3008,966385048,37849254,0
1,1974,442100,1954400,3008,966385048,37849254,0
1,1975,1829200,1954400,3008,966385048,37849254,0
1,1976,249300,1954400,3008,966385048,37849254,0
1,1977,1843400,1954400,3008,966385048,37849254,0
1,1978,298300,1954400,3008,966385048,37849254,0
1,1979,1372300,1954400,3008,966385048,37849254,0
1,1980,387500,1954400,3008,966385048,37849254,0
1,1981,1843000,1954400,3008,966385048,37849254,0
1,1982,254000,1954400,3008,966385048,37849254,0
1,1983,1438100,1954400,3008,966385048,37849254,0
1,1984,237800,1954400,3008,966385048,37849254,0
1,1985,1838700,1954400,3008,966385048,37849254,0
1,1986,545800,1954400,3008,966385048,37849254,0
1,1987,1846900,1954400,3008,966385048,37849254,0
1,1988,182600,1954400,3008,966385048,37849254,0
1,1989,1382000,1954400,3008,966385048,37849254,0
1,1990,356200,1954400,3008,966385048,37849254,0
1,1991,1317900,1954400,3008,966385048,37849254,0
1,1992,362400,1954400,3008,966385048,37849254,0
1,1993,1394400,1954400,3008,966385048,37849254,0
1,1994,336300,1954400,3008,966385048,37849254,0
1,1995,1528700,1954400,3008,966385048,37849254,0
1,1996,288900,1954400,3008,966385048,37849254,0
1,1997,1350800,1954400,3008,966385048,37849254,0
1,1998,271300,1954400,3008,966385048,37849254,0
1,1999,1918000,1954400,3008,966385048,37849254,0
1,2000,356600,1954400,3008,966385048,37849254,0
1,2001,1851700,1954400,3008,966385048,37849254,0
1,2002,361600,1954400,3008,966385048,37849254,0
1,2003,1922000,1954400,3008,966385048,37849254,0
1,2004,260200,1954400,3008,966385048,37849254,0
1,2005,2031700,1954400,3008,966385048,37849254,0
1,2006,503300,1954400,3008,966385048,37849254,0
1,2007,1796500,1954400,3008,966385048,37849254,0
1,2008,409600,1954400,3008,966385048,37849254,0
1,2009,1829500,1954400,3008,966385048,37849254,0
1,2010,360200,1954400,3008,966385048,37849254,0
1,2011,1872400,1954400,3008,966385048,37849254,0
1,2012,256300,1954400,3008,966385048,37849254,0
1,2013,1595100,1954400,3008,966385048,37849254,0
1,2014,359700,1954400,3008,966385048,37849254,0
1,2015,2026200,1954400,3008,966385048,37849254,0
1,2016,387300,1954400,3008,966385048,37849254,0
1,2017,1856600,1954400,3008,966385048,37849254,0
1,2018,249500,1954400,3008,966385048,37849254,0
1,2019,1514000,1954400,3008,966385048,37849254,0
1,2020,356300,1954400,3008,966385048,37849254,0
1,2021,2043500,1954400,3008,966385048,37849254,0
1,2022,317900,1954400,3008,966385048,37849254,0
1,2023,1524400,1954400,3008,966385048,37849254,0
1,2024,359700,1954400,3008,966385048,37849254,0
1,2025,1305300,1954400,3008,966385048,37849254,0
1,2026,433900,1954400,3008,966385048,37849254,0
1,2027,1600000,1954400,3008,966385048,37849254,0
1,2028,301300,1954400,3008,966385048,37849254,0
1,2029,1835100,1954400,3008,966385048,37849254,0
1,2030,231300,1954400,3008,966385048,37849254,0
1,2031,1930300,1954400,3008,966385048,37849254,0
1,2032,230900,1954400,3008,966385048,37849254,0
1,2033,1304100,1954400,3008,966385048,37849254,0
1,2034,339100,1954400,3008,966385048,37849254,0
1,2035,1386800,1954400,3008,966385048,37849254,0
1,2036,352400,1954400,3008,966385048,37849254,0
1,2037,1686500,1954400,3008,966385048,37849254,0
1,2038,334400,1954400,3008,966385048,37849254,0
1,2039,1855600,1954400,3008,966385048,37849254,0
1,2040,296600,1954400,3008,966385048,37849254,0
1,2041,1863700,1954400,3008,966385048,37849254,0
1,2042,261300,1954400,3008,966385048,37849254,0
1,2043,1848100,1954400,3008,966385048,37849254,0
1,2044,356800,1954400,3008,966385048,37849254,0
1,2045,1894500,1954400,3008,966385048,37849254,0
1,2046,374500,1954400,3008,966385048,37849254,0
1,2047,1598800,1954400,3008,966385048,37849254,0
1,2048,271600,1954400,3008,966385048,37849254,0
1,2049,1529400,1954400,3008,966385048,37849254,0
1,2050,753900,1954400,3008,966385048,37849254,0
1,2051,1947600,1954400,3008,966385048,37849254,0
1,2052,288000,1954400,3008,966385048,37849254,0
1,2053,1714300,1954400,3008,966385048,37849254,0
1,2054,405300,1954400,3008,966385048,37849254,0
1,2055,1838600,1954400,3008,966385048,37849254,0
1,2056,354900,1954400,3008,966385048,37849254,0
1,2057,1579600,1954400,3008,966385048,37849254,0
1,2058,252700,1954400,3008,966385048,37849254,0
1,2059,2099800,1954400,3008,966385048,37849254,0
1,2060,412400,1954400,3008,966385048,37849254,0
1,2061,1858300,1954400,3008,966385048,37849254,0
1,2062,331100,1954400,3008,966385048,37849254,0
1,2063,1864400,1954400,3008,966385048,37849254,0
1,2064,354400,1954400,3008,966385048,37849254,0
1,2065,2834600,1954400,3008,966385048,37849254,0
1,2066,249900,1954400,3008,966385048,37849254,0
1,2067,1386900,1954400,3008,966385048,37849254,0
1,2068,262000,1954400,3008,966385048,37849254,0
1,2069,1913100,1954400,3008,966385048,37849254,0
1,2070,388400,1954400,3008,966385048,37849254,0
1,2071,1426400,1954400,3008,966385048,37849254,0
1,2072,257400,1954400,3008,966385048,37849254,0
1,2073,1865000,1954400,3008,966385048,37849254,0
1,2074,366700,1954400,3008,966385048,37849254,0
1,2075,1522600,1954400,3008,966385048,37849254,0
1,2076,347600,1954400,3008,966385048,37849254,0
1,2077,1995700,1954400,3008,966385048,37849254,0
1,2078,343900,1954400,3008,966385048,37849254,0
1,2079,1855100,1954400,3008,966385048,37849254,0
1,2080,384700,1954400,3008,966385048,37849254,0
1,2081,1789900,1954400,3008,966385048,37849254,0
1,2082,604500,1954400,3008,966385048,37849254,0
1,2083,1686200,1954400,3008,966385048,37849254,0
1,2084,387800,1954400,3008,966385048,37849254,0
1,2085,1279900,1954400,3008,966385048,37849254,0
1,2086,424700,1954400,3008,966385048,37849254,0
1,2087,1151000,1954400,3008,966385048,37849254,0
1,2088,259900,1954400,3008,966385048,37849254,0
1,2089,1297000,1954400,3008,966385048,37849254,0
1,2090,334400,1954400,3008,966385048,37849254,0
1,2091,1270900,1954400,3008,966385048,37849254,0
1,2092,369600,1954400,3008,966385048,37849254,0
1,2093,1695600,1954400,3008,966385048,37849254,0
1,2094,300400,1954400,3008,966385048,37849254,0
1,2095,1636600,1954400,3008,966385048,37849254,0
1,2096,421200,1954400,3008,966385048,37849254,0
1,2097,1583300,1954400,3008,966385048,37849254,0
1,2098,381400,1954400,3008,966385048,37849254,0
1,2099,2045100,1954400,3008,966385048,37849254,0
1,2100,259800,1954400,3008,966385048,37849254,0
1,2101,1813400,1954400,3008,966385048,37849254,0
1,2102,469100,1954400,3008,966385048,37849254,0
1,2103,2069300,1954400,3008,966385048,37849254,0
1,2104,251900,1954400,3008,966385048,37849254,0
1,2105,1917400,1954400,3008,966385048,37849254,0
1,2106,302100,1954400,3008,966385048,37849254,0
1,2107,2095100,1954400,3008,966385048,37849254,0
1,2108,344800,1954400,3008,966385048,37849254,0
1,2109,1636000,1954400,3008,966385048,37849254,0
1,2110,245200,1954400,3008,966385048,37849254,0
1,2111,1277800,1954400,3008,966385048,37849254,0
1,2112,300500,1954400,3008,966385048,37849254,0
1,2113,1675000,1954400,3008,966385048,37849254,0
1,2114,354600,1954400,3008,966385048,37849254,0
1,2115,1948300,1954400,3008,966385048,37849254,0
1,2116,257700,1954400,3008,966385048,37849254,0
1,2117,1429100,1954400,3008,966385048,37849254,0
1,2118,413500,1954400,3008,966385048,37849254,0
1,2119,1831200,1954400,3008,966385048,37849254,0
1,2120,311500,1954400,3008,966385048,37849254,0
1,2121,1861700,1954400,3008,966385048,37849254,0
1,2122,326100,1954400,3008,966385048,37849254,0
1,2123,1803100,1954400,3008,966385048,37849254,0
1,2124,187100,1954400,3008,966385048,37849254,0
1,2125,1706200,1954400,3008,966385048,37849254,0
1,2126,354900,1954400,3008,966385048,37849254,0
1,2127,2314400,1954400,3008,966385048,37849254,0
1,2128,307900,1954400,3008,966385048,37849254,0
1,2129,1390800,1954400,3008,966385048,37849254,0
1,2130,353400,1954400,3008,966385048,37849254,0
1,2131,1309300,1954400,3008,966385048,37849254,0
1,2132,425600,1954400,3008,966385048,37849254,0
1,2133,1939000,1954400,3008,966385048,37849254,0
1,2134,346000,1954400,3008,966385048,37849254,0
1,2135,1677400,1954400,3008,966385048,37849254,0
1,2136,348100,1954400,3008,966385048,37849254,0
1,2137,1766700,1954400,3008,966385048,37849254,0
1,2138,352900,1954400,3008,966385048,37849254,0
1,2139,1249200,1954400,3008,966385048,37849254,0
1,2140,425400,1954400,3008,966385048,37849254,0
1,2141,1258100,1954400,3008,966385048,37849254,0
1,2142,231800,1954400,3008,966385048,37849254,0
1,2143,1312100,1954400,3008,966385048,37849254,0
1,2144,351200,1954400,3008,966385048,37849254,0
1,2145,2026400,1954400,3008,966385048,37849254,0
1,2146,266000,1954400,3008,966385048,37849254,0
1,2147,1571500,1954400,3008,966385048,37849254,0
1,2148,348000,1954400,3008,966385048,37849254,0
1,2149,1801400,1954400,3008,966385048,37849254,0
1,2150,360300,1954400,3008,966385048,37849254,0
1,2151,1838100,1954400,3008,966385048,37849254,0
1,2152,254200,1954400,3008,966385048,37849254,0
1,2153,2170400,1954400,3008,966385048,37849254,0
1,2154,258400,1954400,3008,966385048,37849254,0
1,2155,2139900,1954400,3008,966385048,37849254,0
1,2156,344400,1954400,3008,966385048,37849254,0
1,2157,1341300,1954400,3008,966385048,37849254,0
1,2158,313400,1954400,3008,966385048,37849254,0
1,2159,1264800,1954400,3008,966385048,37849254,0
1,2160,381400,1954400,3008,966385048,37849254,0
1,2161,1845400,1954400,3008,966385048,37849254,0
1,2162,260400,1954400,3008,966385048,37849254,0
1,2163,1787300,1954400,3008,966385048,37849254,0
1,2164,401800,1954400,3008,966385048,37849254,0
1,2165,1859000,1954400,3008,966385048,37849254,0
1,2166,353900,1954400,3008,966385048,37849254,0
1,2167,1793400,1954400,3008,966385048,37849254,0
1,2168,259000,1954400,3008,966385048,37849254,0
1,2169,1255200,1954400,3008,966385048,37849254,0
1,2170,537900,1954400,3008,966385048,37849254,0
1,2171,2028100,1954400,3008,966385048,37849254,0
1,2172,397500,1954400,3008,966385048,37849254,0
1,2173,1396900,1954400,3008,966385048,37849254,0
1,2174,386200,1954400,3008,966385048,37849254,0
1,2175,1629700,1954400,3008,966385048,37849254,0
1,2176,373800,1954400,3008,966385048,37849254,0
1,2177,1373400,1954400,3008,966385048,37849254,0
1,2178,302900,1954400,3008,966385048,37849254,0
1,2179,1589800,1954400,3008,966385048,37849254,0
1,2180,252000,1954400,3008,966385048,37849254,0
1,2181,1819800,1954400,3008,966385048,37849254,0
1,2182,594200,1954400,3008,966385048,37849254,0
1,2183,1705000,1954400,3008,966385048,37849254,0
1,2184,380700,1954400,3008,966385048,37849254,0
1,2185,1857700,1954400,3008,966385048,37849254,0
1,2186,388600,1954400,3008,966385048,37849254,0
1,2187,1848900,1954400,3008,966385048,37849254,0
1,2188,406300,1954400,3008,966385048,37849254,0
1,2189,1268000,1954400,3008,966385048,37849254,0
1,2190,291400,1954400,3008,966385048,37849254,0
1,2191,1240900,1954400,3008,966385048,37849254,0
1,2192,276400,1954400,3008,966385048,37849254,0
1,2193,1299700,1954400,3008,966385048,37849254,0
1,2194,238900,1954400,3008,966385048,37849254,0
1,2195,1432900,1954400,3008,966385048,37849254,0
1,2196,342800,1954400,3008,966385048,37849254,0
1,2197,1526000,1954400,3008,966385048,37849254,0
1,2198,199600,1954400,3008,966385048,37849254,0
1,2199,1892300,1954400,3008,966385048,37849254,0
1,2200,192500,1954400,3008,966385048,37849254,0
1,2201,1266900,1954400,3008,966385048,37849254,0
1,2202,367600,1954400,3008,966385048,37849254,0
1,2203,1478300,1954400,3008,966385048,37849254,0
1,2204,261300,1954400,3008,966385048,37849254,0
1,2205,1834300,1954400,3008,966385048,37849254,0
1,2206,339600,1954400,3008,966385048,37849254,0
1,2207,1827800,1954400,3008,966385048,37849254,0
1,2208,352000,1954400,3008,966385048,37849254,0
1,2209,1941900,1954400,3008,966385048,37849254,0
1,2210,358300,1954400,3008,966385048,37849254,0
1,2211,1328400,1954400,3008,966385048,37849254,0
1,2212,374600,1954400,3008,966385048,37849254,0
1,2213,1674300,1954400,3008,966385048,37849254,0
1,2214,266100,1954400,3008,966385048,37849254,0
1,2215,1518100,1954400,3008,966385048,37849254,0
1,2216,274100,1954400,3008,966385048,37849254,0
1,2217,1839800,1954400,3008,966385048,37849254,0
1,2218,404200,1954400,3008,966385048,37849254,0
1,2219,1858900,1954400,3008,966385048,37849254,0
1,2220,298100,1954400,3008,966385048,37849254,0
1,2221,2001600,1954400,3008,966385048,37849254,0
1,2222,245100,1954400,3008,966385048,37849254,0
1,2223,1431800,1954400,3008,966385048,37849254,0
1,2224,353900,1954400,3008,966385048,37849254,0
1,2225,1840800,1954400,3008,966385048,37849254,0
1,2226,275900,1954400,3008,966385048,37849254,0
1,2227,1722100,1954400,3008,966385048,37849254,0
1,2228,264300,1954400,3008,966385048,37849254,0
1,2229,1835700,1954400,3008,966385048,37849254,0
1,2230,404800,1954400,3008,966385048,37849254,0
1,2231,1687700,1954400,3008,966385048,37849254,0
1,2232,264300,1954400,3008,966385048,37849254,0
1,2233,1872300,1954400,3008,966385048,37849254,0
1,2234,353400,1954400,3008,966385048,37849254,0
1,2235,2014700,1954400,3008,966385048,37849254,0
1,2236,443300,1954400,3008,966385048,37849254,0
1,2237,2094400,1954400,3008,966385048,37849254,0
1,2238,256700,1954400,3008,966385048,37849254,0
1,2239,1861400,1954400,3008,966385048,37849254,0
1,2240,374500,1954400,3008,966385048,37849254,0
1,2241,2076000,1954400,3008,966385048,37849254,0
1,2242,446600,1954400,3008,966385048,37849254,0
1,2243,1288200,1954400,3008,966385048,37849254,0
1,2244,350900,1954400,3008,966385048,37849254,0
1,2245,1847600,1954400,3008,966385048,37849254,0
1,2246,247900,1954400,3008,966385048,37849254,0
1,2247,1846000,1954400,3008,966385048,37849254,0
1,2248,420200,1954400,3008,966385048,37849254,0
1,2249,1779100,1954400,3008,966385048,37849254,0
1,2250,308700,1954400,3008,966385048,37849254,0
1,2251,1864300,1954400,3008,966385048,37849254,0
1,2252,319300,1954400,3008,966385048,37849254,0
1,2253,1848000,1954400,3008,966385048,37849254,0
1,2254,328300,1954400,3008,966385048,37849254,0
1,2255,1740100,1954400,3008,966385048,37849254,0
1,2256,414900,1954400,3008,966385048,37849254,0
1,2257,1731300,1954400,3008,966385048,37849254,0
1,2258,378500,1954400,3008,966385048,37849254,0
1,2259,1842300,1954400,3008,966385048,37849254,0
1,2260,349800,1954400,3008,966385048,37849254,0
1,2261,2125700,1954400,3008,966385048,37849254,0
1,2262,337600,1954400,3008,966385048,37849254,0
1,2263,2132200,1954400,3008,966385048,37849254,0
1,2264,410500,1954400,3008,966385048,37849254,0
1,2265,1336200,1954400,3008,966385048,37849254,0
1,2266,375200,1954400,3008,966385048,37849254,0
1,2267,2084900,1954400,3008,966385048,37849254,0
1,2268,266800,1954400,3008,966385048,37849254,0
1,2269,1562900,1954400,3008,966385048,37849254,0
1,2270,350800,1954400,3008,966385048,37849254,0
1,2271,1650100,1954400,3008,966385048,37849254,0
1,2272,363000,1954400,3008,966385048,37849254,0
1,2273,1651600,1954400,3008,966385048,37849254,0
1,2274,405900,1954400,3008,966385048,37849254,0
1,2275,1761100,1954400,3008,966385048,37849254,0
1,2276,319100,1954400,3008,966385048,37849254,0
1,2277,1376500,1954400,3008,966385048,37849254,0
1,2278,407100,1954400,3008,966385048,37849254,0
1,2279,1867900,1954400,3008,966385048,37849254,0
1,2280,431700,1954400,3008,966385048,37849254,0
1,2281,1526200,1954400,3008,966385048,37849254,0
1,2282,233900,1954400,3008,966385048,37849254,0
1,2283,1433600,1954400,3008,966385048,37849254,0
1,2284,381000,1954400,3008,966385048,37849254,0
1,2285,1594900,1954400,3008,966385048,37849254,0
1,2286,253400,1954400,3008,966385048,37849254,0
1,2287,1541100,1954400,3008,966385048,37849254,0
1,2288,287100,1954400,3008,966385048,37849254,0
1,2289,1896200,1954400,3008,966385048,37849254,0
1,2290,377100,1954400,3008,966385048,37849254,0
1,2291,1891900,1954400,3008,966385048,37849254,0
1,2292,261000,1954400,3008,966385048,37849254,0
1,2293,1924800,1954400,3008,966385048,37849254,0
1,2294,411900,1954400,3008,966385048,37849254,0
1,2295,1632000,1954400,3008,966385048,37849254,0
1,2296,345200,1954400,3008,966385048,37849254,0
1,2297,1677300,1954400,3008,966385048,37849254,0
1,2298,362900,1954400,3008,966385048,37849254,0
1,2299,1388600,1954400,3008,966385048,37849254,0
1,2300,349100,1954400,3008,966385048,37849254,0
1,2301,1663100,1954400,3008,966385048,37849254,0
1,2302,362900,1954400,3008,966385048,37849254,0
1,2303,1687900,1954400,3008,966385048,37849254,0
1,2304,386400,1954400,3008,966385048,37849254,0
1,2305,1916000,1954400,3008,966385048,37849254,0
1,2306,217100,1954400,3008,966385048,37849254,0
1,2307,1844000,1954400,3008,966385048,37849254,0
1,2308,267700,1954400,3008,966385048,37849254,0
1,2309,1318900,1954400,3008,966385048,37849254,0
1,2310,355700,1954400,3008,966385048,37849254,0
1,2311,1539800,1954400,3008,966385048,37849254,0
1,2312,294500,1954400,3008,966385048,37849254,0
1,2313,1312000,1954400,3008,966385048,37849254,0
1,2314,350600,1954400,3008,966385048,37849254,0
1,2315,1597800,1954400,3008,966385048,37849254,0
1,2316,211200,1954400,3008,966385048,37849254,0
1,2317,1383300,1954400,3008,966385048,37849254,0
1,2318,359300,1954400,3008,966385048,37849254,0
1,2319,1737800,1954400,3008,966385048,37849254,0
1,2320,376900,1954400,3008,966385048,37849254,0
1,2321,1740300,1954400,3008,966385048,37849254,0
1,2322,268700,1954400,3008,966385048,37849254,0
1,2323,1843400,1954400,3008,966385048,37849254,0
1,2324,351700,1954400,3008,966385048,37849254,0
1,2325,1354400,1954400,3008,966385048,37849254,0
1,2326,345400,1954400,3008,966385048,37849254,0
1,2327,1870200,1954400,3008,966385048,37849254,0
1,2328,324700,1954400,3008,966385048,37849254,0
1,2329,2038400,1954400,3008,966385048,37849254,0
1,2330,287600,1954400,3008,966385048,37849254,0
1,2331,1587000,1954400,3008,966385048,37849254,0
1,2332,238500,1954400,3008,966385048,37849254,0
1,2333,1882800,1954400,3008,966385048,37849254,0
1,2334,246700,1954400,3008,966385048,37849254,0
1,2335,1981100,1954400,3008,966385048,37849254,0
1,2336,310800,1954400,3008,966385048,37849254,0
1,2337,2129400,1954400,3008,966385048,37849254,0
1,2338,290600,1954400,3008,966385048,37849254,0
1,2339,1856700,1954400,3008,966385048,37849254,0
1,2340,348100,1954400,3008,966385048,37849254,0
1,2341,1797600,1954400,3008,966385048,37849254,0
1,2342,395400,1954400,3008,966385048,37849254,0
1,2343,1772800,1954400,3008,966385048,37849254,0
1,2344,481300,1954400,3008,966385048,37849254,0
1,2345,1672000,1954400,3008,966385048,37849254,0
1,2346,371300,1954400,3008,966385048,37849254,0
1,2347,1821000,1954400,3008,966385048,37849254,0
1,2348,374100,1954400,3008,966385048,37849254,0
1,2349,1608200,1954400,3008,966385048,37849254,0
1,2350,380800,1954400,3008,966385048,37849254,0
1,2351,1848800,1954400,3008,966385048,37849254,0
1,2352,236200,1954400,3008,966385048,37849254,0
1,2353,1490300,1954400,3008,966385048,37849254,0
1,2354,395500,1954400,3008,966385048,37849254,0
1,2355,1994100,1954400,3008,966385048,37849254,0
1,2356,250400,1954400,3008,966385048,37849254,0
1,2357,1813400,1954400,3008,966385048,37849254,0
1,2358,240000,1954400,3008,966385048,37849254,0
1,2359,2401300,1954400,3008,966385048,37849254,0
1,2360,249300,1954400,3008,966385048,37849254,0
1,2361,1574400,1954400,3008,966385048,37849254,0
1,2362,257300,1954400,3008,966385048,37849254,0
1,2363,1299900,1954400,3008,966385048,37849254,0
1,2364,376000,1954400,3008,966385048,37849254,0
1,2365,1841100,1954400,3008,966385048,37849254,0
1,2366,301800,1954400,3008,966385048,37849254,0
1,2367,1847100,1954400,3008,966385048,37849254,0
1,2368,314900,1954400,3008,966385048,37849254,0
1,2369,1865600,1954400,3008,966385048,37849254,0
1,2370,366000,1954400,3008,966385048,37849254,0
1,2371,1860100,1954400,3008,966385048,37849254,0
1,2372,324800,1954400,3008,966385048,37849254,0
1,2373,1957400,1954400,3008,966385048,37849254,0
1,2374,336600,1954400,3008,966385048,37849254,0
1,2375,1836000,1954400,3008,966385048,37849254,0
1,2376,327800,1954400,3008,966385048,37849254,0
1,2377,1512400,1954400,3008,966385048,37849254,0
1,2378,350200,1954400,3008,966385048,37849254,0
1,2379,1573000,1954400,3008,966385048,37849254,0
1,2380,602900,1954400,3008,966385048,37849254,0
1,2381,1870800,1954400,3008,966385048,37849254,0
1,2382,355700,1954400,3008,966385048,37849254,0
1,2383,1329800,1954400,3008,966385048,37849254,0
1,2384,305400,1954400,3008,966385048,37849254,0
1,2385,1489300,1954400,3008,966385048,37849254,0
1,2386,326700,1954400,3008,966385048,37849254,0
1,2387,1855500,1954400,3008,966385048,37849254,0
1,2388,351400,1954400,3008,966385048,37849254,0
1,2389,1928600,1954400,3008,966385048,37849254,0
1,2390,381500,1954400,3008,966385048,37849254,0
1,2391,1679100,1954400,3008,966385048,37849254,0
1,2392,244300,1954400,3008,966385048,37849254,0
1,2393,1551900,1954400,3008,966385048,37849254,0
1,2394,329200,1954400,3008,966385048,37849254,0
1,2395,1812100,1954400,3008,966385048,37849254,0
1,2396,265800,1954400,3008,966385048,37849254,0
1,2397,1450200,1954400,3008,966385048,37849254,0
1,2398,291900,1954400,3008,966385048,37849254,0
1,2399,1869800,1954400,3008,966385048,37849254,0
1,2400,374400,1954400,3008,966385048,37849254,0
1,2401,1668800,1954400,3008,966385048,37849254,0
1,2402,244300,1954400,3008,966385048,37849254,0
1,2403,1282400,1954400,3008,966385048,37849254,0
1,2404,247500,1954400,3008,966385048,37849254,0
1,2405,1673000,1954400,3008,966385048,37849254,0
1,2406,507600,1954400,3008,966385048,37849254,0
1,2407,1633800,1954400,3008,966385048,37849254,0
1,2408,384000,1954400,3008,966385048,37849254,0
1,2409,1480900,1954400,3008,966385048,37849254,0
1,2410,419900,1954400,3008,966385048,37849254,0
1,2411,1845900,1954400,3008,966385048,37849254,0
1,2412,283500,1954400,3008,966385048,37849254,0
1,2413,1439700,1954400,3008,966385048,37849254,0
1,2414,277400,1954400,3008,966385048,37849254,0
1,2415,1858700,1954400,3008,966385048,37849254,0
1,2416,337700,1954400,3008,966385048,37849254,0
1,2417,1775300,1954400,3008,966385048,37849254,0
1,2418,363800,1954400,3008,966385048,37849254,0
1,2419,1298400,1954400,3008,966385048,37849254,0
1,2420,382300,1954400,3008,966385048,37849254,0
1,2421,1928000,1954400,3008,966385048,37849254,0
1,2422,372900,1954400,3008,966385048,37849254,0
1,2423,1863300,1954400,3008,966385048,37849254,0
1,2424,312700,1954400,3008,966385048,37849254,0
1,2425,1481100,1954400,3008,966385048,37849254,0
1,2426,336100,1954400,3008,966385048,37849254,0
1,2427,1658500,1954400,3008,966385048,37849254,0
1,2428,310000,1954400,3008,966385048,37849254,0
1,2429,1937700,1954400,3008,966385048,37849254,0
1,2430,245800,1954400,3008,966385048,37849254,0
1,2431,1277000,1954400,3008,966385048,37849254,0
1,2432,346800,1954400,3008,966385048,37849254,0
1,2433,1453900,1954400,3008,966385048,37849254,0
1,2434,388400,1954400,3008,966385048,37849254,0
1,2435,1840200,1954400,3008,966385048,37849254,0
1,2436,303900,1954400,3008,966385048,37849254,0
1,2437,1773800,1954400,3008,966385048,37849254,0
1,2438,344200,1954400,3008,966385048,37849254,0
1,2439,1356100,1954400,3008,966385048,37849254,0
1,2440,506900,1954400,3008,966385048,37849254,0
1,2441,2172000,1954400,3008,966385048,37849254,0
1,2442,252200,1954400,3008,966385048,37849254,0
1,2443,1923400,1954400,3008,966385048,37849254,0
1,2444,406000,1954400,3008,966385048,37849254,0
1,2445,1800200,1954400,3008,966385048,37849254,0
1,2446,351100,1954400,3008,966385048,37849254,0
1,2447,1880200,1954400,3008,966385048,37849254,0
1,2448,269000,1954400,3008,966385048,37849254,0
1,2449,1416900,1954400,3008,966385048,37849254,0
1,2450,303200,1954400,3008,966385048,37849254,0
1,2451,1683800,1954400,3008,966385048,37849254,0
1,2452,312700,1954400,3008,966385048,37849254,0
1,2453,1367000,1954400,3008,966385048,37849254,0
1,2454,347400,1954400,3008,966385048,37849254,0
1,2455,1517600,1954400,3008,966385048,37849254,0
1,2456,434700,1954400,3008,966385048,37849254,0
1,2457,1329700,1954400,3008,966385048,37849254,0
1,2458,262100,1954400,3008,966385048,37849254,0
1,2459,2000800,1954400,3008,966385048,37849254,0
1,2460,416500,1954400,3008,966385048,37849254,0
1,2461,1429600,1954400,3008,966385048,37849254,0
1,2462,210000,1954400,3008,966385048,37849254,0
1,2463,1399100,1954400,3008,966385048,37849254,0
1,2464,367200,1954400,3008,966385048,37849254,0
1,2465,2115900,1954400,3008,966385048,37849254,0
1,2466,267800,1954400,3008,966385048,37849254,0
1,2467,1522700,1954400,3008,966385048,37849254,0
1,2468,316300,1954400,3008,966385048,37849254,0
1,2469,1680100,1954400,3008,966385048,37849254,0
1,2470,359000,1954400,3008,966385048,37849254,0
1,2471,1858900,1954400,3008,966385048,37849254,0
1,2472,377400,1954400,3008,966385048,37849254,0
1,2473,1288100,1954400,3008,966385048,37849254,0
1,2474,334400,1954400,3008,966385048,37849254,0
1,2475,1861300,1954400,3008,966385048,37849254,0
1,2476,284600,1954400,3008,966385048,37849254,0
1,2477,1462700,1954400,3008,966385048,37849254,0
1,2478,264500,1954400,3008,966385048,37849254,0
1,2479,1622900,1954400,3008,966385048,37849254,0
1,2480,388900,1954400,3008,966385048,37849254,0
1,2481,1923500,1954400,3008,966385048,37849254,0
1,2482,295100,1954400,3008,966385048,37849254,0
1,2483,2004600,1954400,3008,966385048,37849254,0
1,2484,377200,1954400,3008,966385048,37849254,0
1,2485,1903400,1954400,3008,966385048,37849254,0
1,2486,395400,1954400,3008,966385048,37849254,0
1,2487,1690300,1954400,3008,966385048,37849254,0
1,2488,352700,1954400,3008,966385048,37849254,0
1,2489,2076900,1954400,3008,966385048,37849254,0
1,2490,354300,1954400,3008,966385048,37849254,0
1,2491,1843400,1954400,3008,966385048,37849254,0
1,2492,363300,1954400,3008,966385048,37849254,0
1,2493,1818300,1954400,3008,966385048,37849254,0
1,2494,344400,1954400,3008,966385048,37849254,0
1,2495,1874700,1954400,3008,966385048,37849254,0
1,2496,355900,1954400,3008,966385048,37849254,0
1,2497,1657100,1954400,3008,966385048,37849254,0
1,2498,346800,1954400,3008,966385048,37849254,0
1,2499,1405000,1954400,3008,966385048,37849254,0
1,2500,350300,1954400,3008,966385048,37849254,0
1,2501,1824300,1954400,3008,966385048,37849254,0
1,2502,245400,1954400,3008,966385048,37849254,0
1,2503,1774000,1954400,3008,966385048,37849254,0
1,2504,272600,1954400,3008,966385048,37849254,0
1,2505,1850300,1954400,3008,966385048,37849254,0
1,2506,660400,1954400,3008,966385048,37849254,0
1,2507,1556100,1954400,3008,966385048,37849254,0
1,2508,393500,1954400,3008,966385048,37849254,0
1,2509,1751900,1954400,3008,966385048,37849254,0
1,2510,325800,1954400,3008,966385048,37849254,0
1,2511,1882200,1954400,3008,966385048,37849254,0
1,2512,382100,1954400,3008,966385048,37849254,0
1,2513,1696400,1954400,3008,966385048,37849254,0
1,2514,332300,1954400,3008,966385048,37849254,0
1,2515,1434300,1954400,3008,966385048,37849254,0
1,2516,373600,1954400,3008,966385048,37849254,0
1,2517,1833300,1954400,3008,966385048,37849254,0
1,2518,381200,1954400,3008,966385048,37849254,0
1,2519,1830200,1954400,3008,966385048,37849254,0
1,2520,351600,1954400,3008,966385048,37849254,0
1,2521,1970000,1954400,3008,966385048,37849254,0
1,2522,307700,1954400,3008,966385048,37849254,0
1,2523,1471000,1954400,3008,966385048,37849254,0
1,2524,449900,1954400,3008,966385048,37849254,0
1,2525,1731200,1954400,3008,966385048,37849254,0
1,2526,249200,1954400,3008,966385048,37849254,0
1,2527,1261100,1954400,3008,966385048,37849254,0
1,2528,359800,1954400,3008,966385048,37849254,0
1,2529,1880000,1954400,3008,966385048,37849254,0
1,2530,319100,1954400,3008,966385048,37849254,0
1,2531,2067700,1954400,3008,966385048,37849254,0
1,2532,327200,1954400,3008,966385048,37849254,0
1,2533,1550000,1954400,3008,966385048,37849254,0
1,2534,242200,1954400,3008,966385048,37849254,0
1,2535,1861900,1954400,3008,966385048,37849254,0
1,2536,355900,1954400,3008,966385048,37849254,0
1,2537,1709500,1954400,3008,966385048,37849254,0
1,2538,249500,1954400,3008,966385048,37849254,0
1,2539,1609100,1954400,3008,966385048,37849254,0
1,2540,449400,1954400,3008,966385048,37849254,0
1,2541,1835400,1954400,3008,966385048,37849254,0
1,2542,264600,1954400,3008,966385048,37849254,0
1,2543,1382800,1954400,3008,966385048,37849254,0
1,2544,362500,1954400,3008,966385048,37849254,0
1,2545,1612200,1954400,3008,966385048,37849254,0
1,2546,343600,1954400,3008,966385048,37849254,0
1,2547,1888600,1954400,3008,966385048,37849254,0
1,2548,357800,1954400,3008,966385048,37849254,0
1,2549,1863200,1954400,3008,966385048,37849254,0
1,2550,412200,1954400,3008,966385048,37849254,0
1,2551,1542300,1954400,3008,966385048,37849254,0
1,2552,203200,1954400,3008,966385048,37849254,0
1,2553,1852100,1954400,3008,966385048,37849254,0
1,2554,246800,1954400,3008,966385048,37849254,0
1,2555,1621900,1954400,3008,966385048,37849254,0
1,2556,432700,1954400,3008,966385048,37849254,0
1,2557,1589600,1954400,3008,966385048,37849254,0
1,2558,247700,1954400,3008,966385048,37849254,0
1,2559,1701500,1954400,3008,966385048,37849254,0
1,2560,379800,1954400,3008,966385048,37849254,0
1,2561,1583100,1954400,3008,966385048,37849254,0
1,2562,352800,1954400,3008,966385048,37849254,0
1,2563,1705800,1954400,3008,966385048,37849254,0
1,2564,374300,1954400,3008,966385048,37849254,0
1,2565,1775100,1954400,3008,966385048,37849254,0
1,2566,397700,1954400,3008,966385048,37849254,0
1,2567,1760200,1954400,3008,966385048,37849254,0
1,2568,367800,1954400,3008,966385048,37849254,0
1,2569,1845100,1954400,3008,966385048,37849254,0
1,2570,398500,1954400,3008,966385048,37849254,0
1,2571,1826500,1954400,3008,966385048,37849254,0
1,2572,368000,1954400,3008,966385048,37849254,0
1,2573,1342100,1954400,3008,966385048,37849254,0
1,2574,364100,1954400,3008,966385048,37849254,0
1,2575,1270800,1954400,3008,966385048,37849254,0
1,2576,364900,1954400,3008,966385048,37849254,0
1,2577,1312100,1954400,3008,966385048,37849254,0
1,2578,440400,1954400,3008,966385048,37849254,0
1,2579,1560500,1954400,3008,966385048,37849254,0
1,2580,257600,1954400,3008,966385048,37849254,0
1,2581,1912200,1954400,3008,966385048,37849254,0
1,2582,256600,1954400,3008,966385048,37849254,0
1,2583,1844600,1954400,3008,966385048,37849254,0
1,2584,340300,1954400,3008,966385048,37849254,0
1,2585,1487300,1954400,3008,966385048,37849254,0
1,2586,367000,1954400,3008,966385048,37849254,0
1,2587,1864400,1954400,3008,966385048,37849254,0
1,2588,368300,1954400,3008,966385048,37849254,0
1,2589,1453000,1954400,3008,966385048,37849254,0
1,2590,363100,1954400,3008,966385048,37849254,0
1,2591,1819200,1954400,3008,966385048,37849254,0
1,2592,348700,1954400,3008,966385048,37849254,0
1,2593,1859200,1954400,3008,966385048,37849254,0
1,2594,288900,1954400,3008,966385048,37849254,0
1,2595,1589900,1954400,3008,966385048,37849254,0
1,2596,282000,1954400,3008,966385048,37849254,0
1,2597,1422800,1954400,3008,966385048,37849254,0
1,2598,343900,1954400,3008,966385048,37849254,0
1,2599,1486200,1954400,3008,966385048,37849254,0
1,2600,347800,1954400,3008,966385048,37849254,0
1,2601,1582700,1954400,3008,966385048,37849254,0
1,2602,255600,1954400,3008,966385048,37849254,0
1,2603,1312600,1954400,3008,966385048,37849254,0
1,2604,283600,1954400,3008,966385048,37849254,0
1,2605,2237000,1954400,3008,966385048,37849254,0
1,2606,245500,1954400,3008,966385048,37849254,0
1,2607,1854400,1954400,3008,966385048,37849254,0
1,2608,243300,1954400,3008,966385048,37849254,0
1,2609,1919200,1954400,3008,966385048,37849254,0
1,2610,239800,1954400,3008,966385048,37849254,0
1,2611,1696200,1954400,3008,966385048,37849254,0
1,2612,367900,1954400,3008,966385048,37849254,0
1,2613,1741100,1954400,3008,966385048,37849254,0
1,2614,360600,1954400,3008,966385048,37849254,0
1,2615,1533800,1954400,3008,966385048,37849254,0
1,2616,314600,1954400,3008,966385048,37849254,0
1,2617,1835800,1954400,3008,966385048,37849254,0
1,2618,553700,1954400,3008,966385048,37849254,0
1,2619,1680700,1954400,3008,966385048,37849254,0
1,2620,248000,1954400,3008,966385048,37849254,0
1,2621,1723900,1954400,3008,966385048,37849254,0
1,2622,389600,1954400,3008,966385048,37849254,0
1,2623,1837300,1954400,3008,966385048,37849254,0
1,2624,277700,1954400,3008,966385048,37849254,0
1,2625,1611200,1954400,3008,966385048,37849254,0
1,2626,258700,1954400,3008,966385048,37849254,0
1,2627,1277500,1954400,3008,966385048,37849254,0
1,2628,261000,1954400,3008,966385048,37849254,0
1,2629,1694300,1954400,3008,966385048,37849254,0
1,2630,354700,1954400,3008,966385048,37849254,0
1,2631,1544300,1954400,3008,966385048,37849254,0
1,2632,416600,1954400,3008,966385048,37849254,0
1,2633,1533800,1954400,3008,966385048,37849254,0
1,2634,474900,1954400,3008,966385048,37849254,0
1,2635,1773300,1954400,3008,966385048,37849254,0
1,2636,352800,1954400,3008,966385048,37849254,0
1,2637,1894100,1954400,3008,966385048,37849254,0
1,2638,364900,1954400,3008,966385048,37849254,0
1,2639,1263100,1954400,3008,966385048,37849254,0
1,2640,343700,1954400,3008,966385048,37849254,0
1,2641,1762200,1954400,3008,966385048,37849254,0
1,2642,293600,1954400,3008,966385048,37849254,0
1,2643,1847000,1954400,3008,966385048,37849254,0
1,2644,366600,1954400,3008,966385048,37849254,0
1,2645,1590100,1954400,3008,966385048,37849254,0
1,2646,361200,1954400,3008,966385048,37849254,0
1,2647,1714000,1954400,3008,966385048,37849254,0
1,2648,607500,1954400,3008,966385048,37849254,0
1,2649,1785100,1954400,3008,966385048,37849254,0
1,2650,237900,1954400,3008,966385048,37849254,0
1,2651,1959000,1954400,3008,966385048,37849254,0
1,2652,342700,1954400,3008,966385048,37849254,0
1,2653,1863100,1954400,3008,966385048,37849254,0
1,2654,300700,1954400,3008,966385048,37849254,0
1,2655,1913400,1954400,3008,966385048,37849254,0
1,2656,340300,1954400,3008,966385048,37849254,0
1,2657,1869600,1954400,3008,966385048,37849254,0
1,2658,347900,1954400,3008,966385048,37849254,0
1,2659,1246400,1954400,3008,966385048,37849254,0
1,2660,250600,1954400,3008,966385048,37849254,0
1,2661,1809500,1954400,3008,966385048,37849254,0
1,2662,429800,1954400,3008,966385048,37849254,0
1,2663,2123500,1954400,3008,966385048,37849254,0
1,2664,357800,1954400,3008,966385048,37849254,0
1,2665,1669800,1954400,3008,966385048,37849254,0
1,2666,258900,1954400,3008,966385048,37849254,0
1,2667,1665500,1954400,3008,966385048,37849254,0
1,2668,372700,1954400,3008,966385048,37849254,0
1,2669,1607100,1954400,3008,966385048,37849254,0
1,2670,358300,1954400,3008,966385048,37849254,0
1,2671,1640600,1954400,3008,966385048,37849254,0
1,2672,374400,1954400,3008,966385048,37849254,0
1,2673,1623300,1954400,3008,966385048,37849254,0
1,2674,339100,1954400,3008,966385048,37849254,0
1,2675,1636300,1954400,3008,966385048,37849254,0
1,2676,376800,1954400,3008,966385048,37849254,0
1,2677,1654400,1954400,3008,966385048,37849254,0
1,2678,408300,1954400,3008,966385048,37849254,0
1,2679,1849100,1954400,3008,966385048,37849254,0
1,2680,332800,1954400,3008,966385048,37849254,0
1,2681,1522300,1954400,3008,966385048,37849254,0
1,2682,250800,1954400,3008,966385048,37849254,0
1,2683,1509400,1954400,3008,966385048,37849254,0
1,2684,253300,1954400,3008,966385048,37849254,0
1,2685,1833900,1954400,3008,966385048,37849254,0
1,2686,469900,1954400,3008,966385048,37849254,0
1,2687,1847100,1954400,3008,966385048,37849254,0
1,2688,237900,1954400,3008,966385048,37849254,0
1,2689,1581000,1954400,3008,966385048,37849254,0
1,2690,344100,1954400,3008,966385048,37849254,0
1,2691,1368200,1954400,3008,966385048,37849254,0
1,2692,257200,1954400,3008,966385048,37849254,0
1,2693,1834600,1954400,3008,966385048,37849254,0
1,2694,284100,1954400,3008,966385048,37849254,0
1,2695,1292000,1954400,3008,966385048,37849254,0
1,2696,348700,1954400,3008,966385048,37849254,0
1,2697,1813500,1954400,3008,966385048,37849254,0
1,2698,346500,1954400,3008,966385048,37849254,0
1,2699,1354800,1954400,3008,966385048,37849254,0
1,2700,350500,1954400,3008,966385048,37849254,0
1,2701,1860100,1954400,3008,966385048,37849254,0
1,2702,301900,1954400,3008,966385048,37849254,0
1,2703,1803700,1954400,3008,966385048,37849254,0
1,2704,397400,1954400,3008,966385048,37849254,0
1,2705,1811400,1954400,3008,966385048,37849254,0
1,2706,397300,1954400,3008,966385048,37849254,0
1,2707,1336800,1954400,3008,966385048,37849254,0
1,2708,240600,1954400,3008,966385048,37849254,0
1,2709,1835300,1954400,3008,966385048,37849254,0
1,2710,355700,1954400,3008,966385048,37849254,0
1,2711,1609200,1954400,3008,966385048,37849254,0
1,2712,347000,1954400,3008,966385048,37849254,0
1,2713,1857200,1954400,3008,966385048,37849254,0
1,2714,358400,1954400,3008,966385048,37849254,0
1,2715,1815600,1954400,3008,966385048,37849254,0
1,2716,360300,1954400,3008,966385048,37849254,0
1,2717,2252200,1954400,3008,966385048,37849254,0
1,2718,374200,1954400,3008,966385048,37849254,0
1,2719,1811800,1954400,3008,966385048,37849254,0
1,2720,347500,1954400,3008,966385048,37849254,0
1,2721,1846900,1954400,3008,966385048,37849254,0
1,2722,290300,1954400,3008,966385048,37849254,0
1,2723,1557800,1954400,3008,966385048,37849254,0
1,2724,316900,1954400,3008,966385048,37849254,0
1,2725,1870700,1954400,3008,966385048,37849254,0
1,2726,390700,1954400,3008,966385048,37849254,0
1,2727,1783700,1954400,3008,966385048,37849254,0
1,2728,380000,1954400,3008,966385048,37849254,0
1,2729,1833700,1954400,3008,966385048,37849254,0
1,2730,354000,1954400,3008,966385048,37849254,0
1,2731,1828900,1954400,3008,966385048,37849254,0
1,2732,275600,1954400,3008,966385048,37849254,0
1,2733,1763500,1954400,3008,966385048,37849254,0
1,2734,347900,1954400,3008,966385048,37849254,0
1,2735,1568600,1954400,3008,966385048,37849254,0
1,2736,395500,1954400,3008,966385048,37849254,0
1,2737,1847100,1954400,3008,966385048,37849254,0
1,2738,354500,1954400,3008,966385048,37849254,0
1,2739,1684400,1954400,3008,966385048,37849254,0
1,2740,567600,1954400,3008,966385048,37849254,0
1,2741,1603300,1954400,3008,966385048,37849254,0
1,2742,376000,1954400,3008,966385048,37849254,0
1,2743,1620600,1954400,3008,966385048,37849254,0
1,2744,317500,1954400,3008,966385048,37849254,0
1,2745,1913800,1954400,3008,966385048,37849254,0
1,2746,248800,1954400,3008,966385048,37849254,0
1,2747,1673800,1954400,3008,966385048,37849254,0
1,2748,388700,1954400,3008,966385048,37849254,0
1,2749,1820200,1954400,3008,966385048,37849254,0
1,2750,367700,1954400,3008,966385048,37849254,0
1,2751,1451800,1954400,3008,966385048,37849254,0
1,2752,392600,1954400,3008,966385048,37849254,0
1,2753,1845700,1954400,3008,966385048,37849254,0
1,2754,260600,1954400,3008,966385048,37849254,0
1,2755,1270800,1954400,3008,966385048,37849254,0
1,2756,383600,1954400,3008,966385048,37849254,0
1,2757,1862300,1954400,3008,966385048,37849254,0
1,2758,256200,1954400,3008,966385048,37849254,0
1,2759,1447400,1954400,3008,966385048,37849254,0
1,2760,365700,1954400,3008,966385048,37849254,0
1,2761,1803800,1954400,3008,966385048,37849254,0
1,2762,330400,1954400,3008,966385048,37849254,0
1,2763,1997600,1954400,3008,966385048,37849254,0
1,2764,355300,1954400,3008,966385048,37849254,0
1,2765,1990000,1954400,3008,966385048,37849254,0
1,2766,399600,1954400,3008,966385048,37849254,0
1,2767,1717100,1954400,3008,966385048,37849254,0
1,2768,369600,1954400,3008,966385048,37849254,0
1,2769,1606400,1954400,3008,966385048,37849254,0
1,2770,238200,1954400,3008,966385048,37849254,0
1,2771,1828800,1954400,3008,966385048,37849254,0
1,2772,356300,1954400,3008,966385048,37849254,0
1,2773,1295400,1954400,3008,966385048,37849254,0
1,2774,416600,1954400,3008,966385048,37849254,0
1,2775,1877700,1954400,3008,966385048,37849254,0
1,2776,291300,1954400,3008,966385048,37849254,0
1,2777,1677500,1954400,3008,966385048,37849254,0
1,2778,357500,1954400,3008,966385048,37849254,0
1,2779,1734300,1954400,3008,966385048,37849254,0
1,2780,350100,1954400,3008,966385048,37849254,0
1,2781,1900600,1954400,3008,966385048,37849254,0
1,2782,351200,1954400,3008,966385048,37849254,0
1,2783,1979800,1954400,3008,966385048,37849254,0
1,2784,245600,1954400,3008,966385048,37849254,0
1,2785,1669200,1954400,3008,966385048,37849254,0
1,2786,523500,1954400,3008,966385048,37849254,0
1,2787,1395200,1954400,3008,966385048,37849254,0
1,2788,482200,1954400,3008,966385048,37849254,0
1,2789,1891600,1954400,3008,966385048,37849254,0
1,2790,321800,1954400,3008,966385048,37849254,0
1,2791,1829800,1954400,3008,966385048,37849254,0
1,2792,244000,1954400,3008,966385048,37849254,0
1,2793,1762100,1954400,3008,966385048,37849254,0
1,2794,256800,1954400,3008,966385048,37849254,0
1,2795,1823800,1954400,3008,966385048,37849254,0
1,2796,369100,1954400,3008,966385048,37849254,0
1,2797,1626600,1954400,3008,966385048,37849254,0
1,2798,377900,1954400,3008,966385048,37849254,0
1,2799,1907300,1954400,3008,966385048,37849254,0
1,2800,311600,1954400,3008,966385048,37849254,0
1,2801,1463100,1954400,3008,966385048,37849254,0
1,2802,385200,1954400,3008,966385048,37849254,0
1,2803,1364500,1954400,3008,966385048,37849254,0
1,2804,258100,1954400,3008,966385048,37849254,0
1,2805,1882300,1954400,3008,966385048,37849254,0
1,2806,356700,1954400,3008,966385048,37849254,0
1,2807,1848700,1954400,3008,966385048,37849254,0
1,2808,364300,1954400,3008,966385048,37849254,0
1,2809,1523700,1954400,3008,966385048,37849254,0
1,2810,266600,1954400,3008,966385048,37849254,0
1,2811,1622600,1954400,3008,966385048,37849254,0
1,2812,213900,1954400,3008,966385048,37849254,0
1,2813,1519800,1954400,3008,966385048,37849254,0
1,2814,344700,1954400,3008,966385048,37849254,0
1,2815,2438700,1954400,3008,966385048,37849254,0
1,2816,353100,1954400,3008,966385048,37849254,0
1,2817,1699400,1954400,3008,966385048,37849254,0
1,2818,277800,1954400,3008,966385048,37849254,0
1,2819,1389900,1954400,3008,966385048,37849254,0
1,2820,295700,1954400,3008,966385048,37849254,0
1,2821,1843600,1954400,3008,966385048,37849254,0
1,2822,376300,1954400,3008,966385048,37849254,0
1,2823,1459300,1954400,3008,966385048,37849254,0
1,2824,665600,1954400,3008,966385048,37849254,0
1,2825,1751000,1954400,3008,966385048,37849254,0
1,2826,249300,1954400,3008,966385048,37849254,0
1,2827,1368900,1954400,3008,966385048,37849254,0
1,2828,264100,1954400,3008,966385048,37849254,0
1,2829,1424900,1954400,3008,966385048,37849254,0
1,2830,398000,1954400,3008,966385048,37849254,0
1,2831,1851000,1954400,3008,966385048,37849254,0
1,2832,367800,1954400,3008,966385048,37849254,0
1,2833,1993400,1954400,3008,966385048,37849254,0
1,2834,251200,1954400,3008,966385048,37849254,0
1,2835,1548300,1954400,3008,966385048,37849254,0
1,2836,373300,1954400,3008,966385048,37849254,0
1,2837,1778200,1954400,3008,966385048,37849254,0
1,2838,280500,1954400,3008,966385048,37849254,0
1,2839,1715500,1954400,3008,966385048,37849254,0
1,2840,232300,1954400,3008,966385048,37849254,0
1,2841,1818600,1954400,3008,966385048,37849254,0
1,2842,350800,1954400,3008,966385048,37849254,0
1,2843,1403600,1954400,3008,966385048,37849254,0
1,2844,361100,1954400,3008,966385048,37849254,0
1,2845,1560100,1954400,3008,966385048,37849254,0
1,2846,361100,1954400,3008,966385048,37849254,0
1,2847,1353000,1954400,3008,966385048,37849254,0
1,2848,243600,1954400,3008,966385048,37849254,0
1,2849,1825400,1954400,3008,966385048,37849254,0
1,2850,379400,1954400,3008,966385048,37849254,0
1,2851,1529200,1954400,3008,966385048,37849254,0
1,2852,354600,1954400,3008,966385048,37849254,0
1,2853,1419400,1954400,3008,966385048,37849254,0
1,2854,241400,1954400,3008,966385048,37849254,0
1,2855,1576000,1954400,3008,966385048,37849254,0
1,2856,349300,1954400,3008,966385048,37849254,0
1,2857,1839500,1954400,3008,966385048,37849254,0
1,2858,374600,1954400,3008,966385048,37849254,0
1,2859,1910000,1954400,3008,966385048,37849254,0
1,2860,257000,1954400,3008,966385048,37849254,0
1,2861,1664300,1954400,3008,966385048,37849254,0
1,2862,338000,1954400,3008,966385048,37849254,0
1,2863,1266600,1954400,3008,966385048,37849254,0
1,2864,350500,1954400,3008,966385048,37849254,0
1,2865,1276000,1954400,3008,966385048,37849254,0
1,2866,369400,1954400,3008,966385048,37849254,0
1,2867,1749400,1954400,3008,966385048,37849254,0
1,2868,351900,1954400,3008,966385048,37849254,0
1,2869,1646200,1954400,3008,966385048,37849254,0
1,2870,349600,1954400,3008,966385048,37849254,0
1,2871,1830800,1954400,3008,966385048,37849254,0
1,2872,253600,1954400,3008,966385048,37849254,0
1,2873,1842500,1954400,3008,966385048,37849254,0
1,2874,271300,1954400,3008,966385048,37849254,0
1,2875,1333100,1954400,3008,966385048,37849254,0
1,2876,398000,1954400,3008,966385048,37849254,0
1,2877,1876300,1954400,3008,966385048,37849254,0
1,2878,235300,1954400,3008,966385048,37849254,0
1,2879,1392000,1954400,3008,966385048,37849254,0
1,2880,343800,1954400,3008,966385048,37849254,0
1,2881,1432200,1954400,3008,966385048,37849254,0
1,2882,346600,1954400,3008,966385048,37849254,0
1,2883,1300900,1954400,3008,966385048,37849254,0
1,2884,260300,1954400,3008,966385048,37849254,0
1,2885,1877700,1954400,3008,966385048,37849254,0
1,2886,363500,1954400,3008,966385048,37849254,0
1,2887,1481900,1954400,3008,966385048,37849254,0
1,2888,348600,1954400,3008,966385048,37849254,0
1,2889,1833700,1954400,3008,966385048,37849254,0
1,2890,273700,1954400,3008,966385048,37849254,0
1,2891,1851000,1954400,3008,966385048,37849254,0
1,2892,423800,1954400,3008,966385048,37849254,0
1,2893,1536600,1954400,3008,966385048,37849254,0
1,2894,329300,1954400,3008,966385048,37849254,0
1,2895,1473900,1954400,3008,966385048,37849254,0
1,2896,372400,1954400,3008,966385048,37849254,0
1,2897,1824300,1954400,3008,966385048,37849254,0
1,2898,439100,1954400,3008,966385048,37849254,0
1,2899,1265300,1954400,3008,966385048,37849254,0
1,2900,250000,1954400,3008,966385048,37849254,0
1,2901,1874400,1954400,3008,966385048,37849254,0
1,2902,381600,1954400,3008,966385048,37849254,0
1,2903,1844100,1954400,3008,966385048,37849254,0
1,2904,210500,1954400,3008,966385048,37849254,0
1,2905,2232200,1954400,3008,966385048,37849254,0
1,2906,299100,1954400,3008,966385048,37849254,0
1,2907,2078700,1954400,3008,966385048,37849254,0
1,2908,353600,1954400,3008,966385048,37849254,0
1,2909,1738800,1954400,3008,966385048,37849254,0
1,2910,258200,1954400,3008,966385048,37849254,0
1,2911,1577100,1954400,3008,966385048,37849254,0
1,2912,510600,1954400,3008,966385048,37849254,0
1,2913,1553800,1954400,3008,966385048,37849254,0
1,2914,349400,1954400,3008,966385048,37849254,0
1,2915,1853500,1954400,3008,966385048,37849254,0
1,2916,370200,1954400,3008,966385048,37849254,0
1,2917,1648300,1954400,3008,966385048,37849254,0
1,2918,310200,1954400,3008,966385048,37849254,0
1,2919,1254300,1954400,3008,966385048,37849254,0
1,2920,326700,1954400,3008,966385048,37849254,0
1,2921,1857100,1954400,3008,966385048,37849254,0
1,2922,282600,1954400,3008,966385048,37849254,0
1,2923,1854100,1954400,3008,966385048,37849254,0
1,2924,269000,1954400,3008,966385048,37849254,0
1,2925,1254300,1954400,3008,966385048,37849254,0
1,2926,365900,1954400,3008,966385048,37849254,0
1,2927,1355200,1954400,3008,966385048,37849254,0
1,2928,375100,1954400,3008,966385048,37849254,0
1,2929,1737000,1954400,3008,966385048,37849254,0
1,2930,302900,1954400,3008,966385048,37849254,0
1,2931,1852900,1954400,3008,966385048,37849254,0
1,2932,359400,1954400,3008,966385048,37849254,0
1,2933,1719900,1954400,3008,966385048,37849254,0
1,2934,361700,1954400,3008,966385048,37849254,0
1,2935,1894400,1954400,3008,966385048,37849254,0
1,2936,353000,1954400,3008,966385048,37849254,0
1,2937,1838700,1954400,3008,966385048,37849254,0
1,2938,362900,1954400,3008,966385048,37849254,0
1,2939,1890200,1954400,3008,966385048,37849254,0
1,2940,261300,1954400,3008,966385048,37849254,0
1,2941,1284500,1954400,3008,966385048,37849254,0
1,2942,372400,1954400,3008,966385048,37849254,0
1,2943,1670000,1954400,3008,966385048,37849254,0
1,2944,398900,1954400,3008,966385048,37849254,0
1,2945,1858400,1954400,3008,966385048,37849254,0
1,2946,273400,1954400,3008,966385048,37849254,0
1,2947,2038800,1954400,3008,966385048,37849254,0
1,2948,164700,1954400,3008,966385048,37849254,0
1,2949,1442100,1954400,3008,966385048,37849254,0
1,2950,330800,1954400,3008,966385048,37849254,0
1,2951,1856900,1954400,3008,966385048,37849254,0
1,2952,258900,1954400,3008,966385048,37849254,0
1,2953,1867400,1954400,3008,966385048,37849254,0
1,2954,331000,1954400,3008,966385048,37849254,0
1,2955,1335300,1954400,3008,966385048,37849254,0
1,2956,564800,1954400,3008,966385048,37849254,0
1,2957,1929800,1954400,3008,966385048,37849254,0
1,2958,276200,1954400,3008,966385048,37849254,0
1,2959,1900200,1954400,3008,966385048,37849254,0
1,2960,343900,1954400,3008,966385048,37849254,0
1,2961,1851700,1954400,3008,966385048,37849254,0
1,2962,280800,1954400,3008,966385048,37849254,0
1,2963,1831200,1954400,3008,966385048,37849254,0
1,2964,307700,1954400,3008,966385048,37849254,0
1,2965,1597100,1954400,3008,966385048,37849254,0
1,2966,267400,1954400,3008,966385048,37849254,0
1,2967,2026300,1954400,3008,966385048,37849254,0
1,2968,321700,1954400,3008,966385048,37849254,0
1,2969,1849900,1954400,3008,966385048,37849254,0
1,2970,359600,1954400,3008,966385048,37849254,0
1,2971,1360700,1954400,3008,966385048,37849254,0
1,2972,219500,1954400,3008,966385048,37849254,0
1,2973,1861000,1954400,3008,966385048,37849254,0
1,2974,260300,1954400,3008,966385048,37849254,0
1,2975,1640200,1954400,3008,966385048,37849254,0
1,2976,332800,1954400,3008,966385048,37849254,0
1,2977,1755700,1954400,3008,966385048,37849254,0
1,2978,385000,1954400,3008,966385048,37849254,0
1,2979,1658800,1954400,3008,966385048,37849254,0
1,2980,251400,1954400,3008,966385048,37849254,0
1,2981,1280000,1954400,3008,966385048,37849254,0
1,2982,355500,1954400,3008,966385048,37849254,0
1,2983,1299500,1954400,3008,966385048,37849254,0
1,2984,354300,1954400,3008,966385048,37849254,0
1,2985,1763100,1954400,3008,966385048,37849254,0
1,2986,274600,1954400,3008,966385048,37849254,0
1,2987,1851900,1954400,3008,966385048,37849254,0
1,2988,509600,1954400,3008,966385048,37849254,0
1,2989,1850000,1954400,3008,966385048,37849254,0
1,2990,351200,1954400,3008,966385048,37849254,0
1,2991,1853300,1954400,3008,966385048,37849254,0
1,2992,243500,1954400,3008,966385048,37849254,0
1,2993,1651100,1954400,3008,966385048,37849254,0
1,2994,267500,1954400,3008,966385048,37849254,0
1,2995,1856200,1954400,3008,966385048,37849254,0
1,2996,337900,1954400,3008,966385048,37849254,0
1,2997,2080600,1954400,3008,966385048,37849254,0
1,2998,302100,1954400,3008,966385048,37849254,0
1,2999,1694100,1954400,3008,966385048,37849254,0
1,3000,409200,1954400,3008,966385048,37849254,0
1,3001,1904600,1954400,3008,966385048,37849254,0
1,3002,352300,1954400,3008,966385048,37849254,0
1,3003,1843100,1954400,3008,966385048,37849254,0
1,3004,257300,1954400,3008,966385048,37849254,0
1,3005,1517600,1954400,3008,966385048,37849254,0
1,3006,398100,1954400,3008,966385048,37849254,0
1,3007,1861600,1954400,3008,966385048,37849254,0
1,3008,323100,1954400,3008,966385048,37849254,0
1,3009,1246600,1954400,3008,966385048,37849254,0
1,3010,260000,1954400,3008,966385048,37849254,0
1,3011,1848800,1954400,3008,966385048,37849254,0
1,3012,358900,1954400,3008,966385048,37849254,0
1,3013,1873900,1954400,3008,966385048,37849254,0
1,3014,264400,1954400,3008,966385048,37849254,0
1,3015,1886900,1954400,3008,966385048,37849254,0
1,3016,348800,1954400,3008,966385048,37849254,0
1,3017,1708900,1954400,3008,966385048,37849254,0
1,3018,250800,1954400,3008,966385048,37849254,0
1,3019,1643500,1954400,3008,966385048,37849254,0
1,3020,254900,1954400,3008,966385048,37849254,0
1,3021,2111600,1954400,3008,966385048,37849254,0
1,3022,235300,1954400,3008,966385048,37849254,0
1,3023,1890500,1954400,3008,966385048,37849254,0
1,3024,394500,1954400,3008,966385048,37849254,0
1,3025,1633600,1954400,3008,966385048,37849254,0
1,3026,245300,1954400,3008,966385048,37849254,0
1,3027,1813900,1954400,3008,966385048,37849254,0
1,3028,221600,1954400,3008,966385048,37849254,0
1,3029,2053500,1954400,3008,966385048,37849254,0
1,3030,286600,1954400,3008,966385048,37849254,0
1,3031,1869500,1954400,3008,966385048,37849254,0
1,3032,290600,1954400,3008,966385048,37849254,0
1,3033,1601500,1954400,3008,966385048,37849254,0
1,3034,339000,1954400,3008,966385048,37849254,0
1,3035,1941400,1954400,3008,966385048,37849254,0
1,3036,366600,1954400,3008,966385048,37849254,0
1,3037,1838900,1954400,3008,966385048,37849254,0
1,3038,346100,1954400,3008,966385048,37849254,0
1,3039,1359300,1954400,3008,966385048,37849254,0
1,3040,251400,1954400,3008,966385048,37849254,0
1,3041,1854500,1954400,3008,966385048,37849254,0
1,3042,257300,1954400,3008,966385048,37849254,0
1,3043,1800300,1954400,3008,966385048,37849254,0
1,3044,325500,1954400,3008,966385048,37849254,0
1,3045,1931200,1954400,3008,966385048,37849254,0
1,3046,372500,1954400,3008,966385048,37849254,0
1,3047,1871000,1954400,3008,966385048,37849254,0
1,3048,557900,1954400,3008,966385048,37849254,0
1,3049,1599400,1954400,3008,966385048,37849254,0
1,3050,367500,1954400,3008,966385048,37849254,0
1,3051,1770600,1954400,3008,966385048,37849254,0
1,3052,285300,1954400,3008,966385048,37849254,0
1,3053,1722400,1954400,3008,966385048,37849254,0
1,3054,303400,1954400,3008,966385048,37849254,0
1,3055,1257400,1954400,3008,966385048,37849254,0
1,3056,359100,1954400,3008,966385048,37849254,0
1,3057,1450700,1954400,3008,966385048,37849254,0
1,3058,348200,1954400,3008,966385048,37849254,0
1,3059,1624400,1954400,3008,966385048,37849254,0
1,3060,351500,1954400,3008,966385048,37849254,0
1,3061,1203700,1954400,3008,966385048,37849254,0
1,3062,313300,1954400,3008,966385048,37849254,0
1,3063,1841500,1954400,3008,966385048,37849254,0
1,3064,319500,1954400,3008,966385048,37849254,0
1,3065,1849200,1954400,3008,966385048,37849254,0
1,3066,255100,1954400,3008,966385048,37849254,0
1,3067,1387800,1954400,3008,966385048,37849254,0
1,3068,933900,1954400,3008,966385048,37849254,0
1,3069,1649200,1954400,3008,966385048,37849254,0
1,3070,256100,1954400,3008,966385048,37849254,0
1,3071,2173600,1954400,3008,966385048,37849254,0
1,3072,356000,1954400,3008,966385048,37849254,0
1,3073,1921700,1954400,3008,966385048,37849254,0
1,3074,247700,1954400,3008,966385048,37849254,0
1,3075,1710900,1954400,3008,966385048,37849254,0
1,3076,257200,1954400,3008,966385048,37849254,0
1,3077,1814400,1954400,3008,966385048,37849254,0
1,3078,369500,1954400,3008,966385048,37849254,0
1,3079,1333500,1954400,3008,966385048,37849254,0
1,3080,406100,1954400,3008,966385048,37849254,0
1,3081,1449100,1954400,3008,966385048,37849254,0
1,3082,378700,1954400,3008,966385048,37849254,0
1,3083,1729900,1954400,3008,966385048,37849254,0
1,3084,348100,1954400,3008,966385048,37849254,0
1,3085,1769900,1954400,3008,966385048,37849254,0
1,3086,379500,1954400,3008,966385048,37849254,0
1,3087,1867600,1954400,3008,966385048,37849254,0
1,3088,351500,1954400,3008,966385048,37849254,0
1,3089,2123800,1954400,3008,966385048,37849254,0
1,3090,348800,1954400,3008,966385048,37849254,0
1,3091,1264500,1954400,3008,966385048,37849254,0
1,3092,356700,1954400,3008,966385048,37849254,0
1,3093,1788600,1954400,3008,966385048,37849254,0
1,3094,264300,1954400,3008,966385048,37849254,0
1,3095,1455900,1954400,3008,966385048,37849254,0
1,3096,362500,1954400,3008,966385048,37849254,0
1,3097,1454500,1954400,3008,966385048,37849254,0
1,3098,311600,1954400,3008,966385048,37849254,0
1,3099,1486300,1954400,3008,966385048,37849254,0
1,3100,381300,1954400,3008,966385048,37849254,0
1,3101,1488200,1954400,3008,966385048,37849254,0
1,3102,369900,1954400,3008,966385048,37849254,0
1,3103,1518600,1954400,3008,966385048,37849254,0
1,3104,440600,1954400,3008,966385048,37849254,0
1,3105,1856800,1954400,3008,966385048,37849254,0
1,3106,355100,1954400,3008,966385048,37849254,0
1,3107,1577300,1954400,3008,966385048,37849254,0
1,3108,358200,1954400,3008,966385048,37849254,0
1,3109,1700600,1954400,3008,966385048,37849254,0
1,3110,283400,1954400,3008,966385048,37849254,0
1,3111,1843600,1954400,3008,966385048,37849254,0
1,3112,349800,1954400,3008,966385048,37849254,0
1,3113,1325300,1954400,3008,966385048,37849254,0
1,3114,373800,1954400,3008,966385048,37849254,0
1,3115,1886600,1954400,3008,966385048,37849254,0
1,3116,354200,1954400,3008,966385048,37849254,0
1,3117,1768500,1954400,3008,966385048,37849254,0
1,3118,364000,1954400,3008,966385048,37849254,0
1,3119,2045000,1954400,3008,966385048,37849254,0
1,3120,329400,1954400,3008,966385048,37849254,0
1,3121,1888600,1954400,3008,966385048,37849254,0
1,3122,261500,1954400,3008,966385048,37849254,0
1,3123,1657700,1954400,3008,966385048,37849254,0
1,3124,437000,1954400,3008,966385048,37849254,0
1,3125,1251900,1954400,3008,966385048,37849254,0
1,3126,266900,1954400,3008,966385048,37849254,0
1,3127,2066200,1954400,3008,966385048,37849254,0
1,3128,242400,1954400,3008,966385048,37849254,0
1,3129,1834700,1954400,3008,966385048,37849254,0
1,3130,358200,1954400,3008,966385048,37849254,0
1,3131,1779600,1954400,3008,966385048,37849254,0
1,3132,296300,1954400,3008,966385048,37849254,0
1,3133,1851300,1954400,3008,966385048,37849254,0
1,3134,240100,1954400,3008,966385048,37849254,0
1,3135,1229200,1954400,3008,966385048,37849254,0
1,3136,355200,1954400,3008,966385048,37849254,0
1,3137,1260300,1954400,3008,966385048,37849254,0
1,3138,360200,1954400,3008,966385048,37849254,0
1,3139,2672400,1954400,3008,966385048,37849254,0
1,3140,247400,1954400,3008,966385048,37849254,0
1,3141,1799700,1954400,3008,966385048,37849254,0
1,3142,381000,1954400,3008,966385048,37849254,0
1,3143,1839500,1954400,3008,966385048,37849254,0
1,3144,380400,1954400,3008,966385048,37849254,0
1,3145,1847000,1954400,3008,966385048,37849254,0
1,3146,360200,1954400,3008,966385048,37849254,0
1,3147,1847900,1954400,3008,966385048,37849254,0
1,3148,549900,1954400,3008,966385048,37849254,0
1,3149,1473300,1954400,3008,966385048,37849254,0
1,3150,316600,1954400,3008,966385048,37849254,0
1,3151,1786200,1954400,3008,966385048,37849254,0
1,3152,311600,1954400,3008,966385048,37849254,0
1,3153,1198200,1954400,3008,966385048,37849254,0
1,3154,369900,1954400,3008,966385048,37849254,0
1,3155,1852000,1954400,3008,966385048,37849254,0
1,3156,371900,1954400,3008,966385048,37849254,0
1,3157,1848500,1954400,3008,966385048,37849254,0
1,3158,362000,1954400,3008,966385048,37849254,0
1,3159,1266800,1954400,3008,966385048,37849254,0
1,3160,1112800,1954400,3008,966385048,37849254,0
1,3161,1465200,1954400,3008,966385048,37849254,0
1,3162,254700,1954400,3008,966385048,37849254,0
1,3163,1542900,1954400,3008,966385048,37849254,0
1,3164,362400,1954400,3008,966385048,37849254,0
1,3165,1781000,1954400,3008,966385048,37849254,0
1,3166,358800,1954400,3008,966385048,37849254,0
1,3167,1309700,1954400,3008,966385048,37849254,0
1,3168,265000,1954400,3008,966385048,37849254,0
1,3169,1651800,1954400,3008,966385048,37849254,0
1,3170,314200,1954400,3008,966385048,37849254,0
1,3171,1849100,1954400,3008,966385048,37849254,0
1,3172,317800,1954400,3008,966385048,37849254,0
1,3173,1970000,1954400,3008,966385048,37849254,0
1,3174,355300,1954400,3008,966385048,37849254,0
1,3175,1861500,1954400,3008,966385048,37849254,0
1,3176,291300,1954400,3008,966385048,37849254,0
1,3177,1224100,1954400,3008,966385048,37849254,0
1,3178,359600,1954400,3008,966385048,37849254,0
1,3179,1769100,1954400,3008,966385048,37849254,0
1,3180,333000,1954400,3008,966385048,37849254,0
1,3181,2079000,1954400,3008,966385048,37849254,0
1,3182,366900,1954400,3008,966385048,37849254,0
1,3183,1764200,1954400,3008,966385048,37849254,0
1,3184,339900,1954400,3008,966385048,37849254,0
1,3185,1741100,1954400,3008,966385048,37849254,0
1,3186,320400,1954400,3008,966385048,37849254,0
1,3187,1340300,1954400,3008,966385048,37849254,0
1,3188,351000,1954400,3008,966385048,37849254,0
1,3189,1434200,1954400,3008,966385048,37849254,0
1,3190,364700,1954400,3008,966385048,37849254,0
1,3191,1253400,1954400,3008,966385048,37849254,0
1,3192,328700,1954400,3008,966385048,37849254,0
1,3193,1848400,1954400,3008,966385048,37849254,0
1,3194,304500,1954400,3008,966385048,37849254,0
1,3195,1865900,1954400,3008,966385048,37849254,0
1,3196,524300,1954400,3008,966385048,37849254,0
1,3197,1367400,1954400,3008,966385048,37849254,0
1,3198,316400,1954400,3008,966385048,37849254,0
1,3199,1771200,1954400,3008,966385048,37849254,0
1,3200,342000,1954400,3008,966385048,37849254,0
1,3201,2102800,1954400,3008,966385048,37849254,0
1,3202,280300,1954400,3008,966385048,37849254,0
1,3203,1471900,1954400,3008,966385048,37849254,0
1,3204,355800,1954400,3008,966385048,37849254,0
1,3205,1649600,1954400,3008,966385048,37849254,0
1,3206,302400,1954400,3008,966385048,37849254,0
1,3207,1828500,1954400,3008,966385048,37849254,0
1,3208,358400,1954400,3008,966385048,37849254,0
1,3209,1869100,1954400,3008,966385048,37849254,0
1,3210,360400,1954400,3008,966385048,37849254,0
1,3211,1898200,1954400,3008,966385048,37849254,0
1,3212,345100,1954400,3008,966385048,37849254,0
1,3213,1798300,1954400,3008,966385048,37849254,0
1,3214,351000,1954400,3008,966385048,37849254,0
1,3215,1477200,1954400,3008,966385048,37849254,0
1,3216,422800,1954400,3008,966385048,37849254,0
1,3217,1205500,1954400,3008,966385048,37849254,0
1,3218,358900,1954400,3008,966385048,37849254,0
1,3219,1875000,1954400,3008,966385048,37849254,0
1,3220,255000,1954400,3008,966385048,37849254,0
1,3221,1736000,1954400,3008,966385048,37849254,0
1,3222,235100,1954400,3008,966385048,37849254,0
1,3223,1880300,1954400,3008,966385048,37849254,0
1,3224,303500,1954400,3008,966385048,37849254,0
1,3225,1360900,1954400,3008,966385048,37849254,0
1,3226,378300,1954400,3008,966385048,37849254,0
1,3227,1840700,1954400,3008,966385048,37849254,0
1,3228,296200,1954400,3008,966385048,37849254,0
1,3229,1840400,1954400,3008,966385048,37849254,0
1,3230,366200,1954400,3008,966385048,37849254,0
1,3231,1832300,1954400,3008,966385048,37849254,0
1,3232,249100,1954400,3008,966385048,37849254,0
1,3233,1748500,1954400,3008,966385048,37849254,0
1,3234,334500,1954400,3008,966385048,37849254,0
1,3235,1691200,1954400,3008,966385048,37849254,0
1,3236,247400,1954400,3008,966385048,37849254,0
1,3237,1803800,1954400,3008,966385048,37849254,0
1,3238,407300,1954400,3008,966385048,37849254,0
1,3239,1814500,1954400,3008,966385048,37849254,0
1,3240,338700,1954400,3008,966385048,37849254,0
1,3241,2035300,1954400,3008,966385048,37849254,0
1,3242,348800,1954400,3008,966385048,37849254,0
1,3243,1435800,1954400,3008,966385048,37849254,0
1,3244,251000,1954400,3008,966385048,37849254,0
1,3245,1275000,1954400,3008,966385048,37849254,0
1,3246,385400,1954400,3008,966385048,37849254,0
1,3247,1316500,1954400,3008,966385048,37849254,0
1,3248,271200,1954400,3008,966385048,37849254,0
1,3249,1887200,1954400,3008,966385048,37849254,0
1,3250,364700,1954400,3008,966385048,37849254,0
1,3251,1850200,1954400,3008,966385048,37849254,0
1,3252,374100,1954400,3008,966385048,37849254,0
1,3253,1259800,1954400,3008,966385048,37849254,0
1,3254,258300,1954400,3008,966385048,37849254,0
1,3255,2377400,1954400,3008,966385048,37849254,0
1,3256,358700,1954400,3008,966385048,37849254,0
1,3257,1691100,1954400,3008,966385048,37849254,0
1,3258,249600,1954400,3008,966385048,37849254,0
1,3259,1449400,1954400,3008,966385048,37849254,0
1,3260,219700,1954400,3008,966385048,37849254,0
1,3261,1789800,1954400,3008,966385048,37849254,0
1,3262,370400,1954400,3008,966385048,37849254,0
1,3263,1834500,1954400,3008,966385048,37849254,0
1,3264,341700,1954400,3008,966385048,37849254,0
1,3265,1397400,1954400,3008,966385048,37849254,0
1,3266,313600,1954400,3008,966385048,37849254,0
1,3267,1823300,1954400,3008,966385048,37849254,0
1,3268,358300,1954400,3008,966385048,37849254,0
1,3269,1844800,1954400,3008,966385048,37849254,0
1,3270,347400,1954400,3008,966385048,37849254,0
1,3271,1466800,1954400,3008,966385048,37849254,0
1,3272,277200,1954400,3008,966385048,37849254,0
1,3273,4253700,1954400,3008,966385048,37849254,0
1,3274,349300,1954400,3008,966385048,37849254,0
1,3275,1931500,1954400,3008,966385048,37849254,0
1,3276,292200,1954400,3008,966385048,37849254,0
1,3277,1759100,1954400,3008,966385048,37849254,0
1,3278,271000,1954400,3008,966385048,37849254,0
1,3279,1746900,1954400,3008,966385048,37849254,0
1,3280,369200,1954400,3008,966385048,37849254,0
1,3281,1815900,1954400,3008,966385048,37849254,0
1,3282,358300,1954400,3008,966385048,37849254,0
1,3283,1581200,1954400,3008,966385048,37849254,0
1,3284,370000,1954400,3008,966385048,37849254,0
1,3285,1877700,1954400,3008,966385048,37849254,0
1,3286,382700,1954400,3008,966385048,37849254,0
1,3287,1475200,1954400,3008,966385048,37849254,0
1,3288,430600,1954400,3008,966385048,37849254,0
1,3289,1838200,1954400,3008,966385048,37849254,0
1,3290,247600,1954400,3008,966385048,37849254,0
1,3291,1447500,1954400,3008,966385048,37849254,0
1,3292,253800,1954400,3008,966385048,37849254,0
1,3293,1627500,1954400,3008,966385048,37849254,0
1,3294,256500,1954400,3008,966385048,37849254,0
1,3295,1977100,1954400,3008,966385048,37849254,0
1,3296,433200,1954400,3008,966385048,37849254,0
1,3297,1423700,1954400,3008,966385048,37849254,0
1,3298,277800,1954400,3008,966385048,37849254,0
1,3299,1945400,1954400,3008,966385048,37849254,0
1,3300,361700,1954400,3008,966385048,37849254,0
1,3301,1849300,1954400,3008,966385048,37849254,0
1,3302,289100,1954400,3008,966385048,37849254,0
1,3303,1582100,1954400,3008,966385048,37849254,0
1,3304,567400,1954400,3008,966385048,37849254,0
1,3305,1776400,1954400,3008,966385048,37849254,0
1,3306,374400,1954400,3008,966385048,37849254,0
1,3307,1626100,1954400,3008,966385048,37849254,0
1,3308,346700,1954400,3008,966385048,37849254,0
1,3309,1850000,1954400,3008,966385048,37849254,0
1,3310,255200,1954400,3008,966385048,37849254,0
1,3311,1882000,1954400,3008,966385048,37849254,0
1,3312,231200,1954400,3008,966385048,37849254,0
1,3313,1846100,1954400,3008,966385048,37849254,0
1,3314,372200,1954400,3008,966385048,37849254,0
1,3315,1844000,1954400,3008,966385048,37849254,0
1,3316,320500,1954400,3008,966385048,37849254,0
1,3317,1865000,1954400,3008,966385048,37849254,0
1,3318,285200,1954400,3008,966385048,37849254,0
1,3319,1702400,1954400,3008,966385048,37849254,0
1,3320,368400,1954400,3008,966385048,37849254,0
1,3321,1844000,1954400,3008,966385048,37849254,0
1,3322,348300,1954400,3008,966385048,37849254,0
1,3323,1826900,1954400,3008,966385048,37849254,0
1,3324,276100,1954400,3008,966385048,37849254,0
1,3325,1247200,1954400,3008,966385048,37849254,0
1,3326,259400,1954400,3008,966385048,37849254,0
1,3327,1869500,1954400,3008,966385048,37849254,0
1,3328,335300,1954400,3008,966385048,37849254,0
1,3329,1761600,1954400,3008,966385048,37849254,0
1,3330,280700,1954400,3008,966385048,37849254,0
1,3331,1987300,1954400,3008,966385048,37849254,0
1,3332,446100,1954400,3008,966385048,37849254,0
1,3333,1860800,1954400,3008,966385048,37849254,0
1,3334,264800,1954400,3008,966385048,37849254,0
1,3335,1126600,1954400,3008,966385048,37849254,0
1,3336,356000,1954400,3008,966385048,37849254,0
1,3337,1705200,1954400,3008,966385048,37849254,0
1,3338,354200,1954400,3008,966385048,37849254,0
1,3339,1797200,1954400,3008,966385048,37849254,0
1,3340,334500,1954400,3008,966385048,37849254,0
1,3341,1852500,1954400,3008,966385048,37849254,0
1,3342,361600,1954400,3008,966385048,37849254,0
1,3343,1695400,1954400,3008,966385048,37849254,0
1,3344,253100,1954400,3008,966385048,37849254,0
1,3345,1805500,1954400,3008,966385048,37849254,0
1,3346,323400,1954400,3008,966385048,37849254,0
1,3347,1889300,1954400,3008,966385048,37849254,0
1,3348,359100,1954400,3008,966385048,37849254,0
1,3349,2055300,1954400,3008,966385048,37849254,0
1,3350,371400,1954400,3008,966385048,37849254,0
1,3351,1817600,1954400,3008,966385048,37849254,0
1,3352,238500,1954400,3008,966385048,37849254,0
1,3353,1814100,1954400,3008,966385048,37849254,0
1,3354,185800,1954400,3008,966385048,37849254,0
1,3355,1297400,1954400,3008,966385048,37849254,0
1,3356,364500,1954400,3008,966385048,37849254,0
1,3357,1868500,1954400,3008,966385048,37849254,0
1,3358,282800,1954400,3008,966385048,37849254,0
1,3359,1864100,1954400,3008,966385048,37849254,0
1,3360,388000,1954400,3008,966385048,37849254,0
1,3361,1986100,1954400,3008,966385048,37849254,0
1,3362,277500,1954400,3008,966385048,37849254,0
1,3363,1694500,1954400,3008,966385048,37849254,0
1,3364,246600,1954400,3008,966385048,37849254,0
1,3365,1291800,1954400,3008,966385048,37849254,0
1,3366,250900,1954400,3008,966385048,37849254,0
1,3367,1893700,1954400,3008,966385048,37849254,0
1,3368,358300,1954400,3008,966385048,37849254,0
1,3369,1608600,1954400,3008,966385048,37849254,0
1,3370,313900,1954400,3008,966385048,37849254,0
1,3371,1876500,1954400,3008,966385048,37849254,0
1,3372,389400,1954400,3008,966385048,37849254,0
1,3373,1756600,1954400,3008,966385048,37849254,0
1,3374,302800,1954400,3008,966385048,37849254,0
1,3375,1616800,1954400,3008,966385048,37849254,0
1,3376,254600,1954400,3008,966385048,37849254,0
1,3377,1862800,1954400,3008,966385048,37849254,0
1,3378,173100,1954400,3008,966385048,37849254,0
1,3379,1551700,1954400,3008,966385048,37849254,0
1,3380,305700,1954400,3008,966385048,37849254,0
1,3381,1488600,1954400,3008,966385048,37849254,0
1,3382,306600,1954400,3008,966385048,37849254,0
1,3383,2241200,1954400,3008,966385048,37849254,0
1,3384,279300,1954400,3008,966385048,37849254,0
1,3385,1826300,1954400,3008,966385048,37849254,0
1,3386,339300,1954400,3008,966385048,37849254,0
1,3387,1587800,1954400,3008,966385048,37849254,0
1,3388,340600,1954400,3008,966385048,37849254,0
1,3389,1893900,1954400,3008,966385048,37849254,0
1,3390,247600,1954400,3008,966385048,37849254,0
1,3391,1596600,1954400,3008,966385048,37849254,0
1,3392,264700,1954400,3008,966385048,37849254,0
1,3393,1800900,1954400,3008,966385048,37849254,0
1,3394,523300,1954400,3008,966385048,37849254,0
1,3395,1211300,1954400,3008,966385048,37849254,0
1,3396,373300,1954400,3008,966385048,37849254,0
1,3397,1879200,1954400,3008,966385048,37849254,0
1,3398,397600,1954400,3008,966385048,37849254,0
1,3399,1495200,1954400,3008,966385048,37849254,0
1,3400,230500,1954400,3008,966385048,37849254,0
1,3401,1803300,1954400,3008,966385048,37849254,0
1,3402,243700,1954400,3008,966385048,37849254,0
1,3403,1839100,1954400,3008,966385048,37849254,0
1,3404,344700,1954400,3008,966385048,37849254,0
1,3405,1640700,1954400,3008,966385048,37849254,0
1,3406,335300,1954400,3008,966385048,37849254,0
1,3407,1476000,1954400,3008,966385048,37849254,0
1,3408,567700,1954400,3008,966385048,37849254,0
1,3409,1889400,1954400,3008,966385048,37849254,0
1,3410,361400,1954400,3008,966385048,37849254,0
1,3411,1609300,1954400,3008,966385048,37849254,0
1,3412,310900,1954400,3008,966385048,37849254,0
1,3413,1887500,1954400,3008,966385048,37849254,0
1,3414,296400,1954400,3008,966385048,37849254,0
1,3415,1846000,1954400,3008,966385048,37849254,0
1,3416,294100,1954400,3008,966385048,37849254,0
1,3417,2056800,1954400,3008,966385048,37849254,0
1,3418,289600,1954400,3008,966385048,37849254,0
1,3419,1409800,1954400,3008,966385048,37849254,0
1,3420,345200,1954400,3008,966385048,37849254,0
1,3421,1276300,1954400,3008,966385048,37849254,0
1,3422,354200,1954400,3008,966385048,37849254,0
1,3423,2001800,1954400,3008,966385048,37849254,0
1,3424,352600,1954400,3008,966385048,37849254,0
1,3425,1929700,1954400,3008,966385048,37849254,0
1,3426,362000,1954400,3008,966385048,37849254,0
1,3427,1487400,1954400,3008,966385048,37849254,0
1,3428,374400,1954400,3008,966385048,37849254,0
1,3429,1851000,1954400,3008,966385048,37849254,0
1,3430,368700,1954400,3008,966385048,37849254,0
1,3431,1553000,1954400,3008,966385048,37849254,0
1,3432,366800,1954400,3008,966385048,37849254,0
1,3433,1837200,1954400,3008,966385048,37849254,0
1,3434,225500,1954400,3008,966385048,37849254,0
1,3435,2038100,1954400,3008,966385048,37849254,0
1,3436,324500,1954400,3008,966385048,37849254,0
1,3437,1552900,1954400,3008,966385048,37849254,0
1,3438,283900,1954400,3008,966385048,37849254,0
1,3439,1534000,1954400,3008,966385048,37849254,0
1,3440,366500,1954400,3008,966385048,37849254,0
1,3441,1810800,1954400,3008,966385048,37849254,0
1,3442,352900,1954400,3008,966385048,37849254,0
1,3443,1719500,1954400,3008,966385048,37849254,0
1,3444,368000,1954400,3008,966385048,37849254,0
1,3445,1811200,1954400,3008,966385048,37849254,0
1,3446,337800,1954400,3008,966385048,37849254,0
1,3447,1626800,1954400,3008,966385048,37849254,0
1,3448,304200,1954400,3008,966385048,37849254,0
1,3449,1882500,1954400,3008,966385048,37849254,0
1,3450,257100,1954400,3008,966385048,37849254,0
1,3451,1760500,1954400,3008,966385048,37849254,0
1,3452,372600,1954400,3008,966385048,37849254,0
1,3453,1818600,1954400,3008,966385048,37849254,0
1,3454,266100,1954400,3008,966385048,37849254,0
1,3455,1819400,1954400,3008,966385048,37849254,0
1,3456,372100,1954400,3008,966385048,37849254,0
1,3457,1322400,1954400,3008,966385048,37849254,0
1,3458,271700,1954400,3008,966385048,37849254,0
1,3459,1834900,1954400,3008,966385048,37849254,0
1,3460,284600,1954400,3008,966385048,37849254,0
1,3461,1655600,1954400,3008,966385048,37849254,0
1,3462,557700,1954400,3008,966385048,37849254,0
1,3463,2021100,1954400,3008,966385048,37849254,0
1,3464,270700,1954400,3008,966385048,37849254,0
1,3465,2170000,1954400,3008,966385048,37849254,0
1,3466,370200,1954400,3008,966385048,37849254,0
1,3467,1837600,1954400,3008,966385048,37849254,0
1,3468,361100,1954400,3008,966385048,37849254,0
1,3469,1861200,1954400,3008,966385048,37849254,0
1,3470,415900,1954400,3008,966385048,37849254,0
1,3471,1253700,1954400,3008,966385048,37849254,0
1,3472,353200,1954400,3008,966385048,37849254,0
1,3473,1754000,1954400,3008,966385048,37849254,0
1,3474,808900,1954400,3008,966385048,37849254,0
1,3475,1304300,1954400,3008,966385048,37849254,0
1,3476,348500,1954400,3008,966385048,37849254,0
1,3477,1571000,1954400,3008,966385048,37849254,0
1,3478,297500,1954400,3008,966385048,37849254,0
1,3479,1670800,1954400,3008,966385048,37849254,0
1,3480,380400,1954400,3008,966385048,37849254,0
1,3481,1643800,1954400,3008,966385048,37849254,0
1,3482,266500,1954400,3008,966385048,37849254,0
1,3483,1661300,1954400,3008,966385048,37849254,0
1,3484,359300,1954400,3008,966385048,37849254,0
1,3485,1888200,1954400,3008,966385048,37849254,0
1,3486,393600,1954400,3008,966385048,37849254,0
1,3487,1231100,1954400,3008,966385048,37849254,0
1,3488,270600,1954400,3008,966385048,37849254,0
1,3489,1859000,1954400,3008,966385048,37849254,0
1,3490,400500,1954400,3008,966385048,37849254,0
1,3491,1762300,1954400,3008,966385048,37849254,0
1,3492,271300,1954400,3008,966385048,37849254,0
1,3493,1318200,1954400,3008,966385048,37849254,0
1,3494,402500,1954400,3008,966385048,37849254,0
1,3495,1827800,1954400,3008,966385048,37849254,0
1,3496,249900,1954400,3008,966385048,37849254,0
1,3497,1364300,1954400,3008,966385048,37849254,0
1,3498,232100,1954400,3008,966385048,37849254,0
1,3499,1841700,1954400,3008,966385048,37849254,0
1,3500,419400,1954400,3008,966385048,37849254,0
1,3501,1573100,1954400,3008,966385048,37849254,0
1,3502,302000,1954400,3008,966385048,37849254,0
1,3503,1749100,1954400,3008,966385048,37849254,0
1,3504,372300,1954400,3008,966385048,37849254,0
1,3505,1681000,1954400,3008,966385048,37849254,0
1,3506,267200,1954400,3008,966385048,37849254,0
1,3507,1647600,1954400,3008,966385048,37849254,0
1,3508,330700,1954400,3008,966385048,37849254,0
1,3509,1803100,1954400,3008,966385048,37849254,0
1,3510,337300,1954400,3008,966385048,37849254,0
1,3511,1848600,1954400,3008,966385048,37849254,0
1,3512,317900,1954400,3008,966385048,37849254,0
1,3513,1370300,1954400,3008,966385048,37849254,0
1,3514,391700,1954400,3008,966385048,37849254,0
1,3515,1313600,1954400,3008,966385048,37849254,0
1,3516,378800,1954400,3008,966385048,37849254,0
1,3517,1830800,1954400,3008,966385048,37849254,0
1,3518,356500,1954400,3008,966385048,37849254,0
1,3519,1532600,1954400,3008,966385048,37849254,0
1,3520,352200,1954400,3008,966385048,37849254,0
1,3521,1812300,1954400,3008,966385048,37849254,0
1,3522,358100,1954400,3008,966385048,37849254,0
1,3523,1641900,1954400,3008,966385048,37849254,0
1,3524,259000,1954400,3008,966385048,37849254,0
1,3525,1411300,1954400,3008,966385048,37849254,0
1,3526,254600,1954400,3008,966385048,37849254,0
1,3527,1613900,1954400,3008,966385048,37849254,0
1,3528,342100,1954400,3008,966385048,37849254,0
1,3529,1960200,1954400,3008,966385048,37849254,0
1,3530,394700,1954400,3008,966385048,37849254,0
1,3531,1642700,1954400,3008,966385048,37849254,0
1,3532,225100,1954400,3008,966385048,37849254,0
1,3533,1683900,1954400,3008,966385048,37849254,0
1,3534,372600,1954400,3008,966385048,37849254,0
1,3535,1849600,1954400,3008,966385048,37849254,0
1,3536,355700,1954400,3008,966385048,37849254,0
1,3537,1626600,1954400,3008,966385048,37849254,0
1,3538,338900,1954400,3008,966385048,37849254,0
1,3539,1602400,1954400,3008,966385048,37849254,0
1,3540,246400,1954400,3008,966385048,37849254,0
1,3541,1871800,1954400,3008,966385048,37849254,0
1,3542,389500,1954400,3008,966385048,37849254,0
1,3543,1864600,1954400,3008,966385048,37849254,0
1,3544,402000,1954400,3008,966385048,37849254,0
1,3545,1828700,1954400,3008,966385048,37849254,0
1,3546,269800,1954400,3008,966385048,37849254,0
1,3547,1869600,1954400,3008,966385048,37849254,0
1,3548,349900,1954400,3008,966385048,37849254,0
1,3549,1892300,1954400,3008,966385048,37849254,0
1,3550,254700,1954400,3008,966385048,37849254,0
1,3551,1291500,1954400,3008,966385048,37849254,0
1,3552,251400,1954400,3008,966385048,37849254,0
1,3553,1502000,1954400,3008,966385048,37849254,0
1,3554,257800,1954400,3008,966385048,37849254,0
1,3555,1632100,1954400,3008,966385048,37849254,0
1,3556,471100,1954400,3008,966385048,37849254,0
1,3557,1877600,1954400,3008,966385048,37849254,0
1,3558,211600,1954400,3008,966385048,37849254,0
1,3559,1915600,1954400,3008,966385048,37849254,0
1,3560,340800,1954400,3008,966385048,37849254,0
1,3561,1846500,1954400,3008,966385048,37849254,0
1,3562,295200,1954400,3008,966385048,37849254,0
1,3563,1776000,1954400,3008,966385048,37849254,0
1,3564,359000,1954400,3008,966385048,37849254,0
1,3565,2222600,1954400,3008,966385048,37849254,0
1,3566,414800,1954400,3008,966385048,37849254,0
1,3567,1852300,1954400,3008,966385048,37849254,0
1,3568,340200,1954400,3008,966385048,37849254,0
1,3569,1834200,1954400,3008,966385048,37849254,0
1,3570,344100,1954400,3008,966385048,37849254,0
1,3571,1178100,1954400,3008,966385048,37849254,0
1,3572,345500,1954400,3008,966385048,37849254,0
1,3573,1810200,1954400,3008,966385048,37849254,0
1,3574,252300,1954400,3008,966385048,37849254,0
1,3575,2011300,1954400,3008,966385048,37849254,0
1,3576,301000,1954400,3008,966385048,37849254,0
1,3577,1967900,1954400,3008,966385048,37849254,0
1,3578,250200,1954400,3008,966385048,37849254,0
1,3579,1734500,1954400,3008,966385048,37849254,0
1,3580,348800,1954400,3008,966385048,37849254,0
1,3581,1175900,1954400,3008,966385048,37849254,0
1,3582,358300,1954400,3008,966385048,37849254,0
1,3583,1717300,1954400,3008,966385048,37849254,0
1,3584,296700,1954400,3008,966385048,37849254,0
1,3585,1835300,1954400,3008,966385048,37849254,0
1,3586,375400,1954400,3008,966385048,37849254,0
1,3587,1934900,1954400,3008,966385048,37849254,0
1,3588,264500,1954400,3008,966385048,37849254,0
1,3589,1237100,1954400,3008,966385048,37849254,0
1,3590,273400,1954400,3008,966385048,37849254,0
1,3591,2007300,1954400,3008,966385048,37849254,0
1,3592,417500,1954400,3008,966385048,37849254,0
1,3593,1462900,1954400,3008,966385048,37849254,0
1,3594,350300,1954400,3008,966385048,37849254,0
1,3595,1447400,1954400,3008,966385048,37849254,0
1,3596,270800,1954400,3008,966385048,37849254,0
1,3597,1823700,1954400,3008,966385048,37849254,0
1,3598,522400,1954400,3008,966385048,37849254,0
1,3599,1872900,1954400,3008,966385048,37849254,0
1,3600,254300,1954400,3008,966385048,37849254,0
1,3601,1876800,1954400,3008,966385048,37849254,0
1,3602,289800,1954400,3008,966385048,37849254,0
1,3603,1608700,1954400,3008,966385048,37849254,0
1,3604,260300,1954400,3008,966385048,37849254,0
1,3605,1685300,1954400,3008,966385048,37849254,0
1,3606,414000,1954400,3008,966385048,37849254,0
1,3607,1554100,1954400,3008,966385048,37849254,0
1,3608,398200,1954400,3008,966385048,37849254,0
1,3609,1839500,1954400,3008,966385048,37849254,0
1,3610,358400,1954400,3008,966385048,37849254,0
1,3611,1843000,1954400,3008,966385048,37849254,0
1,3612,285400,1954400,3008,966385048,37849254,0
1,3613,1818200,1954400,3008,966385048,37849254,0
1,3614,349400,1954400,3008,966385048,37849254,0
1,3615,1844400,1954400,3008,966385048,37849254,0
1,3616,349100,1954400,3008,966385048,37849254,0
1,3617,1792800,1954400,3008,966385048,37849254,0
1,3618,410700,1954400,3008,966385048,37849254,0
1,3619,2264400,1954400,3008,966385048,37849254,0
1,3620,335900,1954400,3008,966385048,37849254,0
1,3621,1633900,1954400,3008,966385048,37849254,0
1,3622,500100,1954400,3008,966385048,37849254,0
1,3623,1827300,1954400,3008,966385048,37849254,0
1,3624,399100,1954400,3008,966385048,37849254,0
1,3625,2827400,1954400,3008,966385048,37849254,0
1,3626,350600,1954400,3008,966385048,37849254,0
1,3627,1829100,1954400,3008,966385048,37849254,0
1,3628,381300,1954400,3008,966385048,37849254,0
1,3629,1733700,1954400,3008,966385048,37849254,0
1,3630,285800,1954400,3008,966385048,37849254,0
1,3631,1883400,1954400,3008,966385048,37849254,0
1,3632,569500,1954400,3008,966385048,37849254,0
1,3633,1266400,1954400,3008,966385048,37849254,0
1,3634,358000,1954400,3008,966385048,37849254,0
1,3635,1608600,1954400,3008,966385048,37849254,0
1,3636,440600,1954400,3008,966385048,37849254,0
1,3637,1905300,1954400,3008,966385048,37849254,0
1,3638,242200,1954400,3008,966385048,37849254,0
1,3639,1623900,1954400,3008,966385048,37849254,0
1,3640,277100,1954400,3008,966385048,37849254,0
1,3641,2472200,1954400,3008,966385048,37849254,0
1,3642,367300,1954400,3008,966385048,37849254,0
1,3643,1859000,1954400,3008,966385048,37849254,0
1,3644,342200,1954400,3008,966385048,37849254,0
1,3645,1359900,1954400,3008,966385048,37849254,0
1,3646,335100,1954400,3008,966385048,37849254,0
1,3647,1782100,1954400,3008,966385048,37849254,0
1,3648,352500,1954400,3008,966385048,37849254,0
1,3649,1495900,1954400,3008,966385048,37849254,0
1,3650,261400,1954400,3008,966385048,37849254,0
1,3651,1673200,1954400,3008,966385048,37849254,0
1,3652,454600,1954400,3008,966385048,37849254,0
1,3653,2028900,1954400,3008,966385048,37849254,0
1,3654,358100,1954400,3008,966385048,37849254,0
1,3655,1904000,1954400,3008,966385048,37849254,0
1,3656,350000,1954400,3008,966385048,37849254,0
1,3657,2022000,1954400,3008,966385048,37849254,0
1,3658,524800,1954400,3008,966385048,37849254,0
1,3659,1725500,1954400,3008,966385048,37849254,0
1,3660,440200,1954400,3008,966385048,37849254,0
1,3661,1839500,1954400,3008,966385048,37849254,0
1,3662,352600,1954400,3008,966385048,37849254,0
1,3663,1749700,1954400,3008,966385048,37849254,0
1,3664,388500,1954400,3008,966385048,37849254,0
1,3665,1270900,1954400,3008,966385048,37849254,0
1,3666,353100,1954400,3008,966385048,37849254,0
1,3667,1842200,1954400,3008,966385048,37849254,0
1,3668,355000,1954400,3008,966385048,37849254,0
1,3669,1494300,1954400,3008,966385048,37849254,0
1,3670,232900,1954400,3008,966385048,37849254,0
1,3671,1842900,1954400,3008,966385048,37849254,0
1,3672,378500,1954400,3008,966385048,37849254,0
1,3673,1999900,1954400,3008,966385048,37849254,0
1,3674,370000,1954400,3008,966385048,37849254,0
1,3675,1378100,1954400,3008,966385048,37849254,0
1,3676,352300,1954400,3008,966385048,37849254,0
1,3677,1740500,1954400,3008,966385048,37849254,0
1,3678,304300,1954400,3008,966385048,37849254,0
1,3679,1739700,1954400,3008,966385048,37849254,0
1,3680,348600,1954400,3008,966385048,37849254,0
1,3681,1721100,1954400,3008,966385048,37849254,0
1,3682,355600,1954400,3008,966385048,37849254,0
1,3683,1842600,1954400,3008,966385048,37849254,0
1,3684,368500,1954400,3008,966385048,37849254,0
1,3685,1872600,1954400,3008,966385048,37849254,0
1,3686,282200,1954400,3008,966385048,37849254,0
1,3687,1788800,1954400,3008,966385048,37849254,0
1,3688,360600,1954400,3008,966385048,37849254,0
1,3689,1769100,1954400,3008,966385048,37849254,0
1,3690,341100,1954400,3008,966385048,37849254,0
1,3691,1780000,1954400,3008,966385048,37849254,0
1,3692,253700,1954400,3008,966385048,37849254,0
1,3693,1860700,1954400,3008,966385048,37849254,0
1,3694,354900,1954400,3008,966385048,37849254,0
1,3695,1873600,1954400,3008,966385048,37849254,0
1,3696,347300,1954400,3008,966385048,37849254,0
1,3697,1963600,1954400,3008,966385048,37849254,0
1,3698,248200,1954400,3008,966385048,37849254,0
1,3699,2064900,1954400,3008,966385048,37849254,0
1,3700,372900,1954400,3008,966385048,37849254,0
1,3701,1210000,1954400,3008,966385048,37849254,0
1,3702,252300,1954400,3008,966385048,37849254,0
1,3703,2029700,1954400,3008,966385048,37849254,0
1,3704,351800,1954400,3008,966385048,37849254,0
1,3705,1564400,1954400,3008,966385048,37849254,0
1,3706,262700,1954400,3008,966385048,37849254,0
1,3707,1550300,1954400,3008,966385048,37849254,0
1,3708,341400,1954400,3008,966385048,37849254,0
1,3709,1967400,1954400,3008,966385048,37849254,0
1,3710,260600,1954400,3008,966385048,37849254,0
1,3711,1675200,1954400,3008,966385048,37849254,0
1,3712,350500,1954400,3008,966385048,37849254,0
1,3713,1152500,1954400,3008,966385048,37849254,0
1,3714,242100,1954400,3008,966385048,37849254,0
1,3715,1719400,1954400,3008,966385048,37849254,0
1,3716,302400,1954400,3008,966385048,37849254,0
1,3717,1577600,1954400,3008,966385048,37849254,0
1,3718,337900,1954400,3008,966385048,37849254,0
1,3719,2125600,1954400,3008,966385048,37849254,0
1,3720,336300,1954400,3008,966385048,37849254,0
1,3721,1534500,1954400,3008,966385048,37849254,0
1,3722,336600,1954400,3008,966385048,37849254,0
1,3723,1882200,1954400,3008,966385048,37849254,0
1,3724,255200,1954400,3008,966385048,37849254,0
1,3725,1763200,1954400,3008,966385048,37849254,0
1,3726,378000,1954400,3008,966385048,37849254,0
1,3727,1853300,1954400,3008,966385048,37849254,0
1,3728,371300,1954400,3008,966385048,37849254,0
1,3729,2710600,1954400,3008,966385048,37849254,0
1,3730,362000,1954400,3008,966385048,37849254,0
1,3731,1540900,1954400,3008,966385048,37849254,0
1,3732,327500,1954400,3008,966385048,37849254,0
1,3733,1871200,1954400,3008,966385048,37849254,0
1,3734,386000,1954400,3008,966385048,37849254,0
1,3735,1840000,1954400,3008,966385048,37849254,0
1,3736,391700,1954400,3008,966385048,37849254,0
1,3737,2386100,1954400,3008,966385048,37849254,0
1,3738,218800,1954400,3008,966385048,37849254,0
1,3739,1670900,1954400,3008,966385048,37849254,0
1,3740,377400,1954400,3008,966385048,37849254,0
1,3741,1287400,1954400,3008,966385048,37849254,0
1,3742,291000,1954400,3008,966385048,37849254,0
1,3743,1751400,1954400,3008,966385048,37849254,0
1,3744,315500,1954400,3008,966385048,37849254,0
1,3745,1268300,1954400,3008,966385048,37849254,0
1,3746,370200,1954400,3008,966385048,37849254,0
1,3747,1577400,1954400,3008,966385048,37849254,0
1,3748,394600,1954400,3008,966385048,37849254,0
1,3749,1780100,1954400,3008,966385048,37849254,0
1,3750,251900,1954400,3008,966385048,37849254,0
1,3751,1881400,1954400,3008,966385048,37849254,0
1,3752,316200,1954400,3008,966385048,37849254,0
1,3753,1640600,1954400,3008,966385048,37849254,0
1,3754,278300,1954400,3008,966385048,37849254,0
1,3755,1289200,1954400,3008,966385048,37849254,0
1,3756,348400,1954400,3008,966385048,37849254,0
1,3757,1625100,1954400,3008,966385048,37849254,0
1,3758,346400,1954400,3008,966385048,37849254,0
1,3759,1794400,1954400,3008,966385048,37849254,0
1,3760,279600,1954400,3008,966385048,37849254,0
1,3761,1733700,1954400,3008,966385048,37849254,0
1,3762,369200,1954400,3008,966385048,37849254,0
1,3763,1886200,1954400,3008,966385048,37849254,0
1,3764,354900,1954400,3008,966385048,37849254,0
1,3765,1885700,1954400,3008,966385048,37849254,0
1,3766,250800,1954400,3008,966385048,37849254,0
1,3767,1566800,1954400,3008,966385048,37849254,0
1,3768,251300,1954400,3008,966385048,37849254,0
1,3769,1853100,1954400,3008,966385048,37849254,0
1,3770,263700,1954400,3008,966385048,37849254,0
1,3771,2038000,1954400,3008,966385048,37849254,0
1,3772,359300,1954400,3008,966385048,37849254,0
1,3773,1693200,1954400,3008,966385048,37849254,0
1,3774,423900,1954400,3008,966385048,37849254,0
1,3775,2480700,1954400,3008,966385048,37849254,0
1,3776,349600,1954400,3008,966385048,37849254,0
1,3777,1280400,1954400,3008,966385048,37849254,0
1,3778,427600,1954400,3008,966385048,37849254,0
1,3779,1283500,1954400,3008,966385048,37849254,0
1,3780,388900,1954400,3008,966385048,37849254,0
1,3781,1677400,1954400,3008,966385048,37849254,0
1,3782,389300,1954400,3008,966385048,37849254,0
1,3783,1685300,1954400,3008,966385048,37849254,0
1,3784,253900,1954400,3008,966385048,37849254,0
1,3785,1694500,1954400,3008,966385048,37849254,0
1,3786,332100,1954400,3008,966385048,37849254,0
1,3787,2026600,1954400,3008,966385048,37849254,0
1,3788,337600,1954400,3008,966385048,37849254,0
1,3789,1850200,1954400,3008,966385048,37849254,0
1,3790,402400,1954400,3008,966385048,37849254,0
1,3791,1804700,1954400,3008,966385048,37849254,0
1,3792,311500,1954400,3008,966385048,37849254,0
1,3793,1753500,1954400,3008,966385048,37849254,0
1,3794,585000,1954400,3008,966385048,37849254,0
1,3795,2027100,1954400,3008,966385048,37849254,0
1,3796,373000,1954400,3008,966385048,37849254,0
1,3797,1730600,1954400,3008,966385048,37849254,0
1,3798,275000,1954400,3008,966385048,37849254,0
1,3799,1963600,1954400,3008,966385048,37849254,0
1,3800,380600,1954400,3008,966385048,37849254,0
1,3801,1481500,1954400,3008,966385048,37849254,0
1,3802,244500,1954400,3008,966385048,37849254,0
1,3803,1870800,1954400,3008,966385048,37849254,0
1,3804,377200,1954400,3008,966385048,37849254,0
1,3805,1538400,1954400,3008,966385048,37849254,0
1,3806,292200,1954400,3008,966385048,37849254,0
1,3807,1833100,1954400,3008,966385048,37849254,0
1,3808,280500,1954400,3008,966385048,37849254,0
1,3809,1362100,1954400,3008,966385048,37849254,0
1,3810,347700,1954400,3008,966385048,37849254,0
1,3811,1707300,1954400,3008,966385048,37849254,0
1,3812,245500,1954400,3008,966385048,37849254,0
1,3813,1910600,1954400,3008,966385048,37849254,0
1,3814,349300,1954400,3008,966385048,37849254,0
1,3815,2012600,1954400,3008,966385048,37849254,0
1,3816,340800,1954400,3008,966385048,37849254,0
1,3817,1792900,1954400,3008,966385048,37849254,0
1,3818,279100,1954400,3008,966385048,37849254,0
1,3819,2028900,1954400,3008,966385048,37849254,0
1,3820,374500,1954400,3008,966385048,37849254,0
1,3821,1362100,1954400,3008,966385048,37849254,0
1,3822,358300,1954400,3008,966385048,37849254,0
1,3823,2622200,1954400,3008,966385048,37849254,0
1,3824,460200,1954400,3008,966385048,37849254,0
1,3825,1273900,1954400,3008,966385048,37849254,0
1,3826,401900,1954400,3008,966385048,37849254,0
1,3827,1856900,1954400,3008,966385048,37849254,0
1,3828,367800,1954400,3008,966385048,37849254,0
1,3829,1882100,1954400,3008,966385048,37849254,0
1,3830,370600,1954400,3008,966385048,37849254,0
1,3831,1873000,1954400,3008,966385048,37849254,0
1,3832,243900,1954400,3008,966385048,37849254,0
1,3833,1648300,1954400,3008,966385048,37849254,0
1,3834,294900,1954400,3008,966385048,37849254,0
1,3835,2006800,1954400,3008,966385048,37849254,0
1,3836,309100,1954400,3008,966385048,37849254,0
1,3837,1836600,1954400,3008,966385048,37849254,0
1,3838,277000,1954400,3008,966385048,37849254,0
1,3839,1532400,1954400,3008,966385048,37849254,0
1,3840,297300,1954400,3008,966385048,37849254,0
1,3841,1871800,1954400,3008,966385048,37849254,0
1,3842,362800,1954400,3008,966385048,37849254,0
1,3843,1597200,1954400,3008,966385048,37849254,0
1,3844,372000,1954400,3008,966385048,37849254,0
1,3845,1746600,1954400,3008,966385048,37849254,0
1,3846,241200,1954400,3008,966385048,37849254,0
1,3847,1264500,1954400,3008,966385048,37849254,0
1,3848,205500,1954400,3008,966385048,37849254,0
1,3849,1461400,1954400,3008,966385048,37849254,0
1,3850,325700,1954400,3008,966385048,37849254,0
1,3851,1910300,1954400,3008,966385048,37849254,0
1,3852,333100,1954400,3008,966385048,37849254,0
1,3853,2202700,1954400,3008,966385048,37849254,0
1,3854,289300,1954400,3008,966385048,37849254,0
1,3855,1886600,1954400,3008,966385048,37849254,0
1,3856,296500,1954400,3008,966385048,37849254,0
1,3857,1259200,1954400,3008,966385048,37849254,0
1,3858,424000,1954400,3008,966385048,37849254,0
1,3859,1960600,1954400,3008,966385048,37849254,0
1,3860,383900,1954400,3008,966385048,37849254,0
1,3861,1645500,1954400,3008,966385048,37849254,0
1,3862,258600,1954400,3008,966385048,37849254,0
1,3863,1829000,1954400,3008,966385048,37849254,0
1,3864,226600,1954400,3008,966385048,37849254,0
1,3865,1879500,1954400,3008,966385048,37849254,0
1,3866,250900,1954400,3008,966385048,37849254,0
1,3867,1776100,1954400,3008,966385048,37849254,0
1,3868,344800,1954400,3008,966385048,37849254,0
1,3869,1848700,1954400,3008,966385048,37849254,0
1,3870,338900,1954400,3008,966385048,37849254,0
1,3871,1827900,1954400,3008,966385048,37849254,0
1,3872,420700,1954400,3008,966385048,37849254,0
1,3873,1392700,1954400,3008,966385048,37849254,0
1,3874,244400,1954400,3008,966385048,37849254,0
1,3875,1639200,1954400,3008,966385048,37849254,0
1,3876,314700,1954400,3008,966385048,37849254,0
1,3877,1807500,1954400,3008,966385048,37849254,0
1,3878,364300,1954400,3008,966385048,37849254,0
1,3879,1877900,1954400,3008,966385048,37849254,0
1,3880,244600,1954400,3008,966385048,37849254,0
1,3881,1945500,1954400,3008,966385048,37849254,0
1,3882,736200,1954400,3008,966385048,37849254,0
1,3883,1750100,1954400,3008,966385048,37849254,0
1,3884,885800,1954400,3008,966385048,37849254,0
1,3885,1804000,1954400,3008,966385048,37849254,0
1,3886,249200,1954400,3008,966385048,37849254,0
1,3887,1424700,1954400,3008,966385048,37849254,0
1,3888,559500,1954400,3008,966385048,37849254,0
1,3889,1812300,1954400,3008,966385048,37849254,0
1,3890,286800,1954400,3008,966385048,37849254,0
1,3891,1504400,1954400,3008,966385048,37849254,0
1,3892,347400,1954400,3008,966385048,37849254,0
1,3893,1913700,1954400,3008,966385048,37849254,0
1,3894,272700,1954400,3008,966385048,37849254,0
1,3895,1843200,1954400,3008,966385048,37849254,0
1,3896,378900,1954400,3008,966385048,37849254,0
1,3897,1251400,1954400,3008,966385048,37849254,0
1,3898,347100,1954400,3008,966385048,37849254,0
1,3899,1802900,1954400,3008,966385048,37849254,0
1,3900,356400,1954400,3008,966385048,37849254,0
1,3901,2255300,1954400,3008,966385048,37849254,0
1,3902,256500,1954400,3008,966385048,37849254,0
1,3903,1790100,1954400,3008,966385048,37849254,0
1,3904,343000,1954400,3008,966385048,37849254,0
1,3905,1374000,1954400,3008,966385048,37849254,0
1,3906,348200,1954400,3008,966385048,37849254,0
1,3907,1873300,1954400,3008,966385048,37849254,0
1,3908,273400,1954400,3008,966385048,37849254,0
1,3909,1404200,1954400,3008,966385048,37849254,0
1,3910,256000,1954400,3008,966385048,37849254,0
1,3911,1763400,1954400,3008,966385048,37849254,0
1,3912,348200,1954400,3008,966385048,37849254,0
1,3913,1503500,1954400,3008,966385048,37849254,0
1,3914,346800,1954400,3008,966385048,37849254,0
1,3915,1878400,1954400,3008,966385048,37849254,0
1,3916,271900,1954400,3008,966385048,37849254,0
1,3917,1407400,1954400,3008,966385048,37849254,0
1,3918,356700,1954400,3008,966385048,37849254,0
1,3919,1396000,1954400,3008,966385048,37849254,0
1,3920,356100,1954400,3008,966385048,37849254,0
1,3921,1744400,1954400,3008,966385048,37849254,0
1,3922,394100,1954400,3008,966385048,37849254,0
1,3923,1808200,1954400,3008,966385048,37849254,0
1,3924,336800,1954400,3008,966385048,37849254,0
1,3925,1827200,1954400,3008,966385048,37849254,0
1,3926,251800,1954400,3008,966385048,37849254,0
1,3927,1547200,1954400,3008,966385048,37849254,0
1,3928,379400,1954400,3008,966385048,37849254,0
1,3929,1834100,1954400,3008,966385048,37849254,0
1,3930,342400,1954400,3008,966385048,37849254,0
1,3931,1816800,1954400,3008,966385048,37849254,0
1,3932,310800,1954400,3008,966385048,37849254,0
1,3933,1248900,1954400,3008,966385048,37849254,0
1,3934,359700,1954400,3008,966385048,37849254,0
1,3935,1583800,1954400,3008,966385048,37849254,0
1,3936,270700,1954400,3008,966385048,37849254,0
1,3937,1710900,1954400,3008,966385048,37849254,0
1,3938,356400,1954400,3008,966385048,37849254,0
1,3939,1818900,1954400,3008,966385048,37849254,0
1,3940,577600,1954400,3008,966385048,37849254,0
1,3941,1815400,1954400,3008,966385048,37849254,0
1,3942,245900,1954400,3008,966385048,37849254,0
1,3943,1838600,1954400,3008,966385048,37849254,0
1,3944,248200,1954400,3008,966385048,37849254,0
1,3945,1723900,1954400,3008,966385048,37849254,0
1,3946,345600,1954400,3008,966385048,37849254,0
1,3947,1816200,1954400,3008,966385048,37849254,0
1,3948,355100,1954400,3008,966385048,37849254,0
1,3949,1549200,1954400,3008,966385048,37849254,0
1,3950,428900,1954400,3008,966385048,37849254,0
1,3951,1844500,1954400,3008,966385048,37849254,0
1,3952,357400,1954400,3008,966385048,37849254,0
1,3953,1710300,1954400,3008,966385048,37849254,0
1,3954,321000,1954400,3008,966385048,37849254,0
1,3955,1414400,1954400,3008,966385048,37849254,0
1,3956,337300,1954400,3008,966385048,37849254,0
1,3957,1830800,1954400,3008,966385048,37849254,0
1,3958,343300,1954400,3008,966385048,37849254,0
1,3959,1222700,1954400,3008,966385048,37849254,0
1,3960,350200,1954400,3008,966385048,37849254,0
1,3961,1879600,1954400,3008,966385048,37849254,0
1,3962,223500,1954400,3008,966385048,37849254,0
1,3963,1678800,1954400,3008,966385048,37849254,0
1,3964,377100,1954400,3008,966385048,37849254,0
1,3965,1862100,1954400,3008,966385048,37849254,0
1,3966,353900,1954400,3008,966385048,37849254,0
1,3967,1792700,1954400,3008,966385048,37849254,0
1,3968,352400,1954400,3008,966385048,37849254,0
1,3969,1697100,1954400,3008,966385048,37849254,0
1,3970,257500,1954400,3008,966385048,37849254,0
1,3971,1925000,1954400,3008,966385048,37849254,0
1,3972,355800,1954400,3008,966385048,37849254,0
1,3973,1787800,1954400,3008,966385048,37849254,0
1,3974,306400,1954400,3008,966385048,37849254,0
1,3975,3782100,1954400,3008,966385048,37849254,0
1,3976,241300,1954400,3008,966385048,37849254,0
1,3977,1680900,1954400,3008,966385048,37849254,0
1,3978,386900,1954400,3008,966385048,37849254,0
1,3979,1852500,1954400,3008,966385048,37849254,0
1,3980,366200,1954400,3008,966385048,37849254,0
1,3981,1703500,1954400,3008,966385048,37849254,0
1,3982,473200,1954400,3008,966385048,37849254,0
1,3983,2014800,1954400,3008,966385048,37849254,0
1,3984,341300,1954400,3008,966385048,37849254,0
1,3985,1856300,1954400,3008,966385048,37849254,0
1,3986,263700,1954400,3008,966385048,37849254,0
1,3987,1840500,1954400,3008,966385048,37849254,0
1,3988,390900,1954400,3008,966385048,37849254,0
1,3989,1294100,1954400,3008,966385048,37849254,0
1,3990,255500,1954400,3008,966385048,37849254,0
1,3991,1852800,1954400,3008,966385048,37849254,0
1,3992,233300,1954400,3008,966385048,37849254,0
1,3993,1774300,1954400,3008,966385048,37849254,0
1,3994,373800,1954400,3008,966385048,37849254,0
1,3995,2070800,1954400,3008,966385048,37849254,0
1,3996,331300,1954400,3008,966385048,37849254,0
1,3997,1725000,1954400,3008,966385048,37849254,0
1,3998,273500,1954400,3008,966385048,37849254,0
1,3999,1354800,1954400,3008,966385048,37849254,0
1,4000,356300,1954400,3008,966385048,37849254,0
1,4001,1906400,1954400,3008,966385048,37849254,0
1,4002,250200,1954400,3008,966385048,37849254,0
1,4003,1961900,1954400,3008,966385048,37849254,0
1,4004,343600,1954400,3008,966385048,37849254,0
1,4005,1905500,1954400,3008,966385048,37849254,0
1,4006,389300,1954400,3008,966385048,37849254,0
1,4007,1886500,1954400,3008,966385048,37849254,0
1,4008,659100,1954400,3008,966385048,37849254,0
1,4009,1470000,1954400,3008,966385048,37849254,0
1,4010,454900,1954400,3008,966385048,37849254,0
1,4011,1835700,1954400,3008,966385048,37849254,0
1,4012,247200,1954400,3008,966385048,37849254,0
1,4013,2052000,1954400,3008,966385048,37849254,0
1,4014,376100,1954400,3008,966385048,37849254,0
1,4015,1500100,1954400,3008,966385048,37849254,0
1,4016,362300,1954400,3008,966385048,37849254,0
1,4017,1608000,1954400,3008,966385048,37849254,0
1,4018,369500,1954400,3008,966385048,37849254,0
1,4019,1305000,1954400,3008,966385048,37849254,0
1,4020,355100,1954400,3008,966385048,37849254,0
1,4021,1727500,1954400,3008,966385048,37849254,0
1,4022,275400,1954400,3008,966385048,37849254,0
1,4023,1697500,1954400,3008,966385048,37849254,0
1,4024,223300,1954400,3008,966385048,37849254,0
1,4025,1735100,1954400,3008,966385048,37849254,0
1,4026,242800,1954400,3008,966385048,37849254,0
1,4027,1895700,1954400,3008,966385048,37849254,0
1,4028,243600,1954400,3008,966385048,37849254,0
1,4029,1883000,1954400,3008,966385048,37849254,0
1,4030,346600,1954400,3008,966385048,37849254,0
1,4031,1667000,1954400,3008,966385048,37849254,0
1,4032,439000,1954400,3008,966385048,37849254,0
1,4033,1765300,1954400,3008,966385048,37849254,0
1,4034,519200,1954400,3008,966385048,37849254,0
1,4035,1718500,1954400,3008,966385048,37849254,0
1,4036,316700,1954400,3008,966385048,37849254,0
1,4037,1258300,1954400,3008,966385048,37849254,0
1,4038,539200,1954400,3008,966385048,37849254,0
1,4039,1695500,1954400,3008,966385048,37849254,0
1,4040,334500,1954400,3008,966385048,37849254,0
1,4041,1989500,1954400,3008,966385048,37849254,0
1,4042,359500,1954400,3008,966385048,37849254,0
1,4043,1890600,1954400,3008,966385048,37849254,0
1,4044,367600,1954400,3008,966385048,37849254,0
1,4045,1868300,1954400,3008,966385048,37849254,0
1,4046,269400,1954400,3008,966385048,37849254,0
1,4047,1750100,1954400,3008,966385048,37849254,0
1,4048,352300,1954400,3008,966385048,37849254,0
1,4049,1552100,1954400,3008,966385048,37849254,0
1,4050,349200,1954400,3008,966385048,37849254,0
1,4051,2014400,1954400,3008,966385048,37849254,0
1,4052,359900,1954400,3008,966385048,37849254,0
1,4053,1453800,1954400,3008,966385048,37849254,0
1,4054,332100,1954400,3008,966385048,37849254,0
1,4055,1406700,1954400,3008,966385048,37849254,0
1,4056,353100,1954400,3008,966385048,37849254,0
1,4057,1819400,1954400,3008,966385048,37849254,0
1,4058,354200,1954400,3008,966385048,37849254,0
1,4059,1841900,1954400,3008,966385048,37849254,0
1,4060,277700,1954400,3008,966385048,37849254,0
1,4061,1573900,1954400,3008,966385048,37849254,0
1,4062,339400,1954400,3008,966385048,37849254,0
1,4063,1767800,1954400,3008,966385048,37849254,0
1,4064,248500,1954400,3008,966385048,37849254,0
1,4065,2186100,1954400,3008,966385048,37849254,0
1,4066,351600,1954400,3008,966385048,37849254,0
1,4067,1730800,1954400,3008,966385048,37849254,0
1,4068,338600,1954400,3008,966385048,37849254,0
1,4069,1828600,1954400,3008,966385048,37849254,0
1,4070,336200,1954400,3008,966385048,37849254,0
1,4071,2089900,1954400,3008,966385048,37849254,0
1,4072,354600,1954400,3008,966385048,37849254,0
1,4073,1260000,1954400,3008,966385048,37849254,0
1,4074,257000,1954400,3008,966385048,37849254,0
1,4075,1823300,1954400,3008,966385048,37849254,0
1,4076,300100,1954400,3008,966385048,37849254,0
1,4077,1765100,1954400,3008,966385048,37849254,0
1,4078,361700,1954400,3008,966385048,37849254,0
1,4079,1580900,1954400,3008,966385048,37849254,0
1,4080,304100,1954400,3008,966385048,37849254,0
1,4081,1768100,1954400,3008,966385048,37849254,0
1,4082,358000,1954400,3008,966385048,37849254,0
1,4083,1767600,1954400,3008,966385048,37849254,0
1,4084,262800,1954400,3008,966385048,37849254,0
1,4085,1924000,1954400,3008,966385048,37849254,0
1,4086,366100,1954400,3008,966385048,37849254,0
1,4087,2028400,1954400,3008,966385048,37849254,0
1,4088,276800,1954400,3008,966385048,37849254,0
1,4089,1742600,1954400,3008,966385048,37849254,0
1,4090,217300,1954400,3008,966385048,37849254,0
1,4091,1646900,1954400,3008,966385048,37849254,0
1,4092,259900,1954400,3008,966385048,37849254,0
1,4093,2057400,1954400,3008,966385048,37849254,0
1,4094,243300,1954400,3008,966385048,37849254,0
1,4095,1742900,1954400,3008,966385048,37849254,0
1,4096,391500,1954400,3008,966385048,37849254,0
1,4097,1942700,1954400,3008,966385048,37849254,0
1,4098,365200,1954400,3008,966385048,37849254,0
1,4099,1695300,1954400,3008,966385048,37849254,0
1,4100,351300,1954400,3008,966385048,37849254,0
1,4101,1260900,1954400,3008,966385048,37849254,0
1,4102,312000,1954400,3008,966385048,37849254,0
1,4103,2023100,1954400,3008,966385048,37849254,0
1,4104,332600,1954400,3008,966385048,37849254,0
1,4105,1855700,1954400,3008,966385048,37849254,0
1,4106,370200,1954400,3008,966385048,37849254,0
1,4107,1360900,1954400,3008,966385048,37849254,0
1,4108,361500,1954400,3008,966385048,37849254,0
1,4109,1895300,1954400,3008,966385048,37849254,0
1,4110,365900,1954400,3008,966385048,37849254,0
1,4111,1353400,1954400,3008,966385048,37849254,0
1,4112,362200,1954400,3008,966385048,37849254,0
1,4113,1303300,1954400,3008,966385048,37849254,0
1,4114,359300,1954400,3008,966385048,37849254,0
1,4115,1532300,1954400,3008,966385048,37849254,0
1,4116,244800,1954400,3008,966385048,37849254,0
1,4117,1985700,1954400,3008,966385048,37849254,0
1,4118,287300,1954400,3008,966385048,37849254,0
1,4119,1359800,1954400,3008,966385048,37849254,0
1,4120,370100,1954400,3008,966385048,37849254,0
1,4121,1585400,1954400,3008,966385048,37849254,0
1,4122,355800,1954400,3008,966385048,37849254,0
1,4123,1952600,1954400,3008,966385048,37849254,0
1,4124,248900,1954400,3008,966385048,37849254,0
1,4125,1854600,1954400,3008,966385048,37849254,0
1,4126,260100,1954400,3008,966385048,37849254,0
1,4127,1282900,1954400,3008,966385048,37849254,0
1,4128,385300,1954400,3008,966385048,37849254,0
1,4129,1586500,1954400,3008,966385048,37849254,0
1,4130,266200,1954400,3008,966385048,37849254,0
1,4131,1848400,1954400,3008,966385048,37849254,0
1,4132,269400,1954400,3008,966385048,37849254,0
1,4133,1883000,1954400,3008,966385048,37849254,0
1,4134,224300,1954400,3008,966385048,37849254,0
1,4135,1365800,1954400,3008,966385048,37849254,0
1,4136,363500,1954400,3008,966385048,37849254,0
1,4137,1555600,1954400,3008,966385048,37849254,0
1,4138,492900,1954400,3008,966385048,37849254,0
1,4139,1725700,1954400,3008,966385048,37849254,0
1,4140,201500,1954400,3008,966385048,37849254,0
1,4141,1815500,1954400,3008,966385048,37849254,0
1,4142,290200,1954400,3008,966385048,37849254,0
1,4143,1866500,1954400,3008,966385048,37849254,0
1,4144,347700,1954400,3008,966385048,37849254,0
1,4145,1448000,1954400,3008,966385048,37849254,0
1,4146,322600,1954400,3008,966385048,37849254,0
1,4147,1907200,1954400,3008,966385048,37849254,0
1,4148,245400,1954400,3008,966385048,37849254,0
1,4149,1921900,1954400,3008,966385048,37849254,0
1,4150,358100,1954400,3008,966385048,37849254,0
1,4151,1865400,1954400,3008,966385048,37849254,0
1,4152,286900,1954400,3008,966385048,37849254,0
1,4153,1751900,1954400,3008,966385048,37849254,0
1,4154,293500,1954400,3008,966385048,37849254,0
1,4155,2043400,1954400,3008,966385048,37849254,0
1,4156,425400,1954400,3008,966385048,37849254,0
1,4157,1535000,1954400,3008,966385048,37849254,0
1,4158,374200,1954400,3008,966385048,37849254,0
1,4159,1543000,1954400,3008,966385048,37849254,0
1,4160,360500,1954400,3008,966385048,37849254,0
1,4161,1860100,1954400,3008,966385048,37849254,0
1,4162,260000,1954400,3008,966385048,37849254,0
1,4163,2078800,1954400,3008,966385048,37849254,0
1,4164,362500,1954400,3008,966385048,37849254,0
1,4165,1767500,1954400,3008,966385048,37849254,0
1,4166,343800,1954400,3008,966385048,37849254,0
1,4167,1474200,1954400,3008,966385048,37849254,0
1,4168,232000,1954400,3008,966385048,37849254,0
1,4169,1780100,1954400,3008,966385048,37849254,0
1,4170,274300,1954400,3008,966385048,37849254,0
1,4171,1673600,1954400,3008,966385048,37849254,0
1,4172,254700,1954400,3008,966385048,37849254,0
1,4173,1281400,1954400,3008,966385048,37849254,0
1,4174,436300,1954400,3008,966385048,37849254,0
1,4175,1180300,1954400,3008,966385048,37849254,0
1,4176,341200,1954400,3008,966385048,37849254,0
1,4177,1407100,1954400,3008,966385048,37849254,0
1,4178,386900,1954400,3008,966385048,37849254,0
1,4179,2069900,1954400,3008,966385048,37849254,0
1,4180,568600,1954400,3008,966385048,37849254,0
1,4181,2261700,1954400,3008,966385048,37849254,0
1,4182,239600,1954400,3008,966385048,37849254,0
1,4183,1635500,1954400,3008,966385048,37849254,0
1,4184,269100,1954400,3008,966385048,37849254,0
1,4185,1889000,1954400,3008,966385048,37849254,0
1,4186,260500,1954400,3008,966385048,37849254,0
1,4187,1376500,1954400,3008,966385048,37849254,0
1,4188,375200,1954400,3008,966385048,37849254,0
1,4189,1754600,1954400,3008,966385048,37849254,0
1,4190,353500,1954400,3008,966385048,37849254,0
1,4191,1806700,1954400,3008,966385048,37849254,0
1,4192,259300,1954400,3008,966385048,37849254,0
1,4193,2063000,1954400,3008,966385048,37849254,0
1,4194,317700,1954400,3008,966385048,37849254,0
1,4195,1814200,1954400,3008,966385048,37849254,0
1,4196,247700,1954400,3008,966385048,37849254,0
1,4197,1237000,1954400,3008,966385048,37849254,0
1,4198,212300,1954400,3008,966385048,37849254,0
1,4199,1916900,1954400,3008,966385048,37849254,0
1,4200,244400,1954400,3008,966385048,37849254,0
1,4201,1583200,1954400,3008,966385048,37849254,0
1,4202,346400,1954400,3008,966385048,37849254,0
1,4203,1200300,1954400,3008,966385048,37849254,0
1,4204,367000,1954400,3008,966385048,37849254,0
1,4205,2391000,1954400,3008,966385048,37849254,0
1,4206,348000,1954400,3008,966385048,37849254,0
1,4207,1884500,1954400,3008,966385048,37849254,0
1,4208,354300,1954400,3008,966385048,37849254,0
1,4209,1954300,1954400,3008,966385048,37849254,0
1,4210,243400,1954400,3008,966385048,37849254,0
1,4211,1351100,1954400,3008,966385048,37849254,0
1,4212,582200,1954400,3008,966385048,37849254,0
1,4213,1814700,1954400,3008,966385048,37849254,0
1,4214,314200,1954400,3008,966385048,37849254,0
1,4215,2042300,1954400,3008,966385048,37849254,0
1,4216,245700,1954400,3008,966385048,37849254,0
1,4217,1772100,1954400,3008,966385048,37849254,0
1,4218,350200,1954400,3008,966385048,37849254,0
1,4219,1806300,1954400,3008,966385048,37849254,0
1,4220,331600,1954400,3008,966385048,37849254,0
1,4221,1841800,1954400,3008,966385048,37849254,0
1,4222,354200,1954400,3008,966385048,37849254,0
1,4223,1804100,1954400,3008,966385048,37849254,0
1,4224,418000,1954400,3008,966385048,37849254,0
1,4225,1382100,1954400,3008,966385048,37849254,0
1,4226,254200,1954400,3008,966385048,37849254,0
1,4227,1287700,1954400,3008,966385048,37849254,0
1,4228,285300,1954400,3008,966385048,37849254,0
1,4229,1526100,1954400,3008,966385048,37849254,0
1,4230,353500,1954400,3008,966385048,37849254,0
1,4231,1838800,1954400,3008,966385048,37849254,0
1,4232,263000,1954400,3008,966385048,37849254,0
1,4233,1591800,1954400,3008,966385048,37849254,0
1,4234,334400,1954400,3008,966385048,37849254,0
1,4235,1681200,1954400,3008,966385048,37849254,0
1,4236,310200,1954400,3008,966385048,37849254,0
1,4237,1256400,1954400,3008,966385048,37849254,0
1,4238,243500,1954400,3008,966385048,37849254,0
1,4239,2060600,1954400,3008,966385048,37849254,0
1,4240,253600,1954400,3008,966385048,37849254,0
1,4241,1340400,1954400,3008,966385048,37849254,0
1,4242,311400,1954400,3008,966385048,37849254,0
1,4243,1842600,1954400,3008,966385048,37849254,0
1,4244,361700,1954400,3008,966385048,37849254,0
1,4245,2279200,1954400,3008,966385048,37849254,0
1,4246,394400,1954400,3008,966385048,37849254,0
1,4247,1685800,1954400,3008,966385048,37849254,0
1,4248,236700,1954400,3008,966385048,37849254,0
1,4249,1905200,1954400,3008,966385048,37849254,0
1,4250,355000,1954400,3008,966385048,37849254,0
1,4251,1395400,1954400,3008,966385048,37849254,0
1,4252,369500,1954400,3008,966385048,37849254,0
1,4253,2013000,1954400,3008,966385048,37849254,0
1,4254,213400,1954400,3008,966385048,37849254,0
1,4255,1523600,1954400,3008,966385048,37849254,0
1,4256,396200,1954400,3008,966385048,37849254,0
1,4257,1887600,1954400,3008,966385048,37849254,0
1,4258,331100,1954400,3008,966385048,37849254,0
1,4259,1831500,1954400,3008,966385048,37849254,0
1,4260,371500,1954400,3008,966385048,37849254,0
1,4261,1883200,1954400,3008,966385048,37849254,0
1,4262,389300,1954400,3008,966385048,37849254,0
1,4263,1269100,1954400,3008,966385048,37849254,0
1,4264,382700,1954400,3008,966385048,37849254,0
1,4265,1310100,1954400,3008,966385048,37849254,0
1,4266,405600,1954400,3008,966385048,37849254,0
1,4267,1848300,1954400,3008,966385048,37849254,0
1,4268,354700,1954400,3008,966385048,37849254,0
1,4269,1354700,1954400,3008,966385048,37849254,0
1,4270,342300,1954400,3008,966385048,37849254,0
1,4271,1532300,1954400,3008,966385048,37849254,0
1,4272,406100,1954400,3008,966385048,37849254,0
1,4273,1551500,1954400,3008,966385048,37849254,0
1,4274,358800,1954400,3008,966385048,37849254,0
1,4275,1270400,1954400,3008,966385048,37849254,0
1,4276,253600,1954400,3008,966385048,37849254,0
1,4277,1513200,1954400,3008,966385048,37849254,0
1,4278,336200,1954400,3008,966385048,37849254,0
1,4279,1868500,1954400,3008,966385048,37849254,0
1,4280,255700,1954400,3008,966385048,37849254,0
1,4281,1370700,1954400,3008,966385048,37849254,0
1,4282,421200,1954400,3008,966385048,37849254,0
1,4283,1793900,1954400,3008,966385048,37849254,0
1,4284,247000,1954400,3008,966385048,37849254,0
1,4285,1471200,1954400,3008,966385048,37849254,0
1,4286,461500,1954400,3008,966385048,37849254,0
1,4287,1493000,1954400,3008,966385048,37849254,0
1,4288,351800,1954400,3008,966385048,37849254,0
1,4289,1266600,1954400,3008,966385048,37849254,0
1,4290,353700,1954400,3008,966385048,37849254,0
1,4291,1832800,1954400,3008,966385048,37849254,0
1,4292,260000,1954400,3008,966385048,37849254,0
1,4293,1637300,1954400,3008,966385048,37849254,0
1,4294,481300,1954400,3008,966385048,37849254,0
1,4295,1836700,1954400,3008,966385048,37849254,0
1,4296,614000,1954400,3008,966385048,37849254,0
1,4297,1684600,1954400,3008,966385048,37849254,0
1,4298,306400,1954400,3008,966385048,37849254,0
1,4299,1837300,1954400,3008,966385048,37849254,0
1,4300,276300,1954400,3008,966385048,37849254,0
1,4301,1521400,1954400,3008,966385048,37849254,0
1,4302,670700,1954400,3008,966385048,37849254,0
1,4303,1716100,1954400,3008,966385048,37849254,0
1,4304,307100,1954400,3008,966385048,37849254,0
1,4305,1599100,1954400,3008,966385048,37849254,0
1,4306,276800,1954400,3008,966385048,37849254,0
1,4307,1553600,1954400,3008,966385048,37849254,0
1,4308,271900,1954400,3008,966385048,37849254,0
1,4309,1625300,1954400,3008,966385048,37849254,0
1,4310,327600,1954400,3008,966385048,37849254,0
1,4311,1323300,1954400,3008,966385048,37849254,0
1,4312,373200,1954400,3008,966385048,37849254,0
1,4313,1841000,1954400,3008,966385048,37849254,0
1,4314,382100,1954400,3008,966385048,37849254,0
1,4315,1721500,1954400,3008,966385048,37849254,0
1,4316,335500,1954400,3008,966385048,37849254,0
1,4317,1861500,1954400,3008,966385048,37849254,0
1,4318,248900,1954400,3008,966385048,37849254,0
1,4319,1653800,1954400,3008,966385048,37849254,0
1,4320,367100,1954400,3008,966385048,37849254,0
1,4321,1975700,1954400,3008,966385048,37849254,0
1,4322,309100,1954400,3008,966385048,37849254,0
1,4323,1853400,1954400,3008,966385048,37849254,0
1,4324,257000,1954400,3008,966385048,37849254,0
1,4325,2074100,1954400,3008,966385048,37849254,0
1,4326,357500,1954400,3008,966385048,37849254,0
1,4327,1906700,1954400,3008,966385048,37849254,0
1,4328,250900,1954400,3008,966385048,37849254,0
1,4329,2069600,1954400,3008,966385048,37849254,0
1,4330,279000,1954400,3008,966385048,37849254,0
1,4331,1807800,1954400,3008,966385048,37849254,0
1,4332,258700,1954400,3008,966385048,37849254,0
1,4333,1492700,1954400,3008,966385048,37849254,0
1,4334,267200,1954400,3008,966385048,37849254,0
1,4335,1850900,1954400,3008,966385048,37849254,0
1,4336,287700,1954400,3008,966385048,37849254,0
1,4337,2158500,1954400,3008,966385048,37849254,0
1,4338,334200,1954400,3008,966385048,37849254,0
1,4339,1859200,1954400,3008,966385048,37849254,0
1,4340,253800,1954400,3008,966385048,37849254,0
1,4341,1414600,1954400,3008,966385048,37849254,0
1,4342,368500,1954400,3008,966385048,37849254,0
1,4343,1573000,1954400,3008,966385048,37849254,0
1,4344,269100,1954400,3008,966385048,37849254,0
1,4345,1506800,1954400,3008,966385048,37849254,0
1,4346,360600,1954400,3008,966385048,37849254,0
1,4347,1753400,1954400,3008,966385048,37849254,0
1,4348,967800,1954400,3008,966385048,37849254,0
1,4349,1751700,1954400,3008,966385048,37849254,0
1,4350,356100,1954400,3008,966385048,37849254,0
1,4351,1887100,1954400,3008,966385048,37849254,0
1,4352,361100,1954400,3008,966385048,37849254,0
1,4353,1802800,1954400,3008,966385048,37849254,0
1,4354,259200,1954400,3008,966385048,37849254,0
1,4355,1570100,1954400,3008,966385048,37849254,0
1,4356,258800,1954400,3008,966385048,37849254,0
1,4357,1350600,1954400,3008,966385048,37849254,0
1,4358,283200,1954400,3008,966385048,37849254,0
1,4359,1469300,1954400,3008,966385048,37849254,0
1,4360,249800,1954400,3008,966385048,37849254,0
1,4361,1454000,1954400,3008,966385048,37849254,0
1,4362,364500,1954400,3008,966385048,37849254,0
1,4363,1897400,1954400,3008,966385048,37849254,0
1,4364,255400,1954400,3008,966385048,37849254,0
1,4365,1872000,1954400,3008,966385048,37849254,0
1,4366,351000,1954400,3008,966385048,37849254,0
1,4367,1252500,1954400,3008,966385048,37849254,0
1,4368,303900,1954400,3008,966385048,37849254,0
1,4369,1859800,1954400,3008,966385048,37849254,0
1,4370,350300,1954400,3008,966385048,37849254,0
1,4371,1873500,1954400,3008,966385048,37849254,0
1,4372,357300,1954400,3008,966385048,37849254,0
1,4373,1793000,1954400,3008,966385048,37849254,0
1,4374,357900,1954400,3008,966385048,37849254,0
1,4375,1452200,1954400,3008,966385048,37849254,0
1,4376,352800,1954400,3008,966385048,37849254,0
1,4377,2014600,1954400,3008,966385048,37849254,0
1,4378,390600,1954400,3008,966385048,37849254,0
1,4379,1865000,1954400,3008,966385048,37849254,0
1,4380,388400,1954400,3008,966385048,37849254,0
1,4381,1499800,1954400,3008,966385048,37849254,0
1,4382,306500,1954400,3008,966385048,37849254,0
1,4383,1883200,1954400,3008,966385048,37849254,0
1,4384,291900,1954400,3008,966385048,37849254,0
1,4385,2016600,1954400,3008,966385048,37849254,0
1,4386,266800,1954400,3008,966385048,37849254,0
1,4387,1260000,1954400,3008,966385048,37849254,0
1,4388,251100,1954400,3008,966385048,37849254,0
1,4389,1854600,1954400,3008,966385048,37849254,0
1,4390,325100,1954400,3008,966385048,37849254,0
1,4391,1843300,1954400,3008,966385048,37849254,0
1,4392,394900,1954400,3008,966385048,37849254,0
1,4393,1941400,1954400,3008,966385048,37849254,0
1,4394,350400,1954400,3008,966385048,37849254,0
1,4395,1319200,1954400,3008,966385048,37849254,0
1,4396,271100,1954400,3008,966385048,37849254,0
1,4397,1616100,1954400,3008,966385048,37849254,0
1,4398,345900,1954400,3008,966385048,37849254,0
1,4399,1279800,1954400,3008,966385048,37849254,0
1,4400,283600,1954400,3008,966385048,37849254,0
1,4401,2093300,1954400,3008,966385048,37849254,0
1,4402,254400,1954400,3008,966385048,37849254,0
1,4403,1775700,1954400,3008,966385048,37849254,0
1,4404,523000,1954400,3008,966385048,37849254,0
1,4405,2078000,1954400,3008,966385048,37849254,0
1,4406,325200,1954400,3008,966385048,37849254,0
1,4407,1299800,1954400,3008,966385048,37849254,0
1,4408,699500,1954400,3008,966385048,37849254,0
1,4409,1805300,1954400,3008,966385048,37849254,0
1,4410,266800,1954400,3008,966385048,37849254,0
1,4411,2108900,1954400,3008,966385048,37849254,0
1,4412,279500,1954400,3008,966385048,37849254,0
1,4413,1475700,1954400,3008,966385048,37849254,0
1,4414,295000,1954400,3008,966385048,37849254,0
1,4415,1581700,1954400,3008,966385048,37849254,0
1,4416,328300,1954400,3008,966385048,37849254,0
1,4417,1830400,1954400,3008,966385048,37849254,0
1,4418,249000,1954400,3008,966385048,37849254,0
1,4419,1304700,1954400,3008,966385048,37849254,0
1,4420,305300,1954400,3008,966385048,37849254,0
1,4421,1535600,1954400,3008,966385048,37849254,0
1,4422,354600,1954400,3008,966385048,37849254,0
1,4423,1853700,1954400,3008,966385048,37849254,0
1,4424,378200,1954400,3008,966385048,37849254,0
1,4425,1877200,1954400,3008,966385048,37849254,0
1,4426,313500,1954400,3008,966385048,37849254,0
1,4427,1684900,1954400,3008,966385048,37849254,0
1,4428,247100,1954400,3008,966385048,37849254,0
1,4429,1848600,1954400,3008,966385048,37849254,0
1,4430,344400,1954400,3008,966385048,37849254,0
1,4431,1845600,1954400,3008,966385048,37849254,0
1,4432,267500,1954400,3008,966385048,37849254,0
1,4433,1765800,1954400,3008,966385048,37849254,0
1,4434,329600,1954400,3008,966385048,37849254,0
1,4435,1812200,1954400,3008,966385048,37849254,0
1,4436,356300,1954400,3008,966385048,37849254,0
1,4437,1898500,1954400,3008,966385048,37849254,0
1,4438,291400,1954400,3008,966385048,37849254,0
1,4439,1750500,1954400,3008,966385048,37849254,0
1,4440,422800,1954400,3008,966385048,37849254,0
1,4441,1402500,1954400,3008,966385048,37849254,0
1,4442,357300,1954400,3008,966385048,37849254,0
1,4443,1665000,1954400,3008,966385048,37849254,0
1,4444,343300,1954400,3008,966385048,37849254,0
1,4445,1986600,1954400,3008,966385048,37849254,0
1,4446,361600,1954400,3008,966385048,37849254,0
1,4447,1261600,1954400,3008,966385048,37849254,0
1,4448,351600,1954400,3008,966385048,37849254,0
1,4449,1844100,1954400,3008,966385048,37849254,0
1,4450,518000,1954400,3008,966385048,37849254,0
1,4451,1823000,1954400,3008,966385048,37849254,0
1,4452,366500,1954400,3008,966385048,37849254,0
1,4453,1990900,1954400,3008,966385048,37849254,0
1,4454,373300,1954400,3008,966385048,37849254,0
1,4455,1470100,1954400,3008,966385048,37849254,0
1,4456,273100,1954400,3008,966385048,37849254,0
1,4457,1276700,1954400,3008,966385048,37849254,0
1,4458,433100,1954400,3008,966385048,37849254,0
1,4459,1417000,1954400,3008,966385048,37849254,0
1,4460,364300,1954400,3008,966385048,37849254,0
1,4461,1866700,1954400,3008,966385048,37849254,0
1,4462,407300,1954400,3008,966385048,37849254,0
1,4463,1480100,1954400,3008,966385048,37849254,0
1,4464,841800,1954400,3008,966385048,37849254,0
1,4465,1961100,1954400,3008,966385048,37849254,0
1,4466,279300,1954400,3008,966385048,37849254,0
1,4467,1842700,1954400,3008,966385048,37849254,0
1,4468,374400,1954400,3008,966385048,37849254,0
1,4469,1868000,1954400,3008,966385048,37849254,0
1,4470,355200,1954400,3008,966385048,37849254,0
1,4471,1487700,1954400,3008,966385048,37849254,0
1,4472,267700,1954400,3008,966385048,37849254,0
1,4473,1961700,1954400,3008,966385048,37849254,0
1,4474,345700,1954400,3008,966385048,37849254,0
1,4475,1336800,1954400,3008,966385048,37849254,0
1,4476,278100,1954400,3008,966385048,37849254,0
1,4477,1843500,1954400,3008,966385048,37849254,0
1,4478,253600,1954400,3008,966385048,37849254,0
1,4479,1829500,1954400,3008,966385048,37849254,0
1,4480,307300,1954400,3008,966385048,37849254,0
1,4481,1749900,1954400,3008,966385048,37849254,0
1,4482,270500,1954400,3008,966385048,37849254,0
1,4483,1804900,1954400,3008,966385048,37849254,0
1,4484,254600,1954400,3008,966385048,37849254,0
1,4485,1466900,1954400,3008,966385048,37849254,0
1,4486,393700,1954400,3008,966385048,37849254,0
1,4487,1758800,1954400,3008,966385048,37849254,0
1,4488,377500,1954400,3008,966385048,37849254,0
1,4489,2094500,1954400,3008,966385048,37849254,0
1,4490,261400,1954400,3008,966385048,37849254,0
1,4491,1430600,1954400,3008,966385048,37849254,0
1,4492,183100,1954400,3008,966385048,37849254,0
1,4493,1915500,1954400,3008,966385048,37849254,0
1,4494,385000,1954400,3008,966385048,37849254,0
1,4495,1856800,1954400,3008,966385048,37849254,0
1,4496,353700,1954400,3008,966385048,37849254,0
1,4497,1863100,1954400,3008,966385048,37849254,0
1,4498,318100,1954400,3008,966385048,37849254,0
1,4499,2358700,1954400,3008,966385048,37849254,0
1,4500,297100,1954400,3008,966385048,37849254,0
1,4501,1916600,1954400,3008,966385048,37849254,0
1,4502,347300,1954400,3008,966385048,37849254,0
1,4503,1834800,1954400,3008,966385048,37849254,0
1,4504,551700,1954400,3008,966385048,37849254,0
1,4505,1796600,1954400,3008,966385048,37849254,0
1,4506,353800,1954400,3008,966385048,37849254,0
1,4507,1689300,1954400,3008,966385048,37849254,0
1,4508,253900,1954400,3008,966385048,37849254,0
1,4509,1870700,1954400,3008,966385048,37849254,0
1,4510,267900,1954400,3008,966385048,37849254,0
1,4511,1779800,1954400,3008,966385048,37849254,0
1,4512,241800,1954400,3008,966385048,37849254,0
1,4513,1988000,1954400,3008,966385048,37849254,0
1,4514,344000,1954400,3008,966385048,37849254,0
1,4515,1911900,1954400,3008,966385048,37849254,0
1,4516,265100,1954400,3008,966385048,37849254,0
1,4517,1856400,1954400,3008,966385048,37849254,0
1,4518,355400,1954400,3008,966385048,37849254,0
1,4519,1828300,1954400,3008,966385048,37849254,0
1,4520,469300,1954400,3008,966385048,37849254,0
1,4521,1921800,1954400,3008,966385048,37849254,0
1,4522,175500,1954400,3008,966385048,37849254,0
1,4523,1843400,1954400,3008,966385048,37849254,0
1,4524,380700,1954400,3008,966385048,37849254,0
1,4525,1583900,1954400,3008,966385048,37849254,0
1,4526,232500,1954400,3008,966385048,37849254,0
1,4527,1674200,1954400,3008,966385048,37849254,0
1,4528,264800,1954400,3008,966385048,37849254,0
1,4529,2112900,1954400,3008,966385048,37849254,0
1,4530,243800,1954400,3008,966385048,37849254,0
1,4531,1876100,1954400,3008,966385048,37849254,0
1,4532,184400,1954400,3008,966385048,37849254,0
1,4533,1639100,1954400,3008,966385048,37849254,0
1,4534,158800,1954400,3008,966385048,37849254,0
1,4535,1936100,1954400,3008,966385048,37849254,0
1,4536,248000,1954400,3008,966385048,37849254,0
1,4537,1885600,1954400,3008,966385048,37849254,0
1,4538,374700,1954400,3008,966385048,37849254,0
1,4539,1668000,1954400,3008,966385048,37849254,0
1,4540,249100,1954400,3008,966385048,37849254,0
1,4541,1533700,1954400,3008,966385048,37849254,0
1,4542,364200,1954400,3008,966385048,37849254,0
1,4543,1671900,1954400,3008,966385048,37849254,0
1,4544,324800,1954400,3008,966385048,37849254,0
1,4545,1672400,1954400,3008,966385048,37849254,0
1,4546,293100,1954400,3008,966385048,37849254,0
1,4547,1440200,1954400,3008,966385048,37849254,0
1,4548,225400,1954400,3008,966385048,37849254,0
1,4549,1877500,1954400,3008,966385048,37849254,0
1,4550,252500,1954400,3008,966385048,37849254,0
1,4551,1658500,1954400,3008,966385048,37849254,0
1,4552,249000,1954400,3008,966385048,37849254,0
1,4553,1629700,1954400,3008,966385048,37849254,0
1,4554,289000,1954400,3008,966385048,37849254,0
1,4555,2004700,1954400,3008,966385048,37849254,0
1,4556,275900,1954400,3008,966385048,37849254,0
1,4557,1830900,1954400,3008,966385048,37849254,0
1,4558,395600,1954400,3008,966385048,37849254,0
1,4559,1858100,1954400,3008,966385048,37849254,0
1,4560,281300,1954400,3008,966385048,37849254,0
1,4561,1864400,1954400,3008,966385048,37849254,0
1,4562,281900,1954400,3008,966385048,37849254,0
1,4563,1454400,1954400,3008,966385048,37849254,0
1,4564,376300,1954400,3008,966385048,37849254,0
1,4565,1938000,1954400,3008,966385048,37849254,0
1,4566,236100,1954400,3008,966385048,37849254,0
1,4567,1852300,1954400,3008,966385048,37849254,0
1,4568,335900,1954400,3008,966385048,37849254,0
1,4569,1763600,1954400,3008,966385048,37849254,0
1,4570,302900,1954400,3008,966385048,37849254,0
1,4571,1754900,1954400,3008,966385048,37849254,0
1,4572,341400,1954400,3008,966385048,37849254,0
1,4573,1388200,1954400,3008,966385048,37849254,0
1,4574,266900,1954400,3008,966385048,37849254,0
1,4575,1991000,1954400,3008,966385048,37849254,0
1,4576,349500,1954400,3008,966385048,37849254,0
1,4577,1447700,1954400,3008,966385048,37849254,0
1,4578,310500,1954400,3008,966385048,37849254,0
1,4579,1241100,1954400,3008,966385048,37849254,0
1,4580,351700,1954400,3008,966385048,37849254,0
1,4581,1314300,1954400,3008,966385048,37849254,0
1,4582,255900,1954400,3008,966385048,37849254,0
1,4583,1259300,1954400,3008,966385048,37849254,0
1,4584,358400,1954400,3008,966385048,37849254,0
1,4585,1312200,1954400,3008,966385048,37849254,0
1,4586,245700,1954400,3008,966385048,37849254,0
1,4587,1868100,1954400,3008,966385048,37849254,0
1,4588,451900,1954400,3008,966385048,37849254,0
1,4589,1318100,1954400,3008,966385048,37849254,0
1,4590,257900,1954400,3008,966385048,37849254,0
1,4591,1930900,1954400,3008,966385048,37849254,0
1,4592,230400,1954400,3008,966385048,37849254,0
1,4593,1775200,1954400,3008,966385048,37849254,0
1,4594,282000,1954400,3008,966385048,37849254,0
1,4595,1379500,1954400,3008,966385048,37849254,0
1,4596,603000,1954400,3008,966385048,37849254,0
1,4597,1302500,1954400,3008,966385048,37849254,0
1,4598,359600,1954400,3008,966385048,37849254,0
1,4599,1306600,1954400,3008,966385048,37849254,0
1,4600,370500,1954400,3008,966385048,37849254,0
1,4601,1592200,1954400,3008,966385048,37849254,0
1,4602,277700,1954400,3008,966385048,37849254,0
1,4603,1494600,1954400,3008,966385048,37849254,0
1,4604,270200,1954400,3008,966385048,37849254,0
1,4605,1828800,1954400,3008,966385048,37849254,0
1,4606,322300,1954400,3008,966385048,37849254,0
1,4607,1787700,1954400,3008,966385048,37849254,0
1,4608,344500,1954400,3008,966385048,37849254,0
1,4609,1861100,1954400,3008,966385048,37849254,0
1,4610,368800,1954400,3008,966385048,37849254,0
1,4611,1965300,1954400,3008,966385048,37849254,0
1,4612,379000,1954400,3008,966385048,37849254,0
1,4613,1560500,1954400,3008,966385048,37849254,0
1,4614,410400,1954400,3008,966385048,37849254,0
1,4615,1701900,1954400,3008,966385048,37849254,0
1,4616,200200,1954400,3008,966385048,37849254,0
1,4617,1488600,1954400,3008,966385048,37849254,0
1,4618,388000,1954400,3008,966385048,37849254,0
1,4619,1741100,1954400,3008,966385048,37849254,0
1,4620,465200,1954400,3008,966385048,37849254,0
1,4621,1941500,1954400,3008,966385048,37849254,0
1,4622,249300,1954400,3008,966385048,37849254,0
1,4623,1345500,1954400,3008,966385048,37849254,0
1,4624,280900,1954400,3008,966385048,37849254,0
1,4625,1278300,1954400,3008,966385048,37849254,0
1,4626,384000,1954400,3008,966385048,37849254,0
1,4627,1311700,1954400,3008,966385048,37849254,0
1,4628,375200,1954400,3008,966385048,37849254,0
1,4629,1907600,1954400,3008,966385048,37849254,0
1,4630,338800,1954400,3008,966385048,37849254,0
1,4631,1465300,1954400,3008,966385048,37849254,0
1,4632,382600,1954400,3008,966385048,37849254,0
1,4633,1342900,1954400,3008,966385048,37849254,0
1,4634,285600,1954400,3008,966385048,37849254,0
1,4635,1492500,1954400,3008,966385048,37849254,0
1,4636,253900,1954400,3008,966385048,37849254,0
1,4637,1552000,1954400,3008,966385048,37849254,0
1,4638,281200,1954400,3008,966385048,37849254,0
1,4639,1757200,1954400,3008,966385048,37849254,0
1,4640,237800,1954400,3008,966385048,37849254,0
1,4641,1210400,1954400,3008,966385048,37849254,0
1,4642,255700,1954400,3008,966385048,37849254,0
1,4643,1634800,1954400,3008,966385048,37849254,0
1,4644,327700,1954400,3008,966385048,37849254,0
1,4645,1375700,1954400,3008,966385048,37849254,0
1,4646,378100,1954400,3008,966385048,37849254,0
1,4647,1824100,1954400,3008,966385048,37849254,0
1,4648,274000,1954400,3008,966385048,37849254,0
1,4649,1487800,1954400,3008,966385048,37849254,0
1,4650,246000,1954400,3008,966385048,37849254,0
1,4651,1429100,1954400,3008,966385048,37849254,0
1,4652,363500,1954400,3008,966385048,37849254,0
1,4653,1289600,1954400,3008,966385048,37849254,0
1,4654,265000,1954400,3008,966385048,37849254,0
1,4655,1606500,1954400,3008,966385048,37849254,0
1,4656,345200,1954400,3008,966385048,37849254,0
1,4657,1824500,1954400,3008,966385048,37849254,0
1,4658,292500,1954400,3008,966385048,37849254,0
1,4659,1746400,1954400,3008,966385048,37849254,0
1,4660,262100,1954400,3008,966385048,37849254,0
1,4661,1433100,1954400,3008,966385048,37849254,0
1,4662,389100,1954400,3008,966385048,37849254,0
1,4663,1433100,1954400,3008,966385048,37849254,0
1,4664,335100,1954400,3008,966385048,37849254,0
1,4665,2356500,1954400,3008,966385048,37849254,0
1,4666,270100,1954400,3008,966385048,37849254,0
1,4667,1238500,1954400,3008,966385048,37849254,0
1,4668,356800,1954400,3008,966385048,37849254,0
1,4669,2165900,1954400,3008,966385048,37849254,0
1,4670,357900,1954400,3008,966385048,37849254,0
1,4671,1263800,1954400,3008,966385048,37849254,0
1,4672,483300,1954400,3008,966385048,37849254,0
1,4673,1764100,1954400,3008,966385048,37849254,0
1,4674,301400,1954400,3008,966385048,37849254,0
1,4675,1622200,1954400,3008,966385048,37849254,0
1,4676,253700,1954400,3008,966385048,37849254,0
1,4677,1194800,1954400,3008,966385048,37849254,0
1,4678,303800,1954400,3008,966385048,37849254,0
1,4679,1858500,1954400,3008,966385048,37849254,0
1,4680,275900,1954400,3008,966385048,37849254,0
1,4681,1834400,1954400,3008,966385048,37849254,0
1,4682,430000,1954400,3008,966385048,37849254,0
1,4683,1764200,1954400,3008,966385048,37849254,0
1,4684,398300,1954400,3008,966385048,37849254,0
1,4685,1711600,1954400,3008,966385048,37849254,0
1,4686,278400,1954400,3008,966385048,37849254,0
1,4687,1395300,1954400,3008,966385048,37849254,0
1,4688,303500,1954400,3008,966385048,37849254,0
1,4689,1815900,1954400,3008,966385048,37849254,0
1,4690,247500,1954400,3008,966385048,37849254,0
1,4691,1514700,1954400,3008,966385048,37849254,0
1,4692,257200,1954400,3008,966385048,37849254,0
1,4693,1303100,1954400,3008,966385048,37849254,0
1,4694,388500,1954400,3008,966385048,37849254,0
1,4695,1597200,1954400,3008,966385048,37849254,0
1,4696,358000,1954400,3008,966385048,37849254,0
1,4697,1862500,1954400,3008,966385048,37849254,0
1,4698,289800,1954400,3008,966385048,37849254,0
1,4699,1267300,1954400,3008,966385048,37849254,0
1,4700,393700,1954400,3008,966385048,37849254,0
1,4701,1417500,1954400,3008,966385048,37849254,0
1,4702,405200,1954400,3008,966385048,37849254,0
1,4703,1657700,1954400,3008,966385048,37849254,0
1,4704,241700,1954400,3008,966385048,37849254,0
1,4705,1710000,1954400,3008,966385048,37849254,0
1,4706,379600,1954400,3008,966385048,37849254,0
1,4707,1743500,1954400,3008,966385048,37849254,0
1,4708,261200,1954400,3008,966385048,37849254,0
1,4709,1537600,1954400,3008,966385048,37849254,0
1,4710,260400,1954400,3008,966385048,37849254,0
1,4711,1872800,1954400,3008,966385048,37849254,0
1,4712,540000,1954400,3008,966385048,37849254,0
1,4713,1852100,1954400,3008,966385048,37849254,0
1,4714,249800,1954400,3008,966385048,37849254,0
1,4715,1756300,1954400,3008,966385048,37849254,0
1,4716,355500,1954400,3008,966385048,37849254,0
1,4717,1440600,1954400,3008,966385048,37849254,0
1,4718,357500,1954400,3008,966385048,37849254,0
1,4719,1845400,1954400,3008,966385048,37849254,0
1,4720,287400,1954400,3008,966385048,37849254,0
1,4721,1484800,1954400,3008,966385048,37849254,0
1,4722,383700,1954400,3008,966385048,37849254,0
1,4723,1662400,1954400,3008,966385048,37849254,0
1,4724,263300,1954400,3008,966385048,37849254,0
1,4725,1615700,1954400,3008,966385048,37849254,0
1,4726,160500,1954400,3008,966385048,37849254,0
1,4727,1848800,1954400,3008,966385048,37849254,0
1,4728,387500,1954400,3008,966385048,37849254,0
1,4729,1261900,1954400,3008,966385048,37849254,0
1,4730,300100,1954400,3008,966385048,37849254,0
1,4731,1640900,1954400,3008,966385048,37849254,0
1,4732,235500,1954400,3008,966385048,37849254,0
1,4733,1672800,1954400,3008,966385048,37849254,0
1,4734,351300,1954400,3008,966385048,37849254,0
1,4735,1537100,1954400,3008,966385048,37849254,0
1,4736,434900,1954400,3008,966385048,37849254,0
1,4737,1976500,1954400,3008,966385048,37849254,0
1,4738,314300,1954400,3008,966385048,37849254,0
1,4739,1752300,1954400,3008,966385048,37849254,0
1,4740,258900,1954400,3008,966385048,37849254,0
1,4741,1624200,1954400,3008,966385048,37849254,0
1,4742,471300,1954400,3008,966385048,37849254,0
1,4743,1608700,1954400,3008,966385048,37849254,0
1,4744,213000,1954400,3008,966385048,37849254,0
1,4745,1264400,1954400,3008,966385048,37849254,0
1,4746,364600,1954400,3008,966385048,37849254,0
1,4747,1452100,1954400,3008,966385048,37849254,0
1,4748,382000,1954400,3008,966385048,37849254,0
1,4749,1353800,1954400,3008,966385048,37849254,0
1,4750,336700,1954400,3008,966385048,37849254,0
1,4751,1885400,1954400,3008,966385048,37849254,0
1,4752,270700,1954400,3008,966385048,37849254,0
1,4753,1684700,1954400,3008,966385048,37849254,0
1,4754,401500,1954400,3008,966385048,37849254,0
1,4755,1262200,1954400,3008,966385048,37849254,0
1,4756,363900,1954400,3008,966385048,37849254,0
1,4757,1660700,1954400,3008,966385048,37849254,0
1,4758,355400,1954400,3008,966385048,37849254,0
1,4759,1855700,1954400,3008,966385048,37849254,0
1,4760,320100,1954400,3008,966385048,37849254,0
1,4761,1614800,1954400,3008,966385048,37849254,0
1,4762,218500,1954400,3008,966385048,37849254,0
1,4763,1794100,1954400,3008,966385048,37849254,0
1,4764,361300,1954400,3008,966385048,37849254,0
1,4765,1541500,1954400,3008,966385048,37849254,0
1,4766,181300,1954400,3008,966385048,37849254,0
1,4767,1387900,1954400,3008,966385048,37849254,0
1,4768,360700,1954400,3008,966385048,37849254,0
1,4769,1341400,1954400,3008,966385048,37849254,0
1,4770,351300,1954400,3008,966385048,37849254,0
1,4771,1152500,1954400,3008,966385048,37849254,0
1,4772,249800,1954400,3008,966385048,37849254,0
1,4773,1826400,1954400,3008,966385048,37849254,0
1,4774,295500,1954400,3008,966385048,37849254,0
1,4775,1846800,1954400,3008,966385048,37849254,0
1,4776,362900,1954400,3008,966385048,37849254,0
1,4777,1786200,1954400,3008,966385048,37849254,0
1,4778,506100,1954400,3008,966385048,37849254,0
1,4779,1398600,1954400,3008,966385048,37849254,0
1,4780,208500,1954400,3008,966385048,37849254,0
1,4781,2043000,1954400,3008,966385048,37849254,0
1,4782,421800,1954400,3008,966385048,37849254,0
1,4783,1676800,1954400,3008,966385048,37849254,0
1,4784,339100,1954400,3008,966385048,37849254,0
1,4785,1409100,1954400,3008,966385048,37849254,0
1,4786,390200,1954400,3008,966385048,37849254,0
1,4787,1780600,1954400,3008,966385048,37849254,0
1,4788,325100,1954400,3008,966385048,37849254,0
1,4789,1617500,1954400,3008,966385048,37849254,0
1,4790,280100,1954400,3008,966385048,37849254,0
1,4791,1297600,1954400,3008,966385048,37849254,0
1,4792,310600,1954400,3008,966385048,37849254,0
1,4793,1673100,1954400,3008,966385048,37849254,0
1,4794,231500,1954400,3008,966385048,37849254,0
1,4795,1437500,1954400,3008,966385048,37849254,0
1,4796,369600,1954400,3008,966385048,37849254,0
1,4797,1275800,1954400,3008,966385048,37849254,0
1,4798,249700,1954400,3008,966385048,37849254,0
1,4799,1862800,1954400,3008,966385048,37849254,0
1,4800,324600,1954400,3008,966385048,37849254,0
1,4801,1693800,1954400,3008,966385048,37849254,0
1,4802,374600,1954400,3008,966385048,37849254,0
1,4803,1278000,1954400,3008,966385048,37849254,0
1,4804,390600,1954400,3008,966385048,37849254,0
1,4805,1860300,1954400,3008,966385048,37849254,0
1,4806,405000,1954400,3008,966385048,37849254,0
1,4807,1692100,1954400,3008,966385048,37849254,0
1,4808,277000,1954400,3008,966385048,37849254,0
1,4809,1835500,1954400,3008,966385048,37849254,0
1,4810,378300,1954400,3008,966385048,37849254,0
1,4811,1532700,1954400,3008,966385048,37849254,0
1,4812,246100,1954400,3008,966385048,37849254,0
1,4813,1895800,1954400,3008,966385048,37849254,0
1,4814,214900,1954400,3008,966385048,37849254,0
1,4815,2016900,1954400,3008,966385048,37849254,0
1,4816,276700,1954400,3008,966385048,37849254,0
1,4817,1407900,1954400,3008,966385048,37849254,0
1,4818,297900,1954400,3008,966385048,37849254,0
1,4819,1814800,1954400,3008,966385048,37849254,0
1,4820,369300,1954400,3008,966385048,37849254,0
1,4821,1676100,1954400,3008,966385048,37849254,0
1,4822,346400,1954400,3008,966385048,37849254,0
1,4823,1509600,1954400,3008,966385048,37849254,0
1,4824,269800,1954400,3008,966385048,37849254,0
1,4825,1284300,1954400,3008,966385048,37849254,0
1,4826,372500,1954400,3008,966385048,37849254,0
1,4827,1869200,1954400,3008,966385048,37849254,0
1,4828,381700,1954400,3008,966385048,37849254,0
1,4829,1568200,1954400,3008,966385048,37849254,0
1,4830,193900,1954400,3008,966385048,37849254,0
1,4831,2056600,1954400,3008,966385048,37849254,0
1,4832,385100,1954400,3008,966385048,37849254,0
1,4833,1695800,1954400,3008,966385048,37849254,0
1,4834,263300,1954400,3008,966385048,37849254,0
1,4835,1612100,1954400,3008,966385048,37849254,0
1,4836,306400,1954400,3008,966385048,37849254,0
1,4837,1372800,1954400,3008,966385048,37849254,0
1,4838,367900,1954400,3008,966385048,37849254,0
1,4839,1658300,1954400,3008,966385048,37849254,0
1,4840,265600,1954400,3008,966385048,37849254,0
1,4841,2061900,1954400,3008,966385048,37849254,0
1,4842,396000,1954400,3008,966385048,37849254,0
1,4843,1755000,1954400,3008,966385048,37849254,0
1,4844,267400,1954400,3008,966385048,37849254,0
1,4845,1720700,1954400,3008,966385048,37849254,0
1,4846,363400,1954400,3008,966385048,37849254,0
1,4847,1267900,1954400,3008,966385048,37849254,0
1,4848,321200,1954400,3008,966385048,37849254,0
1,4849,1862400,1954400,3008,966385048,37849254,0
1,4850,355200,1954400,3008,966385048,37849254,0
1,4851,1461400,1954400,3008,966385048,37849254,0
1,4852,340000,1954400,3008,966385048,37849254,0
1,4853,1619200,1954400,3008,966385048,37849254,0
1,4854,368000,1954400,3008,966385048,37849254,0
1,4855,1320100,1954400,3008,966385048,37849254,0
1,4856,382900,1954400,3008,966385048,37849254,0
1,4857,2043100,1954400,3008,966385048,37849254,0
1,4858,419500,1954400,3008,966385048,37849254,0
1,4859,1837500,1954400,3008,966385048,37849254,0
1,4860,357200,1954400,3008,966385048,37849254,0
1,4861,1347200,1954400,3008,966385048,37849254,0
1,4862,349000,1954400,3008,966385048,37849254,0
1,4863,1832200,1954400,3008,966385048,37849254,0
1,4864,247600,1954400,3008,966385048,37849254,0
1,4865,1525100,1954400,3008,966385048,37849254,0
1,4866,364500,1954400,3008,966385048,37849254,0
1,4867,2061800,1954400,3008,966385048,37849254,0
1,4868,339300,1954400,3008,966385048,37849254,0
1,4869,1537500,1954400,3008,966385048,37849254,0
1,4870,364100,1954400,3008,966385048,37849254,0
1,4871,1345200,1954400,3008,966385048,37849254,0
1,4872,203600,1954400,3008,966385048,37849254,0
1,4873,1507100,1954400,3008,966385048,37849254,0
1,4874,354400,1954400,3008,966385048,37849254,0
1,4875,1281800,1954400,3008,966385048,37849254,0
1,4876,263200,1954400,3008,966385048,37849254,0
1,4877,1649900,1954400,3008,966385048,37849254,0
1,4878,347500,1954400,3008,966385048,37849254,0
1,4879,1849800,1954400,3008,966385048,37849254,0
1,4880,382100,1954400,3008,966385048,37849254,0
1,4881,1472400,1954400,3008,966385048,37849254,0
1,4882,261200,1954400,3008,966385048,37849254,0
1,4883,2003900,1954400,3008,966385048,37849254,0
1,4884,363400,1954400,3008,966385048,37849254,0
1,4885,1325100,1954400,3008,966385048,37849254,0
1,4886,273800,1954400,3008,966385048,37849254,0
1,4887,1881600,1954400,3008,966385048,37849254,0
1,4888,255300,1954400,3008,966385048,37849254,0
1,4889,1301100,1954400,3008,966385048,37849254,0
1,4890,360900,1954400,3008,966385048,37849254,0
1,4891,1953800,1954400,3008,966385048,37849254,0
1,4892,372400,1954400,3008,966385048,37849254,0
1,4893,1380000,1954400,3008,966385048,37849254,0
1,4894,375800,1954400,3008,966385048,37849254,0
1,4895,1729100,1954400,3008,966385048,37849254,0
1,4896,255900,1954400,3008,966385048,37849254,0
1,4897,1713000,1954400,3008,966385048,37849254,0
1,4898,515200,1954400,3008,966385048,37849254,0
1,4899,1836600,1954400,3008,966385048,37849254,0
1,4900,258800,1954400,3008,966385048,37849254,0
1,4901,1335500,1954400,3008,966385048,37849254,0
1,4902,350600,1954400,3008,966385048,37849254,0
1,4903,1421100,1954400,3008,966385048,37849254,0
1,4904,264000,1954400,3008,966385048,37849254,0
1,4905,1658300,1954400,3008,966385048,37849254,0
1,4906,397300,1954400,3008,966385048,37849254,0
1,4907,1458100,1954400,3008,966385048,37849254,0
1,4908,307500,1954400,3008,966385048,37849254,0
1,4909,1887000,1954400,3008,966385048,37849254,0
1,4910,196100,1954400,3008,966385048,37849254,0
1,4911,1571900,1954400,3008,966385048,37849254,0
1,4912,264100,1954400,3008,966385048,37849254,0
1,4913,1509800,1954400,3008,966385048,37849254,0
1,4914,348500,1954400,3008,966385048,37849254,0
1,4915,1588400,1954400,3008,966385048,37849254,0
1,4916,158600,1954400,3008,966385048,37849254,0
1,4917,1219300,1954400,3008,966385048,37849254,0
1,4918,326700,1954400,3008,966385048,37849254,0
1,4919,1558800,1954400,3008,966385048,37849254,0
1,4920,483600,1954400,3008,966385048,37849254,0
1,4921,1191000,1954400,3008,966385048,37849254,0
1,4922,246700,1954400,3008,966385048,37849254,0
1,4923,1780500,1954400,3008,966385048,37849254,0
1,4924,324100,1954400,3008,966385048,37849254,0
1,4925,1337800,1954400,3008,966385048,37849254,0
1,4926,259000,1954400,3008,966385048,37849254,0
1,4927,1837400,1954400,3008,966385048,37849254,0
1,4928,347000,1954400,3008,966385048,37849254,0
1,4929,1799200,1954400,3008,966385048,37849254,0
1,4930,232300,1954400,3008,966385048,37849254,0
1,4931,1458700,1954400,3008,966385048,37849254,0
1,4932,358000,1954400,3008,966385048,37849254,0
1,4933,1869900,1954400,3008,966385048,37849254,0
1,4934,343000,1954400,3008,966385048,37849254,0
1,4935,1794400,1954400,3008,966385048,37849254,0
1,4936,376100,1954400,3008,966385048,37849254,0
1,4937,1700000,1954400,3008,966385048,37849254,0
1,4938,345900,1954400,3008,966385048,37849254,0
1,4939,2064300,1954400,3008,966385048,37849254,0
1,4940,355400,1954400,3008,966385048,37849254,0
1,4941,1580600,1954400,3008,966385048,37849254,0
1,4942,392800,1954400,3008,966385048,37849254,0
1,4943,1348600,1954400,3008,966385048,37849254,0
1,4944,256800,1954400,3008,966385048,37849254,0
1,4945,1816300,1954400,3008,966385048,37849254,0
1,4946,345300,1954400,3008,966385048,37849254,0
1,4947,1874000,1954400,3008,966385048,37849254,0
1,4948,230300,1954400,3008,966385048,37849254,0
1,4949,1721800,1954400,3008,966385048,37849254,0
1,4950,267100,1954400,3008,966385048,37849254,0
1,4951,1906000,1954400,3008,966385048,37849254,0
1,4952,256700,1954400,3008,966385048,37849254,0
1,4953,1724600,1954400,3008,966385048,37849254,0
1,4954,452700,1954400,3008,966385048,37849254,0
1,4955,1399900,1954400,3008,966385048,37849254,0
1,4956,244800,1954400,3008,966385048,37849254,0
1,4957,1529400,1954400,3008,966385048,37849254,0
1,4958,386100,1954400,3008,966385048,37849254,0
1,4959,1394200,1954400,3008,966385048,37849254,0
1,4960,224700,1954400,3008,966385048,37849254,0
1,4961,1279200,1954400,3008,966385048,37849254,0
1,4962,341800,1954400,3008,966385048,37849254,0
1,4963,1454300,1954400,3008,966385048,37849254,0
1,4964,363100,1954400,3008,966385048,37849254,0
1,4965,1761100,1954400,3008,966385048,37849254,0
1,4966,333400,1954400,3008,966385048,37849254,0
1,4967,1784300,1954400,3008,966385048,37849254,0
1,4968,266200,1954400,3008,966385048,37849254,0
1,4969,1775200,1954400,3008,966385048,37849254,0
1,4970,362000,1954400,3008,966385048,37849254,0
1,4971,1539700,1954400,3008,966385048,37849254,0
1,4972,396800,1954400,3008,966385048,37849254,0
1,4973,1384200,1954400,3008,966385048,37849254,0
1,4974,351400,1954400,3008,966385048,37849254,0
1,4975,1342000,1954400,3008,966385048,37849254,0
1,4976,328000,1954400,3008,966385048,37849254,0
1,4977,1371500,1954400,3008,966385048,37849254,0
1,4978,274000,1954400,3008,966385048,37849254,0
1,4979,1699800,1954400,3008,966385048,37849254,0
1,4980,261600,1954400,3008,966385048,37849254,0
1,4981,1278800,1954400,3008,966385048,37849254,0
1,4982,243200,1954400,3008,966385048,37849254,0
1,4983,1907800,1954400,3008,966385048,37849254,0
1,4984,404600,1954400,3008,966385048,37849254,0
1,4985,1904000,1954400,3008,966385048,37849254,0
1,4986,336600,1954400,3008,966385048,37849254,0
1,4987,1582000,1954400,3008,966385048,37849254,0
1,4988,387400,1954400,3008,966385048,37849254,0
1,4989,2062100,1954400,3008,966385048,37849254,0
1,4990,377700,1954400,3008,966385048,37849254,0
1,4991,1861000,1954400,3008,966385048,37849254,0
1,4992,240700,1954400,3008,966385048,37849254,0
1,4993,1281100,1954400,3008,966385048,37849254,0
1,4994,376200,1954400,3008,966385048,37849254,0
1,4995,1730700,1954400,3008,966385048,37849254,0
1,4996,315300,1954400,3008,966385048,37849254,0
1,4997,1908500,1954400,3008,966385048,37849254,0
1,4998,350800,1954400,3008,966385048,37849254,0
1,4999,1367400,1954400,3008,966385048,37849254,0
1,5000,261800,1954400,3008,966385048,37849254,0
1,5001,1572600,1954400,3008,966385048,37849254,0
1,5002,375100,1954400,3008,966385048,37849254,0
1,5003,1738700,1954400,3008,966385048,37849254,0
1,5004,242600,1954400,3008,966385048,37849254,0
1,5005,1412800,1954400,3008,966385048,37849254,0
1,5006,258000,1954400,3008,966385048,37849254,0
1,5007,1961600,1954400,3008,966385048,37849254,0
1,5008,359800,1954400,3008,966385048,37849254,0
1,5009,1436900,1954400,3008,966385048,37849254,0
1,5010,251400,1954400,3008,966385048,37849254,0
1,5011,1547500,1954400,3008,966385048,37849254,0
1,5012,354000,1954400,3008,966385048,37849254,0
1,5013,1809300,1954400,3008,966385048,37849254,0
1,5014,260600,1954400,3008,966385048,37849254,0
1,5015,1674600,1954400,3008,966385048,37849254,0
1,5016,228300,1954400,3008,966385048,37849254,0
1,5017,1583900,1954400,3008,966385048,37849254,0
1,5018,388300,1954400,3008,966385048,37849254,0
1,5019,1841300,1954400,3008,966385048,37849254,0
1,5020,228200,1954400,3008,966385048,37849254,0
1,5021,1287400,1954400,3008,966385048,37849254,0
1,5022,364700,1954400,3008,966385048,37849254,0
1,5023,1843100,1954400,3008,966385048,37849254,0
1,5024,248700,1954400,3008,966385048,37849254,0
1,5025,1868100,1954400,3008,966385048,37849254,0
1,5026,354600,1954400,3008,966385048,37849254,0
1,5027,1200100,1954400,3008,966385048,37849254,0
1,5028,252200,1954400,3008,966385048,37849254,0
1,5029,1596500,1954400,3008,966385048,37849254,0
1,5030,292900,1954400,3008,966385048,37849254,0
1,5031,1834000,1954400,3008,966385048,37849254,0
1,5032,273100,1954400,3008,966385048,37849254,0
1,5033,1256200,1954400,3008,966385048,37849254,0
1,5034,250300,1954400,3008,966385048,37849254,0
1,5035,1293900,1954400,3008,966385048,37849254,0
1,5036,347100,1954400,3008,966385048,37849254,0
1,5037,1860800,1954400,3008,966385048,37849254,0
1,5038,351900,1954400,3008,966385048,37849254,0
1,5039,1351700,1954400,3008,966385048,37849254,0
1,5040,351000,1954400,3008,966385048,37849254,0
1,5041,1253300,1954400,3008,966385048,37849254,0
1,5042,352300,1954400,3008,966385048,37849254,0
1,5043,1606300,1954400,3008,966385048,37849254,0
1,5044,464600,1954400,3008,966385048,37849254,0
1,5045,1872100,1954400,3008,966385048,37849254,0
1,5046,354200,1954400,3008,966385048,37849254,0
1,5047,1699300,1954400,3008,966385048,37849254,0
1,5048,256000,1954400,3008,966385048,37849254,0
1,5049,1948900,1954400,3008,966385048,37849254,0
1,5050,354000,1954400,3008,966385048,37849254,0
1,5051,1297400,1954400,3008,966385048,37849254,0
1,5052,355700,1954400,3008,966385048,37849254,0
1,5053,1843900,1954400,3008,966385048,37849254,0
1,5054,370200,1954400,3008,966385048,37849254,0
1,5055,1678000,1954400,3008,966385048,37849254,0
1,5056,275400,1954400,3008,966385048,37849254,0
1,5057,1905300,1954400,3008,966385048,37849254,0
1,5058,260500,1954400,3008,966385048,37849254,0
1,5059,1304500,1954400,3008,966385048,37849254,0
1,5060,374200,1954400,3008,966385048,37849254,0
1,5061,1656700,1954400,3008,966385048,37849254,0
1,5062,435200,1954400,3008,966385048,37849254,0
1,5063,1779200,1954400,3008,966385048,37849254,0
1,5064,266800,1954400,3008,966385048,37849254,0
1,5065,1230100,1954400,3008,966385048,37849254,0
1,5066,395800,1954400,3008,966385048,37849254,0
1,5067,1587800,1954400,3008,966385048,37849254,0
1,5068,354600,1954400,3008,966385048,37849254,0
1,5069,1755500,1954400,3008,966385048,37849254,0
1,5070,441200,1954400,3008,966385048,37849254,0
1,5071,1651200,1954400,3008,966385048,37849254,0
1,5072,250100,1954400,3008,966385048,37849254,0
1,5073,1336400,1954400,3008,966385048,37849254,0
1,5074,261500,1954400,3008,966385048,37849254,0
1,5075,1859200,1954400,3008,966385048,37849254,0
1,5076,382700,1954400,3008,966385048,37849254,0
1,5077,1449000,1954400,3008,966385048,37849254,0
1,5078,277400,1954400,3008,966385048,37849254,0
1,5079,1801300,1954400,3008,966385048,37849254,0
1,5080,391600,1954400,3008,966385048,37849254,0
1,5081,1994400,1954400,3008,966385048,37849254,0
1,5082,410300,1954400,3008,966385048,37849254,0
1,5083,1701700,1954400,3008,966385048,37849254,0
1,5084,278200,1954400,3008,966385048,37849254,0
1,5085,1756900,1954400,3008,966385048,37849254,0
1,5086,372400,1954400,3008,966385048,37849254,0
1,5087,1750700,1954400,3008,966385048,37849254,0
1,5088,181100,1954400,3008,966385048,37849254,0
1,5089,1536200,1954400,3008,966385048,37849254,0
1,5090,363800,1954400,3008,966385048,37849254,0
1,5091,1602500,1954400,3008,966385048,37849254,0
1,5092,198000,1954400,3008,966385048,37849254,0
1,5093,1368800,1954400,3008,966385048,37849254,0
1,5094,466100,1954400,3008,966385048,37849254,0
1,5095,1671900,1954400,3008,966385048,37849254,0
1,5096,359700,1954400,3008,966385048,37849254,0
1,5097,1907800,1954400,3008,966385048,37849254,0
1,5098,280700,1954400,3008,966385048,37849254,0
1,5099,1839500,1954400,3008,966385048,37849254,0
1,5100,686100,1954400,3008,966385048,37849254,0
1,5101,1963000,1954400,3008,966385048,37849254,0
1,5102,256200,1954400,3008,966385048,37849254,0
1,5103,1550400,1954400,3008,966385048,37849254,0
1,5104,243000,1954400,3008,966385048,37849254,0
1,5105,1159000,1954400,3008,966385048,37849254,0
1,5106,237800,1954400,3008,966385048,37849254,0
1,5107,1272700,1954400,3008,966385048,37849254,0
1,5108,282800,1954400,3008,966385048,37849254,0
1,5109,1836000,1954400,3008,966385048,37849254,0
1,5110,278500,1954400,3008,966385048,37849254,0
1,5111,1253000,1954400,3008,966385048,37849254,0
1,5112,318100,1954400,3008,966385048,37849254,0
1,5113,1847700,1954400,3008,966385048,37849254,0
1,5114,249100,1954400,3008,966385048,37849254,0
1,5115,1689700,1954400,3008,966385048,37849254,0
1,5116,337900,1954400,3008,966385048,37849254,0
1,5117,1731600,1954400,3008,966385048,37849254,0
1,5118,302600,1954400,3008,966385048,37849254,0
1,5119,1762300,1954400,3008,966385048,37849254,0
1,5120,367000,1954400,3008,966385048,37849254,0
1,5121,1793800,1954400,3008,966385048,37849254,0
1,5122,221800,1954400,3008,966385048,37849254,0
1,5123,1705400,1954400,3008,966385048,37849254,0
1,5124,375300,1954400,3008,966385048,37849254,0
1,5125,1653200,1954400,3008,966385048,37849254,0
1,5126,340500,1954400,3008,966385048,37849254,0
1,5127,1650400,1954400,3008,966385048,37849254,0
1,5128,353600,1954400,3008,966385048,37849254,0
1,5129,1858800,1954400,3008,966385048,37849254,0
1,5130,252700,1954400,3008,966385048,37849254,0
1,5131,1761300,1954400,3008,966385048,37849254,0
1,5132,348600,1954400,3008,966385048,37849254,0
1,5133,1844800,1954400,3008,966385048,37849254,0
1,5134,354600,1954400,3008,966385048,37849254,0
1,5135,1302100,1954400,3008,966385048,37849254,0
1,5136,183300,1954400,3008,966385048,37849254,0
1,5137,1915400,1954400,3008,966385048,37849254,0
1,5138,379000,1954400,3008,966385048,37849254,0
1,5139,1812700,1954400,3008,966385048,37849254,0
1,5140,390900,1954400,3008,966385048,37849254,0
1,5141,1856400,1954400,3008,966385048,37849254,0
1,5142,374800,1954400,3008,966385048,37849254,0
1,5143,2040600,1954400,3008,966385048,37849254,0
1,5144,385300,1954400,3008,966385048,37849254,0
1,5145,1867100,1954400,3008,966385048,37849254,0
1,5146,313300,1954400,3008,966385048,37849254,0
1,5147,1323600,1954400,3008,966385048,37849254,0
1,5148,334500,1954400,3008,966385048,37849254,0
1,5149,1953400,1954400,3008,966385048,37849254,0
1,5150,352900,1954400,3008,966385048,37849254,0
1,5151,1697900,1954400,3008,966385048,37849254,0
1,5152,391900,1954400,3008,966385048,37849254,0
1,5153,1930100,1954400,3008,966385048,37849254,0
1,5154,285900,1954400,3008,966385048,37849254,0
1,5155,1573700,1954400,3008,966385048,37849254,0
1,5156,472400,1954400,3008,966385048,37849254,0
1,5157,1453700,1954400,3008,966385048,37849254,0
1,5158,285100,1954400,3008,966385048,37849254,0
1,5159,1724800,1954400,3008,966385048,37849254,0
1,5160,272600,1954400,3008,966385048,37849254,0
1,5161,1635300,1954400,3008,966385048,37849254,0
1,5162,263700,1954400,3008,966385048,37849254,0
1,5163,1861900,1954400,3008,966385048,37849254,0
1,5164,235800,1954400,3008,966385048,37849254,0
1,5165,1757800,1954400,3008,966385048,37849254,0
1,5166,318700,1954400,3008,966385048,37849254,0
1,5167,1873000,1954400,3008,966385048,37849254,0
1,5168,267800,1954400,3008,966385048,37849254,0
1,5169,1851800,1954400,3008,966385048,37849254,0
1,5170,558900,1954400,3008,966385048,37849254,0
1,5171,1257500,1954400,3008,966385048,37849254,0
1,5172,273200,1954400,3008,966385048,37849254,0
1,5173,1293000,1954400,3008,966385048,37849254,0
1,5174,247100,1954400,3008,966385048,37849254,0
1,5175,1377000,1954400,3008,966385048,37849254,0
1,5176,302900,1954400,3008,966385048,37849254,0
1,5177,1815300,1954400,3008,966385048,37849254,0
1,5178,383200,1954400,3008,966385048,37849254,0
1,5179,1807400,1954400,3008,966385048,37849254,0
1,5180,350700,1954400,3008,966385048,37849254,0
1,5181,1951200,1954400,3008,966385048,37849254,0
1,5182,379300,1954400,3008,966385048,37849254,0
1,5183,1536700,1954400,3008,966385048,37849254,0
1,5184,937900,1954400,3008,966385048,37849254,0
1,5185,1564900,1954400,3008,966385048,37849254,0
1,5186,368100,1954400,3008,966385048,37849254,0
1,5187,1866600,1954400,3008,966385048,37849254,0
1,5188,314000,1954400,3008,966385048,37849254,0
1,5189,1886900,1954400,3008,966385048,37849254,0
1,5190,365100,1954400,3008,966385048,37849254,0
1,5191,1808900,1954400,3008,966385048,37849254,0
1,5192,255500,1954400,3008,966385048,37849254,0
1,5193,1539700,1954400,3008,966385048,37849254,0
1,5194,282300,1954400,3008,966385048,37849254,0
1,5195,1827300,1954400,3008,966385048,37849254,0
1,5196,375200,1954400,3008,966385048,37849254,0
1,5197,1905200,1954400,3008,966385048,37849254,0
1,5198,289600,1954400,3008,966385048,37849254,0
1,5199,1779200,1954400,3008,966385048,37849254,0
1,5200,380000,1954400,3008,966385048,37849254,0
1,5201,1943300,1954400,3008,966385048,37849254,0
1,5202,303000,1954400,3008,966385048,37849254,0
1,5203,1849300,1954400,3008,966385048,37849254,0
1,5204,401100,1954400,3008,966385048,37849254,0
1,5205,1665600,1954400,3008,966385048,37849254,0
1,5206,254200,1954400,3008,966385048,37849254,0
1,5207,1872400,1954400,3008,966385048,37849254,0
1,5208,263200,1954400,3008,966385048,37849254,0
1,5209,1431200,1954400,3008,966385048,37849254,0
1,5210,368100,1954400,3008,966385048,37849254,0
1,5211,1267800,1954400,3008,966385048,37849254,0
1,5212,347600,1954400,3008,966385048,37849254,0
1,5213,1544500,1954400,3008,966385048,37849254,0
1,5214,361000,1954400,3008,966385048,37849254,0
1,5215,1637000,1954400,3008,966385048,37849254,0
1,5216,350400,1954400,3008,966385048,37849254,0
1,5217,1115900,1954400,3008,966385048,37849254,0
1,5218,277600,1954400,3008,966385048,37849254,0
1,5219,1674200,1954400,3008,966385048,37849254,0
1,5220,417200,1954400,3008,966385048,37849254,0
1,5221,1253000,1954400,3008,966385048,37849254,0
1,5222,233800,1954400,3008,966385048,37849254,0
1,5223,1571700,1954400,3008,966385048,37849254,0
1,5224,273900,1954400,3008,966385048,37849254,0
1,5225,1830900,1954400,3008,966385048,37849254,0
1,5226,362600,1954400,3008,966385048,37849254,0
1,5227,1554600,1954400,3008,966385048,37849254,0
1,5228,277900,1954400,3008,966385048,37849254,0
1,5229,1277600,1954400,3008,966385048,37849254,0
1,5230,283800,1954400,3008,966385048,37849254,0
1,5231,1937900,1954400,3008,966385048,37849254,0
1,5232,404700,1954400,3008,966385048,37849254,0
1,5233,1346800,1954400,3008,966385048,37849254,0
1,5234,307300,1954400,3008,966385048,37849254,0
1,5235,1836000,1954400,3008,966385048,37849254,0
1,5236,279900,1954400,3008,966385048,37849254,0
1,5237,1407600,1954400,3008,966385048,37849254,0
1,5238,355600,1954400,3008,966385048,37849254,0
1,5239,1346300,1954400,3008,966385048,37849254,0
1,5240,296200,1954400,3008,966385048,37849254,0
1,5241,1416700,1954400,3008,966385048,37849254,0
1,5242,407200,1954400,3008,966385048,37849254,0
1,5243,1853000,1954400,3008,966385048,37849254,0
1,5244,364400,1954400,3008,966385048,37849254,0
1,5245,1847400,1954400,3008,966385048,37849254,0
1,5246,353300,1954400,3008,966385048,37849254,0
1,5247,1266800,1954400,3008,966385048,37849254,0
1,5248,289800,1954400,3008,966385048,37849254,0
1,5249,1479400,1954400,3008,966385048,37849254,0
1,5250,351700,1954400,3008,966385048,37849254,0
1,5251,1860400,1954400,3008,966385048,37849254,0
1,5252,346900,1954400,3008,966385048,37849254,0
1,5253,1812300,1954400,3008,966385048,37849254,0
1,5254,416500,1954400,3008,966385048,37849254,0
1,5255,1810400,1954400,3008,966385048,37849254,0
1,5256,456700,1954400,3008,966385048,37849254,0
1,5257,1719400,1954400,3008,966385048,37849254,0
1,5258,342400,1954400,3008,966385048,37849254,0
1,5259,1544700,1954400,3008,966385048,37849254,0
1,5260,242400,1954400,3008,966385048,37849254,0
1,5261,1732100,1954400,3008,966385048,37849254,0
1,5262,276600,1954400,3008,966385048,37849254,0
1,5263,1266100,1954400,3008,966385048,37849254,0
1,5264,349800,1954400,3008,966385048,37849254,0
1,5265,1697500,1954400,3008,966385048,37849254,0
1,5266,194400,1954400,3008,966385048,37849254,0
1,5267,1582900,1954400,3008,966385048,37849254,0
1,5268,330000,1954400,3008,966385048,37849254,0
1,5269,1878900,1954400,3008,966385048,37849254,0
1,5270,320500,1954400,3008,966385048,37849254,0
1,5271,1186400,1954400,3008,966385048,37849254,0
1,5272,260500,1954400,3008,966385048,37849254,0
1,5273,1277900,1954400,3008,966385048,37849254,0
1,5274,247400,1954400,3008,966385048,37849254,0
1,5275,1731000,1954400,3008,966385048,37849254,0
1,5276,425100,1954400,3008,966385048,37849254,0
1,5277,1296700,1954400,3008,966385048,37849254,0
1,5278,350700,1954400,3008,966385048,37849254,0
1,5279,1659400,1954400,3008,966385048,37849254,0
1,5280,364900,1954400,3008,966385048,37849254,0
1,5281,1825900,1954400,3008,966385048,37849254,0
1,5282,258400,1954400,3008,966385048,37849254,0
1,5283,1852600,1954400,3008,966385048,37849254,0
1,5284,444600,1954400,3008,966385048,37849254,0
1,5285,1818100,1954400,3008,966385048,37849254,0
1,5286,315500,1954400,3008,966385048,37849254,0
1,5287,2008600,1954400,3008,966385048,37849254,0
1,5288,243600,1954400,3008,966385048,37849254,0
1,5289,1754900,1954400,3008,966385048,37849254,0
1,5290,359100,1954400,3008,966385048,37849254,0
1,5291,2022800,1954400,3008,966385048,37849254,0
1,5292,358900,1954400,3008,966385048,37849254,0
1,5293,1886200,1954400,3008,966385048,37849254,0
1,5294,393700,1954400,3008,966385048,37849254,0
1,5295,1731600,1954400,3008,966385048,37849254,0
1,5296,208900,1954400,3008,966385048,37849254,0
1,5297,1869500,1954400,3008,966385048,37849254,0
1,5298,282300,1954400,3008,966385048,37849254,0
1,5299,1834400,1954400,3008,966385048,37849254,0
1,5300,295200,1954400,3008,966385048,37849254,0
1,5301,1344700,1954400,3008,966385048,37849254,0
1,5302,270600,1954400,3008,966385048,37849254,0
1,5303,1476900,1954400,3008,966385048,37849254,0
1,5304,218100,1954400,3008,966385048,37849254,0
1,5305,1721000,1954400,3008,966385048,37849254,0
1,5306,402500,1954400,3008,966385048,37849254,0
1,5307,1863000,1954400,3008,966385048,37849254,0
1,5308,368500,1954400,3008,966385048,37849254,0
1,5309,1817500,1954400,3008,966385048,37849254,0
1,5310,242700,1954400,3008,966385048,37849254,0
1,5311,1633300,1954400,3008,966385048,37849254,0
1,5312,380600,1954400,3008,966385048,37849254,0
1,5313,1990500,1954400,3008,966385048,37849254,0
1,5314,240500,1954400,3008,966385048,37849254,0
1,5315,1486800,1954400,3008,966385048,37849254,0
1,5316,213400,1954400,3008,966385048,37849254,0
1,5317,1551600,1954400,3008,966385048,37849254,0
1,5318,387100,1954400,3008,966385048,37849254,0
1,5319,1910100,1954400,3008,966385048,37849254,0
1,5320,395000,1954400,3008,966385048,37849254,0
1,5321,1854700,1954400,3008,966385048,37849254,0
1,5322,450700,1954400,3008,966385048,37849254,0
1,5323,1817600,1954400,3008,966385048,37849254,0
1,5324,400900,1954400,3008,966385048,37849254,0
1,5325,1841700,1954400,3008,966385048,37849254,0
1,5326,356600,1954400,3008,966385048,37849254,0
1,5327,1570000,1954400,3008,966385048,37849254,0
1,5328,369700,1954400,3008,966385048,37849254,0
1,5329,1694400,1954400,3008,966385048,37849254,0
1,5330,265400,1954400,3008,966385048,37849254,0
1,5331,1622900,1954400,3008,966385048,37849254,0
1,5332,321200,1954400,3008,966385048,37849254,0
1,5333,1412700,1954400,3008,966385048,37849254,0
1,5334,261200,1954400,3008,966385048,37849254,0
1,5335,2154600,1954400,3008,966385048,37849254,0
1,5336,387700,1954400,3008,966385048,37849254,0
1,5337,1893200,1954400,3008,966385048,37849254,0
1,5338,278900,1954400,3008,966385048,37849254,0
1,5339,1356200,1954400,3008,966385048,37849254,0
1,5340,260700,1954400,3008,966385048,37849254,0
1,5341,1898800,1954400,3008,966385048,37849254,0
1,5342,367300,1954400,3008,966385048,37849254,0
1,5343,2215800,1954400,3008,966385048,37849254,0
1,5344,367700,1954400,3008,966385048,37849254,0
1,5345,1845200,1954400,3008,966385048,37849254,0
1,5346,375400,1954400,3008,966385048,37849254,0
1,5347,1520800,1954400,3008,966385048,37849254,0
1,5348,374600,1954400,3008,966385048,37849254,0
1,5349,1577700,1954400,3008,966385048,37849254,0
1,5350,356300,1954400,3008,966385048,37849254,0
1,5351,2064400,1954400,3008,966385048,37849254,0
1,5352,249300,1954400,3008,966385048,37849254,0
1,5353,2013900,1954400,3008,966385048,37849254,0
1,5354,355300,1954400,3008,966385048,37849254,0
1,5355,1251000,1954400,3008,966385048,37849254,0
1,5356,358700,1954400,3008,966385048,37849254,0
1,5357,1837400,1954400,3008,966385048,37849254,0
1,5358,298100,1954400,3008,966385048,37849254,0
1,5359,1553200,1954400,3008,966385048,37849254,0
1,5360,370300,1954400,3008,966385048,37849254,0
1,5361,1870800,1954400,3008,966385048,37849254,0
1,5362,370400,1954400,3008,966385048,37849254,0
1,5363,1426600,1954400,3008,966385048,37849254,0
1,5364,341500,1954400,3008,966385048,37849254,0
1,5365,2047000,1954400,3008,966385048,37849254,0
1,5366,516700,1954400,3008,966385048,37849254,0
1,5367,1677300,1954400,3008,966385048,37849254,0
1,5368,432300,1954400,3008,966385048,37849254,0
1,5369,1861700,1954400,3008,966385048,37849254,0
1,5370,268400,1954400,3008,966385048,37849254,0
1,5371,1515700,1954400,3008,966385048,37849254,0
1,5372,374600,1954400,3008,966385048,37849254,0
1,5373,1738500,1954400,3008,966385048,37849254,0
1,5374,273100,1954400,3008,966385048,37849254,0
1,5375,1833200,1954400,3008,966385048,37849254,0
1,5376,357100,1954400,3008,966385048,37849254,0
1,5377,1844300,1954400,3008,966385048,37849254,0
1,5378,604100,1954400,3008,966385048,37849254,0
1,5379,1341400,1954400,3008,966385048,37849254,0
1,5380,375300,1954400,3008,966385048,37849254,0
1,5381,1847400,1954400,3008,966385048,37849254,0
1,5382,386800,1954400,3008,966385048,37849254,0
1,5383,1991100,1954400,3008,966385048,37849254,0
1,5384,354800,1954400,3008,966385048,37849254,0
1,5385,1416400,1954400,3008,966385048,37849254,0
1,5386,430900,1954400,3008,966385048,37849254,0
1,5387,1509300,1954400,3008,966385048,37849254,0
1,5388,383300,1954400,3008,966385048,37849254,0
1,5389,1481600,1954400,3008,966385048,37849254,0
1,5390,343500,1954400,3008,966385048,37849254,0
1,5391,1375600,1954400,3008,966385048,37849254,0
1,5392,347000,1954400,3008,966385048,37849254,0
1,5393,2160400,1954400,3008,966385048,37849254,0
1,5394,315800,1954400,3008,966385048,37849254,0
1,5395,1306000,1954400,3008,966385048,37849254,0
1,5396,250800,1954400,3008,966385048,37849254,0
1,5397,1862800,1954400,3008,966385048,37849254,0
1,5398,382000,1954400,3008,966385048,37849254,0
1,5399,1396700,1954400,3008,966385048,37849254,0
1,5400,776800,1954400,3008,966385048,37849254,0
1,5401,1994800,1954400,3008,966385048,37849254,0
1,5402,422300,1954400,3008,966385048,37849254,0
1,5403,1878800,1954400,3008,966385048,37849254,0
1,5404,270400,1954400,3008,966385048,37849254,0
1,5405,1858000,1954400,3008,966385048,37849254,0
1,5406,270200,1954400,3008,966385048,37849254,0
1,5407,1840600,1954400,3008,966385048,37849254,0
1,5408,435300,1954400,3008,966385048,37849254,0
1,5409,1798700,1954400,3008,966385048,37849254,0
1,5410,195800,1954400,3008,966385048,37849254,0
1,5411,1906100,1954400,3008,966385048,37849254,0
1,5412,247900,1954400,3008,966385048,37849254,0
1,5413,1711500,1954400,3008,966385048,37849254,0
1,5414,238200,1954400,3008,966385048,37849254,0
1,5415,1336500,1954400,3008,966385048,37849254,0
1,5416,358100,1954400,3008,966385048,37849254,0
1,5417,1818700,1954400,3008,966385048,37849254,0
1,5418,268600,1954400,3008,966385048,37849254,0
1,5419,1616400,1954400,3008,966385048,37849254,0
1,5420,357400,1954400,3008,966385048,37849254,0
1,5421,2000100,1954400,3008,966385048,37849254,0
1,5422,370800,1954400,3008,966385048,37849254,0
1,5423,1410300,1954400,3008,966385048,37849254,0
1,5424,497600,1954400,3008,966385048,37849254,0
1,5425,1860900,1954400,3008,966385048,37849254,0
1,5426,257000,1954400,3008,966385048,37849254,0
1,5427,1512100,1954400,3008,966385048,37849254,0
1,5428,243500,1954400,3008,966385048,37849254,0
1,5429,1289400,1954400,3008,966385048,37849254,0
1,5430,353700,1954400,3008,966385048,37849254,0
1,5431,1766900,1954400,3008,966385048,37849254,0
1,5432,266400,1954400,3008,966385048,37849254,0
1,5433,1638100,1954400,3008,966385048,37849254,0
1,5434,349700,1954400,3008,966385048,37849254,0
1,5435,1256400,1954400,3008,966385048,37849254,0
1,5436,272800,1954400,3008,966385048,37849254,0
1,5437,1676900,1954400,3008,966385048,37849254,0
1,5438,257700,1954400,3008,966385048,37849254,0
1,5439,1882500,1954400,3008,966385048,37849254,0
1,5440,357000,1954400,3008,966385048,37849254,0
1,5441,1669000,1954400,3008,966385048,37849254,0
1,5442,248000,1954400,3008,966385048,37849254,0
1,5443,1894100,1954400,3008,966385048,37849254,0
1,5444,374800,1954400,3008,966385048,37849254,0
1,5445,1819300,1954400,3008,966385048,37849254,0
1,5446,357300,1954400,3008,966385048,37849254,0
1,5447,1674900,1954400,3008,966385048,37849254,0
1,5448,363200,1954400,3008,966385048,37849254,0
1,5449,1446900,1954400,3008,966385048,37849254,0
1,5450,290300,1954400,3008,966385048,37849254,0
1,5451,1203200,1954400,3008,966385048,37849254,0
1,5452,317800,1954400,3008,966385048,37849254,0
1,5453,1937400,1954400,3008,966385048,37849254,0
1,5454,356900,1954400,3008,966385048,37849254,0
1,5455,1297600,1954400,3008,966385048,37849254,0
1,5456,338300,1954400,3008,966385048,37849254,0
1,5457,1825400,1954400,3008,966385048,37849254,0
1,5458,319000,1954400,3008,966385048,37849254,0
1,5459,1323600,1954400,3008,966385048,37849254,0
1,5460,478500,1954400,3008,966385048,37849254,0
1,5461,1409700,1954400,3008,966385048,37849254,0
1,5462,311100,1954400,3008,966385048,37849254,0
1,5463,1860600,1954400,3008,966385048,37849254,0
1,5464,383500,1954400,3008,966385048,37849254,0
1,5465,1249500,1954400,3008,966385048,37849254,0
1,5466,363100,1954400,3008,966385048,37849254,0
1,5467,1887800,1954400,3008,966385048,37849254,0
1,5468,353600,1954400,3008,966385048,37849254,0
1,5469,1822200,1954400,3008,966385048,37849254,0
1,5470,357800,1954400,3008,966385048,37849254,0
1,5471,1604000,1954400,3008,966385048,37849254,0
1,5472,251800,1954400,3008,966385048,37849254,0
1,5473,1846700,1954400,3008,966385048,37849254,0
1,5474,360800,1954400,3008,966385048,37849254,0
1,5475,1859700,1954400,3008,966385048,37849254,0
1,5476,380300,1954400,3008,966385048,37849254,0
1,5477,1852800,1954400,3008,966385048,37849254,0
1,5478,350700,1954400,3008,966385048,37849254,0
1,5479,1710200,1954400,3008,966385048,37849254,0
1,5480,472000,1954400,3008,966385048,37849254,0
1,5481,1817400,1954400,3008,966385048,37849254,0
1,5482,330300,1954400,3008,966385048,37849254,0
1,5483,1373900,1954400,3008,966385048,37849254,0
1,5484,311600,1954400,3008,966385048,37849254,0
1,5485,1804600,1954400,3008,966385048,37849254,0
1,5486,357400,1954400,3008,966385048,37849254,0
1,5487,2287200,1954400,3008,966385048,37849254,0
1,5488,431600,1954400,3008,966385048,37849254,0
1,5489,1712700,1954400,3008,966385048,37849254,0
1,5490,1093100,1954400,3008,966385048,37849254,0
1,5491,1855300,1954400,3008,966385048,37849254,0
1,5492,256900,1954400,3008,966385048,37849254,0
1,5493,1560900,1954400,3008,966385048,37849254,0
1,5494,249300,1954400,3008,966385048,37849254,0
1,5495,1888600,1954400,3008,966385048,37849254,0
1,5496,258800,1954400,3008,966385048,37849254,0
1,5497,1538800,1954400,3008,966385048,37849254,0
1,5498,251600,1954400,3008,966385048,37849254,0
1,5499,1862500,1954400,3008,966385048,37849254,0
1,5500,293400,1954400,3008,966385048,37849254,0
1,5501,1633800,1954400,3008,966385048,37849254,0
1,5502,311500,1954400,3008,966385048,37849254,0
1,5503,1798600,1954400,3008,966385048,37849254,0
1,5504,261200,1954400,3008,966385048,37849254,0
1,5505,1653300,1954400,3008,966385048,37849254,0
1,5506,261300,1954400,3008,966385048,37849254,0
1,5507,1858600,1954400,3008,966385048,37849254,0
1,5508,247900,1954400,3008,966385048,37849254,0
1,5509,1581900,1954400,3008,966385048,37849254,0
1,5510,359000,1954400,3008,966385048,37849254,0
1,5511,1965500,1954400,3008,966385048,37849254,0
1,5512,279900,1954400,3008,966385048,37849254,0
1,5513,1444900,1954400,3008,966385048,37849254,0
1,5514,346800,1954400,3008,966385048,37849254,0
1,5515,1597600,1954400,3008,966385048,37849254,0
1,5516,353600,1954400,3008,966385048,37849254,0
1,5517,1874800,1954400,3008,966385048,37849254,0
1,5518,288300,1954400,3008,966385048,37849254,0
1,5519,1237500,1954400,3008,966385048,37849254,0
1,5520,256800,1954400,3008,966385048,37849254,0
1,5521,1273200,1954400,3008,966385048,37849254,0
1,5522,267600,1954400,3008,966385048,37849254,0
1,5523,1894200,1954400,3008,966385048,37849254,0
1,5524,224900,1954400,3008,966385048,37849254,0
1,5525,1858200,1954400,3008,966385048,37849254,0
1,5526,258500,1954400,3008,966385048,37849254,0
1,5527,1847400,1954400,3008,966385048,37849254,0
1,5528,232900,1954400,3008,966385048,37849254,0
1,5529,2253000,1954400,3008,966385048,37849254,0
1,5530,368900,1954400,3008,966385048,37849254,0
1,5531,1347500,1954400,3008,966385048,37849254,0
1,5532,438900,1954400,3008,966385048,37849254,0
1,5533,1880700,1954400,3008,966385048,37849254,0
1,5534,366300,1954400,3008,966385048,37849254,0
1,5535,1341700,1954400,3008,966385048,37849254,0
1,5536,351200,1954400,3008,966385048,37849254,0
1,5537,1476800,1954400,3008,966385048,37849254,0
1,5538,289800,1954400,3008,966385048,37849254,0
1,5539,1525300,1954400,3008,966385048,37849254,0
1,5540,235100,1954400,3008,966385048,37849254,0
1,5541,1903000,1954400,3008,966385048,37849254,0
1,5542,312000,1954400,3008,966385048,37849254,0
1,5543,1264400,1954400,3008,966385048,37849254,0
1,5544,360500,1954400,3008,966385048,37849254,0
1,5545,1617000,1954400,3008,966385048,37849254,0
1,5546,426000,1954400,3008,966385048,37849254,0
1,5547,1244400,1954400,3008,966385048,37849254,0
1,5548,246400,1954400,3008,966385048,37849254,0
1,5549,1276600,1954400,3008,966385048,37849254,0
1,5550,311000,1954400,3008,966385048,37849254,0
1,5551,1558400,1954400,3008,966385048,37849254,0
1,5552,513500,1954400,3008,966385048,37849254,0
1,5553,1321300,1954400,3008,966385048,37849254,0
1,5554,349900,1954400,3008,966385048,37849254,0
1,5555,1794200,1954400,3008,966385048,37849254,0
1,5556,263900,1954400,3008,966385048,37849254,0
1,5557,1398100,1954400,3008,966385048,37849254,0
1,5558,310400,1954400,3008,966385048,37849254,0
1,5559,1859000,1954400,3008,966385048,37849254,0
1,5560,256000,1954400,3008,966385048,37849254,0
1,5561,1786400,1954400,3008,966385048,37849254,0
1,5562,355600,1954400,3008,966385048,37849254,0
1,5563,1835800,1954400,3008,966385048,37849254,0
1,5564,368900,1954400,3008,966385048,37849254,0
1,5565,1871400,1954400,3008,966385048,37849254,0
1,5566,240000,1954400,3008,966385048,37849254,0
1,5567,2515400,1954400,3008,966385048,37849254,0
1,5568,267200,1954400,3008,966385048,37849254,0
1,5569,1952500,1954400,3008,966385048,37849254,0
1,5570,345800,1954400,3008,966385048,37849254,0
1,5571,1322000,1954400,3008,966385048,37849254,0
1,5572,515800,1954400,3008,966385048,37849254,0
1,5573,1745100,1954400,3008,966385048,37849254,0
1,5574,348600,1954400,3008,966385048,37849254,0
1,5575,1388500,1954400,3008,966385048,37849254,0
1,5576,247600,1954400,3008,966385048,37849254,0
1,5577,1668300,1954400,3008,966385048,37849254,0
1,5578,275100,1954400,3008,966385048,37849254,0
1,5579,1940900,1954400,3008,966385048,37849254,0
1,5580,371500,1954400,3008,966385048,37849254,0
1,5581,1596200,1954400,3008,966385048,37849254,0
1,5582,250900,1954400,3008,966385048,37849254,0
1,5583,1842800,1954400,3008,966385048,37849254,0
1,5584,378200,1954400,3008,966385048,37849254,0
1,5585,1883000,1954400,3008,966385048,37849254,0
1,5586,373900,1954400,3008,966385048,37849254,0
1,5587,2184600,1954400,3008,966385048,37849254,0
1,5588,373200,1954400,3008,966385048,37849254,0
1,5589,1444600,1954400,3008,966385048,37849254,0
1,5590,264100,1954400,3008,966385048,37849254,0
1,5591,1293600,1954400,3008,966385048,37849254,0
1,5592,343700,1954400,3008,966385048,37849254,0
1,5593,1377400,1954400,3008,966385048,37849254,0
1,5594,222600,1954400,3008,966385048,37849254,0
1,5595,1860100,1954400,3008,966385048,37849254,0
1,5596,383200,1954400,3008,966385048,37849254,0
1,5597,1737500,1954400,3008,966385048,37849254,0
1,5598,251500,1954400,3008,966385048,37849254,0
1,5599,1546500,1954400,3008,966385048,37849254,0
1,5600,235900,1954400,3008,966385048,37849254,0
1,5601,1861200,1954400,3008,966385048,37849254,0
1,5602,277700,1954400,3008,966385048,37849254,0
1,5603,1846000,1954400,3008,966385048,37849254,0
1,5604,363700,1954400,3008,966385048,37849254,0
1,5605,1300500,1954400,3008,966385048,37849254,0
1,5606,291300,1954400,3008,966385048,37849254,0
1,5607,1384300,1954400,3008,966385048,37849254,0
1,5608,338700,1954400,3008,966385048,37849254,0
1,5609,1425900,1954400,3008,966385048,37849254,0
1,5610,357700,1954400,3008,966385048,37849254,0
1,5611,1293000,1954400,3008,966385048,37849254,0
1,5612,238700,1954400,3008,966385048,37849254,0
1,5613,1655400,1954400,3008,966385048,37849254,0
1,5614,262000,1954400,3008,966385048,37849254,0
1,5615,1812800,1954400,3008,966385048,37849254,0
1,5616,374200,1954400,3008,966385048,37849254,0
1,5617,1805500,1954400,3008,966385048,37849254,0
1,5618,466800,1954400,3008,966385048,37849254,0
1,5619,1252800,1954400,3008,966385048,37849254,0
1,5620,275500,1954400,3008,966385048,37849254,0
1,5621,1456400,1954400,3008,966385048,37849254,0
1,5622,294400,1954400,3008,966385048,37849254,0
1,5623,1252300,1954400,3008,966385048,37849254,0
1,5624,267500,1954400,3008,966385048,37849254,0
1,5625,1609400,1954400,3008,966385048,37849254,0
1,5626,269600,1954400,3008,966385048,37849254,0
1,5627,1466200,1954400,3008,966385048,37849254,0
1,5628,273800,1954400,3008,966385048,37849254,0
1,5629,1402400,1954400,3008,966385048,37849254,0
1,5630,368200,1954400,3008,966385048,37849254,0
1,5631,1587800,1954400,3008,966385048,37849254,0
1,5632,263500,1954400,3008,966385048,37849254,0
1,5633,1577200,1954400,3008,966385048,37849254,0
1,5634,382100,1954400,3008,966385048,37849254,0
1,5635,1816700,1954400,3008,966385048,37849254,0
1,5636,278800,1954400,3008,966385048,37849254,0
1,5637,1250000,1954400,3008,966385048,37849254,0
1,5638,359000,1954400,3008,966385048,37849254,0
1,5639,1843200,1954400,3008,966385048,37849254,0
1,5640,359300,1954400,3008,966385048,37849254,0
1,5641,1373600,1954400,3008,966385048,37849254,0
1,5642,264700,1954400,3008,966385048,37849254,0
1,5643,1253400,1954400,3008,966385048,37849254,0
1,5644,265000,1954400,3008,966385048,37849254,0
1,5645,1362200,1954400,3008,966385048,37849254,0
1,5646,250800,1954400,3008,966385048,37849254,0
1,5647,1555800,1954400,3008,966385048,37849254,0
1,5648,251300,1954400,3008,966385048,37849254,0
1,5649,1304700,1954400,3008,966385048,37849254,0
1,5650,264100,1954400,3008,966385048,37849254,0
1,5651,1247400,1954400,3008,966385048,37849254,0
1,5652,275800,1954400,3008,966385048,37849254,0
1,5653,1553900,1954400,3008,966385048,37849254,0
1,5654,352800,1954400,3008,966385048,37849254,0
1,5655,1276400,1954400,3008,966385048,37849254,0
1,5656,259400,1954400,3008,966385048,37849254,0
1,5657,1922100,1954400,3008,966385048,37849254,0
1,5658,260300,1954400,3008,966385048,37849254,0
1,5659,1570700,1954400,3008,966385048,37849254,0
1,5660,355600,1954400,3008,966385048,37849254,0
1,5661,1836200,1954400,3008,966385048,37849254,0
1,5662,383200,1954400,3008,966385048,37849254,0
1,5663,1661700,1954400,3008,966385048,37849254,0
1,5664,253400,1954400,3008,966385048,37849254,0
1,5665,1864400,1954400,3008,966385048,37849254,0
1,5666,340300,1954400,3008,966385048,37849254,0
1,5667,1869100,1954400,3008,966385048,37849254,0
1,5668,253900,1954400,3008,966385048,37849254,0
1,5669,1880100,1954400,3008,966385048,37849254,0
1,5670,347100,1954400,3008,966385048,37849254,0
1,5671,1639700,1954400,3008,966385048,37849254,0
1,5672,493900,1954400,3008,966385048,37849254,0
1,5673,1547300,1954400,3008,966385048,37849254,0
1,5674,253700,1954400,3008,966385048,37849254,0
1,5675,1426600,1954400,3008,966385048,37849254,0
1,5676,361500,1954400,3008,966385048,37849254,0
1,5677,1310800,1954400,3008,966385048,37849254,0
1,5678,357800,1954400,3008,966385048,37849254,0
1,5679,1871600,1954400,3008,966385048,37849254,0
1,5680,305500,1954400,3008,966385048,37849254,0
1,5681,1542000,1954400,3008,966385048,37849254,0
1,5682,398900,1954400,3008,966385048,37849254,0
1,5683,1898400,1954400,3008,966385048,37849254,0
1,5684,361000,1954400,3008,966385048,37849254,0
1,5685,1262900,1954400,3008,966385048,37849254,0
1,5686,355000,1954400,3008,966385048,37849254,0
1,5687,1688500,1954400,3008,966385048,37849254,0
1,5688,361000,1954400,3008,966385048,37849254,0
1,5689,1800700,1954400,3008,966385048,37849254,0
1,5690,365900,1954400,3008,966385048,37849254,0
1,5691,1379700,1954400,3008,966385048,37849254,0
1,5692,269900,1954400,3008,966385048,37849254,0
1,5693,1277600,1954400,3008,966385048,37849254,0
1,5694,315500,1954400,3008,966385048,37849254,0
1,5695,1896100,1954400,3008,966385048,37849254,0
1,5696,261900,1954400,3008,966385048,37849254,0
1,5697,1615000,1954400,3008,966385048,37849254,0
1,5698,364400,1954400,3008,966385048,37849254,0
1,5699,1829000,1954400,3008,966385048,37849254,0
1,5700,248500,1954400,3008,966385048,37849254,0
1,5701,1368500,1954400,3008,966385048,37849254,0
1,5702,585700,1954400,3008,966385048,37849254,0
1,5703,1493800,1954400,3008,966385048,37849254,0
1,5704,362800,1954400,3008,966385048,37849254,0
1,5705,1803700,1954400,3008,966385048,37849254,0
1,5706,352200,1954400,3008,966385048,37849254,0
1,5707,1455800,1954400,3008,966385048,37849254,0
1,5708,345400,1954400,3008,966385048,37849254,0
1,5709,1421500,1954400,3008,966385048,37849254,0
1,5710,245100,1954400,3008,966385048,37849254,0
1,5711,1585600,1954400,3008,966385048,37849254,0
1,5712,251600,1954400,3008,966385048,37849254,0
1,5713,1835100,1954400,3008,966385048,37849254,0
1,5714,382000,1954400,3008,966385048,37849254,0
1,5715,1332400,1954400,3008,966385048,37849254,0
1,5716,377900,1954400,3008,966385048,37849254,0
1,5717,1756900,1954400,3008,966385048,37849254,0
1,5718,354100,1954400,3008,966385048,37849254,0
1,5719,1690600,1954400,3008,966385048,37849254,0
1,5720,364000,1954400,3008,966385048,37849254,0
1,5721,1449400,1954400,3008,966385048,37849254,0
1,5722,224600,1954400,3008,966385048,37849254,0
1,5723,1280400,1954400,3008,966385048,37849254,0
1,5724,373800,1954400,3008,966385048,37849254,0
1,5725,1844200,1954400,3008,966385048,37849254,0
1,5726,368400,1954400,3008,966385048,37849254,0
1,5727,1720500,1954400,3008,966385048,37849254,0
1,5728,296600,1954400,3008,966385048,37849254,0
1,5729,1907800,1954400,3008,966385048,37849254,0
1,5730,282900,1954400,3008,966385048,37849254,0
1,5731,1338300,1954400,3008,966385048,37849254,0
1,5732,340700,1954400,3008,966385048,37849254,0
1,5733,1258200,1954400,3008,966385048,37849254,0
1,5734,352000,1954400,3008,966385048,37849254,0
1,5735,2018800,1954400,3008,966385048,37849254,0
1,5736,422500,1954400,3008,966385048,37849254,0
1,5737,1406600,1954400,3008,966385048,37849254,0
1,5738,346900,1954400,3008,966385048,37849254,0
1,5739,2086100,1954400,3008,966385048,37849254,0
1,5740,295500,1954400,3008,966385048,37849254,0
1,5741,1248500,1954400,3008,966385048,37849254,0
1,5742,371900,1954400,3008,966385048,37849254,0
1,5743,1556500,1954400,3008,966385048,37849254,0
1,5744,412100,1954400,3008,966385048,37849254,0
1,5745,1211400,1954400,3008,966385048,37849254,0
1,5746,378700,1954400,3008,966385048,37849254,0
1,5747,1486500,1954400,3008,966385048,37849254,0
1,5748,515500,1954400,3008,966385048,37849254,0
1,5749,2011200,1954400,3008,966385048,37849254,0
1,5750,350100,1954400,3008,966385048,37849254,0
1,5751,1720400,1954400,3008,966385048,37849254,0
1,5752,556800,1954400,3008,966385048,37849254,0
1,5753,1296500,1954400,3008,966385048,37849254,0
1,5754,254700,1954400,3008,966385048,37849254,0
1,5755,1622500,1954400,3008,966385048,37849254,0
1,5756,253900,1954400,3008,966385048,37849254,0
1,5757,1917100,1954400,3008,966385048,37849254,0
1,5758,266600,1954400,3008,966385048,37849254,0
1,5759,2034100,1954400,3008,966385048,37849254,0
1,5760,242700,1954400,3008,966385048,37849254,0
1,5761,1350600,1954400,3008,966385048,37849254,0
1,5762,346900,1954400,3008,966385048,37849254,0
1,5763,1513800,1954400,3008,966385048,37849254,0
1,5764,378100,1954400,3008,966385048,37849254,0
1,5765,1821000,1954400,3008,966385048,37849254,0
1,5766,418800,1954400,3008,966385048,37849254,0
1,5767,1278500,1954400,3008,966385048,37849254,0
1,5768,663700,1954400,3008,966385048,37849254,0
1,5769,1838300,1954400,3008,966385048,37849254,0
1,5770,289000,1954400,3008,966385048,37849254,0
1,5771,1333900,1954400,3008,966385048,37849254,0
1,5772,272300,1954400,3008,966385048,37849254,0
1,5773,1937400,1954400,3008,966385048,37849254,0
1,5774,296500,1954400,3008,966385048,37849254,0
1,5775,1840000,1954400,3008,966385048,37849254,0
1,5776,370500,1954400,3008,966385048,37849254,0
1,5777,1739600,1954400,3008,966385048,37849254,0
1,5778,375100,1954400,3008,966385048,37849254,0
1,5779,1842600,1954400,3008,966385048,37849254,0
1,5780,265600,1954400,3008,966385048,37849254,0
1,5781,1619800,1954400,3008,966385048,37849254,0
1,5782,232600,1954400,3008,966385048,37849254,0
1,5783,1862000,1954400,3008,966385048,37849254,0
1,5784,264300,1954400,3008,966385048,37849254,0
1,5785,1883100,1954400,3008,966385048,37849254,0
1,5786,374500,1954400,3008,966385048,37849254,0
1,5787,1862900,1954400,3008,966385048,37849254,0
1,5788,453800,1954400,3008,966385048,37849254,0
1,5789,1608800,1954400,3008,966385048,37849254,0
1,5790,290000,1954400,3008,966385048,37849254,0
1,5791,1737000,1954400,3008,966385048,37849254,0
1,5792,260700,1954400,3008,966385048,37849254,0
1,5793,1284200,1954400,3008,966385048,37849254,0
1,5794,261400,1954400,3008,966385048,37849254,0
1,5795,1926400,1954400,3008,966385048,37849254,0
1,5796,354300,1954400,3008,966385048,37849254,0
1,5797,1585200,1954400,3008,966385048,37849254,0
1,5798,353400,1954400,3008,966385048,37849254,0
1,5799,1773700,1954400,3008,966385048,37849254,0
1,5800,257400,1954400,3008,966385048,37849254,0
1,5801,1610600,1954400,3008,966385048,37849254,0
1,5802,237800,1954400,3008,966385048,37849254,0
1,5803,1831300,1954400,3008,966385048,37849254,0
1,5804,280900,1954400,3008,966385048,37849254,0
1,5805,1250500,1954400,3008,966385048,37849254,0
1,5806,332900,1954400,3008,966385048,37849254,0
1,5807,1586200,1954400,3008,966385048,37849254,0
1,5808,354000,1954400,3008,966385048,37849254,0
1,5809,1475800,1954400,3008,966385048,37849254,0
1,5810,242600,1954400,3008,966385048,37849254,0
1,5811,1465700,1954400,3008,966385048,37849254,0
1,5812,352400,1954400,3008,966385048,37849254,0
1,5813,1833900,1954400,3008,966385048,37849254,0
1,5814,396600,1954400,3008,966385048,37849254,0
1,5815,1795300,1954400,3008,966385048,37849254,0
1,5816,245300,1954400,3008,966385048,37849254,0
1,5817,1570500,1954400,3008,966385048,37849254,0
1,5818,261100,1954400,3008,966385048,37849254,0
1,5819,1756000,1954400,3008,966385048,37849254,0
1,5820,257700,1954400,3008,966385048,37849254,0
1,5821,1785800,1954400,3008,966385048,37849254,0
1,5822,394500,1954400,3008,966385048,37849254,0
1,5823,1850900,1954400,3008,966385048,37849254,0
1,5824,656800,1954400,3008,966385048,37849254,0
1,5825,1545300,1954400,3008,966385048,37849254,0
1,5826,397600,1954400,3008,966385048,37849254,0
1,5827,1618700,1954400,3008,966385048,37849254,0
1,5828,359700,1954400,3008,966385048,37849254,0
1,5829,1372500,1954400,3008,966385048,37849254,0
1,5830,248400,1954400,3008,966385048,37849254,0
1,5831,1299000,1954400,3008,966385048,37849254,0
1,5832,241800,1954400,3008,966385048,37849254,0
1,5833,1794500,1954400,3008,966385048,37849254,0
1,5834,353100,1954400,3008,966385048,37849254,0
1,5835,1838700,1954400,3008,966385048,37849254,0
1,5836,302700,1954400,3008,966385048,37849254,0
1,5837,1843200,1954400,3008,966385048,37849254,0
1,5838,355500,1954400,3008,966385048,37849254,0
1,5839,1246700,1954400,3008,966385048,37849254,0
1,5840,395600,1954400,3008,966385048,37849254,0
1,5841,1196000,1954400,3008,966385048,37849254,0
1,5842,345500,1954400,3008,966385048,37849254,0
1,5843,1557200,1954400,3008,966385048,37849254,0
1,5844,376600,1954400,3008,966385048,37849254,0
1,5845,1645900,1954400,3008,966385048,37849254,0
1,5846,350000,1954400,3008,966385048,37849254,0
1,5847,1783100,1954400,3008,966385048,37849254,0
1,5848,343200,1954400,3008,966385048,37849254,0
1,5849,1565200,1954400,3008,966385048,37849254,0
1,5850,545500,1954400,3008,966385048,37849254,0
1,5851,1339700,1954400,3008,966385048,37849254,0
1,5852,469700,1954400,3008,966385048,37849254,0
1,5853,1892300,1954400,3008,966385048,37849254,0
1,5854,320200,1954400,3008,966385048,37849254,0
1,5855,1551900,1954400,3008,966385048,37849254,0
1,5856,334800,1954400,3008,966385048,37849254,0
1,5857,1325100,1954400,3008,966385048,37849254,0
1,5858,307200,1954400,3008,966385048,37849254,0
1,5859,1240000,1954400,3008,966385048,37849254,0
1,5860,256900,1954400,3008,966385048,37849254,0
1,5861,1421700,1954400,3008,966385048,37849254,0
1,5862,310400,1954400,3008,966385048,37849254,0
1,5863,1853000,1954400,3008,966385048,37849254,0
1,5864,395100,1954400,3008,966385048,37849254,0
1,5865,1286500,1954400,3008,966385048,37849254,0
1,5866,281300,1954400,3008,966385048,37849254,0
1,5867,1861800,1954400,3008,966385048,37849254,0
1,5868,252700,1954400,3008,966385048,37849254,0
1,5869,1975000,1954400,3008,966385048,37849254,0
1,5870,368000,1954400,3008,966385048,37849254,0
1,5871,1812600,1954400,3008,966385048,37849254,0
1,5872,348300,1954400,3008,966385048,37849254,0
1,5873,1525800,1954400,3008,966385048,37849254,0
1,5874,171100,1954400,3008,966385048,37849254,0
1,5875,1612400,1954400,3008,966385048,37849254,0
1,5876,269600,1954400,3008,966385048,37849254,0
1,5877,1652300,1954400,3008,966385048,37849254,0
1,5878,387300,1954400,3008,966385048,37849254,0
1,5879,1699100,1954400,3008,966385048,37849254,0
1,5880,257500,1954400,3008,966385048,37849254,0
1,5881,1616700,1954400,3008,966385048,37849254,0
1,5882,357200,1954400,3008,966385048,37849254,0
1,5883,1474300,1954400,3008,966385048,37849254,0
1,5884,242600,1954400,3008,966385048,37849254,0
1,5885,1827700,1954400,3008,966385048,37849254,0
1,5886,219600,1954400,3008,966385048,37849254,0
1,5887,1429100,1954400,3008,966385048,37849254,0
1,5888,241200,1954400,3008,966385048,37849254,0
1,5889,2026800,1954400,3008,966385048,37849254,0
1,5890,273900,1954400,3008,966385048,37849254,0
1,5891,1896300,1954400,3008,966385048,37849254,0
1,5892,356600,1954400,3008,966385048,37849254,0
1,5893,1711400,1954400,3008,966385048,37849254,0
1,5894,242300,1954400,3008,966385048,37849254,0
1,5895,1875700,1954400,3008,966385048,37849254,0
1,5896,236400,1954400,3008,966385048,37849254,0
1,5897,1834100,1954400,3008,966385048,37849254,0
1,5898,361000,1954400,3008,966385048,37849254,0
1,5899,1237600,1954400,3008,966385048,37849254,0
1,5900,347300,1954400,3008,966385048,37849254,0
1,5901,1448000,1954400,3008,966385048,37849254,0
1,5902,509500,1954400,3008,966385048,37849254,0
1,5903,1829900,1954400,3008,966385048,37849254,0
1,5904,259500,1954400,3008,966385048,37849254,0
1,5905,1841200,1954400,3008,966385048,37849254,0
1,5906,349200,1954400,3008,966385048,37849254,0
1,5907,1671800,1954400,3008,966385048,37849254,0
1,5908,378700,1954400,3008,966385048,37849254,0
1,5909,1806800,1954400,3008,966385048,37849254,0
1,5910,301400,1954400,3008,966385048,37849254,0
1,5911,1433200,1954400,3008,966385048,37849254,0
1,5912,358100,1954400,3008,966385048,37849254,0
1,5913,1967400,1954400,3008,966385048,37849254,0
1,5914,276000,1954400,3008,966385048,37849254,0
1,5915,1882500,1954400,3008,966385048,37849254,0
1,5916,235400,1954400,3008,966385048,37849254,0
1,5917,1857700,1954400,3008,966385048,37849254,0
1,5918,258700,1954400,3008,966385048,37849254,0
1,5919,1394200,1954400,3008,966385048,37849254,0
1,5920,473900,1954400,3008,966385048,37849254,0
1,5921,1702800,1954400,3008,966385048,37849254,0
1,5922,263400,1954400,3008,966385048,37849254,0
1,5923,1863200,1954400,3008,966385048,37849254,0
1,5924,280500,1954400,3008,966385048,37849254,0
1,5925,2009500,1954400,3008,966385048,37849254,0
1,5926,363900,1954400,3008,966385048,37849254,0
1,5927,2062900,1954400,3008,966385048,37849254,0
1,5928,247300,1954400,3008,966385048,37849254,0
1,5929,1583600,1954400,3008,966385048,37849254,0
1,5930,475700,1954400,3008,966385048,37849254,0
1,5931,1858600,1954400,3008,966385048,37849254,0
1,5932,490700,1954400,3008,966385048,37849254,0
1,5933,2072000,1954400,3008,966385048,37849254,0
1,5934,361600,1954400,3008,966385048,37849254,0
1,5935,1195600,1954400,3008,966385048,37849254,0
1,5936,345900,1954400,3008,966385048,37849254,0
1,5937,1439000,1954400,3008,966385048,37849254,0
1,5938,338800,1954400,3008,966385048,37849254,0
1,5939,1874400,1954400,3008,966385048,37849254,0
1,5940,361900,1954400,3008,966385048,37849254,0
1,5941,1837300,1954400,3008,966385048,37849254,0
1,5942,252900,1954400,3008,966385048,37849254,0
1,5943,1277400,1954400,3008,966385048,37849254,0
1,5944,352100,1954400,3008,966385048,37849254,0
1,5945,1443700,1954400,3008,966385048,37849254,0
1,5946,314800,1954400,3008,966385048,37849254,0
1,5947,1724700,1954400,3008,966385048,37849254,0
1,5948,322100,1954400,3008,966385048,37849254,0
1,5949,1800200,1954400,3008,966385048,37849254,0
1,5950,496100,1954400,3008,966385048,37849254,0
1,5951,1800200,1954400,3008,966385048,37849254,0
1,5952,352200,1954400,3008,966385048,37849254,0
1,5953,1274900,1954400,3008,966385048,37849254,0
1,5954,362900,1954400,3008,966385048,37849254,0
1,5955,1685400,1954400,3008,966385048,37849254,0
1,5956,383200,1954400,3008,966385048,37849254,0
1,5957,2000200,1954400,3008,966385048,37849254,0
1,5958,258000,1954400,3008,966385048,37849254,0
1,5959,2007600,1954400,3008,966385048,37849254,0
1,5960,351800,1954400,3008,966385048,37849254,0
1,5961,1785300,1954400,3008,966385048,37849254,0
1,5962,257500,1954400,3008,966385048,37849254,0
1,5963,1786100,1954400,3008,966385048,37849254,0
1,5964,368800,1954400,3008,966385048,37849254,0
1,5965,1856500,1954400,3008,966385048,37849254,0
1,5966,263700,1954400,3008,966385048,37849254,0
1,5967,1852400,1954400,3008,966385048,37849254,0
1,5968,301900,1954400,3008,966385048,37849254,0
1,5969,2085500,1954400,3008,966385048,37849254,0
1,5970,349600,1954400,3008,966385048,37849254,0
1,5971,1811400,1954400,3008,966385048,37849254,0
1,5972,364200,1954400,3008,966385048,37849254,0
1,5973,1850600,1954400,3008,966385048,37849254,0
1,5974,257000,1954400,3008,966385048,37849254,0
1,5975,1699400,1954400,3008,966385048,37849254,0
1,5976,272000,1954400,3008,966385048,37849254,0
1,5977,1906100,1954400,3008,966385048,37849254,0
1,5978,353600,1954400,3008,966385048,37849254,0
1,5979,1177300,1954400,3008,966385048,37849254,0
1,5980,187800,1954400,3008,966385048,37849254,0
1,5981,1832800,1954400,3008,966385048,37849254,0
1,5982,356400,1954400,3008,966385048,37849254,0
1,5983,1600300,1954400,3008,966385048,37849254,0
1,5984,371100,1954400,3008,966385048,37849254,0
1,5985,1498900,1954400,3008,966385048,37849254,0
1,5986,368200,1954400,3008,966385048,37849254,0
1,5987,1854300,1954400,3008,966385048,37849254,0
1,5988,685300,1954400,3008,966385048,37849254,0
1,5989,1627400,1954400,3008,966385048,37849254,0
1,5990,269300,1954400,3008,966385048,37849254,0
1,5991,1507500,1954400,3008,966385048,37849254,0
1,5992,253900,1954400,3008,966385048,37849254,0
1,5993,1858900,1954400,3008,966385048,37849254,0
1,5994,251200,1954400,3008,966385048,37849254,0
1,5995,1690500,1954400,3008,966385048,37849254,0
1,5996,335000,1954400,3008,966385048,37849254,0
1,5997,1800600,1954400,3008,966385048,37849254,0
1,5998,268200,1954400,3008,966385048,37849254,0
1,5999,1771400,1954400,3008,966385048,37849254,0
1,6000,372900,1954400,3008,966385048,37849254,0
1,6001,1841200,1954400,3008,966385048,37849254,0
1,6002,416600,1954400,3008,966385048,37849254,0
1,6003,1453300,1954400,3008,966385048,37849254,0
1,6004,231300,1954400,3008,966385048,37849254,0
1,6005,1549600,1954400,3008,966385048,37849254,0
1,6006,350700,1954400,3008,966385048,37849254,0
1,6007,1506300,1954400,3008,966385048,37849254,0
1,6008,367000,1954400,3008,966385048,37849254,0
1,6009,1857000,1954400,3008,966385048,37849254,0
1,6010,354500,1954400,3008,966385048,37849254,0
1,6011,1558300,1954400,3008,966385048,37849254,0
1,6012,256900,1954400,3008,966385048,37849254,0
1,6013,1298300,1954400,3008,966385048,37849254,0
1,6014,246100,1954400,3008,966385048,37849254,0
1,6015,1832300,1954400,3008,966385048,37849254,0
1,6016,403300,1954400,3008,966385048,37849254,0
1,6017,1866100,1954400,3008,966385048,37849254,0
1,6018,383700,1954400,3008,966385048,37849254,0
1,6019,1849900,1954400,3008,966385048,37849254,0
1,6020,384400,1954400,3008,966385048,37849254,0
1,6021,1743700,1954400,3008,966385048,37849254,0
1,6022,320600,1954400,3008,966385048,37849254,0
1,6023,1850300,1954400,3008,966385048,37849254,0
1,6024,250200,1954400,3008,966385048,37849254,0
1,6025,1707900,1954400,3008,966385048,37849254,0
1,6026,350800,1954400,3008,966385048,37849254,0
1,6027,1444400,1954400,3008,966385048,37849254,0
1,6028,379700,1954400,3008,966385048,37849254,0
1,6029,1296200,1954400,3008,966385048,37849254,0
1,6030,728700,1954400,3008,966385048,37849254,0
1,6031,1275100,1954400,3008,966385048,37849254,0
1,6032,347200,1954400,3008,966385048,37849254,0
1,6033,1495100,1954400,3008,966385048,37849254,0
1,6034,405300,1954400,3008,966385048,37849254,0
1,6035,1854300,1954400,3008,966385048,37849254,0
1,6036,188100,1954400,3008,966385048,37849254,0
1,6037,1857600,1954400,3008,966385048,37849254,0
1,6038,373100,1954400,3008,966385048,37849254,0
1,6039,1866200,1954400,3008,966385048,37849254,0
1,6040,373900,1954400,3008,966385048,37849254,0
1,6041,1274600,1954400,3008,966385048,37849254,0
1,6042,461400,1954400,3008,966385048,37849254,0
1,6043,1930200,1954400,3008,966385048,37849254,0
1,6044,374100,1954400,3008,966385048,37849254,0
1,6045,1827300,1954400,3008,966385048,37849254,0
1,6046,352400,1954400,3008,966385048,37849254,0
1,6047,1774200,1954400,3008,966385048,37849254,0
1,6048,239900,1954400,3008,966385048,37849254,0
1,6049,2040400,1954400,3008,966385048,37849254,0
1,6050,280200,1954400,3008,966385048,37849254,0
1,6051,1733200,1954400,3008,966385048,37849254,0
1,6052,248100,1954400,3008,966385048,37849254,0
1,6053,1756900,1954400,3008,966385048,37849254,0
1,6054,253900,1954400,3008,966385048,37849254,0
1,6055,1275000,1954400,3008,966385048,37849254,0
1,6056,387100,1954400,3008,966385048,37849254,0
1,6057,1899500,1954400,3008,966385048,37849254,0
1,6058,374300,1954400,3008,966385048,37849254,0
1,6059,1746000,1954400,3008,966385048,37849254,0
1,6060,255800,1954400,3008,966385048,37849254,0
1,6061,1856300,1954400,3008,966385048,37849254,0
1,6062,374600,1954400,3008,966385048,37849254,0
1,6063,1614700,1954400,3008,966385048,37849254,0
1,6064,335800,1954400,3008,966385048,37849254,0
1,6065,1843600,1954400,3008,966385048,37849254,0
1,6066,780100,1954400,3008,966385048,37849254,0
1,6067,1831600,1954400,3008,966385048,37849254,0
1,6068,359600,1954400,3008,966385048,37849254,0
1,6069,1819000,1954400,3008,966385048,37849254,0
1,6070,250500,1954400,3008,966385048,37849254,0
1,6071,1383100,1954400,3008,966385048,37849254,0
1,6072,257700,1954400,3008,966385048,37849254,0
1,6073,1714600,1954400,3008,966385048,37849254,0
1,6074,260100,1954400,3008,966385048,37849254,0
1,6075,1813500,1954400,3008,966385048,37849254,0
1,6076,351400,1954400,3008,966385048,37849254,0
1,6077,1739100,1954400,3008,966385048,37849254,0
1,6078,353200,1954400,3008,966385048,37849254,0
1,6079,1461300,1954400,3008,966385048,37849254,0
1,6080,347800,1954400,3008,966385048,37849254,0
1,6081,1813400,1954400,3008,966385048,37849254,0
1,6082,251800,1954400,3008,966385048,37849254,0
1,6083,1525900,1954400,3008,966385048,37849254,0
1,6084,357400,1954400,3008,966385048,37849254,0
1,6085,1850700,1954400,3008,966385048,37849254,0
1,6086,335000,1954400,3008,966385048,37849254,0
1,6087,1756400,1954400,3008,966385048,37849254,0
1,6088,363100,1954400,3008,966385048,37849254,0
1,6089,1286600,1954400,3008,966385048,37849254,0
1,6090,346700,1954400,3008,966385048,37849254,0
1,6091,1852100,1954400,3008,966385048,37849254,0
1,6092,335800,1954400,3008,966385048,37849254,0
1,6093,1612200,1954400,3008,966385048,37849254,0
1,6094,392500,1954400,3008,966385048,37849254,0
1,6095,1288600,1954400,3008,966385048,37849254,0
1,6096,334600,1954400,3008,966385048,37849254,0
1,6097,1829700,1954400,3008,966385048,37849254,0
1,6098,188600,1954400,3008,966385048,37849254,0
1,6099,1506600,1954400,3008,966385048,37849254,0
1,6100,267400,1954400,3008,966385048,37849254,0
1,6101,1844600,1954400,3008,966385048,37849254,0
1,6102,231800,1954400,3008,966385048,37849254,0
1,6103,1478100,1954400,3008,966385048,37849254,0
1,6104,274100,1954400,3008,966385048,37849254,0
1,6105,1314000,1954400,3008,966385048,37849254,0
1,6106,249400,1954400,3008,966385048,37849254,0
1,6107,1533900,1954400,3008,966385048,37849254,0
1,6108,240700,1954400,3008,966385048,37849254,0
1,6109,1881200,1954400,3008,966385048,37849254,0
1,6110,337700,1954400,3008,966385048,37849254,0
1,6111,1818600,1954400,3008,966385048,37849254,0
1,6112,368700,1954400,3008,966385048,37849254,0
1,6113,1650000,1954400,3008,966385048,37849254,0
1,6114,287700,1954400,3008,966385048,37849254,0
1,6115,1771700,1954400,3008,966385048,37849254,0
1,6116,265800,1954400,3008,966385048,37849254,0
1,6117,1280100,1954400,3008,966385048,37849254,0
1,6118,387600,1954400,3008,966385048,37849254,0
1,6119,1833200,1954400,3008,966385048,37849254,0
1,6120,230400,1954400,3008,966385048,37849254,0
1,6121,1930300,1954400,3008,966385048,37849254,0
1,6122,295500,1954400,3008,966385048,37849254,0
1,6123,1638100,1954400,3008,966385048,37849254,0
1,6124,386400,1954400,3008,966385048,37849254,0
1,6125,1877000,1954400,3008,966385048,37849254,0
1,6126,274200,1954400,3008,966385048,37849254,0
1,6127,1285500,1954400,3008,966385048,37849254,0
1,6128,369800,1954400,3008,966385048,37849254,0
1,6129,1853900,1954400,3008,966385048,37849254,0
1,6130,336200,1954400,3008,966385048,37849254,0
1,6131,1848500,1954400,3008,966385048,37849254,0
1,6132,288600,1954400,3008,966385048,37849254,0
1,6133,1539100,1954400,3008,966385048,37849254,0
1,6134,221700,1954400,3008,966385048,37849254,0
1,6135,1403800,1954400,3008,966385048,37849254,0
1,6136,371100,1954400,3008,966385048,37849254,0
1,6137,1870100,1954400,3008,966385048,37849254,0
1,6138,381100,1954400,3008,966385048,37849254,0
1,6139,1888300,1954400,3008,966385048,37849254,0
1,6140,241200,1954400,3008,966385048,37849254,0
1,6141,1981700,1954400,3008,966385048,37849254,0
1,6142,371200,1954400,3008,966385048,37849254,0
1,6143,1109200,1954400,3008,966385048,37849254,0
1,6144,278300,1954400,3008,966385048,37849254,0
1,6145,1860300,1954400,3008,966385048,37849254,0
1,6146,280600,1954400,3008,966385048,37849254,0
1,6147,1271700,1954400,3008,966385048,37849254,0
1,6148,266800,1954400,3008,966385048,37849254,0
1,6149,2022400,1954400,3008,966385048,37849254,0
1,6150,298400,1954400,3008,966385048,37849254,0
1,6151,1690400,1954400,3008,966385048,37849254,0
1,6152,273100,1954400,3008,966385048,37849254,0
1,6153,1882100,1954400,3008,966385048,37849254,0
1,6154,439000,1954400,3008,966385048,37849254,0
1,6155,1881200,1954400,3008,966385048,37849254,0
1,6156,396500,1954400,3008,966385048,37849254,0
1,6157,1933200,1954400,3008,966385048,37849254,0
1,6158,360200,1954400,3008,966385048,37849254,0
1,6159,1256500,1954400,3008,966385048,37849254,0
1,6160,212600,1954400,3008,966385048,37849254,0
1,6161,1845900,1954400,3008,966385048,37849254,0
1,6162,354700,1954400,3008,966385048,37849254,0
1,6163,1405900,1954400,3008,966385048,37849254,0
1,6164,250900,1954400,3008,966385048,37849254,0
1,6165,1654900,1954400,3008,966385048,37849254,0
1,6166,351400,1954400,3008,966385048,37849254,0
1,6167,1889600,1954400,3008,966385048,37849254,0
1,6168,241000,1954400,3008,966385048,37849254,0
1,6169,1296100,1954400,3008,966385048,37849254,0
1,6170,353000,1954400,3008,966385048,37849254,0
1,6171,1757500,1954400,3008,966385048,37849254,0
1,6172,256700,1954400,3008,966385048,37849254,0
1,6173,1841000,1954400,3008,966385048,37849254,0
1,6174,265100,1954400,3008,966385048,37849254,0
1,6175,1535400,1954400,3008,966385048,37849254,0
1,6176,473300,1954400,3008,966385048,37849254,0
1,6177,1577300,1954400,3008,966385048,37849254,0
1,6178,366400,1954400,3008,966385048,37849254,0
1,6179,1418500,1954400,3008,966385048,37849254,0
1,6180,428700,1954400,3008,966385048,37849254,0
1,6181,1735300,1954400,3008,966385048,37849254,0
1,6182,352100,1954400,3008,966385048,37849254,0
1,6183,1524900,1954400,3008,966385048,37849254,0
1,6184,255300,1954400,3008,966385048,37849254,0
1,6185,1426500,1954400,3008,966385048,37849254,0
1,6186,371900,1954400,3008,966385048,37849254,0
1,6187,2225400,1954400,3008,966385048,37849254,0
1,6188,315000,1954400,3008,966385048,37849254,0
1,6189,1930100,1954400,3008,966385048,37849254,0
1,6190,251700,1954400,3008,966385048,37849254,0
1,6191,1485400,1954400,3008,966385048,37849254,0
1,6192,251000,1954400,3008,966385048,37849254,0
1,6193,2050800,1954400,3008,966385048,37849254,0
1,6194,377900,1954400,3008,966385048,37849254,0
1,6195,1350200,1954400,3008,966385048,37849254,0
1,6196,352600,1954400,3008,966385048,37849254,0
1,6197,1338200,1954400,3008,966385048,37849254,0
1,6198,378700,1954400,3008,966385048,37849254,0
1,6199,1377900,1954400,3008,966385048,37849254,0
1,6200,407300,1954400,3008,966385048,37849254,0
1,6201,1812000,1954400,3008,966385048,37849254,0
1,6202,333100,1954400,3008,966385048,37849254,0
1,6203,1854700,1954400,3008,966385048,37849254,0
1,6204,373800,1954400,3008,966385048,37849254,0
1,6205,1624700,1954400,3008,966385048,37849254,0
1,6206,268800,1954400,3008,966385048,37849254,0
1,6207,1283900,1954400,3008,966385048,37849254,0
1,6208,351100,1954400,3008,966385048,37849254,0
1,6209,1278900,1954400,3008,966385048,37849254,0
1,6210,311400,1954400,3008,966385048,37849254,0
1,6211,1300700,1954400,3008,966385048,37849254,0
1,6212,354100,1954400,3008,966385048,37849254,0
1,6213,1748600,1954400,3008,966385048,37849254,0
1,6214,271200,1954400,3008,966385048,37849254,0
1,6215,1884800,1954400,3008,966385048,37849254,0
1,6216,612300,1954400,3008,966385048,37849254,0
1,6217,1443400,1954400,3008,966385048,37849254,0
1,6218,415100,1954400,3008,966385048,37849254,0
1,6219,1329700,1954400,3008,966385048,37849254,0
1,6220,263500,1954400,3008,966385048,37849254,0
1,6221,1696000,1954400,3008,966385048,37849254,0
1,6222,279200,1954400,3008,966385048,37849254,0
1,6223,1319200,1954400,3008,966385048,37849254,0
1,6224,556700,1954400,3008,966385048,37849254,0
1,6225,1815400,1954400,3008,966385048,37849254,0
1,6226,365500,1954400,3008,966385048,37849254,0
1,6227,1843800,1954400,3008,966385048,37849254,0
1,6228,434300,1954400,3008,966385048,37849254,0
1,6229,1918100,1954400,3008,966385048,37849254,0
1,6230,374100,1954400,3008,966385048,37849254,0
1,6231,1886200,1954400,3008,966385048,37849254,0
1,6232,224500,1954400,3008,966385048,37849254,0
1,6233,1202800,1954400,3008,966385048,37849254,0
1,6234,327200,1954400,3008,966385048,37849254,0
1,6235,1884900,1954400,3008,966385048,37849254,0
1,6236,290700,1954400,3008,966385048,37849254,0
1,6237,2044500,1954400,3008,966385048,37849254,0
1,6238,256300,1954400,3008,966385048,37849254,0
1,6239,1357000,1954400,3008,966385048,37849254,0
1,6240,353800,1954400,3008,966385048,37849254,0
1,6241,1887400,1954400,3008,966385048,37849254,0
1,6242,364200,1954400,3008,966385048,37849254,0
1,6243,1901400,1954400,3008,966385048,37849254,0
1,6244,261100,1954400,3008,966385048,37849254,0
1,6245,1482800,1954400,3008,966385048,37849254,0
1,6246,257400,1954400,3008,966385048,37849254,0
1,6247,1217700,1954400,3008,966385048,37849254,0
1,6248,263100,1954400,3008,966385048,37849254,0
1,6249,1279400,1954400,3008,966385048,37849254,0
1,6250,274000,1954400,3008,966385048,37849254,0
1,6251,1480600,1954400,3008,966385048,37849254,0
1,6252,314300,1954400,3008,966385048,37849254,0
1,6253,1289300,1954400,3008,966385048,37849254,0
1,6254,350700,1954400,3008,966385048,37849254,0
1,6255,1279700,1954400,3008,966385048,37849254,0
1,6256,238500,1954400,3008,966385048,37849254,0
1,6257,1513800,1954400,3008,966385048,37849254,0
1,6258,276800,1954400,3008,966385048,37849254,0
1,6259,1128100,1954400,3008,966385048,37849254,0
1,6260,273600,1954400,3008,966385048,37849254,0
1,6261,2240700,1954400,3008,966385048,37849254,0
1,6262,350100,1954400,3008,966385048,37849254,0
1,6263,1770400,1954400,3008,966385048,37849254,0
1,6264,518900,1954400,3008,966385048,37849254,0
1,6265,1877000,1954400,3008,966385048,37849254,0
1,6266,260200,1954400,3008,966385048,37849254,0
1,6267,1858800,1954400,3008,966385048,37849254,0
1,6268,243000,1954400,3008,966385048,37849254,0
1,6269,1880400,1954400,3008,966385048,37849254,0
1,6270,304300,1954400,3008,966385048,37849254,0
1,6271,1792800,1954400,3008,966385048,37849254,0
1,6272,251100,1954400,3008,966385048,37849254,0
1,6273,1733600,1954400,3008,966385048,37849254,0
1,6274,448100,1954400,3008,966385048,37849254,0
1,6275,1400100,1954400,3008,966385048,37849254,0
1,6276,355800,1954400,3008,966385048,37849254,0
1,6277,1500100,1954400,3008,966385048,37849254,0
1,6278,377400,1954400,3008,966385048,37849254,0
1,6279,1553400,1954400,3008,966385048,37849254,0
1,6280,256300,1954400,3008,966385048,37849254,0
1,6281,1909800,1954400,3008,966385048,37849254,0
1,6282,330400,1954400,3008,966385048,37849254,0
1,6283,1867300,1954400,3008,966385048,37849254,0
1,6284,383200,1954400,3008,966385048,37849254,0
1,6285,1755900,1954400,3008,966385048,37849254,0
1,6286,239800,1954400,3008,966385048,37849254,0
1,6287,1314100,1954400,3008,966385048,37849254,0
1,6288,366100,1954400,3008,966385048,37849254,0
1,6289,1563200,1954400,3008,966385048,37849254,0
1,6290,360600,1954400,3008,966385048,37849254,0
1,6291,1507200,1954400,3008,966385048,37849254,0
1,6292,253600,1954400,3008,966385048,37849254,0
1,6293,1340400,1954400,3008,966385048,37849254,0
1,6294,359600,1954400,3008,966385048,37849254,0
1,6295,1849500,1954400,3008,966385048,37849254,0
1,6296,266900,1954400,3008,966385048,37849254,0
1,6297,1258700,1954400,3008,966385048,37849254,0
1,6298,273800,1954400,3008,966385048,37849254,0
1,6299,1833200,1954400,3008,966385048,37849254,0
1,6300,280400,1954400,3008,966385048,37849254,0
1,6301,1822900,1954400,3008,966385048,37849254,0
1,6302,230400,1954400,3008,966385048,37849254,0
1,6303,1864000,1954400,3008,966385048,37849254,0
1,6304,361500,1954400,3008,966385048,37849254,0
1,6305,1287000,1954400,3008,966385048,37849254,0
1,6306,358400,1954400,3008,966385048,37849254,0
1,6307,1755200,1954400,3008,966385048,37849254,0
1,6308,303400,1954400,3008,966385048,37849254,0
1,6309,1853200,1954400,3008,966385048,37849254,0
1,6310,381700,1954400,3008,966385048,37849254,0
1,6311,2035100,1954400,3008,966385048,37849254,0
1,6312,369200,1954400,3008,966385048,37849254,0
1,6313,1711900,1954400,3008,966385048,37849254,0
1,6314,363000,1954400,3008,966385048,37849254,0
1,6315,1760500,1954400,3008,966385048,37849254,0
1,6316,372900,1954400,3008,966385048,37849254,0
1,6317,1846900,1954400,3008,966385048,37849254,0
1,6318,384300,1954400,3008,966385048,37849254,0
1,6319,1553100,1954400,3008,966385048,37849254,0
1,6320,310700,1954400,3008,966385048,37849254,0
1,6321,1830500,1954400,3008,966385048,37849254,0
1,6322,246500,1954400,3008,966385048,37849254,0
1,6323,1944600,1954400,3008,966385048,37849254,0
1,6324,245800,1954400,3008,966385048,37849254,0
1,6325,2093300,1954400,3008,966385048,37849254,0
1,6326,362000,1954400,3008,966385048,37849254,0
1,6327,1931000,1954400,3008,966385048,37849254,0
1,6328,366300,1954400,3008,966385048,37849254,0
1,6329,2151700,1954400,3008,966385048,37849254,0
1,6330,264300,1954400,3008,966385048,37849254,0
1,6331,1356500,1954400,3008,966385048,37849254,0
1,6332,350300,1954400,3008,966385048,37849254,0
1,6333,1973900,1954400,3008,966385048,37849254,0
1,6334,171700,1954400,3008,966385048,37849254,0
1,6335,2051500,1954400,3008,966385048,37849254,0
1,6336,420600,1954400,3008,966385048,37849254,0
1,6337,1847200,1954400,3008,966385048,37849254,0
1,6338,303100,1954400,3008,966385048,37849254,0
1,6339,1756000,1954400,3008,966385048,37849254,0
1,6340,648200,1954400,3008,966385048,37849254,0
1,6341,1284600,1954400,3008,966385048,37849254,0
1,6342,336700,1954400,3008,966385048,37849254,0
1,6343,1750400,1954400,3008,966385048,37849254,0
1,6344,269100,1954400,3008,966385048,37849254,0
1,6345,1850100,1954400,3008,966385048,37849254,0
1,6346,276400,1954400,3008,966385048,37849254,0
1,6347,1494500,1954400,3008,966385048,37849254,0
1,6348,300400,1954400,3008,966385048,37849254,0
1,6349,1835500,1954400,3008,966385048,37849254,0
1,6350,351100,1954400,3008,966385048,37849254,0
1,6351,1871100,1954400,3008,966385048,37849254,0
1,6352,286100,1954400,3008,966385048,37849254,0
1,6353,1861900,1954400,3008,966385048,37849254,0
1,6354,312300,1954400,3008,966385048,37849254,0
1,6355,1279300,1954400,3008,966385048,37849254,0
1,6356,299000,1954400,3008,966385048,37849254,0
1,6357,1792600,1954400,3008,966385048,37849254,0
1,6358,306100,1954400,3008,966385048,37849254,0
1,6359,1793000,1954400,3008,966385048,37849254,0
1,6360,522500,1954400,3008,966385048,37849254,0
1,6361,2240200,1954400,3008,966385048,37849254,0
1,6362,236800,1954400,3008,966385048,37849254,0
1,6363,1839300,1954400,3008,966385048,37849254,0
1,6364,324800,1954400,3008,966385048,37849254,0
1,6365,1856400,1954400,3008,966385048,37849254,0
1,6366,424500,1954400,3008,966385048,37849254,0
1,6367,1673700,1954400,3008,966385048,37849254,0
1,6368,251300,1954400,3008,966385048,37849254,0
1,6369,2264400,1954400,3008,966385048,37849254,0
1,6370,381600,1954400,3008,966385048,37849254,0
1,6371,1851700,1954400,3008,966385048,37849254,0
1,6372,257700,1954400,3008,966385048,37849254,0
1,6373,1787900,1954400,3008,966385048,37849254,0
1,6374,250800,1954400,3008,966385048,37849254,0
1,6375,1266700,1954400,3008,966385048,37849254,0
1,6376,354800,1954400,3008,966385048,37849254,0
1,6377,1891400,1954400,3008,966385048,37849254,0
1,6378,329200,1954400,3008,966385048,37849254,0
1,6379,1469900,1954400,3008,966385048,37849254,0
1,6380,237700,1954400,3008,966385048,37849254,0
1,6381,1748300,1954400,3008,966385048,37849254,0
1,6382,214100,1954400,3008,966385048,37849254,0
1,6383,1268400,1954400,3008,966385048,37849254,0
1,6384,312800,1954400,3008,966385048,37849254,0
1,6385,1256700,1954400,3008,966385048,37849254,0
1,6386,350100,1954400,3008,966385048,37849254,0
1,6387,1574500,1954400,3008,966385048,37849254,0
1,6388,232000,1954400,3008,966385048,37849254,0
1,6389,1275000,1954400,3008,966385048,37849254,0
1,6390,251000,1954400,3008,966385048,37849254,0
1,6391,1880100,1954400,3008,966385048,37849254,0
1,6392,381400,1954400,3008,966385048,37849254,0
1,6393,1775900,1954400,3008,966385048,37849254,0
1,6394,278800,1954400,3008,966385048,37849254,0
1,6395,1387600,1954400,3008,966385048,37849254,0
1,6396,370600,1954400,3008,966385048,37849254,0
1,6397,1594800,1954400,3008,966385048,37849254,0
1,6398,406600,1954400,3008,966385048,37849254,0
1,6399,1872500,1954400,3008,966385048,37849254,0
1,6400,373200,1954400,3008,966385048,37849254,0
1,6401,1393700,1954400,3008,966385048,37849254,0
1,6402,320200,1954400,3008,966385048,37849254,0
1,6403,1461200,1954400,3008,966385048,37849254,0
1,6404,235500,1954400,3008,966385048,37849254,0
1,6405,1340900,1954400,3008,966385048,37849254,0
1,6406,369300,1954400,3008,966385048,37849254,0
1,6407,1810200,1954400,3008,966385048,37849254,0
1,6408,439000,1954400,3008,966385048,37849254,0
1,6409,1354500,1954400,3008,966385048,37849254,0
1,6410,402200,1954400,3008,966385048,37849254,0
1,6411,1254700,1954400,3008,966385048,37849254,0
1,6412,470700,1954400,3008,966385048,37849254,0
1,6413,1372100,1954400,3008,966385048,37849254,0
1,6414,351600,1954400,3008,966385048,37849254,0
1,6415,1822100,1954400,3008,966385048,37849254,0
1,6416,328800,1954400,3008,966385048,37849254,0
1,6417,1616300,1954400,3008,966385048,37849254,0
1,6418,422300,1954400,3008,966385048,37849254,0
1,6419,1851800,1954400,3008,966385048,37849254,0
1,6420,272200,1954400,3008,966385048,37849254,0
1,6421,1695200,1954400,3008,966385048,37849254,0
1,6422,350900,1954400,3008,966385048,37849254,0
1,6423,1215900,1954400,3008,966385048,37849254,0
1,6424,626500,1954400,3008,966385048,37849254,0
1,6425,1527400,1954400,3008,966385048,37849254,0
1,6426,259000,1954400,3008,966385048,37849254,0
1,6427,1856000,1954400,3008,966385048,37849254,0
1,6428,376400,1954400,3008,966385048,37849254,0
1,6429,1988400,1954400,3008,966385048,37849254,0
1,6430,284300,1954400,3008,966385048,37849254,0
1,6431,1849900,1954400,3008,966385048,37849254,0
1,6432,356700,1954400,3008,966385048,37849254,0
1,6433,1678100,1954400,3008,966385048,37849254,0
1,6434,448500,1954400,3008,966385048,37849254,0
1,6435,1859800,1954400,3008,966385048,37849254,0
1,6436,386600,1954400,3008,966385048,37849254,0
1,6437,1495100,1954400,3008,966385048,37849254,0
1,6438,375900,1954400,3008,966385048,37849254,0
1,6439,1503000,1954400,3008,966385048,37849254,0
1,6440,373700,1954400,3008,966385048,37849254,0
1,6441,1448500,1954400,3008,966385048,37849254,0
1,6442,360000,1954400,3008,966385048,37849254,0
1,6443,1270900,1954400,3008,966385048,37849254,0
1,6444,352100,1954400,3008,966385048,37849254,0
1,6445,1790900,1954400,3008,966385048,37849254,0
1,6446,291000,1954400,3008,966385048,37849254,0
1,6447,2412200,1954400,3008,966385048,37849254,0
1,6448,352500,1954400,3008,966385048,37849254,0
1,6449,1671400,1954400,3008,966385048,37849254,0
1,6450,281000,1954400,3008,966385048,37849254,0
1,6451,1801700,1954400,3008,966385048,37849254,0
1,6452,259700,1954400,3008,966385048,37849254,0
1,6453,1820900,1954400,3008,966385048,37849254,0
1,6454,397400,1954400,3008,966385048,37849254,0
1,6455,1537800,1954400,3008,966385048,37849254,0
1,6456,348300,1954400,3008,966385048,37849254,0
1,6457,1335900,1954400,3008,966385048,37849254,0
1,6458,290100,1954400,3008,966385048,37849254,0
1,6459,1810500,1954400,3008,966385048,37849254,0
1,6460,252000,1954400,3008,966385048,37849254,0
1,6461,2059500,1954400,3008,966385048,37849254,0
1,6462,286800,1954400,3008,966385048,37849254,0
1,6463,1863900,1954400,3008,966385048,37849254,0
1,6464,377100,1954400,3008,966385048,37849254,0
1,6465,1863800,1954400,3008,966385048,37849254,0
1,6466,381600,1954400,3008,966385048,37849254,0
1,6467,1469700,1954400,3008,966385048,37849254,0
1,6468,238800,1954400,3008,966385048,37849254,0
1,6469,1822800,1954400,3008,966385048,37849254,0
1,6470,306900,1954400,3008,966385048,37849254,0
1,6471,1890700,1954400,3008,966385048,37849254,0
1,6472,234400,1954400,3008,966385048,37849254,0
1,6473,1849500,1954400,3008,966385048,37849254,0
1,6474,365600,1954400,3008,966385048,37849254,0
1,6475,1329000,1954400,3008,966385048,37849254,0
1,6476,200000,1954400,3008,966385048,37849254,0
1,6477,1593300,1954400,3008,966385048,37849254,0
1,6478,252500,1954400,3008,966385048,37849254,0
1,6479,1677100,1954400,3008,966385048,37849254,0
1,6480,273700,1954400,3008,966385048,37849254,0
1,6481,1667200,1954400,3008,966385048,37849254,0
1,6482,350100,1954400,3008,966385048,37849254,0
1,6483,1605100,1954400,3008,966385048,37849254,0
1,6484,249600,1954400,3008,966385048,37849254,0
1,6485,1832300,1954400,3008,966385048,37849254,0
1,6486,259500,1954400,3008,966385048,37849254,0
1,6487,1811600,1954400,3008,966385048,37849254,0
1,6488,353500,1954400,3008,966385048,37849254,0
1,6489,1147800,1954400,3008,966385048,37849254,0
1,6490,356900,1954400,3008,966385048,37849254,0
1,6491,1437500,1954400,3008,966385048,37849254,0
1,6492,369000,1954400,3008,966385048,37849254,0
1,6493,1788500,1954400,3008,966385048,37849254,0
1,6494,304100,1954400,3008,966385048,37849254,0
1,6495,1601200,1954400,3008,966385048,37849254,0
1,6496,312300,1954400,3008,966385048,37849254,0
1,6497,1593000,1954400,3008,966385048,37849254,0
1,6498,355700,1954400,3008,966385048,37849254,0
1,6499,1857500,1954400,3008,966385048,37849254,0
1,6500,421800,1954400,3008,966385048,37849254,0
1,6501,1614500,1954400,3008,966385048,37849254,0
1,6502,324700,1954400,3008,966385048,37849254,0
1,6503,2105800,1954400,3008,966385048,37849254,0
1,6504,268200,1954400,3008,966385048,37849254,0
1,6505,1662100,1954400,3008,966385048,37849254,0
1,6506,456800,1954400,3008,966385048,37849254,0
1,6507,1747400,1954400,3008,966385048,37849254,0
1,6508,324300,1954400,3008,966385048,37849254,0
1,6509,1782300,1954400,3008,966385048,37849254,0
1,6510,362900,1954400,3008,966385048,37849254,0
1,6511,1713800,1954400,3008,966385048,37849254,0
1,6512,395100,1954400,3008,966385048,37849254,0
1,6513,1998800,1954400,3008,966385048,37849254,0
1,6514,358200,1954400,3008,966385048,37849254,0
1,6515,1651200,1954400,3008,966385048,37849254,0
1,6516,375800,1954400,3008,966385048,37849254,0
1,6517,1793800,1954400,3008,966385048,37849254,0
1,6518,371900,1954400,3008,966385048,37849254,0
1,6519,1373400,1954400,3008,966385048,37849254,0
1,6520,332000,1954400,3008,966385048,37849254,0
1,6521,1264800,1954400,3008,966385048,37849254,0
1,6522,358700,1954400,3008,966385048,37849254,0
1,6523,1562900,1954400,3008,966385048,37849254,0
1,6524,529500,1954400,3008,966385048,37849254,0
1,6525,1845800,1954400,3008,966385048,37849254,0
1,6526,336400,1954400,3008,966385048,37849254,0
1,6527,1499100,1954400,3008,966385048,37849254,0
1,6528,375800,1954400,3008,966385048,37849254,0
1,6529,1602200,1954400,3008,966385048,37849254,0
1,6530,376700,1954400,3008,966385048,37849254,0
1,6531,1592800,1954400,3008,966385048,37849254,0
1,6532,347200,1954400,3008,966385048,37849254,0
1,6533,1988900,1954400,3008,966385048,37849254,0
1,6534,372700,1954400,3008,966385048,37849254,0
1,6535,2056000,1954400,3008,966385048,37849254,0
1,6536,208500,1954400,3008,966385048,37849254,0
1,6537,1527000,1954400,3008,966385048,37849254,0
1,6538,234400,1954400,3008,966385048,37849254,0
1,6539,1861400,1954400,3008,966385048,37849254,0
1,6540,251700,1954400,3008,966385048,37849254,0
1,6541,1847200,1954400,3008,966385048,37849254,0
1,6542,246700,1954400,3008,966385048,37849254,0
1,6543,1928500,1954400,3008,966385048,37849254,0
1,6544,251200,1954400,3008,966385048,37849254,0
1,6545,2150600,1954400,3008,966385048,37849254,0
1,6546,258600,1954400,3008,966385048,37849254,0
1,6547,1836500,1954400,3008,966385048,37849254,0
1,6548,322900,1954400,3008,966385048,37849254,0
1,6549,1827200,1954400,3008,966385048,37849254,0
1,6550,286200,1954400,3008,966385048,37849254,0
1,6551,1265900,1954400,3008,966385048,37849254,0
1,6552,218600,1954400,3008,966385048,37849254,0
1,6553,1850100,1954400,3008,966385048,37849254,0
1,6554,370200,1954400,3008,966385048,37849254,0
1,6555,1860000,1954400,3008,966385048,37849254,0
1,6556,252400,1954400,3008,966385048,37849254,0
1,6557,1768500,1954400,3008,966385048,37849254,0
1,6558,349000,1954400,3008,966385048,37849254,0
1,6559,2428500,1954400,3008,966385048,37849254,0
1,6560,329800,1954400,3008,966385048,37849254,0
1,6561,1865300,1954400,3008,966385048,37849254,0
1,6562,360600,1954400,3008,966385048,37849254,0
1,6563,1924500,1954400,3008,966385048,37849254,0
1,6564,327400,1954400,3008,966385048,37849254,0
1,6565,1871400,1954400,3008,966385048,37849254,0
1,6566,764200,1954400,3008,966385048,37849254,0
1,6567,1866800,1954400,3008,966385048,37849254,0
1,6568,429000,1954400,3008,966385048,37849254,0
1,6569,1639900,1954400,3008,966385048,37849254,0
1,6570,321900,1954400,3008,966385048,37849254,0
1,6571,1741700,1954400,3008,966385048,37849254,0
1,6572,317500,1954400,3008,966385048,37849254,0
1,6573,1778000,1954400,3008,966385048,37849254,0
1,6574,350200,1954400,3008,966385048,37849254,0
1,6575,1847600,1954400,3008,966385048,37849254,0
1,6576,255800,1954400,3008,966385048,37849254,0
1,6577,1806800,1954400,3008,966385048,37849254,0
1,6578,364600,1954400,3008,966385048,37849254,0
1,6579,2114000,1954400,3008,966385048,37849254,0
1,6580,256100,1954400,3008,966385048,37849254,0
1,6581,1244700,1954400,3008,966385048,37849254,0
1,6582,293200,1954400,3008,966385048,37849254,0
1,6583,1656800,1954400,3008,966385048,37849254,0
1,6584,370500,1954400,3008,966385048,37849254,0
1,6585,1510300,1954400,3008,966385048,37849254,0
1,6586,254000,1954400,3008,966385048,37849254,0
1,6587,1646100,1954400,3008,966385048,37849254,0
1,6588,351100,1954400,3008,966385048,37849254,0
1,6589,1832300,1954400,3008,966385048,37849254,0
1,6590,373400,1954400,3008,966385048,37849254,0
1,6591,1825500,1954400,3008,966385048,37849254,0
1,6592,261300,1954400,3008,966385048,37849254,0
1,6593,1844000,1954400,3008,966385048,37849254,0
1,6594,369200,1954400,3008,966385048,37849254,0
1,6595,1530200,1954400,3008,966385048,37849254,0
1,6596,342800,1954400,3008,966385048,37849254,0
1,6597,1450500,1954400,3008,966385048,37849254,0
1,6598,318000,1954400,3008,966385048,37849254,0
1,6599,1773800,1954400,3008,966385048,37849254,0
1,6600,252900,1954400,3008,966385048,37849254,0
1,6601,1249100,1954400,3008,966385048,37849254,0
1,6602,343900,1954400,3008,966385048,37849254,0
1,6603,1585800,1954400,3008,966385048,37849254,0
1,6604,340600,1954400,3008,966385048,37849254,0
1,6605,2214800,1954400,3008,966385048,37849254,0
1,6606,356300,1954400,3008,966385048,37849254,0
1,6607,1735300,1954400,3008,966385048,37849254,0
1,6608,182400,1954400,3008,966385048,37849254,0
1,6609,1278800,1954400,3008,966385048,37849254,0
1,6610,167300,1954400,3008,966385048,37849254,0
1,6611,2466500,1954400,3008,966385048,37849254,0
1,6612,367900,1954400,3008,966385048,37849254,0
1,6613,1838100,1954400,3008,966385048,37849254,0
1,6614,314700,1954400,3008,966385048,37849254,0
1,6615,1318700,1954400,3008,966385048,37849254,0
1,6616,349000,1954400,3008,966385048,37849254,0
1,6617,1225800,1954400,3008,966385048,37849254,0
1,6618,364200,1954400,3008,966385048,37849254,0
1,6619,1642800,1954400,3008,966385048,37849254,0
1,6620,368200,1954400,3008,966385048,37849254,0
1,6621,1584800,1954400,3008,966385048,37849254,0
1,6622,282100,1954400,3008,966385048,37849254,0
1,6623,1436000,1954400,3008,966385048,37849254,0
1,6624,387300,1954400,3008,966385048,37849254,0
1,6625,1844900,1954400,3008,966385048,37849254,0
1,6626,378600,1954400,3008,966385048,37849254,0
1,6627,1843300,1954400,3008,966385048,37849254,0
1,6628,314300,1954400,3008,966385048,37849254,0
1,6629,1457900,1954400,3008,966385048,37849254,0
1,6630,508600,1954400,3008,966385048,37849254,0
1,6631,1842700,1954400,3008,966385048,37849254,0
1,6632,329100,1954400,3008,966385048,37849254,0
1,6633,1694400,1954400,3008,966385048,37849254,0
1,6634,252800,1954400,3008,966385048,37849254,0
1,6635,1854600,1954400,3008,966385048,37849254,0
1,6636,276300,1954400,3008,966385048,37849254,0
1,6637,1267300,1954400,3008,966385048,37849254,0
1,6638,388600,1954400,3008,966385048,37849254,0
1,6639,1965700,1954400,3008,966385048,37849254,0
1,6640,347200,1954400,3008,966385048,37849254,0
1,6641,1275700,1954400,3008,966385048,37849254,0
1,6642,244500,1954400,3008,966385048,37849254,0
1,6643,2072200,1954400,3008,966385048,37849254,0
1,6644,340000,1954400,3008,966385048,37849254,0
1,6645,1451300,1954400,3008,966385048,37849254,0
1,6646,348700,1954400,3008,966385048,37849254,0
1,6647,1879300,1954400,3008,966385048,37849254,0
1,6648,241800,1954400,3008,966385048,37849254,0
1,6649,1876300,1954400,3008,966385048,37849254,0
1,6650,374500,1954400,3008,966385048,37849254,0
1,6651,1384400,1954400,3008,966385048,37849254,0
1,6652,301400,1954400,3008,966385048,37849254,0
1,6653,1993300,1954400,3008,966385048,37849254,0
1,6654,333200,1954400,3008,966385048,37849254,0
1,6655,1879800,1954400,3008,966385048,37849254,0
1,6656,369500,1954400,3008,966385048,37849254,0
1,6657,1840500,1954400,3008,966385048,37849254,0
1,6658,279900,1954400,3008,966385048,37849254,0
1,6659,1471700,1954400,3008,966385048,37849254,0
1,6660,261200,1954400,3008,966385048,37849254,0
1,6661,2399800,1954400,3008,966385048,37849254,0
1,6662,247300,1954400,3008,966385048,37849254,0
1,6663,1366500,1954400,3008,966385048,37849254,0
1,6664,371600,1954400,3008,966385048,37849254,0
1,6665,1773100,1954400,3008,966385048,37849254,0
1,6666,366800,1954400,3008,966385048,37849254,0
1,6667,1259400,1954400,3008,966385048,37849254,0
1,6668,293100,1954400,3008,966385048,37849254,0
1,6669,1261400,1954400,3008,966385048,37849254,0
1,6670,236700,1954400,3008,966385048,37849254,0
1,6671,1688300,1954400,3008,966385048,37849254,0
1,6672,280700,1954400,3008,966385048,37849254,0
1,6673,1792600,1954400,3008,966385048,37849254,0
1,6674,348000,1954400,3008,966385048,37849254,0
1,6675,1668600,1954400,3008,966385048,37849254,0
1,6676,331200,1954400,3008,966385048,37849254,0
1,6677,1829900,1954400,3008,966385048,37849254,0
1,6678,414700,1954400,3008,966385048,37849254,0
1,6679,1583200,1954400,3008,966385048,37849254,0
1,6680,245400,1954400,3008,966385048,37849254,0
1,6681,1481800,1954400,3008,966385048,37849254,0
1,6682,250600,1954400,3008,966385048,37849254,0
1,6683,1534400,1954400,3008,966385048,37849254,0
1,6684,362900,1954400,3008,966385048,37849254,0
1,6685,1562900,1954400,3008,966385048,37849254,0
1,6686,293000,1954400,3008,966385048,37849254,0
1,6687,1331900,1954400,3008,966385048,37849254,0
1,6688,369000,1954400,3008,966385048,37849254,0
1,6689,1387600,1954400,3008,966385048,37849254,0
1,6690,358300,1954400,3008,966385048,37849254,0
1,6691,1853200,1954400,3008,966385048,37849254,0
1,6692,226500,1954400,3008,966385048,37849254,0
1,6693,1880600,1954400,3008,966385048,37849254,0
1,6694,354500,1954400,3008,966385048,37849254,0
1,6695,1289800,1954400,3008,966385048,37849254,0
1,6696,356000,1954400,3008,966385048,37849254,0
1,6697,1711200,1954400,3008,966385048,37849254,0
1,6698,396600,1954400,3008,966385048,37849254,0
1,6699,1438900,1954400,3008,966385048,37849254,0
1,6700,308800,1954400,3008,966385048,37849254,0
1,6701,1788900,1954400,3008,966385048,37849254,0
1,6702,358700,1954400,3008,966385048,37849254,0
1,6703,1875900,1954400,3008,966385048,37849254,0
1,6704,174800,1954400,3008,966385048,37849254,0
1,6705,1463000,1954400,3008,966385048,37849254,0
1,6706,406100,1954400,3008,966385048,37849254,0
1,6707,1270200,1954400,3008,966385048,37849254,0
1,6708,315900,1954400,3008,966385048,37849254,0
1,6709,1771700,1954400,3008,966385048,37849254,0
1,6710,316200,1954400,3008,966385048,37849254,0
1,6711,1820100,1954400,3008,966385048,37849254,0
1,6712,352600,1954400,3008,966385048,37849254,0
1,6713,1366700,1954400,3008,966385048,37849254,0
1,6714,357500,1954400,3008,966385048,37849254,0
1,6715,1839800,1954400,3008,966385048,37849254,0
1,6716,359800,1954400,3008,966385048,37849254,0
1,6717,1651300,1954400,3008,966385048,37849254,0
1,6718,359100,1954400,3008,966385048,37849254,0
1,6719,2167000,1954400,3008,966385048,37849254,0
1,6720,251200,1954400,3008,966385048,37849254,0
1,6721,1834000,1954400,3008,966385048,37849254,0
1,6722,307800,1954400,3008,966385048,37849254,0
1,6723,1857400,1954400,3008,966385048,37849254,0
1,6724,334100,1954400,3008,966385048,37849254,0
1,6725,1709400,1954400,3008,966385048,37849254,0
1,6726,287100,1954400,3008,966385048,37849254,0
1,6727,1824900,1954400,3008,966385048,37849254,0
1,6728,245400,1954400,3008,966385048,37849254,0
1,6729,1891300,1954400,3008,966385048,37849254,0
1,6730,255400,1954400,3008,966385048,37849254,0
1,6731,1348200,1954400,3008,966385048,37849254,0
1,6732,254500,1954400,3008,966385048,37849254,0
1,6733,1954700,1954400,3008,966385048,37849254,0
1,6734,348100,1954400,3008,966385048,37849254,0
1,6735,1887200,1954400,3008,966385048,37849254,0
1,6736,277600,1954400,3008,966385048,37849254,0
1,6737,1767300,1954400,3008,966385048,37849254,0
1,6738,261700,1954400,3008,966385048,37849254,0
1,6739,1816300,1954400,3008,966385048,37849254,0
1,6740,363700,1954400,3008,966385048,37849254,0
1,6741,1867100,1954400,3008,966385048,37849254,0
1,6742,344400,1954400,3008,966385048,37849254,0
1,6743,1856800,1954400,3008,966385048,37849254,0
1,6744,255900,1954400,3008,966385048,37849254,0
1,6745,1697200,1954400,3008,966385048,37849254,0
1,6746,258500,1954400,3008,966385048,37849254,0
1,6747,1836000,1954400,3008,966385048,37849254,0
1,6748,314800,1954400,3008,966385048,37849254,0
1,6749,1752200,1954400,3008,966385048,37849254,0
1,6750,380300,1954400,3008,966385048,37849254,0
1,6751,2100800,1954400,3008,966385048,37849254,0
1,6752,351700,1954400,3008,966385048,37849254,0
1,6753,1668800,1954400,3008,966385048,37849254,0
1,6754,453500,1954400,3008,966385048,37849254,0
1,6755,1545300,1954400,3008,966385048,37849254,0
1,6756,587700,1954400,3008,966385048,37849254,0
1,6757,1864200,1954400,3008,966385048,37849254,0
1,6758,239100,1954400,3008,966385048,37849254,0
1,6759,1840600,1954400,3008,966385048,37849254,0
1,6760,252000,1954400,3008,966385048,37849254,0
1,6761,1657100,1954400,3008,966385048,37849254,0
1,6762,350600,1954400,3008,966385048,37849254,0
1,6763,1698900,1954400,3008,966385048,37849254,0
1,6764,244700,1954400,3008,966385048,37849254,0
1,6765,1548500,1954400,3008,966385048,37849254,0
1,6766,357300,1954400,3008,966385048,37849254,0
1,6767,1828700,1954400,3008,966385048,37849254,0
1,6768,262700,1954400,3008,966385048,37849254,0
1,6769,1806300,1954400,3008,966385048,37849254,0
1,6770,305800,1954400,3008,966385048,37849254,0
1,6771,1852400,1954400,3008,966385048,37849254,0
1,6772,361100,1954400,3008,966385048,37849254,0
1,6773,1779300,1954400,3008,966385048,37849254,0
1,6774,356200,1954400,3008,966385048,37849254,0
1,6775,1708600,1954400,3008,966385048,37849254,0
1,6776,297500,1954400,3008,966385048,37849254,0
1,6777,1928600,1954400,3008,966385048,37849254,0
1,6778,251400,1954400,3008,966385048,37849254,0
1,6779,1307600,1954400,3008,966385048,37849254,0
1,6780,368100,1954400,3008,966385048,37849254,0
1,6781,2075900,1954400,3008,966385048,37849254,0
1,6782,374300,1954400,3008,966385048,37849254,0
1,6783,1219300,1954400,3008,966385048,37849254,0
1,6784,362400,1954400,3008,966385048,37849254,0
1,6785,1824000,1954400,3008,966385048,37849254,0
1,6786,351000,1954400,3008,966385048,37849254,0
1,6787,1573500,1954400,3008,966385048,37849254,0
1,6788,348000,1954400,3008,966385048,37849254,0
1,6789,1693000,1954400,3008,966385048,37849254,0
1,6790,252700,1954400,3008,966385048,37849254,0
1,6791,1481300,1954400,3008,966385048,37849254,0
1,6792,348900,1954400,3008,966385048,37849254,0
1,6793,1454500,1954400,3008,966385048,37849254,0
1,6794,250400,1954400,3008,966385048,37849254,0
1,6795,1911900,1954400,3008,966385048,37849254,0
1,6796,359500,1954400,3008,966385048,37849254,0
1,6797,1849100,1954400,3008,966385048,37849254,0
1,6798,305300,1954400,3008,966385048,37849254,0
1,6799,1852100,1954400,3008,966385048,37849254,0
1,6800,386200,1954400,3008,966385048,37849254,0
1,6801,1919800,1954400,3008,966385048,37849254,0
1,6802,353400,1954400,3008,966385048,37849254,0
1,6803,1939400,1954400,3008,966385048,37849254,0
1,6804,309400,1954400,3008,966385048,37849254,0
1,6805,1818900,1954400,3008,966385048,37849254,0
1,6806,255800,1954400,3008,966385048,37849254,0
1,6807,1851300,1954400,3008,966385048,37849254,0
1,6808,544400,1954400,3008,966385048,37849254,0
1,6809,1881200,1954400,3008,966385048,37849254,0
1,6810,378500,1954400,3008,966385048,37849254,0
1,6811,1867700,1954400,3008,966385048,37849254,0
1,6812,334500,1954400,3008,966385048,37849254,0
1,6813,1868000,1954400,3008,966385048,37849254,0
1,6814,239200,1954400,3008,966385048,37849254,0
1,6815,1408100,1954400,3008,966385048,37849254,0
1,6816,300500,1954400,3008,966385048,37849254,0
1,6817,1844100,1954400,3008,966385048,37849254,0
1,6818,389700,1954400,3008,966385048,37849254,0
1,6819,2258900,1954400,3008,966385048,37849254,0
1,6820,166200,1954400,3008,966385048,37849254,0
1,6821,2078000,1954400,3008,966385048,37849254,0
1,6822,317100,1954400,3008,966385048,37849254,0
1,6823,1848100,1954400,3008,966385048,37849254,0
1,6824,354500,1954400,3008,966385048,37849254,0
1,6825,1192200,1954400,3008,966385048,37849254,0
1,6826,344400,1954400,3008,966385048,37849254,0
1,6827,1849300,1954400,3008,966385048,37849254,0
1,6828,400000,1954400,3008,966385048,37849254,0
1,6829,1548200,1954400,3008,966385048,37849254,0
1,6830,374700,1954400,3008,966385048,37849254,0
1,6831,1748200,1954400,3008,966385048,37849254,0
1,6832,230800,1954400,3008,966385048,37849254,0
1,6833,1905200,1954400,3008,966385048,37849254,0
1,6834,384000,1954400,3008,966385048,37849254,0
1,6835,1754000,1954400,3008,966385048,37849254,0
1,6836,243900,1954400,3008,966385048,37849254,0
1,6837,1679400,1954400,3008,966385048,37849254,0
1,6838,342000,1954400,3008,966385048,37849254,0
1,6839,1284500,1954400,3008,966385048,37849254,0
1,6840,388300,1954400,3008,966385048,37849254,0
1,6841,1781000,1954400,3008,966385048,37849254,0
1,6842,354300,1954400,3008,966385048,37849254,0
1,6843,1975900,1954400,3008,966385048,37849254,0
1,6844,273200,1954400,3008,966385048,37849254,0
1,6845,2049400,1954400,3008,966385048,37849254,0
1,6846,258800,1954400,3008,966385048,37849254,0
1,6847,1329700,1954400,3008,966385048,37849254,0
1,6848,385800,1954400,3008,966385048,37849254,0
1,6849,1857100,1954400,3008,966385048,37849254,0
1,6850,355000,1954400,3008,966385048,37849254,0
1,6851,1722600,1954400,3008,966385048,37849254,0
1,6852,366900,1954400,3008,966385048,37849254,0
1,6853,1848700,1954400,3008,966385048,37849254,0
1,6854,249500,1954400,3008,966385048,37849254,0
1,6855,1852400,1954400,3008,966385048,37849254,0
1,6856,335000,1954400,3008,966385048,37849254,0
1,6857,1836400,1954400,3008,966385048,37849254,0
1,6858,367100,1954400,3008,966385048,37849254,0
1,6859,1667100,1954400,3008,966385048,37849254,0
1,6860,230600,1954400,3008,966385048,37849254,0
1,6861,1841800,1954400,3008,966385048,37849254,0
1,6862,356000,1954400,3008,966385048,37849254,0
1,6863,1738000,1954400,3008,966385048,37849254,0
1,6864,311500,1954400,3008,966385048,37849254,0
1,6865,1873600,1954400,3008,966385048,37849254,0
1,6866,255400,1954400,3008,966385048,37849254,0
1,6867,1593000,1954400,3008,966385048,37849254,0
1,6868,308000,1954400,3008,966385048,37849254,0
1,6869,1836800,1954400,3008,966385048,37849254,0
1,6870,434300,1954400,3008,966385048,37849254,0
1,6871,1921900,1954400,3008,966385048,37849254,0
1,6872,256500,1954400,3008,966385048,37849254,0
1,6873,1835000,1954400,3008,966385048,37849254,0
1,6874,245600,1954400,3008,966385048,37849254,0
1,6875,1325900,1954400,3008,966385048,37849254,0
1,6876,369800,1954400,3008,966385048,37849254,0
1,6877,1957500,1954400,3008,966385048,37849254,0
1,6878,360000,1954400,3008,966385048,37849254,0
1,6879,1887100,1954400,3008,966385048,37849254,0
1,6880,323700,1954400,3008,966385048,37849254,0
1,6881,1452700,1954400,3008,966385048,37849254,0
1,6882,330200,1954400,3008,966385048,37849254,0
1,6883,1731800,1954400,3008,966385048,37849254,0
1,6884,357300,1954400,3008,966385048,37849254,0
1,6885,1486000,1954400,3008,966385048,37849254,0
1,6886,254300,1954400,3008,966385048,37849254,0
1,6887,1715400,1954400,3008,966385048,37849254,0
1,6888,368200,1954400,3008,966385048,37849254,0
1,6889,1469800,1954400,3008,966385048,37849254,0
1,6890,352800,1954400,3008,966385048,37849254,0
1,6891,1628700,1954400,3008,966385048,37849254,0
1,6892,275700,1954400,3008,966385048,37849254,0
1,6893,1870900,1954400,3008,966385048,37849254,0
1,6894,382100,1954400,3008,966385048,37849254,0
1,6895,1477900,1954400,3008,966385048,37849254,0
1,6896,379100,1954400,3008,966385048,37849254,0
1,6897,2039400,1954400,3008,966385048,37849254,0
1,6898,225700,1954400,3008,966385048,37849254,0
1,6899,1631100,1954400,3008,966385048,37849254,0
1,6900,266900,1954400,3008,966385048,37849254,0
1,6901,1778200,1954400,3008,966385048,37849254,0
1,6902,353100,1954400,3008,966385048,37849254,0
1,6903,1814400,1954400,3008,966385048,37849254,0
1,6904,360800,1954400,3008,966385048,37849254,0
1,6905,1769500,1954400,3008,966385048,37849254,0
1,6906,249500,1954400,3008,966385048,37849254,0
1,6907,1411000,1954400,3008,966385048,37849254,0
1,6908,350000,1954400,3008,966385048,37849254,0
1,6909,1542900,1954400,3008,966385048,37849254,0
1,6910,311500,1954400,3008,966385048,37849254,0
1,6911,1872600,1954400,3008,966385048,37849254,0
1,6912,407100,1954400,3008,966385048,37849254,0
1,6913,2142300,1954400,3008,966385048,37849254,0
1,6914,235500,1954400,3008,966385048,37849254,0
1,6915,1365400,1954400,3008,966385048,37849254,0
1,6916,355900,1954400,3008,966385048,37849254,0
1,6917,1841600,1954400,3008,966385048,37849254,0
1,6918,255100,1954400,3008,966385048,37849254,0
1,6919,1811600,1954400,3008,966385048,37849254,0
1,6920,349700,1954400,3008,966385048,37849254,0
1,6921,1785700,1954400,3008,966385048,37849254,0
1,6922,333000,1954400,3008,966385048,37849254,0
1,6923,1665300,1954400,3008,966385048,37849254,0
1,6924,356300,1954400,3008,966385048,37849254,0
1,6925,1307300,1954400,3008,966385048,37849254,0
1,6926,259700,1954400,3008,966385048,37849254,0
1,6927,1845400,1954400,3008,966385048,37849254,0
1,6928,360900,1954400,3008,966385048,37849254,0
1,6929,1429500,1954400,3008,966385048,37849254,0
1,6930,360600,1954400,3008,966385048,37849254,0
1,6931,1719300,1954400,3008,966385048,37849254,0
1,6932,352100,1954400,3008,966385048,37849254,0
1,6933,1839100,1954400,3008,966385048,37849254,0
1,6934,341700,1954400,3008,966385048,37849254,0
1,6935,1879000,1954400,3008,966385048,37849254,0
1,6936,422700,1954400,3008,966385048,37849254,0
1,6937,1789800,1954400,3008,966385048,37849254,0
1,6938,314700,1954400,3008,966385048,37849254,0
1,6939,1598200,1954400,3008,966385048,37849254,0
1,6940,266100,1954400,3008,966385048,37849254,0
1,6941,1612300,1954400,3008,966385048,37849254,0
1,6942,286100,1954400,3008,966385048,37849254,0
1,6943,1856200,1954400,3008,966385048,37849254,0
1,6944,288400,1954400,3008,966385048,37849254,0
1,6945,1874000,1954400,3008,966385048,37849254,0
1,6946,357400,1954400,3008,966385048,37849254,0
1,6947,1839800,1954400,3008,966385048,37849254,0
1,6948,367800,1954400,3008,966385048,37849254,0
1,6949,1820200,1954400,3008,966385048,37849254,0
1,6950,252200,1954400,3008,966385048,37849254,0
1,6951,1806200,1954400,3008,966385048,37849254,0
1,6952,324600,1954400,3008,966385048,37849254,0
1,6953,1851400,1954400,3008,966385048,37849254,0
1,6954,351400,1954400,3008,966385048,37849254,0
1,6955,1840100,1954400,3008,966385048,37849254,0
1,6956,364800,1954400,3008,966385048,37849254,0
1,6957,1216700,1954400,3008,966385048,37849254,0
1,6958,361400,1954400,3008,966385048,37849254,0
1,6959,1371000,1954400,3008,966385048,37849254,0
1,6960,254100,1954400,3008,966385048,37849254,0
1,6961,1904300,1954400,3008,966385048,37849254,0
1,6962,350900,1954400,3008,966385048,37849254,0
1,6963,1866000,1954400,3008,966385048,37849254,0
1,6964,254600,1954400,3008,966385048,37849254,0
1,6965,1846200,1954400,3008,966385048,37849254,0
1,6966,362700,1954400,3008,966385048,37849254,0
1,6967,1819800,1954400,3008,966385048,37849254,0
1,6968,316100,1954400,3008,966385048,37849254,0
1,6969,1595500,1954400,3008,966385048,37849254,0
1,6970,338400,1954400,3008,966385048,37849254,0
1,6971,1737500,1954400,3008,966385048,37849254,0
1,6972,359100,1954400,3008,966385048,37849254,0
1,6973,1393300,1954400,3008,966385048,37849254,0
1,6974,416900,1954400,3008,966385048,37849254,0
1,6975,1870000,1954400,3008,966385048,37849254,0
1,6976,300600,1954400,3008,966385048,37849254,0
1,6977,1423600,1954400,3008,966385048,37849254,0
1,6978,252700,1954400,3008,966385048,37849254,0
1,6979,1948000,1954400,3008,966385048,37849254,0
1,6980,274300,1954400,3008,966385048,37849254,0
1,6981,1919900,1954400,3008,966385048,37849254,0
1,6982,307600,1954400,3008,966385048,37849254,0
1,6983,1594400,1954400,3008,966385048,37849254,0
1,6984,418000,1954400,3008,966385048,37849254,0
1,6985,1944800,1954400,3008,966385048,37849254,0
1,6986,352100,1954400,3008,966385048,37849254,0
1,6987,1896800,1954400,3008,966385048,37849254,0
1,6988,367200,1954400,3008,966385048,37849254,0
1,6989,1904100,1954400,3008,966385048,37849254,0
1,6990,248800,1954400,3008,966385048,37849254,0
1,6991,1918600,1954400,3008,966385048,37849254,0
1,6992,395000,1954400,3008,966385048,37849254,0
1,6993,1862600,1954400,3008,966385048,37849254,0
1,6994,366500,1954400,3008,966385048,37849254,0
1,6995,1452300,1954400,3008,966385048,37849254,0
1,6996,225800,1954400,3008,966385048,37849254,0
1,6997,2165400,1954400,3008,966385048,37849254,0
1,6998,389600,1954400,3008,966385048,37849254,0
1,6999,1503400,1954400,3008,966385048,37849254,0
1,7000,380400,1954400,3008,966385048,37849254,0
1,7001,1863700,1954400,3008,966385048,37849254,0
1,7002,372000,1954400,3008,966385048,37849254,0
1,7003,1847800,1954400,3008,966385048,37849254,0
1,7004,348200,1954400,3008,966385048,37849254,0
1,7005,1678400,1954400,3008,966385048,37849254,0
1,7006,368500,1954400,3008,966385048,37849254,0
1,7007,1829400,1954400,3008,966385048,37849254,0
1,7008,367900,1954400,3008,966385048,37849254,0
1,7009,1914700,1954400,3008,966385048,37849254,0
1,7010,378100,1954400,3008,966385048,37849254,0
1,7011,1869900,1954400,3008,966385048,37849254,0
1,7012,391800,1954400,3008,966385048,37849254,0
1,7013,1827900,1954400,3008,966385048,37849254,0
1,7014,222900,1954400,3008,966385048,37849254,0
1,7015,1843600,1954400,3008,966385048,37849254,0
1,7016,400500,1954400,3008,966385048,37849254,0
1,7017,1840400,1954400,3008,966385048,37849254,0
1,7018,327500,1954400,3008,966385048,37849254,0
1,7019,1418300,1954400,3008,966385048,37849254,0
1,7020,348700,1954400,3008,966385048,37849254,0
1,7021,1234800,1954400,3008,966385048,37849254,0
1,7022,253500,1954400,3008,966385048,37849254,0
1,7023,1651200,1954400,3008,966385048,37849254,0
1,7024,324300,1954400,3008,966385048,37849254,0
1,7025,1432300,1954400,3008,966385048,37849254,0
1,7026,353000,1954400,3008,966385048,37849254,0
1,7027,1809900,1954400,3008,966385048,37849254,0
1,7028,302200,1954400,3008,966385048,37849254,0
1,7029,1405000,1954400,3008,966385048,37849254,0
1,7030,352800,1954400,3008,966385048,37849254,0
1,7031,1426800,1954400,3008,966385048,37849254,0
1,7032,252200,1954400,3008,966385048,37849254,0
1,7033,1634700,1954400,3008,966385048,37849254,0
1,7034,248200,1954400,3008,966385048,37849254,0
1,7035,1757400,1954400,3008,966385048,37849254,0
1,7036,259700,1954400,3008,966385048,37849254,0
1,7037,1304500,1954400,3008,966385048,37849254,0
1,7038,190000,1954400,3008,966385048,37849254,0
1,7039,1679800,1954400,3008,966385048,37849254,0
1,7040,261600,1954400,3008,966385048,37849254,0
1,7041,1694500,1954400,3008,966385048,37849254,0
1,7042,348900,1954400,3008,966385048,37849254,0
1,7043,1641500,1954400,3008,966385048,37849254,0
1,7044,357500,1954400,3008,966385048,37849254,0
1,7045,1708600,1954400,3008,966385048,37849254,0
1,7046,345500,1954400,3008,966385048,37849254,0
1,7047,1938900,1954400,3008,966385048,37849254,0
1,7048,250800,1954400,3008,966385048,37849254,0
1,7049,1673800,1954400,3008,966385048,37849254,0
1,7050,361800,1954400,3008,966385048,37849254,0
1,7051,1775600,1954400,3008,966385048,37849254,0
1,7052,404400,1954400,3008,966385048,37849254,0
1,7053,1989200,1954400,3008,966385048,37849254,0
1,7054,346500,1954400,3008,966385048,37849254,0
1,7055,1841400,1954400,3008,966385048,37849254,0
1,7056,280200,1954400,3008,966385048,37849254,0
1,7057,1671800,1954400,3008,966385048,37849254,0
1,7058,352200,1954400,3008,966385048,37849254,0
1,7059,1617300,1954400,3008,966385048,37849254,0
1,7060,286200,1954400,3008,966385048,37849254,0
1,7061,1735800,1954400,3008,966385048,37849254,0
1,7062,212600,1954400,3008,966385048,37849254,0
1,7063,2469800,1954400,3008,966385048,37849254,0
1,7064,300900,1954400,3008,966385048,37849254,0
1,7065,1717100,1954400,3008,966385048,37849254,0
1,7066,351500,1954400,3008,966385048,37849254,0
1,7067,1848000,1954400,3008,966385048,37849254,0
1,7068,398300,1954400,3008,966385048,37849254,0
1,7069,1845400,1954400,3008,966385048,37849254,0
1,7070,324600,1954400,3008,966385048,37849254,0
1,7071,1859700,1954400,3008,966385048,37849254,0
1,7072,382400,1954400,3008,966385048,37849254,0
1,7073,2038500,1954400,3008,966385048,37849254,0
1,7074,258300,1954400,3008,966385048,37849254,0
1,7075,1848500,1954400,3008,966385048,37849254,0
1,7076,299300,1954400,3008,966385048,37849254,0
1,7077,1851500,1954400,3008,966385048,37849254,0
1,7078,231000,1954400,3008,966385048,37849254,0
1,7079,1660000,1954400,3008,966385048,37849254,0
1,7080,424000,1954400,3008,966385048,37849254,0
1,7081,1318400,1954400,3008,966385048,37849254,0
1,7082,279400,1954400,3008,966385048,37849254,0
1,7083,1616700,1954400,3008,966385048,37849254,0
1,7084,377200,1954400,3008,966385048,37849254,0
1,7085,1292200,1954400,3008,966385048,37849254,0
1,7086,257600,1954400,3008,966385048,37849254,0
1,7087,1726000,1954400,3008,966385048,37849254,0
1,7088,350700,1954400,3008,966385048,37849254,0
1,7089,1887100,1954400,3008,966385048,37849254,0
1,7090,270000,1954400,3008,966385048,37849254,0
1,7091,1893300,1954400,3008,966385048,37849254,0
1,7092,275900,1954400,3008,966385048,37849254,0
1,7093,1605000,1954400,3008,966385048,37849254,0
1,7094,294400,1954400,3008,966385048,37849254,0
1,7095,1681000,1954400,3008,966385048,37849254,0
1,7096,252800,1954400,3008,966385048,37849254,0
1,7097,1919400,1954400,3008,966385048,37849254,0
1,7098,362800,1954400,3008,966385048,37849254,0
1,7099,1261600,1954400,3008,966385048,37849254,0
1,7100,352200,1954400,3008,966385048,37849254,0
1,7101,2039200,1954400,3008,966385048,37849254,0
1,7102,351800,1954400,3008,966385048,37849254,0
1,7103,1750600,1954400,3008,966385048,37849254,0
1,7104,272800,1954400,3008,966385048,37849254,0
1,7105,1846100,1954400,3008,966385048,37849254,0
1,7106,365300,1954400,3008,966385048,37849254,0
1,7107,1392900,1954400,3008,966385048,37849254,0
1,7108,294400,1954400,3008,966385048,37849254,0
1,7109,1869300,1954400,3008,966385048,37849254,0
1,7110,250700,1954400,3008,966385048,37849254,0
1,7111,1675400,1954400,3008,966385048,37849254,0
1,7112,360800,1954400,3008,966385048,37849254,0
1,7113,1992900,1954400,3008,966385048,37849254,0
1,7114,421000,1954400,3008,966385048,37849254,0
1,7115,1292700,1954400,3008,966385048,37849254,0
1,7116,413100,1954400,3008,966385048,37849254,0
1,7117,1747000,1954400,3008,966385048,37849254,0
1,7118,317800,1954400,3008,966385048,37849254,0
1,7119,1983900,1954400,3008,966385048,37849254,0
1,7120,418800,1954400,3008,966385048,37849254,0
1,7121,1445200,1954400,3008,966385048,37849254,0
1,7122,265600,1954400,3008,966385048,37849254,0
1,7123,1394800,1954400,3008,966385048,37849254,0
1,7124,285700,1954400,3008,966385048,37849254,0
1,7125,1860700,1954400,3008,966385048,37849254,0
1,7126,356200,1954400,3008,966385048,37849254,0
1,7127,1619900,1954400,3008,966385048,37849254,0
1,7128,377300,1954400,3008,966385048,37849254,0
1,7129,1579500,1954400,3008,966385048,37849254,0
1,7130,362400,1954400,3008,966385048,37849254,0
1,7131,1482000,1954400,3008,966385048,37849254,0
1,7132,375200,1954400,3008,966385048,37849254,0
1,7133,1837900,1954400,3008,966385048,37849254,0
1,7134,421800,1954400,3008,966385048,37849254,0
1,7135,1682700,1954400,3008,966385048,37849254,0
1,7136,330500,1954400,3008,966385048,37849254,0
1,7137,1688400,1954400,3008,966385048,37849254,0
1,7138,357900,1954400,3008,966385048,37849254,0
1,7139,2542300,1954400,3008,966385048,37849254,0
1,7140,353600,1954400,3008,966385048,37849254,0
1,7141,1919200,1954400,3008,966385048,37849254,0
1,7142,375800,1954400,3008,966385048,37849254,0
1,7143,1722500,1954400,3008,966385048,37849254,0
1,7144,253300,1954400,3008,966385048,37849254,0
1,7145,1862200,1954400,3008,966385048,37849254,0
1,7146,258700,1954400,3008,966385048,37849254,0
1,7147,1580700,1954400,3008,966385048,37849254,0
1,7148,366300,1954400,3008,966385048,37849254,0
1,7149,1862400,1954400,3008,966385048,37849254,0
1,7150,410700,1954400,3008,966385048,37849254,0
1,7151,1380600,1954400,3008,966385048,37849254,0
1,7152,309700,1954400,3008,966385048,37849254,0
1,7153,1888700,1954400,3008,966385048,37849254,0
1,7154,258300,1954400,3008,966385048,37849254,0
1,7155,1897300,1954400,3008,966385048,37849254,0
1,7156,362000,1954400,3008,966385048,37849254,0
1,7157,1293600,1954400,3008,966385048,37849254,0
1,7158,384500,1954400,3008,966385048,37849254,0
1,7159,1988600,1954400,3008,966385048,37849254,0
1,7160,253600,1954400,3008,966385048,37849254,0
1,7161,1605200,1954400,3008,966385048,37849254,0
1,7162,383400,1954400,3008,966385048,37849254,0
1,7163,1860500,1954400,3008,966385048,37849254,0
1,7164,250300,1954400,3008,966385048,37849254,0
1,7165,1333300,1954400,3008,966385048,37849254,0
1,7166,238500,1954400,3008,966385048,37849254,0
1,7167,1696800,1954400,3008,966385048,37849254,0
1,7168,433200,1954400,3008,966385048,37849254,0
1,7169,1855000,1954400,3008,966385048,37849254,0
1,7170,283200,1954400,3008,966385048,37849254,0
1,7171,1291700,1954400,3008,966385048,37849254,0
1,7172,261100,1954400,3008,966385048,37849254,0
1,7173,1240100,1954400,3008,966385048,37849254,0
1,7174,343800,1954400,3008,966385048,37849254,0
1,7175,1637400,1954400,3008,966385048,37849254,0
1,7176,333000,1954400,3008,966385048,37849254,0
1,7177,2106900,1954400,3008,966385048,37849254,0
1,7178,244000,1954400,3008,966385048,37849254,0
1,7179,1608600,1954400,3008,966385048,37849254,0
1,7180,293500,1954400,3008,966385048,37849254,0
1,7181,2152500,1954400,3008,966385048,37849254,0
1,7182,355300,1954400,3008,966385048,37849254,0
1,7183,1676300,1954400,3008,966385048,37849254,0
1,7184,202500,1954400,3008,966385048,37849254,0
1,7185,1489100,1954400,3008,966385048,37849254,0
1,7186,350300,1954400,3008,966385048,37849254,0
1,7187,1764400,1954400,3008,966385048,37849254,0
1,7188,359800,1954400,3008,966385048,37849254,0
1,7189,1387100,1954400,3008,966385048,37849254,0
1,7190,207400,1954400,3008,966385048,37849254,0
1,7191,1719200,1954400,3008,966385048,37849254,0
1,7192,348000,1954400,3008,966385048,37849254,0
1,7193,1735300,1954400,3008,966385048,37849254,0
1,7194,369400,1954400,3008,966385048,37849254,0
1,7195,1181500,1954400,3008,966385048,37849254,0
1,7196,268900,1954400,3008,966385048,37849254,0
1,7197,1651400,1954400,3008,966385048,37849254,0
1,7198,369000,1954400,3008,966385048,37849254,0
1,7199,2054400,1954400,3008,966385048,37849254,0
1,7200,363500,1954400,3008,966385048,37849254,0
1,7201,1523000,1954400,3008,966385048,37849254,0
1,7202,370300,1954400,3008,966385048,37849254,0
1,7203,1870100,1954400,3008,966385048,37849254,0
1,7204,306600,1954400,3008,966385048,37849254,0
1,7205,1458600,1954400,3008,966385048,37849254,0
1,7206,271300,1954400,3008,966385048,37849254,0
1,7207,1366800,1954400,3008,966385048,37849254,0
1,7208,256500,1954400,3008,966385048,37849254,0
1,7209,1950000,1954400,3008,966385048,37849254,0
1,7210,274500,1954400,3008,966385048,37849254,0
1,7211,1863900,1954400,3008,966385048,37849254,0
1,7212,301400,1954400,3008,966385048,37849254,0
1,7213,2043000,1954400,3008,966385048,37849254,0
1,7214,416400,1954400,3008,966385048,37849254,0
1,7215,1350400,1954400,3008,966385048,37849254,0
1,7216,256500,1954400,3008,966385048,37849254,0
1,7217,1962000,1954400,3008,966385048,37849254,0
1,7218,362000,1954400,3008,966385048,37849254,0
1,7219,1422800,1954400,3008,966385048,37849254,0
1,7220,351200,1954400,3008,966385048,37849254,0
1,7221,1696300,1954400,3008,966385048,37849254,0
1,7222,354100,1954400,3008,966385048,37849254,0
1,7223,1923900,1954400,3008,966385048,37849254,0
1,7224,283300,1954400,3008,966385048,37849254,0
1,7225,1269400,1954400,3008,966385048,37849254,0
1,7226,368000,1954400,3008,966385048,37849254,0
1,7227,1364300,1954400,3008,966385048,37849254,0
1,7228,262400,1954400,3008,966385048,37849254,0
1,7229,1855500,1954400,3008,966385048,37849254,0
1,7230,365900,1954400,3008,966385048,37849254,0
1,7231,1261500,1954400,3008,966385048,37849254,0
1,7232,397100,1954400,3008,966385048,37849254,0
1,7233,2002000,1954400,3008,966385048,37849254,0
1,7234,370300,1954400,3008,966385048,37849254,0
1,7235,1632400,1954400,3008,966385048,37849254,0
1,7236,370200,1954400,3008,966385048,37849254,0
1,7237,1827600,1954400,3008,966385048,37849254,0
1,7238,513900,1954400,3008,966385048,37849254,0
1,7239,1836300,1954400,3008,966385048,37849254,0
1,7240,327600,1954400,3008,966385048,37849254,0
1,7241,1834400,1954400,3008,966385048,37849254,0
1,7242,350600,1954400,3008,966385048,37849254,0
1,7243,1316200,1954400,3008,966385048,37849254,0
1,7244,319400,1954400,3008,966385048,37849254,0
1,7245,1168400,1954400,3008,966385048,37849254,0
1,7246,300100,1954400,3008,966385048,37849254,0
1,7247,1302300,1954400,3008,966385048,37849254,0
1,7248,263500,1954400,3008,966385048,37849254,0
1,7249,1781000,1954400,3008,966385048,37849254,0
1,7250,385600,1954400,3008,966385048,37849254,0
1,7251,1401100,1954400,3008,966385048,37849254,0
1,7252,213100,1954400,3008,966385048,37849254,0
1,7253,1384800,1954400,3008,966385048,37849254,0
1,7254,256300,1954400,3008,966385048,37849254,0
1,7255,1911000,1954400,3008,966385048,37849254,0
1,7256,333900,1954400,3008,966385048,37849254,0
1,7257,1333500,1954400,3008,966385048,37849254,0
1,7258,381800,1954400,3008,966385048,37849254,0
1,7259,2056500,1954400,3008,966385048,37849254,0
1,7260,258100,1954400,3008,966385048,37849254,0
1,7261,1349800,1954400,3008,966385048,37849254,0
1,7262,251800,1954400,3008,966385048,37849254,0
1,7263,1999500,1954400,3008,966385048,37849254,0
1,7264,244400,1954400,3008,966385048,37849254,0
1,7265,2239000,1954400,3008,966385048,37849254,0
1,7266,248400,1954400,3008,966385048,37849254,0
1,7267,1836800,1954400,3008,966385048,37849254,0
1,7268,388200,1954400,3008,966385048,37849254,0
1,7269,2029200,1954400,3008,966385048,37849254,0
1,7270,365400,1954400,3008,966385048,37849254,0
1,7271,2069200,1954400,3008,966385048,37849254,0
1,7272,390700,1954400,3008,966385048,37849254,0
1,7273,2336200,1954400,3008,966385048,37849254,0
1,7274,293000,1954400,3008,966385048,37849254,0
1,7275,1218400,1954400,3008,966385048,37849254,0
1,7276,401600,1954400,3008,966385048,37849254,0
1,7277,2340700,1954400,3008,966385048,37849254,0
1,7278,251500,1954400,3008,966385048,37849254,0
1,7279,1567100,1954400,3008,966385048,37849254,0
1,7280,354400,1954400,3008,966385048,37849254,0
1,7281,1623700,1954400,3008,966385048,37849254,0
1,7282,354600,1954400,3008,966385048,37849254,0
1,7283,1690400,1954400,3008,966385048,37849254,0
1,7284,353200,1954400,3008,966385048,37849254,0
1,7285,1733500,1954400,3008,966385048,37849254,0
1,7286,348800,1954400,3008,966385048,37849254,0
1,7287,1841300,1954400,3008,966385048,37849254,0
1,7288,355900,1954400,3008,966385048,37849254,0
1,7289,1940000,1954400,3008,966385048,37849254,0
1,7290,389000,1954400,3008,966385048,37849254,0
1,7291,1852300,1954400,3008,966385048,37849254,0
1,7292,358200,1954400,3008,966385048,37849254,0
1,7293,1895600,1954400,3008,966385048,37849254,0
1,7294,325900,1954400,3008,966385048,37849254,0
1,7295,1396100,1954400,3008,966385048,37849254,0
1,7296,369700,1954400,3008,966385048,37849254,0
1,7297,2198500,1954400,3008,966385048,37849254,0
1,7298,381100,1954400,3008,966385048,37849254,0
1,7299,1952800,1954400,3008,966385048,37849254,0
1,7300,394700,1954400,3008,966385048,37849254,0
1,7301,1851300,1954400,3008,966385048,37849254,0
1,7302,471200,1954400,3008,966385048,37849254,0
1,7303,1716900,1954400,3008,966385048,37849254,0
1,7304,252900,1954400,3008,966385048,37849254,0
1,7305,1450700,1954400,3008,966385048,37849254,0
1,7306,255900,1954400,3008,966385048,37849254,0
1,7307,1865700,1954400,3008,966385048,37849254,0
1,7308,328200,1954400,3008,966385048,37849254,0
1,7309,1375000,1954400,3008,966385048,37849254,0
1,7310,194500,1954400,3008,966385048,37849254,0
1,7311,1760200,1954400,3008,966385048,37849254,0
1,7312,289700,1954400,3008,966385048,37849254,0
1,7313,1588700,1954400,3008,966385048,37849254,0
1,7314,390700,1954400,3008,966385048,37849254,0
1,7315,1865900,1954400,3008,966385048,37849254,0
1,7316,387300,1954400,3008,966385048,37849254,0
1,7317,2260500,1954400,3008,966385048,37849254,0
1,7318,257500,1954400,3008,966385048,37849254,0
1,7319,1676200,1954400,3008,966385048,37849254,0
1,7320,299000,1954400,3008,966385048,37849254,0
1,7321,1865600,1954400,3008,966385048,37849254,0
1,7322,288300,1954400,3008,966385048,37849254,0
1,7323,1850600,1954400,3008,966385048,37849254,0
1,7324,468000,1954400,3008,966385048,37849254,0
1,7325,1776800,1954400,3008,966385048,37849254,0
1,7326,378000,1954400,3008,966385048,37849254,0
1,7327,1623700,1954400,3008,966385048,37849254,0
1,7328,252500,1954400,3008,966385048,37849254,0
1,7329,1817700,1954400,3008,966385048,37849254,0
1,7330,337900,1954400,3008,966385048,37849254,0
1,7331,1759000,1954400,3008,966385048,37849254,0
1,7332,392200,1954400,3008,966385048,37849254,0
1,7333,1349400,1954400,3008,966385048,37849254,0
1,7334,249700,1954400,3008,966385048,37849254,0
1,7335,1513100,1954400,3008,966385048,37849254,0
1,7336,312200,1954400,3008,966385048,37849254,0
1,7337,1872500,1954400,3008,966385048,37849254,0
1,7338,407000,1954400,3008,966385048,37849254,0
1,7339,1962800,1954400,3008,966385048,37849254,0
1,7340,532600,1954400,3008,966385048,37849254,0
1,7341,1904900,1954400,3008,966385048,37849254,0
1,7342,264100,1954400,3008,966385048,37849254,0
1,7343,1845700,1954400,3008,966385048,37849254,0
1,7344,354800,1954400,3008,966385048,37849254,0
1,7345,1926700,1954400,3008,966385048,37849254,0
1,7346,357800,1954400,3008,966385048,37849254,0
1,7347,2081100,1954400,3008,966385048,37849254,0
1,7348,284200,1954400,3008,966385048,37849254,0
1,7349,1870500,1954400,3008,966385048,37849254,0
1,7350,275900,1954400,3008,966385048,37849254,0
1,7351,1741300,1954400,3008,966385048,37849254,0
1,7352,362700,1954400,3008,966385048,37849254,0
1,7353,1273500,1954400,3008,966385048,37849254,0
1,7354,255300,1954400,3008,966385048,37849254,0
1,7355,1557100,1954400,3008,966385048,37849254,0
1,7356,243200,1954400,3008,966385048,37849254,0
1,7357,1955100,1954400,3008,966385048,37849254,0
1,7358,354400,1954400,3008,966385048,37849254,0
1,7359,1807600,1954400,3008,966385048,37849254,0
1,7360,747400,1954400,3008,966385048,37849254,0
1,7361,1219500,1954400,3008,966385048,37849254,0
1,7362,373000,1954400,3008,966385048,37849254,0
1,7363,1788200,1954400,3008,966385048,37849254,0
1,7364,379500,1954400,3008,966385048,37849254,0
1,7365,1852300,1954400,3008,966385048,37849254,0
1,7366,381600,1954400,3008,966385048,37849254,0
1,7367,1883400,1954400,3008,966385048,37849254,0
1,7368,356200,1954400,3008,966385048,37849254,0
1,7369,1861600,1954400,3008,966385048,37849254,0
1,7370,350400,1954400,3008,966385048,37849254,0
1,7371,1436300,1954400,3008,966385048,37849254,0
1,7372,255000,1954400,3008,966385048,37849254,0
1,7373,1855800,1954400,3008,966385048,37849254,0
1,7374,368900,1954400,3008,966385048,37849254,0
1,7375,1419600,1954400,3008,966385048,37849254,0
1,7376,305000,1954400,3008,966385048,37849254,0
1,7377,1743400,1954400,3008,966385048,37849254,0
1,7378,384600,1954400,3008,966385048,37849254,0
1,7379,1875600,1954400,3008,966385048,37849254,0
1,7380,260000,1954400,3008,966385048,37849254,0
1,7381,1461200,1954400,3008,966385048,37849254,0
1,7382,247700,1954400,3008,966385048,37849254,0
1,7383,1650100,1954400,3008,966385048,37849254,0
1,7384,264400,1954400,3008,966385048,37849254,0
1,7385,1949900,1954400,3008,966385048,37849254,0
1,7386,274500,1954400,3008,966385048,37849254,0
1,7387,2017600,1954400,3008,966385048,37849254,0
1,7388,375000,1954400,3008,966385048,37849254,0
1,7389,1924300,1954400,3008,966385048,37849254,0
1,7390,241700,1954400,3008,966385048,37849254,0
1,7391,1858900,1954400,3008,966385048,37849254,0
1,7392,249200,1954400,3008,966385048,37849254,0
1,7393,1439900,1954400,3008,966385048,37849254,0
1,7394,454300,1954400,3008,966385048,37849254,0
1,7395,1465800,1954400,3008,966385048,37849254,0
1,7396,256200,1954400,3008,966385048,37849254,0
1,7397,1933500,1954400,3008,966385048,37849254,0
1,7398,365200,1954400,3008,966385048,37849254,0
1,7399,1827000,1954400,3008,966385048,37849254,0
1,7400,237400,1954400,3008,966385048,37849254,0
1,7401,1433600,1954400,3008,966385048,37849254,0
1,7402,382200,1954400,3008,966385048,37849254,0
1,7403,2035200,1954400,3008,966385048,37849254,0
1,7404,356600,1954400,3008,966385048,37849254,0
1,7405,1469500,1954400,3008,966385048,37849254,0
1,7406,314400,1954400,3008,966385048,37849254,0
1,7407,1313300,1954400,3008,966385048,37849254,0
1,7408,235600,1954400,3008,966385048,37849254,0
1,7409,1410000,1954400,3008,966385048,37849254,0
1,7410,424900,1954400,3008,966385048,37849254,0
1,7411,1809900,1954400,3008,966385048,37849254,0
1,7412,324900,1954400,3008,966385048,37849254,0
1,7413,1614500,1954400,3008,966385048,37849254,0
1,7414,347700,1954400,3008,966385048,37849254,0
1,7415,1995100,1954400,3008,966385048,37849254,0
1,7416,339800,1954400,3008,966385048,37849254,0
1,7417,1509200,1954400,3008,966385048,37849254,0
1,7418,293800,1954400,3008,966385048,37849254,0
1,7419,1289400,1954400,3008,966385048,37849254,0
1,7420,599700,1954400,3008,966385048,37849254,0
1,7421,1997400,1954400,3008,966385048,37849254,0
1,7422,317200,1954400,3008,966385048,37849254,0
1,7423,1798600,1954400,3008,966385048,37849254,0
1,7424,356100,1954400,3008,966385048,37849254,0
1,7425,2092800,1954400,3008,966385048,37849254,0
1,7426,855800,1954400,3008,966385048,37849254,0
1,7427,1785800,1954400,3008,966385048,37849254,0
1,7428,356500,1954400,3008,966385048,37849254,0
1,7429,1856100,1954400,3008,966385048,37849254,0
1,7430,357200,1954400,3008,966385048,37849254,0
1,7431,1924800,1954400,3008,966385048,37849254,0
1,7432,254500,1954400,3008,966385048,37849254,0
1,7433,1816700,1954400,3008,966385048,37849254,0
1,7434,375200,1954400,3008,966385048,37849254,0
1,7435,1848700,1954400,3008,966385048,37849254,0
1,7436,325600,1954400,3008,966385048,37849254,0
1,7437,1653900,1954400,3008,966385048,37849254,0
1,7438,393200,1954400,3008,966385048,37849254,0
1,7439,1573700,1954400,3008,966385048,37849254,0
1,7440,309900,1954400,3008,966385048,37849254,0
1,7441,1158400,1954400,3008,966385048,37849254,0
1,7442,618800,1954400,3008,966385048,37849254,0
1,7443,1288900,1954400,3008,966385048,37849254,0
1,7444,355100,1954400,3008,966385048,37849254,0
1,7445,1816100,1954400,3008,966385048,37849254,0
1,7446,333300,1954400,3008,966385048,37849254,0
1,7447,1745700,1954400,3008,966385048,37849254,0
1,7448,236600,1954400,3008,966385048,37849254,0
1,7449,1724700,1954400,3008,966385048,37849254,0
1,7450,366100,1954400,3008,966385048,37849254,0
1,7451,1921300,1954400,3008,966385048,37849254,0
1,7452,348300,1954400,3008,966385048,37849254,0
1,7453,1359700,1954400,3008,966385048,37849254,0
1,7454,564500,1954400,3008,966385048,37849254,0
1,7455,1852500,1954400,3008,966385048,37849254,0
1,7456,391200,1954400,3008,966385048,37849254,0
1,7457,2189700,1954400,3008,966385048,37849254,0
1,7458,290800,1954400,3008,966385048,37849254,0
1,7459,1208100,1954400,3008,966385048,37849254,0
1,7460,316800,1954400,3008,966385048,37849254,0
1,7461,1719800,1954400,3008,966385048,37849254,0
1,7462,269200,1954400,3008,966385048,37849254,0
1,7463,1380100,1954400,3008,966385048,37849254,0
1,7464,354400,1954400,3008,966385048,37849254,0
1,7465,1285500,1954400,3008,966385048,37849254,0
1,7466,243700,1954400,3008,966385048,37849254,0
1,7467,1558100,1954400,3008,966385048,37849254,0
1,7468,333000,1954400,3008,966385048,37849254,0
1,7469,1453700,1954400,3008,966385048,37849254,0
1,7470,344100,1954400,3008,966385048,37849254,0
1,7471,1672300,1954400,3008,966385048,37849254,0
1,7472,362200,1954400,3008,966385048,37849254,0
1,7473,1449100,1954400,3008,966385048,37849254,0
1,7474,363400,1954400,3008,966385048,37849254,0
1,7475,1810800,1954400,3008,966385048,37849254,0
1,7476,318800,1954400,3008,966385048,37849254,0
1,7477,1501100,1954400,3008,966385048,37849254,0
1,7478,393900,1954400,3008,966385048,37849254,0
1,7479,1925700,1954400,3008,966385048,37849254,0
1,7480,294400,1954400,3008,966385048,37849254,0
1,7481,1795800,1954400,3008,966385048,37849254,0
1,7482,248100,1954400,3008,966385048,37849254,0
1,7483,1668200,1954400,3008,966385048,37849254,0
1,7484,342300,1954400,3008,966385048,37849254,0
1,7485,1903800,1954400,3008,966385048,37849254,0
1,7486,255000,1954400,3008,966385048,37849254,0
1,7487,1451100,1954400,3008,966385048,37849254,0
1,7488,352600,1954400,3008,966385048,37849254,0
1,7489,1388600,1954400,3008,966385048,37849254,0
1,7490,359900,1954400,3008,966385048,37849254,0
1,7491,1172200,1954400,3008,966385048,37849254,0
1,7492,354700,1954400,3008,966385048,37849254,0
1,7493,1645200,1954400,3008,966385048,37849254,0
1,7494,371800,1954400,3008,966385048,37849254,0
1,7495,1845400,1954400,3008,966385048,37849254,0
1,7496,306900,1954400,3008,966385048,37849254,0
1,7497,1398400,1954400,3008,966385048,37849254,0
1,7498,266400,1954400,3008,966385048,37849254,0
1,7499,1878700,1954400,3008,966385048,37849254,0
1,7500,397900,1954400,3008,966385048,37849254,0
1,7501,1772600,1954400,3008,966385048,37849254,0
1,7502,395600,1954400,3008,966385048,37849254,0
1,7503,1881500,1954400,3008,966385048,37849254,0
1,7504,257600,1954400,3008,966385048,37849254,0
1,7505,2005200,1954400,3008,966385048,37849254,0
1,7506,593300,1954400,3008,966385048,37849254,0
1,7507,1417800,1954400,3008,966385048,37849254,0
1,7508,395900,1954400,3008,966385048,37849254,0
1,7509,1728400,1954400,3008,966385048,37849254,0
1,7510,357000,1954400,3008,966385048,37849254,0
1,7511,1852000,1954400,3008,966385048,37849254,0
1,7512,358400,1954400,3008,966385048,37849254,0
1,7513,1276000,1954400,3008,966385048,37849254,0
1,7514,256200,1954400,3008,966385048,37849254,0
1,7515,2136000,1954400,3008,966385048,37849254,0
1,7516,364700,1954400,3008,966385048,37849254,0
1,7517,1733000,1954400,3008,966385048,37849254,0
1,7518,353000,1954400,3008,966385048,37849254,0
1,7519,1764800,1954400,3008,966385048,37849254,0
1,7520,636200,1954400,3008,966385048,37849254,0
1,7521,1231600,1954400,3008,966385048,37849254,0
1,7522,371300,1954400,3008,966385048,37849254,0
1,7523,1284500,1954400,3008,966385048,37849254,0
1,7524,351200,1954400,3008,966385048,37849254,0
1,7525,1812800,1954400,3008,966385048,37849254,0
1,7526,592600,1954400,3008,966385048,37849254,0
1,7527,1511000,1954400,3008,966385048,37849254,0
1,7528,174900,1954400,3008,966385048,37849254,0
1,7529,1721100,1954400,3008,966385048,37849254,0
1,7530,362700,1954400,3008,966385048,37849254,0
1,7531,1280600,1954400,3008,966385048,37849254,0
1,7532,232200,1954400,3008,966385048,37849254,0
1,7533,1739000,1954400,3008,966385048,37849254,0
1,7534,350900,1954400,3008,966385048,37849254,0
1,7535,2082100,1954400,3008,966385048,37849254,0
1,7536,256400,1954400,3008,966385048,37849254,0
1,7537,1832300,1954400,3008,966385048,37849254,0
1,7538,295600,1954400,3008,966385048,37849254,0
1,7539,1933800,1954400,3008,966385048,37849254,0
1,7540,273600,1954400,3008,966385048,37849254,0
1,7541,1860700,1954400,3008,966385048,37849254,0
1,7542,318300,1954400,3008,966385048,37849254,0
1,7543,1907900,1954400,3008,966385048,37849254,0
1,7544,284900,1954400,3008,966385048,37849254,0
1,7545,1924100,1954400,3008,966385048,37849254,0
1,7546,282700,1954400,3008,966385048,37849254,0
1,7547,1286800,1954400,3008,966385048,37849254,0
1,7548,366600,1954400,3008,966385048,37849254,0
1,7549,1921300,1954400,3008,966385048,37849254,0
1,7550,349900,1954400,3008,966385048,37849254,0
1,7551,1849300,1954400,3008,966385048,37849254,0
1,7552,361900,1954400,3008,966385048,37849254,0
1,7553,1829100,1954400,3008,966385048,37849254,0
1,7554,257000,1954400,3008,966385048,37849254,0
1,7555,1835200,1954400,3008,966385048,37849254,0
1,7556,444700,1954400,3008,966385048,37849254,0
1,7557,1837600,1954400,3008,966385048,37849254,0
1,7558,310700,1954400,3008,966385048,37849254,0
1,7559,1483900,1954400,3008,966385048,37849254,0
1,7560,344700,1954400,3008,966385048,37849254,0
1,7561,1335100,1954400,3008,966385048,37849254,0
1,7562,390600,1954400,3008,966385048,37849254,0
1,7563,1633100,1954400,3008,966385048,37849254,0
1,7564,383000,1954400,3008,966385048,37849254,0
1,7565,1464100,1954400,3008,966385048,37849254,0
1,7566,308200,1954400,3008,966385048,37849254,0
1,7567,2008400,1954400,3008,966385048,37849254,0
1,7568,370300,1954400,3008,966385048,37849254,0
1,7569,1748000,1954400,3008,966385048,37849254,0
1,7570,367500,1954400,3008,966385048,37849254,0
1,7571,1843100,1954400,3008,966385048,37849254,0
1,7572,263400,1954400,3008,966385048,37849254,0
1,7573,1746100,1954400,3008,966385048,37849254,0
1,7574,366700,1954400,3008,966385048,37849254,0
1,7575,1789100,1954400,3008,966385048,37849254,0
1,7576,234100,1954400,3008,966385048,37849254,0
1,7577,1966500,1954400,3008,966385048,37849254,0
1,7578,374900,1954400,3008,966385048,37849254,0
1,7579,1944700,1954400,3008,966385048,37849254,0
1,7580,351700,1954400,3008,966385048,37849254,0
1,7581,1897500,1954400,3008,966385048,37849254,0
1,7582,247500,1954400,3008,966385048,37849254,0
1,7583,2006800,1954400,3008,966385048,37849254,0
1,7584,263400,1954400,3008,966385048,37849254,0
1,7585,1760900,1954400,3008,966385048,37849254,0
1,7586,354700,1954400,3008,966385048,37849254,0
1,7587,1238200,1954400,3008,966385048,37849254,0
1,7588,359500,1954400,3008,966385048,37849254,0
1,7589,1627100,1954400,3008,966385048,37849254,0
1,7590,362200,1954400,3008,966385048,37849254,0
1,7591,1224000,1954400,3008,966385048,37849254,0
1,7592,327400,1954400,3008,966385048,37849254,0
1,7593,2041300,1954400,3008,966385048,37849254,0
1,7594,464000,1954400,3008,966385048,37849254,0
1,7595,1877800,1954400,3008,966385048,37849254,0
1,7596,394300,1954400,3008,966385048,37849254,0
1,7597,1887000,1954400,3008,966385048,37849254,0
1,7598,367200,1954400,3008,966385048,37849254,0
1,7599,1814500,1954400,3008,966385048,37849254,0
1,7600,365700,1954400,3008,966385048,37849254,0
1,7601,1598400,1954400,3008,966385048,37849254,0
1,7602,371400,1954400,3008,966385048,37849254,0
1,7603,1909900,1954400,3008,966385048,37849254,0
1,7604,344800,1954400,3008,966385048,37849254,0
1,7605,1613400,1954400,3008,966385048,37849254,0
1,7606,352900,1954400,3008,966385048,37849254,0
1,7607,1285300,1954400,3008,966385048,37849254,0
1,7608,280100,1954400,3008,966385048,37849254,0
1,7609,1876700,1954400,3008,966385048,37849254,0
1,7610,248000,1954400,3008,966385048,37849254,0
1,7611,1645900,1954400,3008,966385048,37849254,0
1,7612,312900,1954400,3008,966385048,37849254,0
1,7613,2180600,1954400,3008,966385048,37849254,0
1,7614,298100,1954400,3008,966385048,37849254,0
1,7615,1157100,1954400,3008,966385048,37849254,0
1,7616,358700,1954400,3008,966385048,37849254,0
1,7617,1885900,1954400,3008,966385048,37849254,0
1,7618,376700,1954400,3008,966385048,37849254,0
1,7619,1865600,1954400,3008,966385048,37849254,0
1,7620,337500,1954400,3008,966385048,37849254,0
1,7621,1877100,1954400,3008,966385048,37849254,0
1,7622,361100,1954400,3008,966385048,37849254,0
1,7623,1850900,1954400,3008,966385048,37849254,0
1,7624,355500,1954400,3008,966385048,37849254,0
1,7625,1680900,1954400,3008,966385048,37849254,0
1,7626,375800,1954400,3008,966385048,37849254,0
1,7627,2075800,1954400,3008,966385048,37849254,0
1,7628,284600,1954400,3008,966385048,37849254,0
1,7629,1827200,1954400,3008,966385048,37849254,0
1,7630,495700,1954400,3008,966385048,37849254,0
1,7631,2005600,1954400,3008,966385048,37849254,0
1,7632,348900,1954400,3008,966385048,37849254,0
1,7633,1314300,1954400,3008,966385048,37849254,0
1,7634,239800,1954400,3008,966385048,37849254,0
1,7635,1557000,1954400,3008,966385048,37849254,0
1,7636,324700,1954400,3008,966385048,37849254,0
1,7637,1815300,1954400,3008,966385048,37849254,0
1,7638,348300,1954400,3008,966385048,37849254,0
1,7639,1861100,1954400,3008,966385048,37849254,0
1,7640,361200,1954400,3008,966385048,37849254,0
1,7641,1555900,1954400,3008,966385048,37849254,0
1,7642,262300,1954400,3008,966385048,37849254,0
1,7643,1821300,1954400,3008,966385048,37849254,0
1,7644,305400,1954400,3008,966385048,37849254,0
1,7645,1579100,1954400,3008,966385048,37849254,0
1,7646,283300,1954400,3008,966385048,37849254,0
1,7647,1259400,1954400,3008,966385048,37849254,0
1,7648,451900,1954400,3008,966385048,37849254,0
1,7649,1791900,1954400,3008,966385048,37849254,0
1,7650,415200,1954400,3008,966385048,37849254,0
1,7651,1901300,1954400,3008,966385048,37849254,0
1,7652,376600,1954400,3008,966385048,37849254,0
1,7653,1902700,1954400,3008,966385048,37849254,0
1,7654,256800,1954400,3008,966385048,37849254,0
1,7655,1491000,1954400,3008,966385048,37849254,0
1,7656,345300,1954400,3008,966385048,37849254,0
1,7657,1859700,1954400,3008,966385048,37849254,0
1,7658,254400,1954400,3008,966385048,37849254,0
1,7659,1908700,1954400,3008,966385048,37849254,0
1,7660,361900,1954400,3008,966385048,37849254,0
1,7661,1242000,1954400,3008,966385048,37849254,0
1,7662,389200,1954400,3008,966385048,37849254,0
1,7663,1278700,1954400,3008,966385048,37849254,0
1,7664,258200,1954400,3008,966385048,37849254,0
1,7665,1831700,1954400,3008,966385048,37849254,0
1,7666,247200,1954400,3008,966385048,37849254,0
1,7667,1846400,1954400,3008,966385048,37849254,0
1,7668,414400,1954400,3008,966385048,37849254,0
1,7669,3299400,1954400,3008,966385048,37849254,0
1,7670,202400,1954400,3008,966385048,37849254,0
1,7671,1412700,1954400,3008,966385048,37849254,0
1,7672,413500,1954400,3008,966385048,37849254,0
1,7673,1780900,1954400,3008,966385048,37849254,0
1,7674,378700,1954400,3008,966385048,37849254,0
1,7675,1471500,1954400,3008,966385048,37849254,0
1,7676,348400,1954400,3008,966385048,37849254,0
1,7677,1825300,1954400,3008,966385048,37849254,0
1,7678,358100,1954400,3008,966385048,37849254,0
1,7679,1857000,1954400,3008,966385048,37849254,0
1,7680,331600,1954400,3008,966385048,37849254,0
1,7681,1645600,1954400,3008,966385048,37849254,0
1,7682,273700,1954400,3008,966385048,37849254,0
1,7683,1343400,1954400,3008,966385048,37849254,0
1,7684,276700,1954400,3008,966385048,37849254,0
1,7685,1338400,1954400,3008,966385048,37849254,0
1,7686,211600,1954400,3008,966385048,37849254,0
1,7687,1829700,1954400,3008,966385048,37849254,0
1,7688,177000,1954400,3008,966385048,37849254,0
1,7689,1666000,1954400,3008,966385048,37849254,0
1,7690,349600,1954400,3008,966385048,37849254,0
1,7691,1526200,1954400,3008,966385048,37849254,0
1,7692,351300,1954400,3008,966385048,37849254,0
1,7693,1840900,1954400,3008,966385048,37849254,0
1,7694,369100,1954400,3008,966385048,37849254,0
1,7695,1943700,1954400,3008,966385048,37849254,0
1,7696,376200,1954400,3008,966385048,37849254,0
1,7697,2302000,1954400,3008,966385048,37849254,0
1,7698,165200,1954400,3008,966385048,37849254,0
1,7699,1641400,1954400,3008,966385048,37849254,0
1,7700,383300,1954400,3008,966385048,37849254,0
1,7701,1237400,1954400,3008,966385048,37849254,0
1,7702,366200,1954400,3008,966385048,37849254,0
1,7703,1931900,1954400,3008,966385048,37849254,0
1,7704,353300,1954400,3008,966385048,37849254,0
1,7705,1869500,1954400,3008,966385048,37849254,0
1,7706,386000,1954400,3008,966385048,37849254,0
1,7707,1275800,1954400,3008,966385048,37849254,0
1,7708,260200,1954400,3008,966385048,37849254,0
1,7709,1879100,1954400,3008,966385048,37849254,0
1,7710,423600,1954400,3008,966385048,37849254,0
1,7711,1883000,1954400,3008,966385048,37849254,0
1,7712,415000,1954400,3008,966385048,37849254,0
1,7713,1932100,1954400,3008,966385048,37849254,0
1,7714,284100,1954400,3008,966385048,37849254,0
1,7715,1948300,1954400,3008,966385048,37849254,0
1,7716,427500,1954400,3008,966385048,37849254,0
1,7717,1602000,1954400,3008,966385048,37849254,0
1,7718,291300,1954400,3008,966385048,37849254,0
1,7719,1343900,1954400,3008,966385048,37849254,0
1,7720,307300,1954400,3008,966385048,37849254,0
1,7721,1584600,1954400,3008,966385048,37849254,0
1,7722,430100,1954400,3008,966385048,37849254,0
1,7723,1288400,1954400,3008,966385048,37849254,0
1,7724,313000,1954400,3008,966385048,37849254,0
1,7725,2128100,1954400,3008,966385048,37849254,0
1,7726,342000,1954400,3008,966385048,37849254,0
1,7727,1661700,1954400,3008,966385048,37849254,0
1,7728,403600,1954400,3008,966385048,37849254,0
1,7729,1837700,1954400,3008,966385048,37849254,0
1,7730,302500,1954400,3008,966385048,37849254,0
1,7731,1846900,1954400,3008,966385048,37849254,0
1,7732,392100,1954400,3008,966385048,37849254,0
1,7733,1512400,1954400,3008,966385048,37849254,0
1,7734,372200,1954400,3008,966385048,37849254,0
1,7735,1261200,1954400,3008,966385048,37849254,0
1,7736,376600,1954400,3008,966385048,37849254,0
1,7737,1969400,1954400,3008,966385048,37849254,0
1,7738,396400,1954400,3008,966385048,37849254,0
1,7739,1851700,1954400,3008,966385048,37849254,0
1,7740,430500,1954400,3008,966385048,37849254,0
1,7741,1710200,1954400,3008,966385048,37849254,0
1,7742,433400,1954400,3008,966385048,37849254,0
1,7743,1287600,1954400,3008,966385048,37849254,0
1,7744,279800,1954400,3008,966385048,37849254,0
1,7745,1814300,1954400,3008,966385048,37849254,0
1,7746,263300,1954400,3008,966385048,37849254,0
1,7747,1558900,1954400,3008,966385048,37849254,0
1,7748,339000,1954400,3008,966385048,37849254,0
1,7749,1895200,1954400,3008,966385048,37849254,0
1,7750,415000,1954400,3008,966385048,37849254,0
1,7751,1784400,1954400,3008,966385048,37849254,0
1,7752,410700,1954400,3008,966385048,37849254,0
1,7753,1846800,1954400,3008,966385048,37849254,0
1,7754,460400,1954400,3008,966385048,37849254,0
1,7755,1865100,1954400,3008,966385048,37849254,0
1,7756,365300,1954400,3008,966385048,37849254,0
1,7757,1353000,1954400,3008,966385048,37849254,0
1,7758,338400,1954400,3008,966385048,37849254,0
1,7759,1872200,1954400,3008,966385048,37849254,0
1,7760,263200,1954400,3008,966385048,37849254,0
1,7761,1535600,1954400,3008,966385048,37849254,0
1,7762,354000,1954400,3008,966385048,37849254,0
1,7763,2033900,1954400,3008,966385048,37849254,0
1,7764,306200,1954400,3008,966385048,37849254,0
1,7765,1974100,1954400,3008,966385048,37849254,0
1,7766,403700,1954400,3008,966385048,37849254,0
1,7767,1869800,1954400,3008,966385048,37849254,0
1,7768,350800,1954400,3008,966385048,37849254,0
1,7769,1798100,1954400,3008,966385048,37849254,0
1,7770,245400,1954400,3008,966385048,37849254,0
1,7771,1730500,1954400,3008,966385048,37849254,0
1,7772,248400,1954400,3008,966385048,37849254,0
1,7773,1914900,1954400,3008,966385048,37849254,0
1,7774,427800,1954400,3008,966385048,37849254,0
1,7775,1418400,1954400,3008,966385048,37849254,0
1,7776,289600,1954400,3008,966385048,37849254,0
1,7777,1278400,1954400,3008,966385048,37849254,0
1,7778,250200,1954400,3008,966385048,37849254,0
1,7779,1847300,1954400,3008,966385048,37849254,0
1,7780,322300,1954400,3008,966385048,37849254,0
1,7781,1263600,1954400,3008,966385048,37849254,0
1,7782,252200,1954400,3008,966385048,37849254,0
1,7783,1797700,1954400,3008,966385048,37849254,0
1,7784,348400,1954400,3008,966385048,37849254,0
1,7785,1410700,1954400,3008,966385048,37849254,0
1,7786,262100,1954400,3008,966385048,37849254,0
1,7787,2037800,1954400,3008,966385048,37849254,0
1,7788,388700,1954400,3008,966385048,37849254,0
1,7789,1775900,1954400,3008,966385048,37849254,0
1,7790,343000,1954400,3008,966385048,37849254,0
1,7791,1846000,1954400,3008,966385048,37849254,0
1,7792,233600,1954400,3008,966385048,37849254,0
1,7793,1625900,1954400,3008,966385048,37849254,0
1,7794,281700,1954400,3008,966385048,37849254,0
1,7795,1222600,1954400,3008,966385048,37849254,0
1,7796,311300,1954400,3008,966385048,37849254,0
1,7797,1710500,1954400,3008,966385048,37849254,0
1,7798,337700,1954400,3008,966385048,37849254,0
1,7799,1630200,1954400,3008,966385048,37849254,0
1,7800,250900,1954400,3008,966385048,37849254,0
1,7801,1831000,1954400,3008,966385048,37849254,0
1,7802,299200,1954400,3008,966385048,37849254,0
1,7803,1282400,1954400,3008,966385048,37849254,0
1,7804,174700,1954400,3008,966385048,37849254,0
1,7805,1856400,1954400,3008,966385048,37849254,0
1,7806,385200,1954400,3008,966385048,37849254,0
1,7807,1841300,1954400,3008,966385048,37849254,0
1,7808,238200,1954400,3008,966385048,37849254,0
1,7809,1732600,1954400,3008,966385048,37849254,0
1,7810,335700,1954400,3008,966385048,37849254,0
1,7811,1856400,1954400,3008,966385048,37849254,0
1,7812,399200,1954400,3008,966385048,37849254,0
1,7813,1305100,1954400,3008,966385048,37849254,0
1,7814,312900,1954400,3008,966385048,37849254,0
1,7815,1672000,1954400,3008,966385048,37849254,0
1,7816,351700,1954400,3008,966385048,37849254,0
1,7817,1747000,1954400,3008,966385048,37849254,0
1,7818,366000,1954400,3008,966385048,37849254,0
1,7819,2042100,1954400,3008,966385048,37849254,0
1,7820,381000,1954400,3008,966385048,37849254,0
1,7821,1868800,1954400,3008,966385048,37849254,0
1,7822,338000,1954400,3008,966385048,37849254,0
1,7823,1661900,1954400,3008,966385048,37849254,0
1,7824,347500,1954400,3008,966385048,37849254,0
1,7825,2168500,1954400,3008,966385048,37849254,0
1,7826,270600,1954400,3008,966385048,37849254,0
1,7827,1761600,1954400,3008,966385048,37849254,0
1,7828,334800,1954400,3008,966385048,37849254,0
1,7829,1759600,1954400,3008,966385048,37849254,0
1,7830,255000,1954400,3008,966385048,37849254,0
1,7831,1854500,1954400,3008,966385048,37849254,0
1,7832,381500,1954400,3008,966385048,37849254,0
1,7833,1501400,1954400,3008,966385048,37849254,0
1,7834,390200,1954400,3008,966385048,37849254,0
1,7835,1872400,1954400,3008,966385048,37849254,0
1,7836,350900,1954400,3008,966385048,37849254,0
1,7837,1686800,1954400,3008,966385048,37849254,0
1,7838,372400,1954400,3008,966385048,37849254,0
1,7839,1464700,1954400,3008,966385048,37849254,0
1,7840,353300,1954400,3008,966385048,37849254,0
1,7841,1622700,1954400,3008,966385048,37849254,0
1,7842,260900,1954400,3008,966385048,37849254,0
1,7843,1582300,1954400,3008,966385048,37849254,0
1,7844,353600,1954400,3008,966385048,37849254,0
1,7845,1309700,1954400,3008,966385048,37849254,0
1,7846,316400,1954400,3008,966385048,37849254,0
1,7847,1780400,1954400,3008,966385048,37849254,0
1,7848,336700,1954400,3008,966385048,37849254,0
1,7849,1650200,1954400,3008,966385048,37849254,0
1,7850,344800,1954400,3008,966385048,37849254,0
1,7851,1928300,1954400,3008,966385048,37849254,0
1,7852,371000,1954400,3008,966385048,37849254,0
1,7853,1608900,1954400,3008,966385048,37849254,0
1,7854,335300,1954400,3008,966385048,37849254,0
1,7855,1800000,1954400,3008,966385048,37849254,0
1,7856,361400,1954400,3008,966385048,37849254,0
1,7857,1251400,1954400,3008,966385048,37849254,0
1,7858,432600,1954400,3008,966385048,37849254,0
1,7859,1285100,1954400,3008,966385048,37849254,0
1,7860,361100,1954400,3008,966385048,37849254,0
1,7861,1933400,1954400,3008,966385048,37849254,0
1,7862,281300,1954400,3008,966385048,37849254,0
1,7863,1647500,1954400,3008,966385048,37849254,0
1,7864,581800,1954400,3008,966385048,37849254,0
1,7865,1367800,1954400,3008,966385048,37849254,0
1,7866,240500,1954400,3008,966385048,37849254,0
1,7867,1332400,1954400,3008,966385048,37849254,0
1,7868,414700,1954400,3008,966385048,37849254,0
1,7869,1942500,1954400,3008,966385048,37849254,0
1,7870,360000,1954400,3008,966385048,37849254,0
1,7871,1395000,1954400,3008,966385048,37849254,0
1,7872,356800,1954400,3008,966385048,37849254,0
1,7873,1345500,1954400,3008,966385048,37849254,0
1,7874,309600,1954400,3008,966385048,37849254,0
1,7875,1470600,1954400,3008,966385048,37849254,0
1,7876,260100,1954400,3008,966385048,37849254,0
1,7877,1727400,1954400,3008,966385048,37849254,0
1,7878,428100,1954400,3008,966385048,37849254,0
1,7879,1246500,1954400,3008,966385048,37849254,0
1,7880,342600,1954400,3008,966385048,37849254,0
1,7881,1892300,1954400,3008,966385048,37849254,0
1,7882,358400,1954400,3008,966385048,37849254,0
1,7883,1849200,1954400,3008,966385048,37849254,0
1,7884,357200,1954400,3008,966385048,37849254,0
1,7885,1382200,1954400,3008,966385048,37849254,0
1,7886,353700,1954400,3008,966385048,37849254,0
1,7887,1553500,1954400,3008,966385048,37849254,0
1,7888,346100,1954400,3008,966385048,37849254,0
1,7889,1560400,1954400,3008,966385048,37849254,0
1,7890,274200,1954400,3008,966385048,37849254,0
1,7891,1573700,1954400,3008,966385048,37849254,0
1,7892,387100,1954400,3008,966385048,37849254,0
1,7893,1952100,1954400,3008,966385048,37849254,0
1,7894,389800,1954400,3008,966385048,37849254,0
1,7895,1846400,1954400,3008,966385048,37849254,0
1,7896,322100,1954400,3008,966385048,37849254,0
1,7897,1845200,1954400,3008,966385048,37849254,0
1,7898,410400,1954400,3008,966385048,37849254,0
1,7899,1691900,1954400,3008,966385048,37849254,0
1,7900,239900,1954400,3008,966385048,37849254,0
1,7901,1374300,1954400,3008,966385048,37849254,0
1,7902,247600,1954400,3008,966385048,37849254,0
1,7903,1158500,1954400,3008,966385048,37849254,0
1,7904,229200,1954400,3008,966385048,37849254,0
1,7905,1355600,1954400,3008,966385048,37849254,0
1,7906,506700,1954400,3008,966385048,37849254,0
1,7907,1400700,1954400,3008,966385048,37849254,0
1,7908,359900,1954400,3008,966385048,37849254,0
1,7909,1835500,1954400,3008,966385048,37849254,0
1,7910,365000,1954400,3008,966385048,37849254,0
1,7911,1363800,1954400,3008,966385048,37849254,0
1,7912,353500,1954400,3008,966385048,37849254,0
1,7913,1757300,1954400,3008,966385048,37849254,0
1,7914,285700,1954400,3008,966385048,37849254,0
1,7915,1865100,1954400,3008,966385048,37849254,0
1,7916,314700,1954400,3008,966385048,37849254,0
1,7917,1416300,1954400,3008,966385048,37849254,0
1,7918,337600,1954400,3008,966385048,37849254,0
1,7919,1322300,1954400,3008,966385048,37849254,0
1,7920,293700,1954400,3008,966385048,37849254,0
1,7921,1473300,1954400,3008,966385048,37849254,0
1,7922,274800,1954400,3008,966385048,37849254,0
1,7923,1685400,1954400,3008,966385048,37849254,0
1,7924,358100,1954400,3008,966385048,37849254,0
1,7925,1520300,1954400,3008,966385048,37849254,0
1,7926,370800,1954400,3008,966385048,37849254,0
1,7927,1534500,1954400,3008,966385048,37849254,0
1,7928,363500,1954400,3008,966385048,37849254,0
1,7929,1301500,1954400,3008,966385048,37849254,0
1,7930,342200,1954400,3008,966385048,37849254,0
1,7931,2117900,1954400,3008,966385048,37849254,0
1,7932,255200,1954400,3008,966385048,37849254,0
1,7933,1970400,1954400,3008,966385048,37849254,0
1,7934,354900,1954400,3008,966385048,37849254,0
1,7935,1813500,1954400,3008,966385048,37849254,0
1,7936,255700,1954400,3008,966385048,37849254,0
1,7937,1833500,1954400,3008,966385048,37849254,0
1,7938,265400,1954400,3008,966385048,37849254,0
1,7939,1861500,1954400,3008,966385048,37849254,0
1,7940,309800,1954400,3008,966385048,37849254,0
1,7941,1480200,1954400,3008,966385048,37849254,0
1,7942,391400,1954400,3008,966385048,37849254,0
1,7943,1662100,1954400,3008,966385048,37849254,0
1,7944,349600,1954400,3008,966385048,37849254,0
1,7945,1801800,1954400,3008,966385048,37849254,0
1,7946,372000,1954400,3008,966385048,37849254,0
1,7947,1678100,1954400,3008,966385048,37849254,0
1,7948,391000,1954400,3008,966385048,37849254,0
1,7949,1399500,1954400,3008,966385048,37849254,0
1,7950,356300,1954400,3008,966385048,37849254,0
1,7951,1885800,1954400,3008,966385048,37849254,0
1,7952,365800,1954400,3008,966385048,37849254,0
1,7953,1686000,1954400,3008,966385048,37849254,0
1,7954,352000,1954400,3008,966385048,37849254,0
1,7955,1733700,1954400,3008,966385048,37849254,0
1,7956,407700,1954400,3008,966385048,37849254,0
1,7957,1366800,1954400,3008,966385048,37849254,0
1,7958,314300,1954400,3008,966385048,37849254,0
1,7959,1344300,1954400,3008,966385048,37849254,0
1,7960,397400,1954400,3008,966385048,37849254,0
1,7961,1660800,1954400,3008,966385048,37849254,0
1,7962,277800,1954400,3008,966385048,37849254,0
1,7963,1300600,1954400,3008,966385048,37849254,0
1,7964,412400,1954400,3008,966385048,37849254,0
1,7965,2061200,1954400,3008,966385048,37849254,0
1,7966,357300,1954400,3008,966385048,37849254,0
1,7967,1393400,1954400,3008,966385048,37849254,0
1,7968,359700,1954400,3008,966385048,37849254,0
1,7969,1730500,1954400,3008,966385048,37849254,0
1,7970,352600,1954400,3008,966385048,37849254,0
1,7971,1779700,1954400,3008,966385048,37849254,0
1,7972,350100,1954400,3008,966385048,37849254,0
1,7973,1975500,1954400,3008,966385048,37849254,0
1,7974,230400,1954400,3008,966385048,37849254,0
1,7975,1970400,1954400,3008,966385048,37849254,0
1,7976,270200,1954400,3008,966385048,37849254,0
1,7977,1817000,1954400,3008,966385048,37849254,0
1,7978,243300,1954400,3008,966385048,37849254,0
1,7979,1681500,1954400,3008,966385048,37849254,0
1,7980,242800,1954400,3008,966385048,37849254,0
1,7981,1601900,1954400,3008,966385048,37849254,0
1,7982,250300,1954400,3008,966385048,37849254,0
1,7983,1821700,1954400,3008,966385048,37849254,0
1,7984,390100,1954400,3008,966385048,37849254,0
1,7985,2230600,1954400,3008,966385048,37849254,0
1,7986,320100,1954400,3008,966385048,37849254,0
1,7987,1733600,1954400,3008,966385048,37849254,0
1,7988,417600,1954400,3008,966385048,37849254,0
1,7989,1663400,1954400,3008,966385048,37849254,0
1,7990,256600,1954400,3008,966385048,37849254,0
1,7991,1571600,1954400,3008,966385048,37849254,0
1,7992,368800,1954400,3008,966385048,37849254,0
1,7993,1872400,1954400,3008,966385048,37849254,0
1,7994,267300,1954400,3008,966385048,37849254,0
1,7995,1705400,1954400,3008,966385048,37849254,0
1,7996,346500,1954400,3008,966385048,37849254,0
1,7997,1915900,1954400,3008,966385048,37849254,0
1,7998,248800,1954400,3008,966385048,37849254,0
1,7999,2040100,1954400,3008,966385048,37849254,0
1,8000,502600,1954400,3008,966385048,37849254,0
1,8001,1761900,1954400,3008,966385048,37849254,0
1,8002,393600,1954400,3008,966385048,37849254,0
1,8003,1823500,1954400,3008,966385048,37849254,0
1,8004,356300,1954400,3008,966385048,37849254,0
1,8005,1303000,1954400,3008,966385048,37849254,0
1,8006,343900,1954400,3008,966385048,37849254,0
1,8007,1858700,1954400,3008,966385048,37849254,0
1,8008,241900,1954400,3008,966385048,37849254,0
1,8009,1216400,1954400,3008,966385048,37849254,0
1,8010,245500,1954400,3008,966385048,37849254,0
1,8011,1865400,1954400,3008,966385048,37849254,0
1,8012,238600,1954400,3008,966385048,37849254,0
1,8013,1834600,1954400,3008,966385048,37849254,0
1,8014,365000,1954400,3008,966385048,37849254,0
1,8015,2080000,1954400,3008,966385048,37849254,0
1,8016,388000,1954400,3008,966385048,37849254,0
1,8017,1924800,1954400,3008,966385048,37849254,0
1,8018,393700,1954400,3008,966385048,37849254,0
1,8019,1889400,1954400,3008,966385048,37849254,0
1,8020,172200,1954400,3008,966385048,37849254,0
1,8021,1535000,1954400,3008,966385048,37849254,0
1,8022,185400,1954400,3008,966385048,37849254,0
1,8023,1612600,1954400,3008,966385048,37849254,0
1,8024,184600,1954400,3008,966385048,37849254,0
1,8025,1854500,1954400,3008,966385048,37849254,0
1,8026,278400,1954400,3008,966385048,37849254,0
1,8027,1756900,1954400,3008,966385048,37849254,0
1,8028,333800,1954400,3008,966385048,37849254,0
1,8029,2076300,1954400,3008,966385048,37849254,0
1,8030,322000,1954400,3008,966385048,37849254,0
1,8031,1731900,1954400,3008,966385048,37849254,0
1,8032,374400,1954400,3008,966385048,37849254,0
1,8033,1808400,1954400,3008,966385048,37849254,0
1,8034,243500,1954400,3008,966385048,37849254,0
1,8035,1919700,1954400,3008,966385048,37849254,0
1,8036,502300,1954400,3008,966385048,37849254,0
1,8037,1504500,1954400,3008,966385048,37849254,0
1,8038,350300,1954400,3008,966385048,37849254,0
1,8039,1923900,1954400,3008,966385048,37849254,0
1,8040,347300,1954400,3008,966385048,37849254,0
1,8041,1437500,1954400,3008,966385048,37849254,0
1,8042,410900,1954400,3008,966385048,37849254,0
1,8043,1192000,1954400,3008,966385048,37849254,0
1,8044,625400,1954400,3008,966385048,37849254,0
1,8045,1729300,1954400,3008,966385048,37849254,0
1,8046,231200,1954400,3008,966385048,37849254,0
1,8047,1871500,1954400,3008,966385048,37849254,0
1,8048,419300,1954400,3008,966385048,37849254,0
1,8049,1831200,1954400,3008,966385048,37849254,0
1,8050,360900,1954400,3008,966385048,37849254,0
1,8051,1873100,1954400,3008,966385048,37849254,0
1,8052,246100,1954400,3008,966385048,37849254,0
1,8053,1643700,1954400,3008,966385048,37849254,0
1,8054,259500,1954400,3008,966385048,37849254,0
1,8055,1848900,1954400,3008,966385048,37849254,0
1,8056,253800,1954400,3008,966385048,37849254,0
1,8057,1881600,1954400,3008,966385048,37849254,0
1,8058,333000,1954400,3008,966385048,37849254,0
1,8059,1303800,1954400,3008,966385048,37849254,0
1,8060,353500,1954400,3008,966385048,37849254,0
1,8061,1826700,1954400,3008,966385048,37849254,0
1,8062,344200,1954400,3008,966385048,37849254,0
1,8063,1880300,1954400,3008,966385048,37849254,0
1,8064,455400,1954400,3008,966385048,37849254,0
1,8065,1435600,1954400,3008,966385048,37849254,0
1,8066,321800,1954400,3008,966385048,37849254,0
1,8067,1865900,1954400,3008,966385048,37849254,0
1,8068,266400,1954400,3008,966385048,37849254,0
1,8069,1825600,1954400,3008,966385048,37849254,0
1,8070,354000,1954400,3008,966385048,37849254,0
1,8071,1763000,1954400,3008,966385048,37849254,0
1,8072,430600,1954400,3008,966385048,37849254,0
1,8073,1691400,1954400,3008,966385048,37849254,0
1,8074,189900,1954400,3008,966385048,37849254,0
1,8075,1722100,1954400,3008,966385048,37849254,0
1,8076,329200,1954400,3008,966385048,37849254,0
1,8077,2252100,1954400,3008,966385048,37849254,0
1,8078,268400,1954400,3008,966385048,37849254,0
1,8079,1837300,1954400,3008,966385048,37849254,0
1,8080,424600,1954400,3008,966385048,37849254,0
1,8081,1724600,1954400,3008,966385048,37849254,0
1,8082,382700,1954400,3008,966385048,37849254,0
1,8083,1861400,1954400,3008,966385048,37849254,0
1,8084,473500,1954400,3008,966385048,37849254,0
1,8085,2092400,1954400,3008,966385048,37849254,0
1,8086,246300,1954400,3008,966385048,37849254,0
1,8087,1824300,1954400,3008,966385048,37849254,0
1,8088,368600,1954400,3008,966385048,37849254,0
1,8089,1792700,1954400,3008,966385048,37849254,0
1,8090,344000,1954400,3008,966385048,37849254,0
1,8091,1846500,1954400,3008,966385048,37849254,0
1,8092,254300,1954400,3008,966385048,37849254,0
1,8093,1653700,1954400,3008,966385048,37849254,0
1,8094,343700,1954400,3008,966385048,37849254,0
1,8095,1799300,1954400,3008,966385048,37849254,0
1,8096,398300,1954400,3008,966385048,37849254,0
1,8097,1699300,1954400,3008,966385048,37849254,0
1,8098,329600,1954400,3008,966385048,37849254,0
1,8099,1456600,1954400,3008,966385048,37849254,0
1,8100,250800,1954400,3008,966385048,37849254,0
1,8101,1566500,1954400,3008,966385048,37849254,0
1,8102,293700,1954400,3008,966385048,37849254,0
1,8103,1648700,1954400,3008,966385048,37849254,0
1,8104,325400,1954400,3008,966385048,37849254,0
1,8105,1817300,1954400,3008,966385048,37849254,0
1,8106,381200,1954400,3008,966385048,37849254,0
1,8107,1391500,1954400,3008,966385048,37849254,0
1,8108,1074400,1954400,3008,966385048,37849254,0
1,8109,1842400,1954400,3008,966385048,37849254,0
1,8110,356000,1954400,3008,966385048,37849254,0
1,8111,2318100,1954400,3008,966385048,37849254,0
1,8112,341700,1954400,3008,966385048,37849254,0
1,8113,1853000,1954400,3008,966385048,37849254,0
1,8114,381000,1954400,3008,966385048,37849254,0
1,8115,1345300,1954400,3008,966385048,37849254,0
1,8116,269100,1954400,3008,966385048,37849254,0
1,8117,1874600,1954400,3008,966385048,37849254,0
1,8118,330800,1954400,3008,966385048,37849254,0
1,8119,1430800,1954400,3008,966385048,37849254,0
1,8120,237700,1954400,3008,966385048,37849254,0
1,8121,1324200,1954400,3008,966385048,37849254,0
1,8122,251100,1954400,3008,966385048,37849254,0
1,8123,1267000,1954400,3008,966385048,37849254,0
1,8124,307300,1954400,3008,966385048,37849254,0
1,8125,1254400,1954400,3008,966385048,37849254,0
1,8126,261300,1954400,3008,966385048,37849254,0
1,8127,1300200,1954400,3008,966385048,37849254,0
1,8128,364200,1954400,3008,966385048,37849254,0
1,8129,1753800,1954400,3008,966385048,37849254,0
1,8130,260400,1954400,3008,966385048,37849254,0
1,8131,1370200,1954400,3008,966385048,37849254,0
1,8132,384500,1954400,3008,966385048,37849254,0
1,8133,1760300,1954400,3008,966385048,37849254,0
1,8134,322900,1954400,3008,966385048,37849254,0
1,8135,1824400,1954400,3008,966385048,37849254,0
1,8136,387900,1954400,3008,966385048,37849254,0
1,8137,1611200,1954400,3008,966385048,37849254,0
1,8138,213300,1954400,3008,966385048,37849254,0
1,8139,1487200,1954400,3008,966385048,37849254,0
1,8140,363000,1954400,3008,966385048,37849254,0
1,8141,1437700,1954400,3008,966385048,37849254,0
1,8142,395300,1954400,3008,966385048,37849254,0
1,8143,1865100,1954400,3008,966385048,37849254,0
1,8144,280000,1954400,3008,966385048,37849254,0
1,8145,2017900,1954400,3008,966385048,37849254,0
1,8146,410000,1954400,3008,966385048,37849254,0
1,8147,2378300,1954400,3008,966385048,37849254,0
1,8148,231300,1954400,3008,966385048,37849254,0
1,8149,1627400,1954400,3008,966385048,37849254,0
1,8150,358100,1954400,3008,966385048,37849254,0
1,8151,1734800,1954400,3008,966385048,37849254,0
1,8152,390600,1954400,3008,966385048,37849254,0
1,8153,1881900,1954400,3008,966385048,37849254,0
1,8154,272500,1954400,3008,966385048,37849254,0
1,8155,1858200,1954400,3008,966385048,37849254,0
1,8156,611300,1954400,3008,966385048,37849254,0
1,8157,1244600,1954400,3008,966385048,37849254,0
1,8158,336700,1954400,3008,966385048,37849254,0
1,8159,1891100,1954400,3008,966385048,37849254,0
1,8160,382800,1954400,3008,966385048,37849254,0
1,8161,1680500,1954400,3008,966385048,37849254,0
1,8162,332600,1954400,3008,966385048,37849254,0
1,8163,1802800,1954400,3008,966385048,37849254,0
1,8164,381100,1954400,3008,966385048,37849254,0
1,8165,3672400,1954400,3008,966385048,37849254,0
1,8166,385400,1954400,3008,966385048,37849254,0
1,8167,1742100,1954400,3008,966385048,37849254,0
1,8168,481000,1954400,3008,966385048,37849254,0
1,8169,1820200,1954400,3008,966385048,37849254,0
1,8170,370400,1954400,3008,966385048,37849254,0
1,8171,1651100,1954400,3008,966385048,37849254,0
1,8172,289000,1954400,3008,966385048,37849254,0
1,8173,1577400,1954400,3008,966385048,37849254,0
1,8174,288800,1954400,3008,966385048,37849254,0
1,8175,2231500,1954400,3008,966385048,37849254,0
1,8176,346200,1954400,3008,966385048,37849254,0
1,8177,1504300,1954400,3008,966385048,37849254,0
1,8178,346400,1954400,3008,966385048,37849254,0
1,8179,1834800,1954400,3008,966385048,37849254,0
1,8180,349500,1954400,3008,966385048,37849254,0
1,8181,1936200,1954400,3008,966385048,37849254,0
1,8182,241700,1954400,3008,966385048,37849254,0
1,8183,1650900,1954400,3008,966385048,37849254,0
1,8184,330600,1954400,3008,966385048,37849254,0
1,8185,1905900,1954400,3008,966385048,37849254,0
1,8186,305300,1954400,3008,966385048,37849254,0
1,8187,1719100,1954400,3008,966385048,37849254,0
1,8188,351900,1954400,3008,966385048,37849254,0
1,8189,1808100,1954400,3008,966385048,37849254,0
1,8190,346000,1954400,3008,966385048,37849254,0
1,8191,1205000,1954400,3008,966385048,37849254,0
1,8192,235600,1954400,3008,966385048,37849254,0
1,8193,1400500,1954400,3008,966385048,37849254,0
1,8194,268100,1954400,3008,966385048,37849254,0
1,8195,1768300,1954400,3008,966385048,37849254,0
1,8196,272900,1954400,3008,966385048,37849254,0
1,8197,2017500,1954400,3008,966385048,37849254,0
1,8198,374400,1954400,3008,966385048,37849254,0
1,8199,1983000,1954400,3008,966385048,37849254,0
1,8200,284100,1954400,3008,966385048,37849254,0
1,8201,1692300,1954400,3008,966385048,37849254,0
1,8202,310300,1954400,3008,966385048,37849254,0
1,8203,1845700,1954400,3008,966385048,37849254,0
1,8204,460900,1954400,3008,966385048,37849254,0
1,8205,1862400,1954400,3008,966385048,37849254,0
1,8206,349600,1954400,3008,966385048,37849254,0
1,8207,1584000,1954400,3008,966385048,37849254,0
1,8208,338800,1954400,3008,966385048,37849254,0
1,8209,1843400,1954400,3008,966385048,37849254,0
1,8210,354900,1954400,3008,966385048,37849254,0
1,8211,1963200,1954400,3008,966385048,37849254,0
1,8212,361000,1954400,3008,966385048,37849254,0
1,8213,1780200,1954400,3008,966385048,37849254,0
1,8214,369800,1954400,3008,966385048,37849254,0
1,8215,1860100,1954400,3008,966385048,37849254,0
1,8216,269000,1954400,3008,966385048,37849254,0
1,8217,1865000,1954400,3008,966385048,37849254,0
1,8218,371400,1954400,3008,966385048,37849254,0
1,8219,1398100,1954400,3008,966385048,37849254,0
1,8220,285300,1954400,3008,966385048,37849254,0
1,8221,1868000,1954400,3008,966385048,37849254,0
1,8222,256900,1954400,3008,966385048,37849254,0
1,8223,1838100,1954400,3008,966385048,37849254,0
1,8224,411700,1954400,3008,966385048,37849254,0
1,8225,1937800,1954400,3008,966385048,37849254,0
1,8226,397200,1954400,3008,966385048,37849254,0
1,8227,1738000,1954400,3008,966385048,37849254,0
1,8228,261100,1954400,3008,966385048,37849254,0
1,8229,2051500,1954400,3008,966385048,37849254,0
1,8230,350700,1954400,3008,966385048,37849254,0
1,8231,1881500,1954400,3008,966385048,37849254,0
1,8232,363900,1954400,3008,966385048,37849254,0
1,8233,1530700,1954400,3008,966385048,37849254,0
1,8234,359400,1954400,3008,966385048,37849254,0
1,8235,1509700,1954400,3008,966385048,37849254,0
1,8236,371200,1954400,3008,966385048,37849254,0
1,8237,1220100,1954400,3008,966385048,37849254,0
1,8238,262900,1954400,3008,966385048,37849254,0
1,8239,1713800,1954400,3008,966385048,37849254,0
1,8240,313800,1954400,3008,966385048,37849254,0
1,8241,1855700,1954400,3008,966385048,37849254,0
1,8242,358500,1954400,3008,966385048,37849254,0
1,8243,1845000,1954400,3008,966385048,37849254,0
1,8244,360300,1954400,3008,966385048,37849254,0
1,8245,1961900,1954400,3008,966385048,37849254,0
1,8246,386600,1954400,3008,966385048,37849254,0
1,8247,1860100,1954400,3008,966385048,37849254,0
1,8248,303500,1954400,3008,966385048,37849254,0
1,8249,1892900,1954400,3008,966385048,37849254,0
1,8250,343100,1954400,3008,966385048,37849254,0
1,8251,1489900,1954400,3008,966385048,37849254,0
1,8252,344300,1954400,3008,966385048,37849254,0
1,8253,1853700,1954400,3008,966385048,37849254,0
1,8254,340600,1954400,3008,966385048,37849254,0
1,8255,1636500,1954400,3008,966385048,37849254,0
1,8256,261300,1954400,3008,966385048,37849254,0
1,8257,1822300,1954400,3008,966385048,37849254,0
1,8258,340500,1954400,3008,966385048,37849254,0
1,8259,1851200,1954400,3008,966385048,37849254,0
1,8260,424000,1954400,3008,966385048,37849254,0
1,8261,1824100,1954400,3008,966385048,37849254,0
1,8262,244200,1954400,3008,966385048,37849254,0
1,8263,1518400,1954400,3008,966385048,37849254,0
1,8264,487300,1954400,3008,966385048,37849254,0
1,8265,1417700,1954400,3008,966385048,37849254,0
1,8266,342200,1954400,3008,966385048,37849254,0
1,8267,2177000,1954400,3008,966385048,37849254,0
1,8268,257900,1954400,3008,966385048,37849254,0
1,8269,1471500,1954400,3008,966385048,37849254,0
1,8270,258900,1954400,3008,966385048,37849254,0
1,8271,1909000,1954400,3008,966385048,37849254,0
1,8272,363700,1954400,3008,966385048,37849254,0
1,8273,1670200,1954400,3008,966385048,37849254,0
1,8274,307400,1954400,3008,966385048,37849254,0
1,8275,2027400,1954400,3008,966385048,37849254,0
1,8276,339900,1954400,3008,966385048,37849254,0
1,8277,1620200,1954400,3008,966385048,37849254,0
1,8278,414300,1954400,3008,966385048,37849254,0
1,8279,1625700,1954400,3008,966385048,37849254,0
1,8280,354300,1954400,3008,966385048,37849254,0
1,8281,1616400,1954400,3008,966385048,37849254,0
1,8282,416400,1954400,3008,966385048,37849254,0
1,8283,1711000,1954400,3008,966385048,37849254,0
1,8284,255500,1954400,3008,966385048,37849254,0
1,8285,1731400,1954400,3008,966385048,37849254,0
1,8286,426300,1954400,3008,966385048,37849254,0
1,8287,1877200,1954400,3008,966385048,37849254,0
1,8288,357700,1954400,3008,966385048,37849254,0
1,8289,1939800,1954400,3008,966385048,37849254,0
1,8290,229800,1954400,3008,966385048,37849254,0
1,8291,2124900,1954400,3008,966385048,37849254,0
1,8292,335900,1954400,3008,966385048,37849254,0
1,8293,1634700,1954400,3008,966385048,37849254,0
1,8294,283300,1954400,3008,966385048,37849254,0
1,8295,1685000,1954400,3008,966385048,37849254,0
1,8296,263100,1954400,3008,966385048,37849254,0
1,8297,1253600,1954400,3008,966385048,37849254,0
1,8298,327500,1954400,3008,966385048,37849254,0
1,8299,2015600,1954400,3008,966385048,37849254,0
1,8300,256500,1954400,3008,966385048,37849254,0
1,8301,1828900,1954400,3008,966385048,37849254,0
1,8302,405500,1954400,3008,966385048,37849254,0
1,8303,1680500,1954400,3008,966385048,37849254,0
1,8304,396900,1954400,3008,966385048,37849254,0
1,8305,1844200,1954400,3008,966385048,37849254,0
1,8306,372700,1954400,3008,966385048,37849254,0
1,8307,1853700,1954400,3008,966385048,37849254,0
1,8308,361600,1954400,3008,966385048,37849254,0
1,8309,1820600,1954400,3008,966385048,37849254,0
1,8310,234600,1954400,3008,966385048,37849254,0
1,8311,1830300,1954400,3008,966385048,37849254,0
1,8312,247400,1954400,3008,966385048,37849254,0
1,8313,1754500,1954400,3008,966385048,37849254,0
1,8314,330500,1954400,3008,966385048,37849254,0
1,8315,2036400,1954400,3008,966385048,37849254,0
1,8316,252600,1954400,3008,966385048,37849254,0
1,8317,1701500,1954400,3008,966385048,37849254,0
1,8318,314600,1954400,3008,966385048,37849254,0
1,8319,1763100,1954400,3008,966385048,37849254,0
1,8320,444600,1954400,3008,966385048,37849254,0
1,8321,1447200,1954400,3008,966385048,37849254,0
1,8322,365500,1954400,3008,966385048,37849254,0
1,8323,1925800,1954400,3008,966385048,37849254,0
1,8324,260200,1954400,3008,966385048,37849254,0
1,8325,1695700,1954400,3008,966385048,37849254,0
1,8326,286200,1954400,3008,966385048,37849254,0
1,8327,1829100,1954400,3008,966385048,37849254,0
1,8328,359700,1954400,3008,966385048,37849254,0
1,8329,1606800,1954400,3008,966385048,37849254,0
1,8330,249600,1954400,3008,966385048,37849254,0
1,8331,1342500,1954400,3008,966385048,37849254,0
1,8332,372000,1954400,3008,966385048,37849254,0
1,8333,1843700,1954400,3008,966385048,37849254,0
1,8334,353000,1954400,3008,966385048,37849254,0
1,8335,1801800,1954400,3008,966385048,37849254,0
1,8336,725900,1954400,3008,966385048,37849254,0
1,8337,1957800,1954400,3008,966385048,37849254,0
1,8338,290900,1954400,3008,966385048,37849254,0
1,8339,1494000,1954400,3008,966385048,37849254,0
1,8340,344800,1954400,3008,966385048,37849254,0
1,8341,2061000,1954400,3008,966385048,37849254,0
1,8342,248500,1954400,3008,966385048,37849254,0
1,8343,1238100,1954400,3008,966385048,37849254,0
1,8344,436900,1954400,3008,966385048,37849254,0
1,8345,1593500,1954400,3008,966385048,37849254,0
1,8346,175800,1954400,3008,966385048,37849254,0
1,8347,1569900,1954400,3008,966385048,37849254,0
1,8348,246500,1954400,3008,966385048,37849254,0
1,8349,1689300,1954400,3008,966385048,37849254,0
1,8350,362100,1954400,3008,966385048,37849254,0
1,8351,1357900,1954400,3008,966385048,37849254,0
1,8352,232700,1954400,3008,966385048,37849254,0
1,8353,1332700,1954400,3008,966385048,37849254,0
1,8354,247700,1954400,3008,966385048,37849254,0
1,8355,1844700,1954400,3008,966385048,37849254,0
1,8356,251800,1954400,3008,966385048,37849254,0
1,8357,1860100,1954400,3008,966385048,37849254,0
1,8358,309900,1954400,3008,966385048,37849254,0
1,8359,1588400,1954400,3008,966385048,37849254,0
1,8360,318400,1954400,3008,966385048,37849254,0
1,8361,1843700,1954400,3008,966385048,37849254,0
1,8362,353500,1954400,3008,966385048,37849254,0
1,8363,1611900,1954400,3008,966385048,37849254,0
1,8364,241000,1954400,3008,966385048,37849254,0
1,8365,1719300,1954400,3008,966385048,37849254,0
1,8366,379600,1954400,3008,966385048,37849254,0
1,8367,1572200,1954400,3008,966385048,37849254,0
1,8368,383200,1954400,3008,966385048,37849254,0
1,8369,1356300,1954400,3008,966385048,37849254,0
1,8370,206400,1954400,3008,966385048,37849254,0
1,8371,1450900,1954400,3008,966385048,37849254,0
1,8372,377800,1954400,3008,966385048,37849254,0
1,8373,1198500,1954400,3008,966385048,37849254,0
1,8374,356700,1954400,3008,966385048,37849254,0
1,8375,1793400,1954400,3008,966385048,37849254,0
1,8376,267900,1954400,3008,966385048,37849254,0
1,8377,1433700,1954400,3008,966385048,37849254,0
1,8378,254300,1954400,3008,966385048,37849254,0
1,8379,1709900,1954400,3008,966385048,37849254,0
1,8380,180800,1954400,3008,966385048,37849254,0
1,8381,1652100,1954400,3008,966385048,37849254,0
1,8382,341500,1954400,3008,966385048,37849254,0
1,8383,1832400,1954400,3008,966385048,37849254,0
1,8384,353100,1954400,3008,966385048,37849254,0
1,8385,1910300,1954400,3008,966385048,37849254,0
1,8386,368100,1954400,3008,966385048,37849254,0
1,8387,1308600,1954400,3008,966385048,37849254,0
1,8388,379800,1954400,3008,966385048,37849254,0
1,8389,1956000,1954400,3008,966385048,37849254,0
1,8390,370500,1954400,3008,966385048,37849254,0
1,8391,1306700,1954400,3008,966385048,37849254,0
1,8392,365300,1954400,3008,966385048,37849254,0
1,8393,1348500,1954400,3008,966385048,37849254,0
1,8394,283100,1954400,3008,966385048,37849254,0
1,8395,1646800,1954400,3008,966385048,37849254,0
1,8396,303000,1954400,3008,966385048,37849254,0
1,8397,1835300,1954400,3008,966385048,37849254,0
1,8398,381900,1954400,3008,966385048,37849254,0
1,8399,1911800,1954400,3008,966385048,37849254,0
1,8400,381900,1954400,3008,966385048,37849254,0
1,8401,1859500,1954400,3008,966385048,37849254,0
1,8402,389200,1954400,3008,966385048,37849254,0
1,8403,1771200,1954400,3008,966385048,37849254,0
1,8404,281300,1954400,3008,966385048,37849254,0
1,8405,1421500,1954400,3008,966385048,37849254,0
1,8406,406200,1954400,3008,966385048,37849254,0
1,8407,1773100,1954400,3008,966385048,37849254,0
1,8408,252700,1954400,3008,966385048,37849254,0
1,8409,1870600,1954400,3008,966385048,37849254,0
1,8410,275100,1954400,3008,966385048,37849254,0
1,8411,1801400,1954400,3008,966385048,37849254,0
1,8412,287800,1954400,3008,966385048,37849254,0
1,8413,2386100,1954400,3008,966385048,37849254,0
1,8414,375200,1954400,3008,966385048,37849254,0
1,8415,1279400,1954400,3008,966385048,37849254,0
1,8416,243000,1954400,3008,966385048,37849254,0
1,8417,2002200,1954400,3008,966385048,37849254,0
1,8418,323000,1954400,3008,966385048,37849254,0
1,8419,1868800,1954400,3008,966385048,37849254,0
1,8420,396400,1954400,3008,966385048,37849254,0
1,8421,1866500,1954400,3008,966385048,37849254,0
1,8422,354400,1954400,3008,966385048,37849254,0
1,8423,1733700,1954400,3008,966385048,37849254,0
1,8424,289800,1954400,3008,966385048,37849254,0
1,8425,1584900,1954400,3008,966385048,37849254,0
1,8426,378800,1954400,3008,966385048,37849254,0
1,8427,1676000,1954400,3008,966385048,37849254,0
1,8428,380400,1954400,3008,966385048,37849254,0
1,8429,1424300,1954400,3008,966385048,37849254,0
1,8430,200200,1954400,3008,966385048,37849254,0
1,8431,1997600,1954400,3008,966385048,37849254,0
1,8432,345200,1954400,3008,966385048,37849254,0
1,8433,1844100,1954400,3008,966385048,37849254,0
1,8434,218300,1954400,3008,966385048,37849254,0
1,8435,2016000,1954400,3008,966385048,37849254,0
1,8436,297900,1954400,3008,966385048,37849254,0
1,8437,1951500,1954400,3008,966385048,37849254,0
1,8438,298400,1954400,3008,966385048,37849254,0
1,8439,1836100,1954400,3008,966385048,37849254,0
1,8440,346900,1954400,3008,966385048,37849254,0
1,8441,1252100,1954400,3008,966385048,37849254,0
1,8442,264800,1954400,3008,966385048,37849254,0
1,8443,1812800,1954400,3008,966385048,37849254,0
1,8444,290000,1954400,3008,966385048,37849254,0
1,8445,1765500,1954400,3008,966385048,37849254,0
1,8446,273800,1954400,3008,966385048,37849254,0
1,8447,1797300,1954400,3008,966385048,37849254,0
1,8448,335900,1954400,3008,966385048,37849254,0
1,8449,1678000,1954400,3008,966385048,37849254,0
1,8450,438500,1954400,3008,966385048,37849254,0
1,8451,1235400,1954400,3008,966385048,37849254,0
1,8452,351800,1954400,3008,966385048,37849254,0
1,8453,1778300,1954400,3008,966385048,37849254,0
1,8454,289100,1954400,3008,966385048,37849254,0
1,8455,1811800,1954400,3008,966385048,37849254,0
1,8456,348300,1954400,3008,966385048,37849254,0
1,8457,1817500,1954400,3008,966385048,37849254,0
1,8458,240100,1954400,3008,966385048,37849254,0
1,8459,1402900,1954400,3008,966385048,37849254,0
1,8460,256300,1954400,3008,966385048,37849254,0
1,8461,1165500,1954400,3008,966385048,37849254,0
1,8462,249000,1954400,3008,966385048,37849254,0
1,8463,1290000,1954400,3008,966385048,37849254,0
1,8464,382700,1954400,3008,966385048,37849254,0
1,8465,2739700,1954400,3008,966385048,37849254,0
1,8466,259500,1954400,3008,966385048,37849254,0
1,8467,1423800,1954400,3008,966385048,37849254,0
1,8468,346300,1954400,3008,966385048,37849254,0
1,8469,1832900,1954400,3008,966385048,37849254,0
1,8470,342000,1954400,3008,966385048,37849254,0
1,8471,1935000,1954400,3008,966385048,37849254,0
1,8472,349200,1954400,3008,966385048,37849254,0
1,8473,1959100,1954400,3008,966385048,37849254,0
1,8474,503800,1954400,3008,966385048,37849254,0
1,8475,1864800,1954400,3008,966385048,37849254,0
1,8476,265600,1954400,3008,966385048,37849254,0
1,8477,1527500,1954400,3008,966385048,37849254,0
1,8478,411200,1954400,3008,966385048,37849254,0
1,8479,1857700,1954400,3008,966385048,37849254,0
1,8480,359700,1954400,3008,966385048,37849254,0
1,8481,1698900,1954400,3008,966385048,37849254,0
1,8482,335100,1954400,3008,966385048,37849254,0
1,8483,1842400,1954400,3008,966385048,37849254,0
1,8484,335100,1954400,3008,966385048,37849254,0
1,8485,1895800,1954400,3008,966385048,37849254,0
1,8486,289200,1954400,3008,966385048,37849254,0
1,8487,1498700,1954400,3008,966385048,37849254,0
1,8488,303300,1954400,3008,966385048,37849254,0
1,8489,1873200,1954400,3008,966385048,37849254,0
1,8490,322600,1954400,3008,966385048,37849254,0
1,8491,2081400,1954400,3008,966385048,37849254,0
1,8492,375200,1954400,3008,966385048,37849254,0
1,8493,1914900,1954400,3008,966385048,37849254,0
1,8494,352700,1954400,3008,966385048,37849254,0
1,8495,1843800,1954400,3008,966385048,37849254,0
1,8496,236900,1954400,3008,966385048,37849254,0
1,8497,1855600,1954400,3008,966385048,37849254,0
1,8498,365700,1954400,3008,966385048,37849254,0
1,8499,1809100,1954400,3008,966385048,37849254,0
1,8500,211100,1954400,3008,966385048,37849254,0
1,8501,1822100,1954400,3008,966385048,37849254,0
1,8502,249400,1954400,3008,966385048,37849254,0
1,8503,1522700,1954400,3008,966385048,37849254,0
1,8504,381700,1954400,3008,966385048,37849254,0
1,8505,2064800,1954400,3008,966385048,37849254,0
1,8506,299700,1954400,3008,966385048,37849254,0
1,8507,1828000,1954400,3008,966385048,37849254,0
1,8508,372700,1954400,3008,966385048,37849254,0
1,8509,2067000,1954400,3008,966385048,37849254,0
1,8510,367200,1954400,3008,966385048,37849254,0
1,8511,1726700,1954400,3008,966385048,37849254,0
1,8512,260200,1954400,3008,966385048,37849254,0
1,8513,1906900,1954400,3008,966385048,37849254,0
1,8514,350200,1954400,3008,966385048,37849254,0
1,8515,1731600,1954400,3008,966385048,37849254,0
1,8516,252900,1954400,3008,966385048,37849254,0
1,8517,1649900,1954400,3008,966385048,37849254,0
1,8518,356200,1954400,3008,966385048,37849254,0
1,8519,1743100,1954400,3008,966385048,37849254,0
1,8520,238400,1954400,3008,966385048,37849254,0
1,8521,1851000,1954400,3008,966385048,37849254,0
1,8522,207900,1954400,3008,966385048,37849254,0
1,8523,1487700,1954400,3008,966385048,37849254,0
1,8524,293200,1954400,3008,966385048,37849254,0
1,8525,1691100,1954400,3008,966385048,37849254,0
1,8526,267900,1954400,3008,966385048,37849254,0
1,8527,1931800,1954400,3008,966385048,37849254,0
1,8528,334900,1954400,3008,966385048,37849254,0
1,8529,1821100,1954400,3008,966385048,37849254,0
1,8530,339000,1954400,3008,966385048,37849254,0
1,8531,1830800,1954400,3008,966385048,37849254,0
1,8532,303000,1954400,3008,966385048,37849254,0
1,8533,1868900,1954400,3008,966385048,37849254,0
1,8534,260300,1954400,3008,966385048,37849254,0
1,8535,1750900,1954400,3008,966385048,37849254,0
1,8536,301500,1954400,3008,966385048,37849254,0
1,8537,1853900,1954400,3008,966385048,37849254,0
1,8538,321400,1954400,3008,966385048,37849254,0
1,8539,1840100,1954400,3008,966385048,37849254,0
1,8540,309700,1954400,3008,966385048,37849254,0
1,8541,1635000,1954400,3008,966385048,37849254,0
1,8542,374800,1954400,3008,966385048,37849254,0
1,8543,1781700,1954400,3008,966385048,37849254,0
1,8544,366400,1954400,3008,966385048,37849254,0
1,8545,1688000,1954400,3008,966385048,37849254,0
1,8546,240800,1954400,3008,966385048,37849254,0
1,8547,1634800,1954400,3008,966385048,37849254,0
1,8548,339300,1954400,3008,966385048,37849254,0
1,8549,1313900,1954400,3008,966385048,37849254,0
1,8550,346700,1954400,3008,966385048,37849254,0
1,8551,1199300,1954400,3008,966385048,37849254,0
1,8552,247200,1954400,3008,966385048,37849254,0
1,8553,1814500,1954400,3008,966385048,37849254,0
1,8554,406600,1954400,3008,966385048,37849254,0
1,8555,1309100,1954400,3008,966385048,37849254,0
1,8556,242900,1954400,3008,966385048,37849254,0
1,8557,1859500,1954400,3008,966385048,37849254,0
1,8558,355800,1954400,3008,966385048,37849254,0
1,8559,1735600,1954400,3008,966385048,37849254,0
1,8560,277000,1954400,3008,966385048,37849254,0
1,8561,2088300,1954400,3008,966385048,37849254,0
1,8562,339300,1954400,3008,966385048,37849254,0
1,8563,1408200,1954400,3008,966385048,37849254,0
1,8564,369800,1954400,3008,966385048,37849254,0
1,8565,1223400,1954400,3008,966385048,37849254,0
1,8566,267500,1954400,3008,966385048,37849254,0
1,8567,1709000,1954400,3008,966385048,37849254,0
1,8568,281000,1954400,3008,966385048,37849254,0
1,8569,1865300,1954400,3008,966385048,37849254,0
1,8570,263500,1954400,3008,966385048,37849254,0
1,8571,1423600,1954400,3008,966385048,37849254,0
1,8572,454400,1954400,3008,966385048,37849254,0
1,8573,1847600,1954400,3008,966385048,37849254,0
1,8574,370900,1954400,3008,966385048,37849254,0
1,8575,1469200,1954400,3008,966385048,37849254,0
1,8576,401000,1954400,3008,966385048,37849254,0
1,8577,1316900,1954400,3008,966385048,37849254,0
1,8578,319200,1954400,3008,966385048,37849254,0
1,8579,1804700,1954400,3008,966385048,37849254,0
1,8580,390100,1954400,3008,966385048,37849254,0
1,8581,1724700,1954400,3008,966385048,37849254,0
1,8582,349400,1954400,3008,966385048,37849254,0
1,8583,1600000,1954400,3008,966385048,37849254,0
1,8584,365100,1954400,3008,966385048,37849254,0
1,8585,1867200,1954400,3008,966385048,37849254,0
1,8586,389700,1954400,3008,966385048,37849254,0
1,8587,1919300,1954400,3008,966385048,37849254,0
1,8588,461000,1954400,3008,966385048,37849254,0
1,8589,1716900,1954400,3008,966385048,37849254,0
1,8590,350900,1954400,3008,966385048,37849254,0
1,8591,1142300,1954400,3008,966385048,37849254,0
1,8592,349900,1954400,3008,966385048,37849254,0
1,8593,1497700,1954400,3008,966385048,37849254,0
1,8594,364200,1954400,3008,966385048,37849254,0
1,8595,1770800,1954400,3008,966385048,37849254,0
1,8596,275900,1954400,3008,966385048,37849254,0
1,8597,1799800,1954400,3008,966385048,37849254,0
1,8598,564700,1954400,3008,966385048,37849254,0
1,8599,1845800,1954400,3008,966385048,37849254,0
1,8600,360700,1954400,3008,966385048,37849254,0
1,8601,1986000,1954400,3008,966385048,37849254,0
1,8602,250200,1954400,3008,966385048,37849254,0
1,8603,1687500,1954400,3008,966385048,37849254,0
1,8604,208700,1954400,3008,966385048,37849254,0
1,8605,1752200,1954400,3008,966385048,37849254,0
1,8606,269100,1954400,3008,966385048,37849254,0
1,8607,1376800,1954400,3008,966385048,37849254,0
1,8608,351100,1954400,3008,966385048,37849254,0
1,8609,1842300,1954400,3008,966385048,37849254,0
1,8610,307400,1954400,3008,966385048,37849254,0
1,8611,1597100,1954400,3008,966385048,37849254,0
1,8612,275700,1954400,3008,966385048,37849254,0
1,8613,1429200,1954400,3008,966385048,37849254,0
1,8614,282000,1954400,3008,966385048,37849254,0
1,8615,1948100,1954400,3008,966385048,37849254,0
1,8616,389600,1954400,3008,966385048,37849254,0
1,8617,1325800,1954400,3008,966385048,37849254,0
1,8618,375800,1954400,3008,966385048,37849254,0
1,8619,1813800,1954400,3008,966385048,37849254,0
1,8620,320900,1954400,3008,966385048,37849254,0
1,8621,2210800,1954400,3008,966385048,37849254,0
1,8622,347400,1954400,3008,966385048,37849254,0
1,8623,1729500,1954400,3008,966385048,37849254,0
1,8624,293600,1954400,3008,966385048,37849254,0
1,8625,2052900,1954400,3008,966385048,37849254,0
1,8626,376700,1954400,3008,966385048,37849254,0
1,8627,1829800,1954400,3008,966385048,37849254,0
1,8628,378200,1954400,3008,966385048,37849254,0
1,8629,1429900,1954400,3008,966385048,37849254,0
1,8630,330900,1954400,3008,966385048,37849254,0
1,8631,1687000,1954400,3008,966385048,37849254,0
1,8632,302800,1954400,3008,966385048,37849254,0
1,8633,1737100,1954400,3008,966385048,37849254,0
1,8634,310300,1954400,3008,966385048,37849254,0
1,8635,1346400,1954400,3008,966385048,37849254,0
1,8636,249900,1954400,3008,966385048,37849254,0
1,8637,1682100,1954400,3008,966385048,37849254,0
1,8638,369900,1954400,3008,966385048,37849254,0
1,8639,1880300,1954400,3008,966385048,37849254,0
1,8640,245900,1954400,3008,966385048,37849254,0
1,8641,1413900,1954400,3008,966385048,37849254,0
1,8642,472900,1954400,3008,966385048,37849254,0
1,8643,1815000,1954400,3008,966385048,37849254,0
1,8644,352400,1954400,3008,966385048,37849254,0
1,8645,1360700,1954400,3008,966385048,37849254,0
1,8646,255600,1954400,3008,966385048,37849254,0
1,8647,1547400,1954400,3008,966385048,37849254,0
1,8648,351100,1954400,3008,966385048,37849254,0
1,8649,2221100,1954400,3008,966385048,37849254,0
1,8650,251000,1954400,3008,966385048,37849254,0
1,8651,1351000,1954400,3008,966385048,37849254,0
1,8652,359100,1954400,3008,966385048,37849254,0
1,8653,1744000,1954400,3008,966385048,37849254,0
1,8654,385000,1954400,3008,966385048,37849254,0
1,8655,1863200,1954400,3008,966385048,37849254,0
1,8656,365200,1954400,3008,966385048,37849254,0
1,8657,1839200,1954400,3008,966385048,37849254,0
1,8658,447500,1954400,3008,966385048,37849254,0
1,8659,1701600,1954400,3008,966385048,37849254,0
1,8660,434400,1954400,3008,966385048,37849254,0
1,8661,1844900,1954400,3008,966385048,37849254,0
1,8662,212900,1954400,3008,966385048,37849254,0
1,8663,1525500,1954400,3008,966385048,37849254,0
1,8664,243200,1954400,3008,966385048,37849254,0
1,8665,1522900,1954400,3008,966385048,37849254,0
1,8666,234400,1954400,3008,966385048,37849254,0
1,8667,1872200,1954400,3008,966385048,37849254,0
1,8668,281700,1954400,3008,966385048,37849254,0
1,8669,2019100,1954400,3008,966385048,37849254,0
1,8670,261900,1954400,3008,966385048,37849254,0
1,8671,1756600,1954400,3008,966385048,37849254,0
1,8672,354800,1954400,3008,966385048,37849254,0
1,8673,1702500,1954400,3008,966385048,37849254,0
1,8674,263500,1954400,3008,966385048,37849254,0
1,8675,1398400,1954400,3008,966385048,37849254,0
1,8676,351900,1954400,3008,966385048,37849254,0
1,8677,1904800,1954400,3008,966385048,37849254,0
1,8678,344200,1954400,3008,966385048,37849254,0
1,8679,1782500,1954400,3008,966385048,37849254,0
1,8680,312400,1954400,3008,966385048,37849254,0
1,8681,1827000,1954400,3008,966385048,37849254,0
1,8682,454600,1954400,3008,966385048,37849254,0
1,8683,1609000,1954400,3008,966385048,37849254,0
1,8684,361500,1954400,3008,966385048,37849254,0
1,8685,1874100,1954400,3008,966385048,37849254,0
1,8686,293600,1954400,3008,966385048,37849254,0
1,8687,1756200,1954400,3008,966385048,37849254,0
1,8688,351500,1954400,3008,966385048,37849254,0
1,8689,1824100,1954400,3008,966385048,37849254,0
1,8690,377300,1954400,3008,966385048,37849254,0
1,8691,1551000,1954400,3008,966385048,37849254,0
1,8692,287000,1954400,3008,966385048,37849254,0
1,8693,1709200,1954400,3008,966385048,37849254,0
1,8694,250900,1954400,3008,966385048,37849254,0
1,8695,1865300,1954400,3008,966385048,37849254,0
1,8696,352600,1954400,3008,966385048,37849254,0
1,8697,1210900,1954400,3008,966385048,37849254,0
1,8698,188700,1954400,3008,966385048,37849254,0
1,8699,1490900,1954400,3008,966385048,37849254,0
1,8700,302700,1954400,3008,966385048,37849254,0
1,8701,1577100,1954400,3008,966385048,37849254,0
1,8702,288100,1954400,3008,966385048,37849254,0
1,8703,1833100,1954400,3008,966385048,37849254,0
1,8704,478400,1954400,3008,966385048,37849254,0
1,8705,1762700,1954400,3008,966385048,37849254,0
1,8706,191600,1954400,3008,966385048,37849254,0
1,8707,1840500,1954400,3008,966385048,37849254,0
1,8708,359500,1954400,3008,966385048,37849254,0
1,8709,1959600,1954400,3008,966385048,37849254,0
1,8710,325900,1954400,3008,966385048,37849254,0
1,8711,1213800,1954400,3008,966385048,37849254,0
1,8712,284700,1954400,3008,966385048,37849254,0
1,8713,1294000,1954400,3008,966385048,37849254,0
1,8714,315300,1954400,3008,966385048,37849254,0
1,8715,1549500,1954400,3008,966385048,37849254,0
1,8716,244700,1954400,3008,966385048,37849254,0
1,8717,2173600,1954400,3008,966385048,37849254,0
1,8718,366700,1954400,3008,966385048,37849254,0
1,8719,1940400,1954400,3008,966385048,37849254,0
1,8720,432100,1954400,3008,966385048,37849254,0
1,8721,1589800,1954400,3008,966385048,37849254,0
1,8722,227500,1954400,3008,966385048,37849254,0
1,8723,1792500,1954400,3008,966385048,37849254,0
1,8724,343800,1954400,3008,966385048,37849254,0
1,8725,1816800,1954400,3008,966385048,37849254,0
1,8726,335000,1954400,3008,966385048,37849254,0
1,8727,1834700,1954400,3008,966385048,37849254,0
1,8728,323100,1954400,3008,966385048,37849254,0
1,8729,1829900,1954400,3008,966385048,37849254,0
1,8730,334500,1954400,3008,966385048,37849254,0
1,8731,1704500,1954400,3008,966385048,37849254,0
1,8732,367800,1954400,3008,966385048,37849254,0
1,8733,1769700,1954400,3008,966385048,37849254,0
1,8734,356600,1954400,3008,966385048,37849254,0
1,8735,1786500,1954400,3008,966385048,37849254,0
1,8736,350800,1954400,3008,966385048,37849254,0
1,8737,1463200,1954400,3008,966385048,37849254,0
1,8738,360100,1954400,3008,966385048,37849254,0
1,8739,1789400,1954400,3008,966385048,37849254,0
1,8740,353500,1954400,3008,966385048,37849254,0
1,8741,1763900,1954400,3008,966385048,37849254,0
1,8742,394200,1954400,3008,966385048,37849254,0
1,8743,1714800,1954400,3008,966385048,37849254,0
1,8744,250400,1954400,3008,966385048,37849254,0
1,8745,1529100,1954400,3008,966385048,37849254,0
1,8746,349800,1954400,3008,966385048,37849254,0
1,8747,1239600,1954400,3008,966385048,37849254,0
1,8748,359000,1954400,3008,966385048,37849254,0
1,8749,1804400,1954400,3008,966385048,37849254,0
1,8750,347500,1954400,3008,966385048,37849254,0
1,8751,1242400,1954400,3008,966385048,37849254,0
1,8752,356100,1954400,3008,966385048,37849254,0
1,8753,1699600,1954400,3008,966385048,37849254,0
1,8754,429700,1954400,3008,966385048,37849254,0
1,8755,1862700,1954400,3008,966385048,37849254,0
1,8756,321600,1954400,3008,966385048,37849254,0
1,8757,1322300,1954400,3008,966385048,37849254,0
1,8758,346400,1954400,3008,966385048,37849254,0
1,8759,1535200,1954400,3008,966385048,37849254,0
1,8760,265100,1954400,3008,966385048,37849254,0
1,8761,1342000,1954400,3008,966385048,37849254,0
1,8762,343000,1954400,3008,966385048,37849254,0
1,8763,1847700,1954400,3008,966385048,37849254,0
1,8764,360900,1954400,3008,966385048,37849254,0
1,8765,1911100,1954400,3008,966385048,37849254,0
1,8766,343300,1954400,3008,966385048,37849254,0
1,8767,1519500,1954400,3008,966385048,37849254,0
1,8768,449700,1954400,3008,966385048,37849254,0
1,8769,1518000,1954400,3008,966385048,37849254,0
1,8770,324900,1954400,3008,966385048,37849254,0
1,8771,1839600,1954400,3008,966385048,37849254,0
1,8772,356400,1954400,3008,966385048,37849254,0
1,8773,1696700,1954400,3008,966385048,37849254,0
1,8774,358400,1954400,3008,966385048,37849254,0
1,8775,1650400,1954400,3008,966385048,37849254,0
1,8776,307600,1954400,3008,966385048,37849254,0
1,8777,1650800,1954400,3008,966385048,37849254,0
1,8778,354000,1954400,3008,966385048,37849254,0
1,8779,1815100,1954400,3008,966385048,37849254,0
1,8780,332000,1954400,3008,966385048,37849254,0
1,8781,1856700,1954400,3008,966385048,37849254,0
1,8782,357800,1954400,3008,966385048,37849254,0
1,8783,1999600,1954400,3008,966385048,37849254,0
1,8784,341400,1954400,3008,966385048,37849254,0
1,8785,1857200,1954400,3008,966385048,37849254,0
1,8786,282800,1954400,3008,966385048,37849254,0
1,8787,1256300,1954400,3008,966385048,37849254,0
1,8788,262400,1954400,3008,966385048,37849254,0
1,8789,1470600,1954400,3008,966385048,37849254,0
1,8790,337900,1954400,3008,966385048,37849254,0
1,8791,1273700,1954400,3008,966385048,37849254,0
1,8792,324900,1954400,3008,966385048,37849254,0
1,8793,1808700,1954400,3008,966385048,37849254,0
1,8794,243400,1954400,3008,966385048,37849254,0
1,8795,1904200,1954400,3008,966385048,37849254,0
1,8796,346000,1954400,3008,966385048,37849254,0
1,8797,1816700,1954400,3008,966385048,37849254,0
1,8798,228700,1954400,3008,966385048,37849254,0
1,8799,1743100,1954400,3008,966385048,37849254,0
1,8800,277600,1954400,3008,966385048,37849254,0
1,8801,1249200,1954400,3008,966385048,37849254,0
1,8802,349600,1954400,3008,966385048,37849254,0
1,8803,1890200,1954400,3008,966385048,37849254,0
1,8804,276700,1954400,3008,966385048,37849254,0
1,8805,1429600,1954400,3008,966385048,37849254,0
1,8806,201700,1954400,3008,966385048,37849254,0
1,8807,1839500,1954400,3008,966385048,37849254,0
1,8808,247400,1954400,3008,966385048,37849254,0
1,8809,1851600,1954400,3008,966385048,37849254,0
1,8810,268400,1954400,3008,966385048,37849254,0
1,8811,1622600,1954400,3008,966385048,37849254,0
1,8812,303200,1954400,3008,966385048,37849254,0
1,8813,1690700,1954400,3008,966385048,37849254,0
1,8814,340900,1954400,3008,966385048,37849254,0
1,8815,1858700,1954400,3008,966385048,37849254,0
1,8816,353400,1954400,3008,966385048,37849254,0
1,8817,1841200,1954400,3008,966385048,37849254,0
1,8818,367100,1954400,3008,966385048,37849254,0
1,8819,1284600,1954400,3008,966385048,37849254,0
1,8820,256900,1954400,3008,966385048,37849254,0
1,8821,1584200,1954400,3008,966385048,37849254,0
1,8822,357100,1954400,3008,966385048,37849254,0
1,8823,1722300,1954400,3008,966385048,37849254,0
1,8824,579800,1954400,3008,966385048,37849254,0
1,8825,1811400,1954400,3008,966385048,37849254,0
1,8826,359900,1954400,3008,966385048,37849254,0
1,8827,1953100,1954400,3008,966385048,37849254,0
1,8828,255900,1954400,3008,966385048,37849254,0
1,8829,1777700,1954400,3008,966385048,37849254,0
1,8830,239900,1954400,3008,966385048,37849254,0
1,8831,1817400,1954400,3008,966385048,37849254,0
1,8832,342400,1954400,3008,966385048,37849254,0
1,8833,1834600,1954400,3008,966385048,37849254,0
1,8834,288000,1954400,3008,966385048,37849254,0
1,8835,1805500,1954400,3008,966385048,37849254,0
1,8836,367600,1954400,3008,966385048,37849254,0
1,8837,2025800,1954400,3008,966385048,37849254,0
1,8838,289600,1954400,3008,966385048,37849254,0
1,8839,1831000,1954400,3008,966385048,37849254,0
1,8840,249300,1954400,3008,966385048,37849254,0
1,8841,1752600,1954400,3008,966385048,37849254,0
1,8842,365600,1954400,3008,966385048,37849254,0
1,8843,1823800,1954400,3008,966385048,37849254,0
1,8844,249900,1954400,3008,966385048,37849254,0
1,8845,1876800,1954400,3008,966385048,37849254,0
1,8846,258400,1954400,3008,966385048,37849254,0
1,8847,1637500,1954400,3008,966385048,37849254,0
1,8848,378800,1954400,3008,966385048,37849254,0
1,8849,1833200,1954400,3008,966385048,37849254,0
1,8850,299300,1954400,3008,966385048,37849254,0
1,8851,1840200,1954400,3008,966385048,37849254,0
1,8852,327000,1954400,3008,966385048,37849254,0
1,8853,2462200,1954400,3008,966385048,37849254,0
1,8854,346700,1954400,3008,966385048,37849254,0
1,8855,2387500,1954400,3008,966385048,37849254,0
1,8856,298200,1954400,3008,966385048,37849254,0
1,8857,1204000,1954400,3008,966385048,37849254,0
1,8858,340300,1954400,3008,966385048,37849254,0
1,8859,1830800,1954400,3008,966385048,37849254,0
1,8860,425200,1954400,3008,966385048,37849254,0
1,8861,1601300,1954400,3008,966385048,37849254,0
1,8862,261800,1954400,3008,966385048,37849254,0
1,8863,1676600,1954400,3008,966385048,37849254,0
1,8864,410800,1954400,3008,966385048,37849254,0
1,8865,2263700,1954400,3008,966385048,37849254,0
1,8866,437600,1954400,3008,966385048,37849254,0
1,8867,1228300,1954400,3008,966385048,37849254,0
1,8868,350500,1954400,3008,966385048,37849254,0
1,8869,1309200,1954400,3008,966385048,37849254,0
1,8870,342200,1954400,3008,966385048,37849254,0
1,8871,2070000,1954400,3008,966385048,37849254,0
1,8872,333300,1954400,3008,966385048,37849254,0
1,8873,1798000,1954400,3008,966385048,37849254,0
1,8874,317600,1954400,3008,966385048,37849254,0
1,8875,1266800,1954400,3008,966385048,37849254,0
1,8876,346200,1954400,3008,966385048,37849254,0
1,8877,1894800,1954400,3008,966385048,37849254,0
1,8878,250800,1954400,3008,966385048,37849254,0
1,8879,1892900,1954400,3008,966385048,37849254,0
1,8880,383900,1954400,3008,966385048,37849254,0
1,8881,1901400,1954400,3008,966385048,37849254,0
1,8882,302400,1954400,3008,966385048,37849254,0
1,8883,1835300,1954400,3008,966385048,37849254,0
1,8884,459800,1954400,3008,966385048,37849254,0
1,8885,1820700,1954400,3008,966385048,37849254,0
1,8886,298100,1954400,3008,966385048,37849254,0
1,8887,1265800,1954400,3008,966385048,37849254,0
1,8888,248100,1954400,3008,966385048,37849254,0
1,8889,1416500,1954400,3008,966385048,37849254,0
1,8890,339200,1954400,3008,966385048,37849254,0
1,8891,1711000,1954400,3008,966385048,37849254,0
1,8892,222200,1954400,3008,966385048,37849254,0
1,8893,1995000,1954400,3008,966385048,37849254,0
1,8894,160500,1954400,3008,966385048,37849254,0
1,8895,1829200,1954400,3008,966385048,37849254,0
1,8896,218000,1954400,3008,966385048,37849254,0
1,8897,1931300,1954400,3008,966385048,37849254,0
1,8898,319800,1954400,3008,966385048,37849254,0
1,8899,1780100,1954400,3008,966385048,37849254,0
1,8900,507300,1954400,3008,966385048,37849254,0
1,8901,1348300,1954400,3008,966385048,37849254,0
1,8902,230900,1954400,3008,966385048,37849254,0
1,8903,1668100,1954400,3008,966385048,37849254,0
1,8904,425600,1954400,3008,966385048,37849254,0
1,8905,1347700,1954400,3008,966385048,37849254,0
1,8906,311700,1954400,3008,966385048,37849254,0
1,8907,1812200,1954400,3008,966385048,37849254,0
1,8908,364300,1954400,3008,966385048,37849254,0
1,8909,1932400,1954400,3008,966385048,37849254,0
1,8910,347300,1954400,3008,966385048,37849254,0
1,8911,2065900,1954400,3008,966385048,37849254,0
1,8912,354300,1954400,3008,966385048,37849254,0
1,8913,1896800,1954400,3008,966385048,37849254,0
1,8914,346400,1954400,3008,966385048,37849254,0
1,8915,1538900,1954400,3008,966385048,37849254,0
1,8916,378200,1954400,3008,966385048,37849254,0
1,8917,1307400,1954400,3008,966385048,37849254,0
1,8918,381000,1954400,3008,966385048,37849254,0
1,8919,1812300,1954400,3008,966385048,37849254,0
1,8920,367100,1954400,3008,966385048,37849254,0
1,8921,1891200,1954400,3008,966385048,37849254,0
1,8922,346000,1954400,3008,966385048,37849254,0
1,8923,1837600,1954400,3008,966385048,37849254,0
1,8924,233700,1954400,3008,966385048,37849254,0
1,8925,1848100,1954400,3008,966385048,37849254,0
1,8926,244000,1954400,3008,966385048,37849254,0
1,8927,1600300,1954400,3008,966385048,37849254,0
1,8928,348500,1954400,3008,966385048,37849254,0
1,8929,1764100,1954400,3008,966385048,37849254,0
1,8930,334800,1954400,3008,966385048,37849254,0
1,8931,1560700,1954400,3008,966385048,37849254,0
1,8932,350300,1954400,3008,966385048,37849254,0
1,8933,1669500,1954400,3008,966385048,37849254,0
1,8934,346500,1954400,3008,966385048,37849254,0
1,8935,2178300,1954400,3008,966385048,37849254,0
1,8936,371000,1954400,3008,966385048,37849254,0
1,8937,1479900,1954400,3008,966385048,37849254,0
1,8938,355600,1954400,3008,966385048,37849254,0
1,8939,1347800,1954400,3008,966385048,37849254,0
1,8940,354400,1954400,3008,966385048,37849254,0
1,8941,1818900,1954400,3008,966385048,37849254,0
1,8942,335900,1954400,3008,966385048,37849254,0
1,8943,2130900,1954400,3008,966385048,37849254,0
1,8944,340900,1954400,3008,966385048,37849254,0
1,8945,1510600,1954400,3008,966385048,37849254,0
1,8946,349800,1954400,3008,966385048,37849254,0
1,8947,1865000,1954400,3008,966385048,37849254,0
1,8948,174900,1954400,3008,966385048,37849254,0
1,8949,1474900,1954400,3008,966385048,37849254,0
1,8950,348800,1954400,3008,966385048,37849254,0
1,8951,1743100,1954400,3008,966385048,37849254,0
1,8952,292300,1954400,3008,966385048,37849254,0
1,8953,1685000,1954400,3008,966385048,37849254,0
1,8954,257900,1954400,3008,966385048,37849254,0
1,8955,1169300,1954400,3008,966385048,37849254,0
1,8956,245800,1954400,3008,966385048,37849254,0
1,8957,1446600,1954400,3008,966385048,37849254,0
1,8958,332800,1954400,3008,966385048,37849254,0
1,8959,1809900,1954400,3008,966385048,37849254,0
1,8960,345600,1954400,3008,966385048,37849254,0
1,8961,1542500,1954400,3008,966385048,37849254,0
1,8962,345400,1954400,3008,966385048,37849254,0
1,8963,1785800,1954400,3008,966385048,37849254,0
1,8964,370000,1954400,3008,966385048,37849254,0
1,8965,1837600,1954400,3008,966385048,37849254,0
1,8966,287400,1954400,3008,966385048,37849254,0
1,8967,1352600,1954400,3008,966385048,37849254,0
1,8968,303200,1954400,3008,966385048,37849254,0
1,8969,1818100,1954400,3008,966385048,37849254,0
1,8970,332200,1954400,3008,966385048,37849254,0
1,8971,1665400,1954400,3008,966385048,37849254,0
1,8972,411200,1954400,3008,966385048,37849254,0
1,8973,1768200,1954400,3008,966385048,37849254,0
1,8974,220900,1954400,3008,966385048,37849254,0
1,8975,1741900,1954400,3008,966385048,37849254,0
1,8976,237900,1954400,3008,966385048,37849254,0
1,8977,1966400,1954400,3008,966385048,37849254,0
1,8978,343900,1954400,3008,966385048,37849254,0
1,8979,1573500,1954400,3008,966385048,37849254,0
1,8980,352700,1954400,3008,966385048,37849254,0
1,8981,1718300,1954400,3008,966385048,37849254,0
1,8982,258700,1954400,3008,966385048,37849254,0
1,8983,2136200,1954400,3008,966385048,37849254,0
1,8984,344300,1954400,3008,966385048,37849254,0
1,8985,1695000,1954400,3008,966385048,37849254,0
1,8986,575800,1954400,3008,966385048,37849254,0
1,8987,1671900,1954400,3008,966385048,37849254,0
1,8988,363500,1954400,3008,966385048,37849254,0
1,8989,1891800,1954400,3008,966385048,37849254,0
1,8990,372800,1954400,3008,966385048,37849254,0
1,8991,1654000,1954400,3008,966385048,37849254,0
1,8992,250500,1954400,3008,966385048,37849254,0
1,8993,1835900,1954400,3008,966385048,37849254,0
1,8994,297900,1954400,3008,966385048,37849254,0
1,8995,1263100,1954400,3008,966385048,37849254,0
1,8996,298100,1954400,3008,966385048,37849254,0
1,8997,1977100,1954400,3008,966385048,37849254,0
1,8998,384000,1954400,3008,966385048,37849254,0
1,8999,1819700,1954400,3008,966385048,37849254,0
1,9000,340300,1954400,3008,966385048,37849254,0
1,9001,1505400,1954400,3008,966385048,37849254,0
1,9002,360000,1954400,3008,966385048,37849254,0
1,9003,1860700,1954400,3008,966385048,37849254,0
1,9004,242600,1954400,3008,966385048,37849254,0
1,9005,1294900,1954400,3008,966385048,37849254,0
1,9006,247000,1954400,3008,966385048,37849254,0
1,9007,1689000,1954400,3008,966385048,37849254,0
1,9008,303000,1954400,3008,966385048,37849254,0
1,9009,1791600,1954400,3008,966385048,37849254,0
1,9010,363700,1954400,3008,966385048,37849254,0
1,9011,1856100,1954400,3008,966385048,37849254,0
1,9012,326200,1954400,3008,966385048,37849254,0
1,9013,1738100,1954400,3008,966385048,37849254,0
1,9014,358800,1954400,3008,966385048,37849254,0
1,9015,2047000,1954400,3008,966385048,37849254,0
1,9016,268700,1954400,3008,966385048,37849254,0
1,9017,1666400,1954400,3008,966385048,37849254,0
1,9018,379700,1954400,3008,966385048,37849254,0
1,9019,2161500,1954400,3008,966385048,37849254,0
1,9020,309800,1954400,3008,966385048,37849254,0
1,9021,1488500,1954400,3008,966385048,37849254,0
1,9022,224200,1954400,3008,966385048,37849254,0
1,9023,1341200,1954400,3008,966385048,37849254,0
1,9024,360300,1954400,3008,966385048,37849254,0
1,9025,1505700,1954400,3008,966385048,37849254,0
1,9026,242400,1954400,3008,966385048,37849254,0
1,9027,1894500,1954400,3008,966385048,37849254,0
1,9028,463300,1954400,3008,966385048,37849254,0
1,9029,1750200,1954400,3008,966385048,37849254,0
1,9030,319400,1954400,3008,966385048,37849254,0
1,9031,1893900,1954400,3008,966385048,37849254,0
1,9032,338900,1954400,3008,966385048,37849254,0
1,9033,1830300,1954400,3008,966385048,37849254,0
1,9034,335400,1954400,3008,966385048,37849254,0
1,9035,1481000,1954400,3008,966385048,37849254,0
1,9036,309800,1954400,3008,966385048,37849254,0
1,9037,2252000,1954400,3008,966385048,37849254,0
1,9038,376100,1954400,3008,966385048,37849254,0
1,9039,1492500,1954400,3008,966385048,37849254,0
1,9040,371100,1954400,3008,966385048,37849254,0
1,9041,1607300,1954400,3008,966385048,37849254,0
1,9042,320900,1954400,3008,966385048,37849254,0
1,9043,1885800,1954400,3008,966385048,37849254,0
1,9044,247500,1954400,3008,966385048,37849254,0
1,9045,1728900,1954400,3008,966385048,37849254,0
1,9046,353400,1954400,3008,966385048,37849254,0
1,9047,1365900,1954400,3008,966385048,37849254,0
1,9048,344300,1954400,3008,966385048,37849254,0
1,9049,1834800,1954400,3008,966385048,37849254,0
1,9050,302600,1954400,3008,966385048,37849254,0
1,9051,2115600,1954400,3008,966385048,37849254,0
1,9052,360900,1954400,3008,966385048,37849254,0
1,9053,1652500,1954400,3008,966385048,37849254,0
1,9054,269300,1954400,3008,966385048,37849254,0
1,9055,1249300,1954400,3008,966385048,37849254,0
1,9056,235800,1954400,3008,966385048,37849254,0
1,9057,1593700,1954400,3008,966385048,37849254,0
1,9058,260400,1954400,3008,966385048,37849254,0
1,9059,1532000,1954400,3008,966385048,37849254,0
1,9060,282400,1954400,3008,966385048,37849254,0
1,9061,1732300,1954400,3008,966385048,37849254,0
1,9062,231400,1954400,3008,966385048,37849254,0
1,9063,1662300,1954400,3008,966385048,37849254,0
1,9064,248100,1954400,3008,966385048,37849254,0
1,9065,1812500,1954400,3008,966385048,37849254,0
1,9066,257500,1954400,3008,966385048,37849254,0
1,9067,1655300,1954400,3008,966385048,37849254,0
1,9068,293400,1954400,3008,966385048,37849254,0
1,9069,1282600,1954400,3008,966385048,37849254,0
1,9070,174600,1954400,3008,966385048,37849254,0
1,9071,1861500,1954400,3008,966385048,37849254,0
1,9072,225300,1954400,3008,966385048,37849254,0
1,9073,1959800,1954400,3008,966385048,37849254,0
1,9074,337400,1954400,3008,966385048,37849254,0
1,9075,1835100,1954400,3008,966385048,37849254,0
1,9076,229600,1954400,3008,966385048,37849254,0
1,9077,1334600,1954400,3008,966385048,37849254,0
1,9078,268700,1954400,3008,966385048,37849254,0
1,9079,1955700,1954400,3008,966385048,37849254,0
1,9080,347600,1954400,3008,966385048,37849254,0
1,9081,1849600,1954400,3008,966385048,37849254,0
1,9082,341800,1954400,3008,966385048,37849254,0
1,9083,1660500,1954400,3008,966385048,37849254,0
1,9084,317800,1954400,3008,966385048,37849254,0
1,9085,1846200,1954400,3008,966385048,37849254,0
1,9086,366000,1954400,3008,966385048,37849254,0
1,9087,1827700,1954400,3008,966385048,37849254,0
1,9088,568300,1954400,3008,966385048,37849254,0
1,9089,1805500,1954400,3008,966385048,37849254,0
1,9090,407500,1954400,3008,966385048,37849254,0
1,9091,1645400,1954400,3008,966385048,37849254,0
1,9092,163800,1954400,3008,966385048,37849254,0
1,9093,1802600,1954400,3008,966385048,37849254,0
1,9094,611400,1954400,3008,966385048,37849254,0
1,9095,1686800,1954400,3008,966385048,37849254,0
1,9096,166200,1954400,3008,966385048,37849254,0
1,9097,1372000,1954400,3008,966385048,37849254,0
1,9098,305900,1954400,3008,966385048,37849254,0
1,9099,1852600,1954400,3008,966385048,37849254,0
1,9100,249900,1954400,3008,966385048,37849254,0
1,9101,1542300,1954400,3008,966385048,37849254,0
1,9102,340700,1954400,3008,966385048,37849254,0
1,9103,1307600,1954400,3008,966385048,37849254,0
1,9104,301700,1954400,3008,966385048,37849254,0
1,9105,1954200,1954400,3008,966385048,37849254,0
1,9106,250500,1954400,3008,966385048,37849254,0
1,9107,1941200,1954400,3008,966385048,37849254,0
1,9108,323200,1954400,3008,966385048,37849254,0
1,9109,1372400,1954400,3008,966385048,37849254,0
1,9110,278200,1954400,3008,966385048,37849254,0
1,9111,1366100,1954400,3008,966385048,37849254,0
1,9112,249900,1954400,3008,966385048,37849254,0
1,9113,1697900,1954400,3008,966385048,37849254,0
1,9114,288400,1954400,3008,966385048,37849254,0
1,9115,1678400,1954400,3008,966385048,37849254,0
1,9116,344300,1954400,3008,966385048,37849254,0
1,9117,1837500,1954400,3008,966385048,37849254,0
1,9118,362900,1954400,3008,966385048,37849254,0
1,9119,1654900,1954400,3008,966385048,37849254,0
1,9120,281500,1954400,3008,966385048,37849254,0
1,9121,1502800,1954400,3008,966385048,37849254,0
1,9122,333100,1954400,3008,966385048,37849254,0
1,9123,2075700,1954400,3008,966385048,37849254,0
1,9124,378900,1954400,3008,966385048,37849254,0
1,9125,1523900,1954400,3008,966385048,37849254,0
1,9126,315900,1954400,3008,966385048,37849254,0
1,9127,1898800,1954400,3008,966385048,37849254,0
1,9128,355000,1954400,3008,966385048,37849254,0
1,9129,1846700,1954400,3008,966385048,37849254,0
1,9130,285800,1954400,3008,966385048,37849254,0
1,9131,1830700,1954400,3008,966385048,37849254,0
1,9132,395800,1954400,3008,966385048,37849254,0
1,9133,1290500,1954400,3008,966385048,37849254,0
1,9134,398200,1954400,3008,966385048,37849254,0
1,9135,1504300,1954400,3008,966385048,37849254,0
1,9136,279000,1954400,3008,966385048,37849254,0
1,9137,1515400,1954400,3008,966385048,37849254,0
1,9138,510000,1954400,3008,966385048,37849254,0
1,9139,1520000,1954400,3008,966385048,37849254,0
1,9140,385400,1954400,3008,966385048,37849254,0
1,9141,1621900,1954400,3008,966385048,37849254,0
1,9142,243300,1954400,3008,966385048,37849254,0
1,9143,1764200,1954400,3008,966385048,37849254,0
1,9144,246100,1954400,3008,966385048,37849254,0
1,9145,1319300,1954400,3008,966385048,37849254,0
1,9146,270600,1954400,3008,966385048,37849254,0
1,9147,1603500,1954400,3008,966385048,37849254,0
1,9148,338600,1954400,3008,966385048,37849254,0
1,9149,1708100,1954400,3008,966385048,37849254,0
1,9150,347700,1954400,3008,966385048,37849254,0
1,9151,1189300,1954400,3008,966385048,37849254,0
1,9152,340500,1954400,3008,966385048,37849254,0
1,9153,1611500,1954400,3008,966385048,37849254,0
1,9154,231400,1954400,3008,966385048,37849254,0
1,9155,1586600,1954400,3008,966385048,37849254,0
1,9156,323400,1954400,3008,966385048,37849254,0
1,9157,1840200,1954400,3008,966385048,37849254,0
1,9158,342300,1954400,3008,966385048,37849254,0
1,9159,1224400,1954400,3008,966385048,37849254,0
1,9160,329900,1954400,3008,966385048,37849254,0
1,9161,1794700,1954400,3008,966385048,37849254,0
1,9162,389300,1954400,3008,966385048,37849254,0
1,9163,1264800,1954400,3008,966385048,37849254,0
1,9164,357000,1954400,3008,966385048,37849254,0
1,9165,1872400,1954400,3008,966385048,37849254,0
1,9166,322600,1954400,3008,966385048,37849254,0
1,9167,1541900,1954400,3008,966385048,37849254,0
1,9168,250300,1954400,3008,966385048,37849254,0
1,9169,1830800,1954400,3008,966385048,37849254,0
1,9170,288800,1954400,3008,966385048,37849254,0
1,9171,2017800,1954400,3008,966385048,37849254,0
1,9172,331700,1954400,3008,966385048,37849254,0
1,9173,1693300,1954400,3008,966385048,37849254,0
1,9174,448800,1954400,3008,966385048,37849254,0
1,9175,1724100,1954400,3008,966385048,37849254,0
1,9176,231500,1954400,3008,966385048,37849254,0
1,9177,1560500,1954400,3008,966385048,37849254,0
1,9178,354800,1954400,3008,966385048,37849254,0
1,9179,1526800,1954400,3008,966385048,37849254,0
1,9180,251500,1954400,3008,966385048,37849254,0
1,9181,1398900,1954400,3008,966385048,37849254,0
1,9182,243400,1954400,3008,966385048,37849254,0
1,9183,1898300,1954400,3008,966385048,37849254,0
1,9184,260200,1954400,3008,966385048,37849254,0
1,9185,1804200,1954400,3008,966385048,37849254,0
1,9186,395300,1954400,3008,966385048,37849254,0
1,9187,1356600,1954400,3008,966385048,37849254,0
1,9188,770800,1954400,3008,966385048,37849254,0
1,9189,1756800,1954400,3008,966385048,37849254,0
1,9190,345300,1954400,3008,966385048,37849254,0
1,9191,1712900,1954400,3008,966385048,37849254,0
1,9192,336100,1954400,3008,966385048,37849254,0
1,9193,1796000,1954400,3008,966385048,37849254,0
1,9194,405500,1954400,3008,966385048,37849254,0
1,9195,1535800,1954400,3008,966385048,37849254,0
1,9196,245600,1954400,3008,966385048,37849254,0
1,9197,1548000,1954400,3008,966385048,37849254,0
1,9198,388200,1954400,3008,966385048,37849254,0
1,9199,1543400,1954400,3008,966385048,37849254,0
1,9200,236300,1954400,3008,966385048,37849254,0
1,9201,1703400,1954400,3008,966385048,37849254,0
1,9202,329200,1954400,3008,966385048,37849254,0
1,9203,1848600,1954400,3008,966385048,37849254,0
1,9204,558000,1954400,3008,966385048,37849254,0
1,9205,1854500,1954400,3008,966385048,37849254,0
1,9206,465000,1954400,3008,966385048,37849254,0
1,9207,1714300,1954400,3008,966385048,37849254,0
1,9208,302500,1954400,3008,966385048,37849254,0
1,9209,1572800,1954400,3008,966385048,37849254,0
1,9210,351000,1954400,3008,966385048,37849254,0
1,9211,1807400,1954400,3008,966385048,37849254,0
1,9212,347700,1954400,3008,966385048,37849254,0
1,9213,2071600,1954400,3008,966385048,37849254,0
1,9214,305200,1954400,3008,966385048,37849254,0
1,9215,2082500,1954400,3008,966385048,37849254,0
1,9216,241400,1954400,3008,966385048,37849254,0
1,9217,1199300,1954400,3008,966385048,37849254,0
1,9218,243700,1954400,3008,966385048,37849254,0
1,9219,1746500,1954400,3008,966385048,37849254,0
1,9220,336500,1954400,3008,966385048,37849254,0
1,9221,1510700,1954400,3008,966385048,37849254,0
1,9222,265000,1954400,3008,966385048,37849254,0
1,9223,1762800,1954400,3008,966385048,37849254,0
1,9224,275300,1954400,3008,966385048,37849254,0
1,9225,1409500,1954400,3008,966385048,37849254,0
1,9226,359500,1954400,3008,966385048,37849254,0
1,9227,1874400,1954400,3008,966385048,37849254,0
1,9228,391300,1954400,3008,966385048,37849254,0
1,9229,1993700,1954400,3008,966385048,37849254,0
1,9230,378000,1954400,3008,966385048,37849254,0
1,9231,1488500,1954400,3008,966385048,37849254,0
1,9232,247100,1954400,3008,966385048,37849254,0
1,9233,1804000,1954400,3008,966385048,37849254,0
1,9234,297800,1954400,3008,966385048,37849254,0
1,9235,1700600,1954400,3008,966385048,37849254,0
1,9236,326200,1954400,3008,966385048,37849254,0
1,9237,1815700,1954400,3008,966385048,37849254,0
1,9238,311800,1954400,3008,966385048,37849254,0
1,9239,1400600,1954400,3008,966385048,37849254,0
1,9240,342000,1954400,3008,966385048,37849254,0
1,9241,1818800,1954400,3008,966385048,37849254,0
1,9242,337300,1954400,3008,966385048,37849254,0
1,9243,1771100,1954400,3008,966385048,37849254,0
1,9244,235000,1954400,3008,966385048,37849254,0
1,9245,1726300,1954400,3008,966385048,37849254,0
1,9246,337600,1954400,3008,966385048,37849254,0
1,9247,1676400,1954400,3008,966385048,37849254,0
1,9248,226100,1954400,3008,966385048,37849254,0
1,9249,1646000,1954400,3008,966385048,37849254,0
1,9250,392800,1954400,3008,966385048,37849254,0
1,9251,1840600,1954400,3008,966385048,37849254,0
1,9252,275800,1954400,3008,966385048,37849254,0
1,9253,1876700,1954400,3008,966385048,37849254,0
1,9254,235900,1954400,3008,966385048,37849254,0
1,9255,1513000,1954400,3008,966385048,37849254,0
1,9256,239600,1954400,3008,966385048,37849254,0
1,9257,1817500,1954400,3008,966385048,37849254,0
1,9258,303900,1954400,3008,966385048,37849254,0
1,9259,1271300,1954400,3008,966385048,37849254,0
1,9260,172400,1954400,3008,966385048,37849254,0
1,9261,1731800,1954400,3008,966385048,37849254,0
1,9262,391200,1954400,3008,966385048,37849254,0
1,9263,1788500,1954400,3008,966385048,37849254,0
1,9264,329900,1954400,3008,966385048,37849254,0
1,9265,1701200,1954400,3008,966385048,37849254,0
1,9266,251400,1954400,3008,966385048,37849254,0
1,9267,1847200,1954400,3008,966385048,37849254,0
1,9268,380800,1954400,3008,966385048,37849254,0
1,9269,1836400,1954400,3008,966385048,37849254,0
1,9270,309800,1954400,3008,966385048,37849254,0
1,9271,1867100,1954400,3008,966385048,37849254,0
1,9272,240500,1954400,3008,966385048,37849254,0
1,9273,1486500,1954400,3008,966385048,37849254,0
1,9274,266800,1954400,3008,966385048,37849254,0
1,9275,1526000,1954400,3008,966385048,37849254,0
1,9276,328100,1954400,3008,966385048,37849254,0
1,9277,1784800,1954400,3008,966385048,37849254,0
1,9278,215300,1954400,3008,966385048,37849254,0
1,9279,1768100,1954400,3008,966385048,37849254,0
1,9280,260200,1954400,3008,966385048,37849254,0
1,9281,1859100,1954400,3008,966385048,37849254,0
1,9282,305800,1954400,3008,966385048,37849254,0
1,9283,1900800,1954400,3008,966385048,37849254,0
1,9284,329500,1954400,3008,966385048,37849254,0
1,9285,2823800,1954400,3008,966385048,37849254,0
1,9286,367000,1954400,3008,966385048,37849254,0
1,9287,1862800,1954400,3008,966385048,37849254,0
1,9288,277400,1954400,3008,966385048,37849254,0
1,9289,1347000,1954400,3008,966385048,37849254,0
1,9290,388300,1954400,3008,966385048,37849254,0
1,9291,1272600,1954400,3008,966385048,37849254,0
1,9292,248000,1954400,3008,966385048,37849254,0
1,9293,1844000,1954400,3008,966385048,37849254,0
1,9294,335100,1954400,3008,966385048,37849254,0
1,9295,1208300,1954400,3008,966385048,37849254,0
1,9296,407300,1954400,3008,966385048,37849254,0
1,9297,1740600,1954400,3008,966385048,37849254,0
1,9298,344300,1954400,3008,966385048,37849254,0
1,9299,1291100,1954400,3008,966385048,37849254,0
1,9300,313200,1954400,3008,966385048,37849254,0
1,9301,1762500,1954400,3008,966385048,37849254,0
1,9302,279800,1954400,3008,966385048,37849254,0
1,9303,1508200,1954400,3008,966385048,37849254,0
1,9304,352100,1954400,3008,966385048,37849254,0
1,9305,2012400,1954400,3008,966385048,37849254,0
1,9306,322500,1954400,3008,966385048,37849254,0
1,9307,1842600,1954400,3008,966385048,37849254,0
1,9308,194400,1954400,3008,966385048,37849254,0
1,9309,1820900,1954400,3008,966385048,37849254,0
1,9310,225800,1954400,3008,966385048,37849254,0
1,9311,1835500,1954400,3008,966385048,37849254,0
1,9312,258500,1954400,3008,966385048,37849254,0
1,9313,1610900,1954400,3008,966385048,37849254,0
1,9314,311900,1954400,3008,966385048,37849254,0
1,9315,1280100,1954400,3008,966385048,37849254,0
1,9316,368300,1954400,3008,966385048,37849254,0
1,9317,1838700,1954400,3008,966385048,37849254,0
1,9318,231300,1954400,3008,966385048,37849254,0
1,9319,1816100,1954400,3008,966385048,37849254,0
1,9320,298400,1954400,3008,966385048,37849254,0
1,9321,2055800,1954400,3008,966385048,37849254,0
1,9322,243200,1954400,3008,966385048,37849254,0
1,9323,1640700,1954400,3008,966385048,37849254,0
1,9324,308500,1954400,3008,966385048,37849254,0
1,9325,1847200,1954400,3008,966385048,37849254,0
1,9326,363100,1954400,3008,966385048,37849254,0
1,9327,1815800,1954400,3008,966385048,37849254,0
1,9328,232400,1954400,3008,966385048,37849254,0
1,9329,1773300,1954400,3008,966385048,37849254,0
1,9330,475800,1954400,3008,966385048,37849254,0
1,9331,1703600,1954400,3008,966385048,37849254,0
1,9332,344100,1954400,3008,966385048,37849254,0
1,9333,2011600,1954400,3008,966385048,37849254,0
1,9334,370200,1954400,3008,966385048,37849254,0
1,9335,1735400,1954400,3008,966385048,37849254,0
1,9336,352400,1954400,3008,966385048,37849254,0
1,9337,2004500,1954400,3008,966385048,37849254,0
1,9338,333300,1954400,3008,966385048,37849254,0
1,9339,1842700,1954400,3008,966385048,37849254,0
1,9340,377600,1954400,3008,966385048,37849254,0
1,9341,1832200,1954400,3008,966385048,37849254,0
1,9342,313700,1954400,3008,966385048,37849254,0
1,9343,1845400,1954400,3008,966385048,37849254,0
1,9344,484100,1954400,3008,966385048,37849254,0
1,9345,1502300,1954400,3008,966385048,37849254,0
1,9346,339400,1954400,3008,966385048,37849254,0
1,9347,2169500,1954400,3008,966385048,37849254,0
1,9348,240000,1954400,3008,966385048,37849254,0
1,9349,1596400,1954400,3008,966385048,37849254,0
1,9350,338600,1954400,3008,966385048,37849254,0
1,9351,1833400,1954400,3008,966385048,37849254,0
1,9352,345900,1954400,3008,966385048,37849254,0
1,9353,1258900,1954400,3008,966385048,37849254,0
1,9354,304100,1954400,3008,966385048,37849254,0
1,9355,1626700,1954400,3008,966385048,37849254,0
1,9356,323800,1954400,3008,966385048,37849254,0
1,9357,1719100,1954400,3008,966385048,37849254,0
1,9358,237700,1954400,3008,966385048,37849254,0
1,9359,1590000,1954400,3008,966385048,37849254,0
1,9360,343000,1954400,3008,966385048,37849254,0
1,9361,1840500,1954400,3008,966385048,37849254,0
1,9362,289300,1954400,3008,966385048,37849254,0
1,9363,1857900,1954400,3008,966385048,37849254,0
1,9364,217200,1954400,3008,966385048,37849254,0
1,9365,1960800,1954400,3008,966385048,37849254,0
1,9366,336100,1954400,3008,966385048,37849254,0
1,9367,1626600,1954400,3008,966385048,37849254,0
1,9368,359500,1954400,3008,966385048,37849254,0
1,9369,1989800,1954400,3008,966385048,37849254,0
1,9370,349000,1954400,3008,966385048,37849254,0
1,9371,1589800,1954400,3008,966385048,37849254,0
1,9372,338200,1954400,3008,966385048,37849254,0
1,9373,1700100,1954400,3008,966385048,37849254,0
1,9374,279200,1954400,3008,966385048,37849254,0
1,9375,1846100,1954400,3008,966385048,37849254,0
1,9376,364700,1954400,3008,966385048,37849254,0
1,9377,1805900,1954400,3008,966385048,37849254,0
1,9378,328000,1954400,3008,966385048,37849254,0
1,9379,1728500,1954400,3008,966385048,37849254,0
1,9380,264300,1954400,3008,966385048,37849254,0
1,9381,1835000,1954400,3008,966385048,37849254,0
1,9382,373100,1954400,3008,966385048,37849254,0
1,9383,1652100,1954400,3008,966385048,37849254,0
1,9384,199100,1954400,3008,966385048,37849254,0
1,9385,1927400,1954400,3008,966385048,37849254,0
1,9386,272000,1954400,3008,966385048,37849254,0
1,9387,1839500,1954400,3008,966385048,37849254,0
1,9388,351300,1954400,3008,966385048,37849254,0
1,9389,1298300,1954400,3008,966385048,37849254,0
1,9390,362800,1954400,3008,966385048,37849254,0
1,9391,1877400,1954400,3008,966385048,37849254,0
1,9392,345500,1954400,3008,966385048,37849254,0
1,9393,1899000,1954400,3008,966385048,37849254,0
1,9394,253500,1954400,3008,966385048,37849254,0
1,9395,1816700,1954400,3008,966385048,37849254,0
1,9396,245300,1954400,3008,966385048,37849254,0
1,9397,1598800,1954400,3008,966385048,37849254,0
1,9398,252000,1954400,3008,966385048,37849254,0
1,9399,2454400,1954400,3008,966385048,37849254,0
1,9400,362100,1954400,3008,966385048,37849254,0
1,9401,1749200,1954400,3008,966385048,37849254,0
1,9402,378000,1954400,3008,966385048,37849254,0
1,9403,1251300,1954400,3008,966385048,37849254,0
1,9404,256700,1954400,3008,966385048,37849254,0
1,9405,1634300,1954400,3008,966385048,37849254,0
1,9406,345700,1954400,3008,966385048,37849254,0
1,9407,1216900,1954400,3008,966385048,37849254,0
1,9408,246600,1954400,3008,966385048,37849254,0
1,9409,1850500,1954400,3008,966385048,37849254,0
1,9410,334900,1954400,3008,966385048,37849254,0
1,9411,1889700,1954400,3008,966385048,37849254,0
1,9412,440900,1954400,3008,966385048,37849254,0
1,9413,2204900,1954400,3008,966385048,37849254,0
1,9414,251500,1954400,3008,966385048,37849254,0
1,9415,1993300,1954400,3008,966385048,37849254,0
1,9416,328400,1954400,3008,966385048,37849254,0
1,9417,1589300,1954400,3008,966385048,37849254,0
1,9418,245100,1954400,3008,966385048,37849254,0
1,9419,2334900,1954400,3008,966385048,37849254,0
1,9420,339800,1954400,3008,966385048,37849254,0
1,9421,1810600,1954400,3008,966385048,37849254,0
1,9422,243600,1954400,3008,966385048,37849254,0
1,9423,1828800,1954400,3008,966385048,37849254,0
1,9424,581600,1954400,3008,966385048,37849254,0
1,9425,1435600,1954400,3008,966385048,37849254,0
1,9426,256700,1954400,3008,966385048,37849254,0
1,9427,1895300,1954400,3008,966385048,37849254,0
1,9428,371600,1954400,3008,966385048,37849254,0
1,9429,1828300,1954400,3008,966385048,37849254,0
1,9430,368900,1954400,3008,966385048,37849254,0
1,9431,1875800,1954400,3008,966385048,37849254,0
1,9432,334500,1954400,3008,966385048,37849254,0
1,9433,1816100,1954400,3008,966385048,37849254,0
1,9434,290500,1954400,3008,966385048,37849254,0
1,9435,1420900,1954400,3008,966385048,37849254,0
1,9436,240100,1954400,3008,966385048,37849254,0
1,9437,1305200,1954400,3008,966385048,37849254,0
1,9438,203500,1954400,3008,966385048,37849254,0
1,9439,1917600,1954400,3008,966385048,37849254,0
1,9440,169500,1954400,3008,966385048,37849254,0
1,9441,1191900,1954400,3008,966385048,37849254,0
1,9442,224300,1954400,3008,966385048,37849254,0
1,9443,1638000,1954400,3008,966385048,37849254,0
1,9444,672600,1954400,3008,966385048,37849254,0
1,9445,2046100,1954400,3008,966385048,37849254,0
1,9446,258500,1954400,3008,966385048,37849254,0
1,9447,1326200,1954400,3008,966385048,37849254,0
1,9448,332900,1954400,3008,966385048,37849254,0
1,9449,1860300,1954400,3008,966385048,37849254,0
1,9450,246700,1954400,3008,966385048,37849254,0
1,9451,1846100,1954400,3008,966385048,37849254,0
1,9452,340400,1954400,3008,966385048,37849254,0
1,9453,1736800,1954400,3008,966385048,37849254,0
1,9454,370100,1954400,3008,966385048,37849254,0
1,9455,1886800,1954400,3008,966385048,37849254,0
1,9456,343800,1954400,3008,966385048,37849254,0
1,9457,1741100,1954400,3008,966385048,37849254,0
1,9458,328900,1954400,3008,966385048,37849254,0
1,9459,1750300,1954400,3008,966385048,37849254,0
1,9460,351100,1954400,3008,966385048,37849254,0
1,9461,1883100,1954400,3008,966385048,37849254,0
1,9462,310800,1954400,3008,966385048,37849254,0
1,9463,1861200,1954400,3008,966385048,37849254,0
1,9464,284400,1954400,3008,966385048,37849254,0
1,9465,1819700,1954400,3008,966385048,37849254,0
1,9466,516500,1954400,3008,966385048,37849254,0
1,9467,1621000,1954400,3008,966385048,37849254,0
1,9468,365100,1954400,3008,966385048,37849254,0
1,9469,2247500,1954400,3008,966385048,37849254,0
1,9470,384800,1954400,3008,966385048,37849254,0
1,9471,1915800,1954400,3008,966385048,37849254,0
1,9472,329600,1954400,3008,966385048,37849254,0
1,9473,1810700,1954400,3008,966385048,37849254,0
1,9474,307900,1954400,3008,966385048,37849254,0
1,9475,1531700,1954400,3008,966385048,37849254,0
1,9476,418000,1954400,3008,966385048,37849254,0
1,9477,1529700,1954400,3008,966385048,37849254,0
1,9478,271000,1954400,3008,966385048,37849254,0
1,9479,1574500,1954400,3008,966385048,37849254,0
1,9480,423100,1954400,3008,966385048,37849254,0
1,9481,1717700,1954400,3008,966385048,37849254,0
1,9482,259000,1954400,3008,966385048,37849254,0
1,9483,1860600,1954400,3008,966385048,37849254,0
1,9484,231300,1954400,3008,966385048,37849254,0
1,9485,1471900,1954400,3008,966385048,37849254,0
1,9486,394900,1954400,3008,966385048,37849254,0
1,9487,1265500,1954400,3008,966385048,37849254,0
1,9488,254200,1954400,3008,966385048,37849254,0
1,9489,1971700,1954400,3008,966385048,37849254,0
1,9490,407600,1954400,3008,966385048,37849254,0
1,9491,1876500,1954400,3008,966385048,37849254,0
1,9492,311600,1954400,3008,966385048,37849254,0
1,9493,1859900,1954400,3008,966385048,37849254,0
1,9494,348500,1954400,3008,966385048,37849254,0
1,9495,1623200,1954400,3008,966385048,37849254,0
1,9496,302700,1954400,3008,966385048,37849254,0
1,9497,1831300,1954400,3008,966385048,37849254,0
1,9498,328700,1954400,3008,966385048,37849254,0
1,9499,1937100,1954400,3008,966385048,37849254,0
1,9500,343300,1954400,3008,966385048,37849254,0
1,9501,2029600,1954400,3008,966385048,37849254,0
1,9502,307000,1954400,3008,966385048,37849254,0
1,9503,1654300,1954400,3008,966385048,37849254,0
1,9504,327800,1954400,3008,966385048,37849254,0
1,9505,2158800,1954400,3008,966385048,37849254,0
1,9506,345400,1954400,3008,966385048,37849254,0
1,9507,1310100,1954400,3008,966385048,37849254,0
1,9508,237500,1954400,3008,966385048,37849254,0
1,9509,2015200,1954400,3008,966385048,37849254,0
1,9510,410700,1954400,3008,966385048,37849254,0
1,9511,1828500,1954400,3008,966385048,37849254,0
1,9512,348600,1954400,3008,966385048,37849254,0
1,9513,1863900,1954400,3008,966385048,37849254,0
1,9514,325000,1954400,3008,966385048,37849254,0
1,9515,1766200,1954400,3008,966385048,37849254,0
1,9516,221000,1954400,3008,966385048,37849254,0
1,9517,1618400,1954400,3008,966385048,37849254,0
1,9518,409400,1954400,3008,966385048,37849254,0
1,9519,1817400,1954400,3008,966385048,37849254,0
1,9520,240600,1954400,3008,966385048,37849254,0
1,9521,1889100,1954400,3008,966385048,37849254,0
1,9522,246500,1954400,3008,966385048,37849254,0
1,9523,1672800,1954400,3008,966385048,37849254,0
1,9524,359700,1954400,3008,966385048,37849254,0
1,9525,1738400,1954400,3008,966385048,37849254,0
1,9526,252700,1954400,3008,966385048,37849254,0
1,9527,1864600,1954400,3008,966385048,37849254,0
1,9528,344900,1954400,3008,966385048,37849254,0
1,9529,1270100,1954400,3008,966385048,37849254,0
1,9530,334900,1954400,3008,966385048,37849254,0
1,9531,1710900,1954400,3008,966385048,37849254,0
1,9532,298800,1954400,3008,966385048,37849254,0
1,9533,2125500,1954400,3008,966385048,37849254,0
1,9534,339600,1954400,3008,966385048,37849254,0
1,9535,1472100,1954400,3008,966385048,37849254,0
1,9536,290300,1954400,3008,966385048,37849254,0
1,9537,1650400,1954400,3008,966385048,37849254,0
1,9538,304500,1954400,3008,966385048,37849254,0
1,9539,1283300,1954400,3008,966385048,37849254,0
1,9540,411800,1954400,3008,966385048,37849254,0
1,9541,1804100,1954400,3008,966385048,37849254,0
1,9542,353600,1954400,3008,966385048,37849254,0
1,9543,1766100,1954400,3008,966385048,37849254,0
1,9544,346600,1954400,3008,966385048,37849254,0
1,9545,1213400,1954400,3008,966385048,37849254,0
1,9546,326300,1954400,3008,966385048,37849254,0
1,9547,1841100,1954400,3008,966385048,37849254,0
1,9548,294400,1954400,3008,966385048,37849254,0
1,9549,1938700,1954400,3008,966385048,37849254,0
1,9550,345700,1954400,3008,966385048,37849254,0
1,9551,1855400,1954400,3008,966385048,37849254,0
1,9552,243900,1954400,3008,966385048,37849254,0
1,9553,1704700,1954400,3008,966385048,37849254,0
1,9554,366000,1954400,3008,966385048,37849254,0
1,9555,1835500,1954400,3008,966385048,37849254,0
1,9556,254000,1954400,3008,966385048,37849254,0
1,9557,1836500,1954400,3008,966385048,37849254,0
1,9558,355500,1954400,3008,966385048,37849254,0
1,9559,1765100,1954400,3008,966385048,37849254,0
1,9560,253000,1954400,3008,966385048,37849254,0
1,9561,1858400,1954400,3008,966385048,37849254,0
1,9562,346500,1954400,3008,966385048,37849254,0
1,9563,1567200,1954400,3008,966385048,37849254,0
1,9564,344400,1954400,3008,966385048,37849254,0
1,9565,1826800,1954400,3008,966385048,37849254,0
1,9566,378600,1954400,3008,966385048,37849254,0
1,9567,2201300,1954400,3008,966385048,37849254,0
1,9568,420300,1954400,3008,966385048,37849254,0
1,9569,1758800,1954400,3008,966385048,37849254,0
1,9570,332000,1954400,3008,966385048,37849254,0
1,9571,1822100,1954400,3008,966385048,37849254,0
1,9572,247200,1954400,3008,966385048,37849254,0
1,9573,1898000,1954400,3008,966385048,37849254,0
1,9574,347200,1954400,3008,966385048,37849254,0
1,9575,1860400,1954400,3008,966385048,37849254,0
1,9576,378000,1954400,3008,966385048,37849254,0
1,9577,1666900,1954400,3008,966385048,37849254,0
1,9578,329400,1954400,3008,966385048,37849254,0
1,9579,1546100,1954400,3008,966385048,37849254,0
1,9580,231300,1954400,3008,966385048,37849254,0
1,9581,1854000,1954400,3008,966385048,37849254,0
1,9582,609500,1954400,3008,966385048,37849254,0
1,9583,1864500,1954400,3008,966385048,37849254,0
1,9584,336500,1954400,3008,966385048,37849254,0
1,9585,1825000,1954400,3008,966385048,37849254,0
1,9586,377800,1954400,3008,966385048,37849254,0
1,9587,1864300,1954400,3008,966385048,37849254,0
1,9588,385900,1954400,3008,966385048,37849254,0
1,9589,1516200,1954400,3008,966385048,37849254,0
1,9590,244900,1954400,3008,966385048,37849254,0
1,9591,1687800,1954400,3008,966385048,37849254,0
1,9592,271200,1954400,3008,966385048,37849254,0
1,9593,1855200,1954400,3008,966385048,37849254,0
1,9594,381600,1954400,3008,966385048,37849254,0
1,9595,1546700,1954400,3008,966385048,37849254,0
1,9596,376700,1954400,3008,966385048,37849254,0
1,9597,1807300,1954400,3008,966385048,37849254,0
1,9598,352100,1954400,3008,966385048,37849254,0
1,9599,1428200,1954400,3008,966385048,37849254,0
1,9600,342400,1954400,3008,966385048,37849254,0
1,9601,1468200,1954400,3008,966385048,37849254,0
1,9602,247300,1954400,3008,966385048,37849254,0
1,9603,2086600,1954400,3008,966385048,37849254,0
1,9604,339300,1954400,3008,966385048,37849254,0
1,9605,1784600,1954400,3008,966385048,37849254,0
1,9606,294200,1954400,3008,966385048,37849254,0
1,9607,1831000,1954400,3008,966385048,37849254,0
1,9608,317400,1954400,3008,966385048,37849254,0
1,9609,1914200,1954400,3008,966385048,37849254,0
1,9610,337000,1954400,3008,966385048,37849254,0
1,9611,1769900,1954400,3008,966385048,37849254,0
1,9612,230400,1954400,3008,966385048,37849254,0
1,9613,2049200,1954400,3008,966385048,37849254,0
1,9614,567000,1954400,3008,966385048,37849254,0
1,9615,1825500,1954400,3008,966385048,37849254,0
1,9616,387000,1954400,3008,966385048,37849254,0
1,9617,1875600,1954400,3008,966385048,37849254,0
1,9618,240100,1954400,3008,966385048,37849254,0
1,9619,1821000,1954400,3008,966385048,37849254,0
1,9620,307400,1954400,3008,966385048,37849254,0
1,9621,1902200,1954400,3008,966385048,37849254,0
1,9622,360500,1954400,3008,966385048,37849254,0
1,9623,1498100,1954400,3008,966385048,37849254,0
1,9624,267900,1954400,3008,966385048,37849254,0
1,9625,1881800,1954400,3008,966385048,37849254,0
1,9626,339200,1954400,3008,966385048,37849254,0
1,9627,1736700,1954400,3008,966385048,37849254,0
1,9628,232000,1954400,3008,966385048,37849254,0
1,9629,1693300,1954400,3008,966385048,37849254,0
1,9630,355900,1954400,3008,966385048,37849254,0
1,9631,1736400,1954400,3008,966385048,37849254,0
1,9632,246300,1954400,3008,966385048,37849254,0
1,9633,1747500,1954400,3008,966385048,37849254,0
1,9634,352500,1954400,3008,966385048,37849254,0
1,9635,1496400,1954400,3008,966385048,37849254,0
1,9636,433200,1954400,3008,966385048,37849254,0
1,9637,1451900,1954400,3008,966385048,37849254,0
1,9638,509400,1954400,3008,966385048,37849254,0
1,9639,2072900,1954400,3008,966385048,37849254,0
1,9640,396900,1954400,3008,966385048,37849254,0
1,9641,1870300,1954400,3008,966385048,37849254,0
1,9642,346500,1954400,3008,966385048,37849254,0
1,9643,1286200,1954400,3008,966385048,37849254,0
1,9644,352600,1954400,3008,966385048,37849254,0
1,9645,1275100,1954400,3008,966385048,37849254,0
1,9646,285500,1954400,3008,966385048,37849254,0
1,9647,1652000,1954400,3008,966385048,37849254,0
1,9648,423200,1954400,3008,966385048,37849254,0
1,9649,1573700,1954400,3008,966385048,37849254,0
1,9650,265900,1954400,3008,966385048,37849254,0
1,9651,1840600,1954400,3008,966385048,37849254,0
1,9652,260500,1954400,3008,966385048,37849254,0
1,9653,1410300,1954400,3008,966385048,37849254,0
1,9654,178600,1954400,3008,966385048,37849254,0
1,9655,1225800,1954400,3008,966385048,37849254,0
1,9656,376800,1954400,3008,966385048,37849254,0
1,9657,1447400,1954400,3008,966385048,37849254,0
1,9658,398700,1954400,3008,966385048,37849254,0
1,9659,1941700,1954400,3008,966385048,37849254,0
1,9660,223600,1954400,3008,966385048,37849254,0
1,9661,1915800,1954400,3008,966385048,37849254,0
1,9662,264500,1954400,3008,966385048,37849254,0
1,9663,1688300,1954400,3008,966385048,37849254,0
1,9664,343900,1954400,3008,966385048,37849254,0
1,9665,1879400,1954400,3008,966385048,37849254,0
1,9666,274100,1954400,3008,966385048,37849254,0
1,9667,1800400,1954400,3008,966385048,37849254,0
1,9668,383700,1954400,3008,966385048,37849254,0
1,9669,1856500,1954400,3008,966385048,37849254,0
1,9670,306300,1954400,3008,966385048,37849254,0
1,9671,1815300,1954400,3008,966385048,37849254,0
1,9672,385700,1954400,3008,966385048,37849254,0
1,9673,1341000,1954400,3008,966385048,37849254,0
1,9674,240800,1954400,3008,966385048,37849254,0
1,9675,1842400,1954400,3008,966385048,37849254,0
1,9676,330300,1954400,3008,966385048,37849254,0
1,9677,1285400,1954400,3008,966385048,37849254,0
1,9678,327100,1954400,3008,966385048,37849254,0
1,9679,1824500,1954400,3008,966385048,37849254,0
1,9680,351400,1954400,3008,966385048,37849254,0
1,9681,1846300,1954400,3008,966385048,37849254,0
1,9682,309900,1954400,3008,966385048,37849254,0
1,9683,1624600,1954400,3008,966385048,37849254,0
1,9684,341900,1954400,3008,966385048,37849254,0
1,9685,1597900,1954400,3008,966385048,37849254,0
1,9686,339800,1954400,3008,966385048,37849254,0
1,9687,1311200,1954400,3008,966385048,37849254,0
1,9688,344400,1954400,3008,966385048,37849254,0
1,9689,1647700,1954400,3008,966385048,37849254,0
1,9690,323900,1954400,3008,966385048,37849254,0
1,9691,1892900,1954400,3008,966385048,37849254,0
1,9692,354400,1954400,3008,966385048,37849254,0
1,9693,1687100,1954400,3008,966385048,37849254,0
1,9694,246300,1954400,3008,966385048,37849254,0
1,9695,1805000,1954400,3008,966385048,37849254,0
1,9696,367700,1954400,3008,966385048,37849254,0
1,9697,2148700,1954400,3008,966385048,37849254,0
1,9698,325700,1954400,3008,966385048,37849254,0
1,9699,1067100,1954400,3008,966385048,37849254,0
1,9700,312000,1954400,3008,966385048,37849254,0
1,9701,1654600,1954400,3008,966385048,37849254,0
1,9702,258000,1954400,3008,966385048,37849254,0
1,9703,1772000,1954400,3008,966385048,37849254,0
1,9704,327500,1954400,3008,966385048,37849254,0
1,9705,1215800,1954400,3008,966385048,37849254,0
1,9706,239900,1954400,3008,966385048,37849254,0
1,9707,1873100,1954400,3008,966385048,37849254,0
1,9708,385400,1954400,3008,966385048,37849254,0
1,9709,1885100,1954400,3008,966385048,37849254,0
1,9710,361100,1954400,3008,966385048,37849254,0
1,9711,1506400,1954400,3008,966385048,37849254,0
1,9712,334000,1954400,3008,966385048,37849254,0
1,9713,1408700,1954400,3008,966385048,37849254,0
1,9714,253700,1954400,3008,966385048,37849254,0
1,9715,1521300,1954400,3008,966385048,37849254,0
1,9716,240500,1954400,3008,966385048,37849254,0
1,9717,1634900,1954400,3008,966385048,37849254,0
1,9718,328600,1954400,3008,966385048,37849254,0
1,9719,1749100,1954400,3008,966385048,37849254,0
1,9720,350800,1954400,3008,966385048,37849254,0
1,9721,1878600,1954400,3008,966385048,37849254,0
1,9722,248400,1954400,3008,966385048,37849254,0
1,9723,1879500,1954400,3008,966385048,37849254,0
1,9724,226800,1954400,3008,966385048,37849254,0
1,9725,1832200,1954400,3008,966385048,37849254,0
1,9726,295100,1954400,3008,966385048,37849254,0
1,9727,1595300,1954400,3008,966385048,37849254,0
1,9728,362400,1954400,3008,966385048,37849254,0
1,9729,1964000,1954400,3008,966385048,37849254,0
1,9730,377800,1954400,3008,966385048,37849254,0
1,9731,1659900,1954400,3008,966385048,37849254,0
1,9732,365600,1954400,3008,966385048,37849254,0
1,9733,1446400,1954400,3008,966385048,37849254,0
1,9734,262400,1954400,3008,966385048,37849254,0
1,9735,1584300,1954400,3008,966385048,37849254,0
1,9736,512200,1954400,3008,966385048,37849254,0
1,9737,1391400,1954400,3008,966385048,37849254,0
1,9738,456300,1954400,3008,966385048,37849254,0
1,9739,2035100,1954400,3008,966385048,37849254,0
1,9740,274100,1954400,3008,966385048,37849254,0
1,9741,1434700,1954400,3008,966385048,37849254,0
1,9742,345900,1954400,3008,966385048,37849254,0
1,9743,1693100,1954400,3008,966385048,37849254,0
1,9744,250700,1954400,3008,966385048,37849254,0
1,9745,1707900,1954400,3008,966385048,37849254,0
1,9746,350100,1954400,3008,966385048,37849254,0
1,9747,1493200,1954400,3008,966385048,37849254,0
1,9748,355900,1954400,3008,966385048,37849254,0
1,9749,1948700,1954400,3008,966385048,37849254,0
1,9750,317900,1954400,3008,966385048,37849254,0
1,9751,1343400,1954400,3008,966385048,37849254,0
1,9752,368900,1954400,3008,966385048,37849254,0
1,9753,1769900,1954400,3008,966385048,37849254,0
1,9754,370000,1954400,3008,966385048,37849254,0
1,9755,1951800,1954400,3008,966385048,37849254,0
1,9756,221000,1954400,3008,966385048,37849254,0
1,9757,1926500,1954400,3008,966385048,37849254,0
1,9758,351800,1954400,3008,966385048,37849254,0
1,9759,1483900,1954400,3008,966385048,37849254,0
1,9760,345300,1954400,3008,966385048,37849254,0
1,9761,1561100,1954400,3008,966385048,37849254,0
1,9762,328700,1954400,3008,966385048,37849254,0
1,9763,2139800,1954400,3008,966385048,37849254,0
1,9764,328400,1954400,3008,966385048,37849254,0
1,9765,1823500,1954400,3008,966385048,37849254,0
1,9766,301600,1954400,3008,966385048,37849254,0
1,9767,1447900,1954400,3008,966385048,37849254,0
1,9768,341400,1954400,3008,966385048,37849254,0
1,9769,1560100,1954400,3008,966385048,37849254,0
1,9770,346300,1954400,3008,966385048,37849254,0
1,9771,1558200,1954400,3008,966385048,37849254,0
1,9772,247200,1954400,3008,966385048,37849254,0
1,9773,1644000,1954400,3008,966385048,37849254,0
1,9774,229400,1954400,3008,966385048,37849254,0
1,9775,1877700,1954400,3008,966385048,37849254,0
1,9776,437100,1954400,3008,966385048,37849254,0
1,9777,1719000,1954400,3008,966385048,37849254,0
1,9778,352300,1954400,3008,966385048,37849254,0
1,9779,1443900,1954400,3008,966385048,37849254,0
1,9780,351100,1954400,3008,966385048,37849254,0
1,9781,1365800,1954400,3008,966385048,37849254,0
1,9782,334200,1954400,3008,966385048,37849254,0
1,9783,3229400,1954400,3008,966385048,37849254,0
1,9784,325700,1954400,3008,966385048,37849254,0
1,9785,1645500,1954400,3008,966385048,37849254,0
1,9786,256500,1954400,3008,966385048,37849254,0
1,9787,1283500,1954400,3008,966385048,37849254,0
1,9788,273800,1954400,3008,966385048,37849254,0
1,9789,1754600,1954400,3008,966385048,37849254,0
1,9790,254900,1954400,3008,966385048,37849254,0
1,9791,1581700,1954400,3008,966385048,37849254,0
1,9792,388200,1954400,3008,966385048,37849254,0
1,9793,1845400,1954400,3008,966385048,37849254,0
1,9794,257000,1954400,3008,966385048,37849254,0
1,9795,1815000,1954400,3008,966385048,37849254,0
1,9796,285200,1954400,3008,966385048,37849254,0
1,9797,1850500,1954400,3008,966385048,37849254,0
1,9798,241400,1954400,3008,966385048,37849254,0
1,9799,1257500,1954400,3008,966385048,37849254,0
1,9800,345500,1954400,3008,966385048,37849254,0
1,9801,2143200,1954400,3008,966385048,37849254,0
1,9802,263900,1954400,3008,966385048,37849254,0
1,9803,1664000,1954400,3008,966385048,37849254,0
1,9804,342200,1954400,3008,966385048,37849254,0
1,9805,1856000,1954400,3008,966385048,37849254,0
1,9806,326000,1954400,3008,966385048,37849254,0
1,9807,1945700,1954400,3008,966385048,37849254,0
1,9808,359800,1954400,3008,966385048,37849254,0
1,9809,1833400,1954400,3008,966385048,37849254,0
1,9810,251500,1954400,3008,966385048,37849254,0
1,9811,2092800,1954400,3008,966385048,37849254,0
1,9812,348500,1954400,3008,966385048,37849254,0
1,9813,1799200,1954400,3008,966385048,37849254,0
1,9814,333500,1954400,3008,966385048,37849254,0
1,9815,1607600,1954400,3008,966385048,37849254,0
1,9816,345000,1954400,3008,966385048,37849254,0
1,9817,1405900,1954400,3008,966385048,37849254,0
1,9818,353200,1954400,3008,966385048,37849254,0
1,9819,1674500,1954400,3008,966385048,37849254,0
1,9820,345000,1954400,3008,966385048,37849254,0
1,9821,1877500,1954400,3008,966385048,37849254,0
1,9822,288900,1954400,3008,966385048,37849254,0
1,9823,1413500,1954400,3008,966385048,37849254,0
1,9824,270700,1954400,3008,966385048,37849254,0
1,9825,1719500,1954400,3008,966385048,37849254,0
1,9826,357500,1954400,3008,966385048,37849254,0
1,9827,1638900,1954400,3008,966385048,37849254,0
1,9828,247000,1954400,3008,966385048,37849254,0
1,9829,1389500,1954400,3008,966385048,37849254,0
1,9830,169500,1954400,3008,966385048,37849254,0
1,9831,1874000,1954400,3008,966385048,37849254,0
1,9832,941000,1954400,3008,966385048,37849254,0
1,9833,1834000,1954400,3008,966385048,37849254,0
1,9834,381000,1954400,3008,966385048,37849254,0
1,9835,1774400,1954400,3008,966385048,37849254,0
1,9836,253500,1954400,3008,966385048,37849254,0
1,9837,1442700,1954400,3008,966385048,37849254,0
1,9838,303300,1954400,3008,966385048,37849254,0
1,9839,1844900,1954400,3008,966385048,37849254,0
1,9840,476700,1954400,3008,966385048,37849254,0
1,9841,2096100,1954400,3008,966385048,37849254,0
1,9842,747900,1954400,3008,966385048,37849254,0
1,9843,1652900,1954400,3008,966385048,37849254,0
1,9844,404400,1954400,3008,966385048,37849254,0
1,9845,1432100,1954400,3008,966385048,37849254,0
1,9846,235500,1954400,3008,966385048,37849254,0
1,9847,2107000,1954400,3008,966385048,37849254,0
1,9848,364000,1954400,3008,966385048,37849254,0
1,9849,1588800,1954400,3008,966385048,37849254,0
1,9850,355900,1954400,3008,966385048,37849254,0
1,9851,2066700,1954400,3008,966385048,37849254,0
1,9852,290400,1954400,3008,966385048,37849254,0
1,9853,1829900,1954400,3008,966385048,37849254,0
1,9854,385200,1954400,3008,966385048,37849254,0
1,9855,1857600,1954400,3008,966385048,37849254,0
1,9856,346100,1954400,3008,966385048,37849254,0
1,9857,1872000,1954400,3008,966385048,37849254,0
1,9858,379400,1954400,3008,966385048,37849254,0
1,9859,1425100,1954400,3008,966385048,37849254,0
1,9860,258400,1954400,3008,966385048,37849254,0
1,9861,1779500,1954400,3008,966385048,37849254,0
1,9862,342500,1954400,3008,966385048,37849254,0
1,9863,1366200,1954400,3008,966385048,37849254,0
1,9864,364200,1954400,3008,966385048,37849254,0
1,9865,1666200,1954400,3008,966385048,37849254,0
1,9866,358300,1954400,3008,966385048,37849254,0
1,9867,1326300,1954400,3008,966385048,37849254,0
1,9868,268100,1954400,3008,966385048,37849254,0
1,9869,1765600,1954400,3008,966385048,37849254,0
1,9870,341000,1954400,3008,966385048,37849254,0
1,9871,1840500,1954400,3008,966385048,37849254,0
1,9872,309800,1954400,3008,966385048,37849254,0
1,9873,1800200,1954400,3008,966385048,37849254,0
1,9874,245900,1954400,3008,966385048,37849254,0
1,9875,1271700,1954400,3008,966385048,37849254,0
1,9876,261800,1954400,3008,966385048,37849254,0
1,9877,1316700,1954400,3008,966385048,37849254,0
1,9878,255000,1954400,3008,966385048,37849254,0
1,9879,1625300,1954400,3008,966385048,37849254,0
1,9880,349400,1954400,3008,966385048,37849254,0
1,9881,1810100,1954400,3008,966385048,37849254,0
1,9882,362100,1954400,3008,966385048,37849254,0
1,9883,1627400,1954400,3008,966385048,37849254,0
1,9884,262500,1954400,3008,966385048,37849254,0
1,9885,1694900,1954400,3008,966385048,37849254,0
1,9886,210600,1954400,3008,966385048,37849254,0
1,9887,1952000,1954400,3008,966385048,37849254,0
1,9888,252200,1954400,3008,966385048,37849254,0
1,9889,1821300,1954400,3008,966385048,37849254,0
1,9890,289100,1954400,3008,966385048,37849254,0
1,9891,1841600,1954400,3008,966385048,37849254,0
1,9892,177200,1954400,3008,966385048,37849254,0
1,9893,1815300,1954400,3008,966385048,37849254,0
1,9894,386500,1954400,3008,966385048,37849254,0
1,9895,2040800,1954400,3008,966385048,37849254,0
1,9896,262000,1954400,3008,966385048,37849254,0
1,9897,1269600,1954400,3008,966385048,37849254,0
1,9898,353000,1954400,3008,966385048,37849254,0
1,9899,1841300,1954400,3008,966385048,37849254,0
1,9900,347300,1954400,3008,966385048,37849254,0
1,9901,1726100,1954400,3008,966385048,37849254,0
1,9902,356600,1954400,3008,966385048,37849254,0
1,9903,1947000,1954400,3008,966385048,37849254,0
1,9904,432000,1954400,3008,966385048,37849254,0
1,9905,1237000,1954400,3008,966385048,37849254,0
1,9906,352600,1954400,3008,966385048,37849254,0
1,9907,1269400,1954400,3008,966385048,37849254,0
1,9908,573500,1954400,3008,966385048,37849254,0
1,9909,1150900,1954400,3008,966385048,37849254,0
1,9910,301400,1954400,3008,966385048,37849254,0
1,9911,2063200,1954400,3008,966385048,37849254,0
1,9912,354600,1954400,3008,966385048,37849254,0
1,9913,1797600,1954400,3008,966385048,37849254,0
1,9914,353000,1954400,3008,966385048,37849254,0
1,9915,1840300,1954400,3008,966385048,37849254,0
1,9916,271800,1954400,3008,966385048,37849254,0
1,9917,2027600,1954400,3008,966385048,37849254,0
1,9918,259300,1954400,3008,966385048,37849254,0
1,9919,1790800,1954400,3008,966385048,37849254,0
1,9920,338600,1954400,3008,966385048,37849254,0
1,9921,1468000,1954400,3008,966385048,37849254,0
1,9922,362100,1954400,3008,966385048,37849254,0
1,9923,1206400,1954400,3008,966385048,37849254,0
1,9924,363500,1954400,3008,966385048,37849254,0
1,9925,1578300,1954400,3008,966385048,37849254,0
1,9926,349900,1954400,3008,966385048,37849254,0
1,9927,1611800,1954400,3008,966385048,37849254,0
1,9928,320700,1954400,3008,966385048,37849254,0
1,9929,1473300,1954400,3008,966385048,37849254,0
1,9930,353400,1954400,3008,966385048,37849254,0
1,9931,1790000,1954400,3008,966385048,37849254,0
1,9932,454200,1954400,3008,966385048,37849254,0
1,9933,1698500,1954400,3008,966385048,37849254,0
1,9934,358200,1954400,3008,966385048,37849254,0
1,9935,1342600,1954400,3008,966385048,37849254,0
1,9936,363100,1954400,3008,966385048,37849254,0
1,9937,1845500,1954400,3008,966385048,37849254,0
1,9938,356000,1954400,3008,966385048,37849254,0
1,9939,1778300,1954400,3008,966385048,37849254,0
1,9940,249200,1954400,3008,966385048,37849254,0
1,9941,1502800,1954400,3008,966385048,37849254,0
1,9942,341100,1954400,3008,966385048,37849254,0
1,9943,1281700,1954400,3008,966385048,37849254,0
1,9944,373600,1954400,3008,966385048,37849254,0
1,9945,1665600,1954400,3008,966385048,37849254,0
1,9946,429300,1954400,3008,966385048,37849254,0
1,9947,1683500,1954400,3008,966385048,37849254,0
1,9948,350100,1954400,3008,966385048,37849254,0
1,9949,1861100,1954400,3008,966385048,37849254,0
1,9950,257600,1954400,3008,966385048,37849254,0
1,9951,1836100,1954400,3008,966385048,37849254,0
1,9952,297000,1954400,3008,966385048,37849254,0
1,9953,1826300,1954400,3008,966385048,37849254,0
1,9954,330400,1954400,3008,966385048,37849254,0
1,9955,1732000,1954400,3008,966385048,37849254,0
1,9956,259600,1954400,3008,966385048,37849254,0
1,9957,1891100,1954400,3008,966385048,37849254,0
1,9958,234300,1954400,3008,966385048,37849254,0
1,9959,1892300,1954400,3008,966385048,37849254,0
1,9960,350900,1954400,3008,966385048,37849254,0
1,9961,1954300,1954400,3008,966385048,37849254,0
1,9962,345600,1954400,3008,966385048,37849254,0
1,9963,1567200,1954400,3008,966385048,37849254,0
1,9964,356600,1954400,3008,966385048,37849254,0
1,9965,1833200,1954400,3008,966385048,37849254,0
1,9966,368700,1954400,3008,966385048,37849254,0
1,9967,1820600,1954400,3008,966385048,37849254,0
1,9968,256600,1954400,3008,966385048,37849254,0
1,9969,1319200,1954400,3008,966385048,37849254,0
1,9970,280000,1954400,3008,966385048,37849254,0
1,9971,1826700,1954400,3008,966385048,37849254,0
1,9972,296300,1954400,3008,966385048,37849254,0
1,9973,1793900,1954400,3008,966385048,37849254,0
1,9974,349800,1954400,3008,966385048,37849254,0
1,9975,1954400,1954400,3008,966385048,37849254,0
1,9976,373300,1954400,3008,966385048,37849254,0
1,9977,1475400,1954400,3008,966385048,37849254,0
1,9978,414700,1954400,3008,966385048,37849254,0
1,9979,1893600,1954400,3008,966385048,37849254,0
1,9980,341800,1954400,3008,966385048,37849254,0
1,9981,1801700,1954400,3008,966385048,37849254,0
1,9982,288800,1954400,3008,966385048,37849254,0
1,9983,1910900,1954400,3008,966385048,37849254,0
1,9984,352800,1954400,3008,966385048,37849254,0
1,9985,1804400,1954400,3008,966385048,37849254,0
1,9986,338100,1954400,3008,966385048,37849254,0
1,9987,1848800,1954400,3008,966385048,37849254,0
1,9988,361700,1954400,3008,966385048,37849254,0
1,9989,1880300,1954400,3008,966385048,37849254,0
1,9990,256800,1954400,3008,966385048,37849254,0
1,9991,2154400,1954400,3008,966385048,37849254,0
1,9992,328800,1954400,3008,966385048,37849254,0
1,9993,1758000,1954400,3008,966385048,37849254,0
1,9994,360400,1954400,3008,966385048,37849254,0
1,9995,1329000,1954400,3008,966385048,37849254,0
1,9996,354700,1954400,3008,966385048,37849254,0
1,9997,1725700,1954400,3008,966385048,37849254,0
1,9998,354700,1954400,3008,966385048,37849254,0
1,9999,1750100,1954400,3008,966385048,37849254,0
1,10000,343300,1954400,3008,966385048,37849254,0
1,10001,1997400,1954400,3008,966385048,37849254,0
1,10002,270700,1954400,3008,966385048,37849254,0
1,10003,1762400,1954400,3008,966385048,37849254,0
1,10004,412800,1954400,3008,966385048,37849254,0
1,10005,1849900,1954400,3008,966385048,37849254,0
1,10006,282300,1954400,3008,966385048,37849254,0
1,10007,1819700,1954400,3008,966385048,37849254,0
1,10008,312200,1954400,3008,966385048,37849254,0
1,10009,1308800,1954400,3008,966385048,37849254,0
1,10010,367600,1954400,3008,966385048,37849254,0
1,10011,1563400,1954400,3008,966385048,37849254,0
1,10012,363100,1954400,3008,966385048,37849254,0
1,10013,1456400,1954400,3008,966385048,37849254,0
1,10014,282700,1954400,3008,966385048,37849254,0
1,10015,1741700,1954400,3008,966385048,37849254,0
1,10016,453100,1954400,3008,966385048,37849254,0
1,10017,1824500,1954400,3008,966385048,37849254,0
1,10018,244300,1954400,3008,966385048,37849254,0
1,10019,1846400,1954400,3008,966385048,37849254,0
1,10020,353500,1954400,3008,966385048,37849254,0
1,10021,1629600,1954400,3008,966385048,37849254,0
1,10022,349600,1954400,3008,966385048,37849254,0
1,10023,1827200,1954400,3008,966385048,37849254,0
1,10024,221100,1954400,3008,966385048,37849254,0
1,10025,1955100,1954400,3008,966385048,37849254,0
1,10026,339500,1954400,3008,966385048,37849254,0
1,10027,1366700,1954400,3008,966385048,37849254,0
1,10028,287300,1954400,3008,966385048,37849254,0
1,10029,1910600,1954400,3008,966385048,37849254,0
1,10030,365200,1954400,3008,966385048,37849254,0
1,10031,1554400,1954400,3008,966385048,37849254,0
1,10032,232300,1954400,3008,966385048,37849254,0
1,10033,1817000,1954400,3008,966385048,37849254,0
1,10034,358900,1954400,3008,966385048,37849254,0
1,10035,1441700,1954400,3008,966385048,37849254,0
1,10036,472100,1954400,3008,966385048,37849254,0
1,10037,1823500,1954400,3008,966385048,37849254,0
1,10038,404600,1954400,3008,966385048,37849254,0
1,10039,1796000,1954400,3008,966385048,37849254,0
1,10040,299600,1954400,3008,966385048,37849254,0
1,10041,1896000,1954400,3008,966385048,37849254,0
1,10042,288600,1954400,3008,966385048,37849254,0
1,10043,1834800,1954400,3008,966385048,37849254,0
1,10044,303500,1954400,3008,966385048,37849254,0
1,10045,2182400,1954400,3008,966385048,37849254,0
1,10046,253800,1954400,3008,966385048,37849254,0
1,10047,1221400,1954400,3008,966385048,37849254,0
1,10048,485800,1954400,3008,966385048,37849254,0
1,10049,1742100,1954400,3008,966385048,37849254,0
1,10050,264100,1954400,3008,966385048,37849254,0
1,10051,1668300,1954400,3008,966385048,37849254,0
1,10052,286900,1954400,3008,966385048,37849254,0
1,10053,1319200,1954400,3008,966385048,37849254,0
1,10054,254900,1954400,3008,966385048,37849254,0
1,10055,1554500,1954400,3008,966385048,37849254,0
1,10056,327200,1954400,3008,966385048,37849254,0
1,10057,1482300,1954400,3008,966385048,37849254,0
1,10058,374000,1954400,3008,966385048,37849254,0
1,10059,1769200,1954400,3008,966385048,37849254,0
1,10060,260300,1954400,3008,966385048,37849254,0
1,10061,1909800,1954400,3008,966385048,37849254,0
1,10062,341000,1954400,3008,966385048,37849254,0
1,10063,1929300,1954400,3008,966385048,37849254,0
1,10064,253800,1954400,3008,966385048,37849254,0
1,10065,1280200,1954400,3008,966385048,37849254,0
1,10066,372300,1954400,3008,966385048,37849254,0
1,10067,1553700,1954400,3008,966385048,37849254,0
1,10068,446600,1954400,3008,966385048,37849254,0
1,10069,1904800,1954400,3008,966385048,37849254,0
1,10070,402500,1954400,3008,966385048,37849254,0
1,10071,1715900,1954400,3008,966385048,37849254,0
1,10072,381200,1954400,3008,966385048,37849254,0
1,10073,1485800,1954400,3008,966385048,37849254,0
1,10074,270200,1954400,3008,966385048,37849254,0
1,10075,1839900,1954400,3008,966385048,37849254,0
1,10076,182600,1954400,3008,966385048,37849254,0
1,10077,1868900,1954400,3008,966385048,37849254,0
1,10078,367200,1954400,3008,966385048,37849254,0
1,10079,1603400,1954400,3008,966385048,37849254,0
1,10080,353900,1954400,3008,966385048,37849254,0
1,10081,1588400,1954400,3008,966385048,37849254,0
1,10082,384400,1954400,3008,966385048,37849254,0
1,10083,2063600,1954400,3008,966385048,37849254,0
1,10084,367200,1954400,3008,966385048,37849254,0
1,10085,1538400,1954400,3008,966385048,37849254,0
1,10086,335900,1954400,3008,966385048,37849254,0
1,10087,1743800,1954400,3008,966385048,37849254,0
1,10088,417600,1954400,3008,966385048,37849254,0
1,10089,1687200,1954400,3008,966385048,37849254,0
1,10090,248800,1954400,3008,966385048,37849254,0
1,10091,1867500,1954400,3008,966385048,37849254,0
1,10092,459900,1954400,3008,966385048,37849254,0
1,10093,1230800,1954400,3008,966385048,37849254,0
1,10094,463900,1954400,3008,966385048,37849254,0
1,10095,1471700,1954400,3008,966385048,37849254,0
1,10096,1530700,1954400,3008,966385048,37849254,0
1,10097,1703100,1954400,3008,966385048,37849254,0
1,10098,332700,1954400,3008,966385048,37849254,0
1,10099,1788700,1954400,3008,966385048,37849254,0
1,10100,345300,1954400,3008,966385048,37849254,0
1,10101,1705200,1954400,3008,966385048,37849254,0
1,10102,250100,1954400,3008,966385048,37849254,0
1,10103,2058700,1954400,3008,966385048,37849254,0
1,10104,314000,1954400,3008,966385048,37849254,0
1,10105,1869700,1954400,3008,966385048,37849254,0
1,10106,253200,1954400,3008,966385048,37849254,0
1,10107,1808600,1954400,3008,966385048,37849254,0
1,10108,350800,1954400,3008,966385048,37849254,0
1,10109,1824800,1954400,3008,966385048,37849254,0
1,10110,358000,1954400,3008,966385048,37849254,0
1,10111,1847900,1954400,3008,966385048,37849254,0
1,10112,354800,1954400,3008,966385048,37849254,0
1,10113,1517700,1954400,3008,966385048,37849254,0
1,10114,337800,1954400,3008,966385048,37849254,0
1,10115,1593100,1954400,3008,966385048,37849254,0
1,10116,251500,1954400,3008,966385048,37849254,0
1,10117,1299900,1954400,3008,966385048,37849254,0
1,10118,332700,1954400,3008,966385048,37849254,0
1,10119,1840400,1954400,3008,966385048,37849254,0
1,10120,343300,1954400,3008,966385048,37849254,0
1,10121,2080600,1954400,3008,966385048,37849254,0
1,10122,458600,1954400,3008,966385048,37849254,0
1,10123,2325900,1954400,3008,966385048,37849254,0
1,10124,313400,1954400,3008,966385048,37849254,0
1,10125,1869600,1954400,3008,966385048,37849254,0
1,10126,315800,1954400,3008,966385048,37849254,0
1,10127,1253300,1954400,3008,966385048,37849254,0
1,10128,244900,1954400,3008,966385048,37849254,0
1,10129,1837800,1954400,3008,966385048,37849254,0
1,10130,417400,1954400,3008,966385048,37849254,0
1,10131,1852300,1954400,3008,966385048,37849254,0
1,10132,304800,1954400,3008,966385048,37849254,0
1,10133,1829900,1954400,3008,966385048,37849254,0
1,10134,373900,1954400,3008,966385048,37849254,0
1,10135,1937200,1954400,3008,966385048,37849254,0
1,10136,380500,1954400,3008,966385048,37849254,0
1,10137,1823800,1954400,3008,966385048,37849254,0
1,10138,359700,1954400,3008,966385048,37849254,0
1,10139,1855200,1954400,3008,966385048,37849254,0
1,10140,355100,1954400,3008,966385048,37849254,0
1,10141,1244000,1954400,3008,966385048,37849254,0
1,10142,301000,1954400,3008,966385048,37849254,0
1,10143,1863500,1954400,3008,966385048,37849254,0
1,10144,343400,1954400,3008,966385048,37849254,0
1,10145,1822900,1954400,3008,966385048,37849254,0
1,10146,248000,1954400,3008,966385048,37849254,0
1,10147,1562700,1954400,3008,966385048,37849254,0
1,10148,398700,1954400,3008,966385048,37849254,0
1,10149,1882500,1954400,3008,966385048,37849254,0
1,10150,349600,1954400,3008,966385048,37849254,0
1,10151,1854600,1954400,3008,966385048,37849254,0
1,10152,305000,1954400,3008,966385048,37849254,0
1,10153,1736400,1954400,3008,966385048,37849254,0
1,10154,359600,1954400,3008,966385048,37849254,0
1,10155,1294800,1954400,3008,966385048,37849254,0
1,10156,356200,1954400,3008,966385048,37849254,0
1,10157,1842200,1954400,3008,966385048,37849254,0
1,10158,332400,1954400,3008,966385048,37849254,0
1,10159,1720900,1954400,3008,966385048,37849254,0
1,10160,262700,1954400,3008,966385048,37849254,0
1,10161,1691200,1954400,3008,966385048,37849254,0
1,10162,331300,1954400,3008,966385048,37849254,0
1,10163,2015400,1954400,3008,966385048,37849254,0
1,10164,353800,1954400,3008,966385048,37849254,0
1,10165,1837300,1954400,3008,966385048,37849254,0
1,10166,275400,1954400,3008,966385048,37849254,0
1,10167,1859400,1954400,3008,966385048,37849254,0
1,10168,358800,1954400,3008,966385048,37849254,0
1,10169,3841100,1954400,3008,966385048,37849254,0
1,10170,488400,1954400,3008,966385048,37849254,0
1,10171,1836800,1954400,3008,966385048,37849254,0
1,10172,248000,1954400,3008,966385048,37849254,0
1,10173,2004700,1954400,3008,966385048,37849254,0
1,10174,373100,1954400,3008,966385048,37849254,0
1,10175,1826100,1954400,3008,966385048,37849254,0
1,10176,500700,1954400,3008,966385048,37849254,0
1,10177,2521800,1954400,3008,966385048,37849254,0
1,10178,545200,1954400,3008,966385048,37849254,0
1,10179,1493000,1954400,3008,966385048,37849254,0
1,10180,374400,1954400,3008,966385048,37849254,0
1,10181,1612200,1954400,3008,966385048,37849254,0
1,10182,554100,1954400,3008,966385048,37849254,0
1,10183,1750300,1954400,3008,966385048,37849254,0
1,10184,230100,1954400,3008,966385048,37849254,0
1,10185,2026000,1954400,3008,966385048,37849254,0
1,10186,380900,1954400,3008,966385048,37849254,0
1,10187,1843200,1954400,3008,966385048,37849254,0
1,10188,240100,1954400,3008,966385048,37849254,0
1,10189,1339800,1954400,3008,966385048,37849254,0
1,10190,274900,1954400,3008,966385048,37849254,0
1,10191,1634400,1954400,3008,966385048,37849254,0
1,10192,386500,1954400,3008,966385048,37849254,0
1,10193,1829000,1954400,3008,966385048,37849254,0
1,10194,359900,1954400,3008,966385048,37849254,0
1,10195,1852600,1954400,3008,966385048,37849254,0
1,10196,217800,1954400,3008,966385048,37849254,0
1,10197,1853300,1954400,3008,966385048,37849254,0
1,10198,315900,1954400,3008,966385048,37849254,0
1,10199,1907500,1954400,3008,966385048,37849254,0
1,10200,640500,1954400,3008,966385048,37849254,0
1,10201,1634100,1954400,3008,966385048,37849254,0
1,10202,399900,1954400,3008,966385048,37849254,0
1,10203,1250100,1954400,3008,966385048,37849254,0
1,10204,386600,1954400,3008,966385048,37849254,0
1,10205,1272100,1954400,3008,966385048,37849254,0
1,10206,422200,1954400,3008,966385048,37849254,0
1,10207,1773200,1954400,3008,966385048,37849254,0
1,10208,326800,1954400,3008,966385048,37849254,0
1,10209,1300500,1954400,3008,966385048,37849254,0
1,10210,254200,1954400,3008,966385048,37849254,0
1,10211,1519000,1954400,3008,966385048,37849254,0
1,10212,245600,1954400,3008,966385048,37849254,0
1,10213,1771000,1954400,3008,966385048,37849254,0
1,10214,350400,1954400,3008,966385048,37849254,0
1,10215,1836300,1954400,3008,966385048,37849254,0
1,10216,288300,1954400,3008,966385048,37849254,0
1,10217,1889800,1954400,3008,966385048,37849254,0
1,10218,253300,1954400,3008,966385048,37849254,0
1,10219,1719800,1954400,3008,966385048,37849254,0
1,10220,320900,1954400,3008,966385048,37849254,0
1,10221,1753800,1954400,3008,966385048,37849254,0
1,10222,288200,1954400,3008,966385048,37849254,0
1,10223,1850300,1954400,3008,966385048,37849254,0
1,10224,309700,1954400,3008,966385048,37849254,0
1,10225,2003100,1954400,3008,966385048,37849254,0
1,10226,289600,1954400,3008,966385048,37849254,0
1,10227,1640200,1954400,3008,966385048,37849254,0
1,10228,369900,1954400,3008,966385048,37849254,0
1,10229,1780800,1954400,3008,966385048,37849254,0
1,10230,378000,1954400,3008,966385048,37849254,0
1,10231,1589900,1954400,3008,966385048,37849254,0
1,10232,399400,1954400,3008,966385048,37849254,0
1,10233,1844600,1954400,3008,966385048,37849254,0
1,10234,250000,1954400,3008,966385048,37849254,0
1,10235,1950300,1954400,3008,966385048,37849254,0
1,10236,290700,1954400,3008,966385048,37849254,0
1,10237,2234500,1954400,3008,966385048,37849254,0
1,10238,414600,1954400,3008,966385048,37849254,0
1,10239,1728300,1954400,3008,966385048,37849254,0
1,10240,344200,1954400,3008,966385048,37849254,0
1,10241,1763200,1954400,3008,966385048,37849254,0
1,10242,242300,1954400,3008,966385048,37849254,0
1,10243,1265200,1954400,3008,966385048,37849254,0
1,10244,365100,1954400,3008,966385048,37849254,0
1,10245,1715200,1954400,3008,966385048,37849254,0
1,10246,295200,1954400,3008,966385048,37849254,0
1,10247,1397000,1954400,3008,966385048,37849254,0
1,10248,332600,1954400,3008,966385048,37849254,0
1,10249,1843600,1954400,3008,966385048,37849254,0
1,10250,340700,1954400,3008,966385048,37849254,0
1,10251,1852500,1954400,3008,966385048,37849254,0
1,10252,424700,1954400,3008,966385048,37849254,0
1,10253,1497000,1954400,3008,966385048,37849254,0
1,10254,376200,1954400,3008,966385048,37849254,0
1,10255,1273800,1954400,3008,966385048,37849254,0
1,10256,360300,1954400,3008,966385048,37849254,0
1,10257,1458200,1954400,3008,966385048,37849254,0
1,10258,352700,1954400,3008,966385048,37849254,0
1,10259,1868400,1954400,3008,966385048,37849254,0
1,10260,254600,1954400,3008,966385048,37849254,0
1,10261,1767600,1954400,3008,966385048,37849254,0
1,10262,352000,1954400,3008,966385048,37849254,0
1,10263,1438200,1954400,3008,966385048,37849254,0
1,10264,355900,1954400,3008,966385048,37849254,0
1,10265,1860600,1954400,3008,966385048,37849254,0
1,10266,362100,1954400,3008,966385048,37849254,0
1,10267,1304200,1954400,3008,966385048,37849254,0
1,10268,344000,1954400,3008,966385048,37849254,0
1,10269,1803900,1954400,3008,966385048,37849254,0
1,10270,339700,1954400,3008,966385048,37849254,0
1,10271,1720100,1954400,3008,966385048,37849254,0
1,10272,450900,1954400,3008,966385048,37849254,0
1,10273,1823000,1954400,3008,966385048,37849254,0
1,10274,291300,1954400,3008,966385048,37849254,0
1,10275,1796100,1954400,3008,966385048,37849254,0
1,10276,391800,1954400,3008,966385048,37849254,0
1,10277,1668200,1954400,3008,966385048,37849254,0
1,10278,380300,1954400,3008,966385048,37849254,0
1,10279,1961100,1954400,3008,966385048,37849254,0
1,10280,390600,1954400,3008,966385048,37849254,0
1,10281,1758300,1954400,3008,966385048,37849254,0
1,10282,301000,1954400,3008,966385048,37849254,0
1,10283,3269000,1954400,3008,966385048,37849254,0
1,10284,260000,1954400,3008,966385048,37849254,0
1,10285,1823600,1954400,3008,966385048,37849254,0
1,10286,391500,1954400,3008,966385048,37849254,0
1,10287,1567600,1954400,3008,966385048,37849254,0
1,10288,323000,1954400,3008,966385048,37849254,0
1,10289,1322200,1954400,3008,966385048,37849254,0
1,10290,313700,1954400,3008,966385048,37849254,0
1,10291,1857900,1954400,3008,966385048,37849254,0
1,10292,309000,1954400,3008,966385048,37849254,0
1,10293,1826500,1954400,3008,966385048,37849254,0
1,10294,394500,1954400,3008,966385048,37849254,0
1,10295,1641600,1954400,3008,966385048,37849254,0
1,10296,320900,1954400,3008,966385048,37849254,0
1,10297,1881800,1954400,3008,966385048,37849254,0
1,10298,249800,1954400,3008,966385048,37849254,0
1,10299,1697700,1954400,3008,966385048,37849254,0
1,10300,256000,1954400,3008,966385048,37849254,0
1,10301,1836300,1954400,3008,966385048,37849254,0
1,10302,357800,1954400,3008,966385048,37849254,0
1,10303,1560900,1954400,3008,966385048,37849254,0
1,10304,342800,1954400,3008,966385048,37849254,0
1,10305,2053000,1954400,3008,966385048,37849254,0
1,10306,351800,1954400,3008,966385048,37849254,0
1,10307,1667500,1954400,3008,966385048,37849254,0
1,10308,351100,1954400,3008,966385048,37849254,0
1,10309,1818300,1954400,3008,966385048,37849254,0
1,10310,366500,1954400,3008,966385048,37849254,0
1,10311,1409700,1954400,3008,966385048,37849254,0
1,10312,359200,1954400,3008,966385048,37849254,0
1,10313,1817300,1954400,3008,966385048,37849254,0
1,10314,340000,1954400,3008,966385048,37849254,0
1,10315,1252000,1954400,3008,966385048,37849254,0
1,10316,364400,1954400,3008,966385048,37849254,0
1,10317,1508000,1954400,3008,966385048,37849254,0
1,10318,332300,1954400,3008,966385048,37849254,0
1,10319,1958700,1954400,3008,966385048,37849254,0
1,10320,324900,1954400,3008,966385048,37849254,0
1,10321,1925400,1954400,3008,966385048,37849254,0
1,10322,348700,1954400,3008,966385048,37849254,0
1,10323,1485700,1954400,3008,966385048,37849254,0
1,10324,338700,1954400,3008,966385048,37849254,0
1,10325,1884100,1954400,3008,966385048,37849254,0
1,10326,368600,1954400,3008,966385048,37849254,0
1,10327,1923200,1954400,3008,966385048,37849254,0
1,10328,391700,1954400,3008,966385048,37849254,0
1,10329,1599200,1954400,3008,966385048,37849254,0
1,10330,389300,1954400,3008,966385048,37849254,0
1,10331,1855300,1954400,3008,966385048,37849254,0
1,10332,354700,1954400,3008,966385048,37849254,0
1,10333,2213300,1954400,3008,966385048,37849254,0
1,10334,248900,1954400,3008,966385048,37849254,0
1,10335,1851000,1954400,3008,966385048,37849254,0
1,10336,246700,1954400,3008,966385048,37849254,0
1,10337,1599500,1954400,3008,966385048,37849254,0
1,10338,347600,1954400,3008,966385048,37849254,0
1,10339,1292700,1954400,3008,966385048,37849254,0
1,10340,414800,1954400,3008,966385048,37849254,0
1,10341,1623800,1954400,3008,966385048,37849254,0
1,10342,182900,1954400,3008,966385048,37849254,0
1,10343,1821400,1954400,3008,966385048,37849254,0
1,10344,308400,1954400,3008,966385048,37849254,0
1,10345,1644700,1954400,3008,966385048,37849254,0
1,10346,245500,1954400,3008,966385048,37849254,0
1,10347,1920800,1954400,3008,966385048,37849254,0
1,10348,354100,1954400,3008,966385048,37849254,0
1,10349,1785800,1954400,3008,966385048,37849254,0
1,10350,394700,1954400,3008,966385048,37849254,0
1,10351,1435900,1954400,3008,966385048,37849254,0
1,10352,353700,1954400,3008,966385048,37849254,0
1,10353,1543100,1954400,3008,966385048,37849254,0
1,10354,263700,1954400,3008,966385048,37849254,0
1,10355,1856700,1954400,3008,966385048,37849254,0
1,10356,291900,1954400,3008,966385048,37849254,0
1,10357,1839700,1954400,3008,966385048,37849254,0
1,10358,449300,1954400,3008,966385048,37849254,0
1,10359,1805600,1954400,3008,966385048,37849254,0
1,10360,305800,1954400,3008,966385048,37849254,0
1,10361,1769100,1954400,3008,966385048,37849254,0
1,10362,364300,1954400,3008,966385048,37849254,0
1,10363,1690400,1954400,3008,966385048,37849254,0
1,10364,296900,1954400,3008,966385048,37849254,0
1,10365,1900500,1954400,3008,966385048,37849254,0
1,10366,382700,1954400,3008,966385048,37849254,0
1,10367,1843600,1954400,3008,966385048,37849254,0
1,10368,369700,1954400,3008,966385048,37849254,0
1,10369,1596400,1954400,3008,966385048,37849254,0
1,10370,379400,1954400,3008,966385048,37849254,0
1,10371,1820600,1954400,3008,966385048,37849254,0
1,10372,347300,1954400,3008,966385048,37849254,0
1,10373,2170700,1954400,3008,966385048,37849254,0
1,10374,353900,1954400,3008,966385048,37849254,0
1,10375,1912400,1954400,3008,966385048,37849254,0
1,10376,361900,1954400,3008,966385048,37849254,0
1,10377,1760200,1954400,3008,966385048,37849254,0
1,10378,344400,1954400,3008,966385048,37849254,0
1,10379,1737700,1954400,3008,966385048,37849254,0
1,10380,246700,1954400,3008,966385048,37849254,0
1,10381,1508600,1954400,3008,966385048,37849254,0
1,10382,253700,1954400,3008,966385048,37849254,0
1,10383,1832000,1954400,3008,966385048,37849254,0
1,10384,362000,1954400,3008,966385048,37849254,0
1,10385,1785700,1954400,3008,966385048,37849254,0
1,10386,347300,1954400,3008,966385048,37849254,0
1,10387,1903400,1954400,3008,966385048,37849254,0
1,10388,339900,1954400,3008,966385048,37849254,0
1,10389,1268200,1954400,3008,966385048,37849254,0
1,10390,372600,1954400,3008,966385048,37849254,0
1,10391,1880800,1954400,3008,966385048,37849254,0
1,10392,272000,1954400,3008,966385048,37849254,0
1,10393,1325100,1954400,3008,966385048,37849254,0
1,10394,354900,1954400,3008,966385048,37849254,0
1,10395,1827900,1954400,3008,966385048,37849254,0
1,10396,277000,1954400,3008,966385048,37849254,0
1,10397,1574300,1954400,3008,966385048,37849254,0
1,10398,380100,1954400,3008,966385048,37849254,0
1,10399,1844600,1954400,3008,966385048,37849254,0
1,10400,397900,1954400,3008,966385048,37849254,0
1,10401,1886500,1954400,3008,966385048,37849254,0
1,10402,602400,1954400,3008,966385048,37849254,0
1,10403,1819800,1954400,3008,966385048,37849254,0
1,10404,277400,1954400,3008,966385048,37849254,0
1,10405,1708800,1954400,3008,966385048,37849254,0
1,10406,279200,1954400,3008,966385048,37849254,0
1,10407,1785700,1954400,3008,966385048,37849254,0
1,10408,366200,1954400,3008,966385048,37849254,0
1,10409,1434700,1954400,3008,966385048,37849254,0
1,10410,265300,1954400,3008,966385048,37849254,0
1,10411,1407000,1954400,3008,966385048,37849254,0
1,10412,363500,1954400,3008,966385048,37849254,0
1,10413,1509000,1954400,3008,966385048,37849254,0
1,10414,333300,1954400,3008,966385048,37849254,0
1,10415,1320700,1954400,3008,966385048,37849254,0
1,10416,360000,1954400,3008,966385048,37849254,0
1,10417,1648600,1954400,3008,966385048,37849254,0
1,10418,335500,1954400,3008,966385048,37849254,0
1,10419,1790700,1954400,3008,966385048,37849254,0
1,10420,309300,1954400,3008,966385048,37849254,0
1,10421,1943400,1954400,3008,966385048,37849254,0
1,10422,217500,1954400,3008,966385048,37849254,0
1,10423,1769000,1954400,3008,966385048,37849254,0
1,10424,275000,1954400,3008,966385048,37849254,0
1,10425,1387200,1954400,3008,966385048,37849254,0
1,10426,301500,1954400,3008,966385048,37849254,0
1,10427,1876500,1954400,3008,966385048,37849254,0
1,10428,367500,1954400,3008,966385048,37849254,0
1,10429,1792200,1954400,3008,966385048,37849254,0
1,10430,369700,1954400,3008,966385048,37849254,0
1,10431,1366200,1954400,3008,966385048,37849254,0
1,10432,286200,1954400,3008,966385048,37849254,0
1,10433,1730700,1954400,3008,966385048,37849254,0
1,10434,372300,1954400,3008,966385048,37849254,0
1,10435,1775300,1954400,3008,966385048,37849254,0
1,10436,244300,1954400,3008,966385048,37849254,0
1,10437,1783700,1954400,3008,966385048,37849254,0
1,10438,514900,1954400,3008,966385048,37849254,0
1,10439,1661400,1954400,3008,966385048,37849254,0
1,10440,304500,1954400,3008,966385048,37849254,0
1,10441,1573400,1954400,3008,966385048,37849254,0
1,10442,402000,1954400,3008,966385048,37849254,0
1,10443,1865100,1954400,3008,966385048,37849254,0
1,10444,245800,1954400,3008,966385048,37849254,0
1,10445,1887300,1954400,3008,966385048,37849254,0
1,10446,248100,1954400,3008,966385048,37849254,0
1,10447,1985600,1954400,3008,966385048,37849254,0
1,10448,359000,1954400,3008,966385048,37849254,0
1,10449,2370700,1954400,3008,966385048,37849254,0
1,10450,345400,1954400,3008,966385048,37849254,0
1,10451,1565800,1954400,3008,966385048,37849254,0
1,10452,244900,1954400,3008,966385048,37849254,0
1,10453,1151100,1954400,3008,966385048,37849254,0
1,10454,381200,1954400,3008,966385048,37849254,0
1,10455,2044800,1954400,3008,966385048,37849254,0
1,10456,253300,1954400,3008,966385048,37849254,0
1,10457,1553700,1954400,3008,966385048,37849254,0
1,10458,355800,1954400,3008,966385048,37849254,0
1,10459,1838300,1954400,3008,966385048,37849254,0
1,10460,252500,1954400,3008,966385048,37849254,0
1,10461,1852800,1954400,3008,966385048,37849254,0
1,10462,419100,1954400,3008,966385048,37849254,0
1,10463,1606300,1954400,3008,966385048,37849254,0
1,10464,350100,1954400,3008,966385048,37849254,0
1,10465,1778800,1954400,3008,966385048,37849254,0
1,10466,355600,1954400,3008,966385048,37849254,0
1,10467,1326300,1954400,3008,966385048,37849254,0
1,10468,244400,1954400,3008,966385048,37849254,0
1,10469,1447300,1954400,3008,966385048,37849254,0
1,10470,608300,1954400,3008,966385048,37849254,0
1,10471,1469300,1954400,3008,966385048,37849254,0
1,10472,336800,1954400,3008,966385048,37849254,0
1,10473,1819000,1954400,3008,966385048,37849254,0
1,10474,321800,1954400,3008,966385048,37849254,0
1,10475,1678200,1954400,3008,966385048,37849254,0
1,10476,305700,1954400,3008,966385048,37849254,0
1,10477,1840600,1954400,3008,966385048,37849254,0
1,10478,350200,1954400,3008,966385048,37849254,0
1,10479,1763700,1954400,3008,966385048,37849254,0
1,10480,350900,1954400,3008,966385048,37849254,0
1,10481,2065400,1954400,3008,966385048,37849254,0
1,10482,316300,1954400,3008,966385048,37849254,0
1,10483,2072900,1954400,3008,966385048,37849254,0
1,10484,393500,1954400,3008,966385048,37849254,0
1,10485,1828700,1954400,3008,966385048,37849254,0
1,10486,278500,1954400,3008,966385048,37849254,0
1,10487,1276700,1954400,3008,966385048,37849254,0
1,10488,403300,1954400,3008,966385048,37849254,0
1,10489,1895400,1954400,3008,966385048,37849254,0
1,10490,368200,1954400,3008,966385048,37849254,0
1,10491,1822300,1954400,3008,966385048,37849254,0
1,10492,338200,1954400,3008,966385048,37849254,0
1,10493,1811800,1954400,3008,966385048,37849254,0
1,10494,334200,1954400,3008,966385048,37849254,0
1,10495,1767000,1954400,3008,966385048,37849254,0
1,10496,360400,1954400,3008,966385048,37849254,0
1,10497,1838400,1954400,3008,966385048,37849254,0
1,10498,234400,1954400,3008,966385048,37849254,0
1,10499,1475000,1954400,3008,966385048,37849254,0
1,10500,355600,1954400,3008,966385048,37849254,0
1,10501,1767800,1954400,3008,966385048,37849254,0
1,10502,249100,1954400,3008,966385048,37849254,0
1,10503,1657000,1954400,3008,966385048,37849254,0
1,10504,310000,1954400,3008,966385048,37849254,0
1,10505,1852300,1954400,3008,966385048,37849254,0
1,10506,245800,1954400,3008,966385048,37849254,0
1,10507,1856200,1954400,3008,966385048,37849254,0
1,10508,271000,1954400,3008,966385048,37849254,0
1,10509,1886500,1954400,3008,966385048,37849254,0
1,10510,356700,1954400,3008,966385048,37849254,0
1,10511,1866500,1954400,3008,966385048,37849254,0
1,10512,457300,1954400,3008,966385048,37849254,0
1,10513,1751000,1954400,3008,966385048,37849254,0
1,10514,370300,1954400,3008,966385048,37849254,0
1,10515,1593800,1954400,3008,966385048,37849254,0
1,10516,249300,1954400,3008,966385048,37849254,0
1,10517,1343900,1954400,3008,966385048,37849254,0
1,10518,252200,1954400,3008,966385048,37849254,0
1,10519,2048800,1954400,3008,966385048,37849254,0
1,10520,334600,1954400,3008,966385048,37849254,0
1,10521,1762300,1954400,3008,966385048,37849254,0
1,10522,359500,1954400,3008,966385048,37849254,0
1,10523,1920500,1954400,3008,966385048,37849254,0
1,10524,354800,1954400,3008,966385048,37849254,0
1,10525,1289700,1954400,3008,966385048,37849254,0
1,10526,342600,1954400,3008,966385048,37849254,0
1,10527,1798000,1954400,3008,966385048,37849254,0
1,10528,358400,1954400,3008,966385048,37849254,0
1,10529,1828300,1954400,3008,966385048,37849254,0
1,10530,223000,1954400,3008,966385048,37849254,0
1,10531,1409800,1954400,3008,966385048,37849254,0
1,10532,370800,1954400,3008,966385048,37849254,0
1,10533,1342100,1954400,3008,966385048,37849254,0
1,10534,348000,1954400,3008,966385048,37849254,0
1,10535,1457200,1954400,3008,966385048,37849254,0
1,10536,269400,1954400,3008,966385048,37849254,0
1,10537,1836500,1954400,3008,966385048,37849254,0
1,10538,242100,1954400,3008,966385048,37849254,0
1,10539,1569500,1954400,3008,966385048,37849254,0
1,10540,372100,1954400,3008,966385048,37849254,0
1,10541,1842700,1954400,3008,966385048,37849254,0
1,10542,308800,1954400,3008,966385048,37849254,0
1,10543,1766200,1954400,3008,966385048,37849254,0
1,10544,242000,1954400,3008,966385048,37849254,0
1,10545,1245700,1954400,3008,966385048,37849254,0
1,10546,362300,1954400,3008,966385048,37849254,0
1,10547,1377400,1954400,3008,966385048,37849254,0
1,10548,350600,1954400,3008,966385048,37849254,0
1,10549,1331900,1954400,3008,966385048,37849254,0
1,10550,325300,1954400,3008,966385048,37849254,0
1,10551,1497300,1954400,3008,966385048,37849254,0
1,10552,359200,1954400,3008,966385048,37849254,0
1,10553,1836100,1954400,3008,966385048,37849254,0
1,10554,288600,1954400,3008,966385048,37849254,0
1,10555,1831300,1954400,3008,966385048,37849254,0
1,10556,326400,1954400,3008,966385048,37849254,0
1,10557,1854000,1954400,3008,966385048,37849254,0
1,10558,358000,1954400,3008,966385048,37849254,0
1,10559,1856100,1954400,3008,966385048,37849254,0
1,10560,298000,1954400,3008,966385048,37849254,0
1,10561,1567200,1954400,3008,966385048,37849254,0
1,10562,456900,1954400,3008,966385048,37849254,0
1,10563,1357300,1954400,3008,966385048,37849254,0
1,10564,637900,1954400,3008,966385048,37849254,0
1,10565,1817300,1954400,3008,966385048,37849254,0
1,10566,358800,1954400,3008,966385048,37849254,0
1,10567,2047600,1954400,3008,966385048,37849254,0
1,10568,315100,1954400,3008,966385048,37849254,0
1,10569,1780200,1954400,3008,966385048,37849254,0
1,10570,478900,1954400,3008,966385048,37849254,0
1,10571,1839500,1954400,3008,966385048,37849254,0
1,10572,248500,1954400,3008,966385048,37849254,0
1,10573,1599700,1954400,3008,966385048,37849254,0
1,10574,267300,1954400,3008,966385048,37849254,0
1,10575,1268500,1954400,3008,966385048,37849254,0
1,10576,363300,1954400,3008,966385048,37849254,0
1,10577,2066600,1954400,3008,966385048,37849254,0
1,10578,281100,1954400,3008,966385048,37849254,0
1,10579,1514200,1954400,3008,966385048,37849254,0
1,10580,330000,1954400,3008,966385048,37849254,0
1,10581,1668100,1954400,3008,966385048,37849254,0
1,10582,370800,1954400,3008,966385048,37849254,0
1,10583,1776400,1954400,3008,966385048,37849254,0
1,10584,371000,1954400,3008,966385048,37849254,0
1,10585,1807400,1954400,3008,966385048,37849254,0
1,10586,256500,1954400,3008,966385048,37849254,0
1,10587,1409200,1954400,3008,966385048,37849254,0
1,10588,445000,1954400,3008,966385048,37849254,0
1,10589,1636700,1954400,3008,966385048,37849254,0
1,10590,324500,1954400,3008,966385048,37849254,0
1,10591,1740800,1954400,3008,966385048,37849254,0
1,10592,347900,1954400,3008,966385048,37849254,0
1,10593,1771900,1954400,3008,966385048,37849254,0
1,10594,235500,1954400,3008,966385048,37849254,0
1,10595,1853200,1954400,3008,966385048,37849254,0
1,10596,412700,1954400,3008,966385048,37849254,0
1,10597,1610700,1954400,3008,966385048,37849254,0
1,10598,252500,1954400,3008,966385048,37849254,0
1,10599,1894600,1954400,3008,966385048,37849254,0
1,10600,287500,1954400,3008,966385048,37849254,0
1,10601,1800800,1954400,3008,966385048,37849254,0
1,10602,383900,1954400,3008,966385048,37849254,0
1,10603,1816900,1954400,3008,966385048,37849254,0
1,10604,356900,1954400,3008,966385048,37849254,0
1,10605,1830100,1954400,3008,966385048,37849254,0
1,10606,428700,1954400,3008,966385048,37849254,0
1,10607,1453600,1954400,3008,966385048,37849254,0
1,10608,357100,1954400,3008,966385048,37849254,0
1,10609,1595700,1954400,3008,966385048,37849254,0
1,10610,326300,1954400,3008,966385048,37849254,0
1,10611,1619600,1954400,3008,966385048,37849254,0
1,10612,244900,1954400,3008,966385048,37849254,0
1,10613,1826900,1954400,3008,966385048,37849254,0
1,10614,348500,1954400,3008,966385048,37849254,0
1,10615,1848600,1954400,3008,966385048,37849254,0
1,10616,435900,1954400,3008,966385048,37849254,0
1,10617,1727300,1954400,3008,966385048,37849254,0
1,10618,254700,1954400,3008,966385048,37849254,0
1,10619,1832700,1954400,3008,966385048,37849254,0
1,10620,347500,1954400,3008,966385048,37849254,0
1,10621,1376200,1954400,3008,966385048,37849254,0
1,10622,348500,1954400,3008,966385048,37849254,0
1,10623,1484000,1954400,3008,966385048,37849254,0
1,10624,337800,1954400,3008,966385048,37849254,0
1,10625,1768400,1954400,3008,966385048,37849254,0
1,10626,363600,1954400,3008,966385048,37849254,0
1,10627,1596500,1954400,3008,966385048,37849254,0
1,10628,267400,1954400,3008,966385048,37849254,0
1,10629,1472600,1954400,3008,966385048,37849254,0
1,10630,319900,1954400,3008,966385048,37849254,0
1,10631,1711900,1954400,3008,966385048,37849254,0
1,10632,226800,1954400,3008,966385048,37849254,0
1,10633,1557300,1954400,3008,966385048,37849254,0
1,10634,318300,1954400,3008,966385048,37849254,0
1,10635,1271300,1954400,3008,966385048,37849254,0
1,10636,313900,1954400,3008,966385048,37849254,0
1,10637,1272700,1954400,3008,966385048,37849254,0
1,10638,382300,1954400,3008,966385048,37849254,0
1,10639,1830700,1954400,3008,966385048,37849254,0
1,10640,303600,1954400,3008,966385048,37849254,0
1,10641,1408900,1954400,3008,966385048,37849254,0
1,10642,208800,1954400,3008,966385048,37849254,0
1,10643,1858400,1954400,3008,966385048,37849254,0
1,10644,302900,1954400,3008,966385048,37849254,0
1,10645,1453400,1954400,3008,966385048,37849254,0
1,10646,351600,1954400,3008,966385048,37849254,0
1,10647,1553700,1954400,3008,966385048,37849254,0
1,10648,297300,1954400,3008,966385048,37849254,0
1,10649,2139400,1954400,3008,966385048,37849254,0
1,10650,374900,1954400,3008,966385048,37849254,0
1,10651,1718400,1954400,3008,966385048,37849254,0
1,10652,364500,1954400,3008,966385048,37849254,0
1,10653,1646200,1954400,3008,966385048,37849254,0
1,10654,355500,1954400,3008,966385048,37849254,0
1,10655,1654500,1954400,3008,966385048,37849254,0
1,10656,255100,1954400,3008,966385048,37849254,0
1,10657,1621600,1954400,3008,966385048,37849254,0
1,10658,360300,1954400,3008,966385048,37849254,0
1,10659,1437500,1954400,3008,966385048,37849254,0
1,10660,338800,1954400,3008,966385048,37849254,0
1,10661,1717700,1954400,3008,966385048,37849254,0
1,10662,344800,1954400,3008,966385048,37849254,0
1,10663,1853800,1954400,3008,966385048,37849254,0
1,10664,425500,1954400,3008,966385048,37849254,0
1,10665,1835600,1954400,3008,966385048,37849254,0
1,10666,335400,1954400,3008,966385048,37849254,0
1,10667,2234200,1954400,3008,966385048,37849254,0
1,10668,337700,1954400,3008,966385048,37849254,0
1,10669,1634200,1954400,3008,966385048,37849254,0
1,10670,382700,1954400,3008,966385048,37849254,0
1,10671,1791200,1954400,3008,966385048,37849254,0
1,10672,203800,1954400,3008,966385048,37849254,0
1,10673,1276900,1954400,3008,966385048,37849254,0
1,10674,324000,1954400,3008,966385048,37849254,0
1,10675,1825500,1954400,3008,966385048,37849254,0
1,10676,422400,1954400,3008,966385048,37849254,0
1,10677,1230700,1954400,3008,966385048,37849254,0
1,10678,275200,1954400,3008,966385048,37849254,0
1,10679,1818100,1954400,3008,966385048,37849254,0
1,10680,207100,1954400,3008,966385048,37849254,0
1,10681,1854800,1954400,3008,966385048,37849254,0
1,10682,280400,1954400,3008,966385048,37849254,0
1,10683,1866600,1954400,3008,966385048,37849254,0
1,10684,417000,1954400,3008,966385048,37849254,0
1,10685,1878300,1954400,3008,966385048,37849254,0
1,10686,355100,1954400,3008,966385048,37849254,0
1,10687,1824100,1954400,3008,966385048,37849254,0
1,10688,412100,1954400,3008,966385048,37849254,0
1,10689,1861600,1954400,3008,966385048,37849254,0
1,10690,348600,1954400,3008,966385048,37849254,0
1,10691,1307300,1954400,3008,966385048,37849254,0
1,10692,367500,1954400,3008,966385048,37849254,0
1,10693,1878400,1954400,3008,966385048,37849254,0
1,10694,346600,1954400,3008,966385048,37849254,0
1,10695,1839500,1954400,3008,966385048,37849254,0
1,10696,334900,1954400,3008,966385048,37849254,0
1,10697,1598000,1954400,3008,966385048,37849254,0
1,10698,320700,1954400,3008,966385048,37849254,0
1,10699,1532200,1954400,3008,966385048,37849254,0
1,10700,346500,1954400,3008,966385048,37849254,0
1,10701,1868900,1954400,3008,966385048,37849254,0
1,10702,358500,1954400,3008,966385048,37849254,0
1,10703,2080600,1954400,3008,966385048,37849254,0
1,10704,173800,1954400,3008,966385048,37849254,0
1,10705,1818800,1954400,3008,966385048,37849254,0
1,10706,367800,1954400,3008,966385048,37849254,0
1,10707,1828600,1954400,3008,966385048,37849254,0
1,10708,402800,1954400,3008,966385048,37849254,0
1,10709,3505900,1954400,3008,966385048,37849254,0
1,10710,278300,1954400,3008,966385048,37849254,0
1,10711,1770700,1954400,3008,966385048,37849254,0
1,10712,381100,1954400,3008,966385048,37849254,0
1,10713,1855400,1954400,3008,966385048,37849254,0
1,10714,404300,1954400,3008,966385048,37849254,0
1,10715,1418300,1954400,3008,966385048,37849254,0
1,10716,270500,1954400,3008,966385048,37849254,0
1,10717,1628800,1954400,3008,966385048,37849254,0
1,10718,331000,1954400,3008,966385048,37849254,0
1,10719,2175500,1954400,3008,966385048,37849254,0
1,10720,356700,1954400,3008,966385048,37849254,0
1,10721,1682500,1954400,3008,966385048,37849254,0
1,10722,343500,1954400,3008,966385048,37849254,0
1,10723,1486400,1954400,3008,966385048,37849254,0
1,10724,356200,1954400,3008,966385048,37849254,0
1,10725,2048900,1954400,3008,966385048,37849254,0
1,10726,372300,1954400,3008,966385048,37849254,0
1,10727,1825400,1954400,3008,966385048,37849254,0
1,10728,362400,1954400,3008,966385048,37849254,0
1,10729,1259300,1954400,3008,966385048,37849254,0
1,10730,282200,1954400,3008,966385048,37849254,0
1,10731,1733100,1954400,3008,966385048,37849254,0
1,10732,345700,1954400,3008,966385048,37849254,0
1,10733,1862600,1954400,3008,966385048,37849254,0
1,10734,355800,1954400,3008,966385048,37849254,0
1,10735,1230700,1954400,3008,966385048,37849254,0
1,10736,356500,1954400,3008,966385048,37849254,0
1,10737,1761600,1954400,3008,966385048,37849254,0
1,10738,297700,1954400,3008,966385048,37849254,0
1,10739,1819600,1954400,3008,966385048,37849254,0
1,10740,325400,1954400,3008,966385048,37849254,0
1,10741,1856200,1954400,3008,966385048,37849254,0
1,10742,279100,1954400,3008,966385048,37849254,0
1,10743,1736600,1954400,3008,966385048,37849254,0
1,10744,336500,1954400,3008,966385048,37849254,0
1,10745,1764100,1954400,3008,966385048,37849254,0
1,10746,338900,1954400,3008,966385048,37849254,0
1,10747,1683500,1954400,3008,966385048,37849254,0
1,10748,359100,1954400,3008,966385048,37849254,0
1,10749,1870500,1954400,3008,966385048,37849254,0
1,10750,280900,1954400,3008,966385048,37849254,0
1,10751,2032500,1954400,3008,966385048,37849254,0
1,10752,315800,1954400,3008,966385048,37849254,0
1,10753,1740600,1954400,3008,966385048,37849254,0
1,10754,282900,1954400,3008,966385048,37849254,0
1,10755,1517900,1954400,3008,966385048,37849254,0
1,10756,357000,1954400,3008,966385048,37849254,0
1,10757,1631200,1954400,3008,966385048,37849254,0
1,10758,250100,1954400,3008,966385048,37849254,0
1,10759,1609400,1954400,3008,966385048,37849254,0
1,10760,347600,1954400,3008,966385048,37849254,0
1,10761,1534700,1954400,3008,966385048,37849254,0
1,10762,317300,1954400,3008,966385048,37849254,0
1,10763,1739400,1954400,3008,966385048,37849254,0
1,10764,309400,1954400,3008,966385048,37849254,0
1,10765,1834800,1954400,3008,966385048,37849254,0
1,10766,360400,1954400,3008,966385048,37849254,0
1,10767,1753700,1954400,3008,966385048,37849254,0
1,10768,372800,1954400,3008,966385048,37849254,0
1,10769,1988200,1954400,3008,966385048,37849254,0
1,10770,262900,1954400,3008,966385048,37849254,0
1,10771,1717900,1954400,3008,966385048,37849254,0
1,10772,254700,1954400,3008,966385048,37849254,0
1,10773,1788700,1954400,3008,966385048,37849254,0
1,10774,350300,1954400,3008,966385048,37849254,0
1,10775,1551800,1954400,3008,966385048,37849254,0
1,10776,385100,1954400,3008,966385048,37849254,0
1,10777,1259700,1954400,3008,966385048,37849254,0
1,10778,349800,1954400,3008,966385048,37849254,0
1,10779,1250900,1954400,3008,966385048,37849254,0
1,10780,362200,1954400,3008,966385048,37849254,0
1,10781,1886600,1954400,3008,966385048,37849254,0
1,10782,358900,1954400,3008,966385048,37849254,0
1,10783,1242300,1954400,3008,966385048,37849254,0
1,10784,349600,1954400,3008,966385048,37849254,0
1,10785,1530600,1954400,3008,966385048,37849254,0
1,10786,320000,1954400,3008,966385048,37849254,0
1,10787,1886200,1954400,3008,966385048,37849254,0
1,10788,329900,1954400,3008,966385048,37849254,0
1,10789,1900300,1954400,3008,966385048,37849254,0
1,10790,282900,1954400,3008,966385048,37849254,0
1,10791,1598000,1954400,3008,966385048,37849254,0
1,10792,373200,1954400,3008,966385048,37849254,0
1,10793,1808800,1954400,3008,966385048,37849254,0
1,10794,351400,1954400,3008,966385048,37849254,0
1,10795,1801400,1954400,3008,966385048,37849254,0
1,10796,260700,1954400,3008,966385048,37849254,0
1,10797,1866500,1954400,3008,966385048,37849254,0
1,10798,208600,1954400,3008,966385048,37849254,0
1,10799,1279200,1954400,3008,966385048,37849254,0
1,10800,266900,1954400,3008,966385048,37849254,0
1,10801,1354400,1954400,3008,966385048,37849254,0
1,10802,366800,1954400,3008,966385048,37849254,0
1,10803,1389900,1954400,3008,966385048,37849254,0
1,10804,371500,1954400,3008,966385048,37849254,0
1,10805,1830600,1954400,3008,966385048,37849254,0
1,10806,329000,1954400,3008,966385048,37849254,0
1,10807,1559400,1954400,3008,966385048,37849254,0
1,10808,201500,1954400,3008,966385048,37849254,0
1,10809,1463000,1954400,3008,966385048,37849254,0
1,10810,357900,1954400,3008,966385048,37849254,0
1,10811,1812400,1954400,3008,966385048,37849254,0
1,10812,188600,1954400,3008,966385048,37849254,0
1,10813,1840500,1954400,3008,966385048,37849254,0
1,10814,365400,1954400,3008,966385048,37849254,0
1,10815,1739000,1954400,3008,966385048,37849254,0
1,10816,351300,1954400,3008,966385048,37849254,0
1,10817,1762800,1954400,3008,966385048,37849254,0
1,10818,294400,1954400,3008,966385048,37849254,0
1,10819,1237100,1954400,3008,966385048,37849254,0
1,10820,240500,1954400,3008,966385048,37849254,0
1,10821,1525900,1954400,3008,966385048,37849254,0
1,10822,258100,1954400,3008,966385048,37849254,0
1,10823,2132300,1954400,3008,966385048,37849254,0
1,10824,327800,1954400,3008,966385048,37849254,0
1,10825,1298600,1954400,3008,966385048,37849254,0
1,10826,354900,1954400,3008,966385048,37849254,0
1,10827,1838100,1954400,3008,966385048,37849254,0
1,10828,313200,1954400,3008,966385048,37849254,0
1,10829,1553300,1954400,3008,966385048,37849254,0
1,10830,306100,1954400,3008,966385048,37849254,0
1,10831,1761700,1954400,3008,966385048,37849254,0
1,10832,412800,1954400,3008,966385048,37849254,0
1,10833,1881100,1954400,3008,966385048,37849254,0
1,10834,456400,1954400,3008,966385048,37849254,0
1,10835,1836400,1954400,3008,966385048,37849254,0
1,10836,355400,1954400,3008,966385048,37849254,0
1,10837,1361800,1954400,3008,966385048,37849254,0
1,10838,315200,1954400,3008,966385048,37849254,0
1,10839,1480000,1954400,3008,966385048,37849254,0
1,10840,370600,1954400,3008,966385048,37849254,0
1,10841,2136900,1954400,3008,966385048,37849254,0
1,10842,311400,1954400,3008,966385048,37849254,0
1,10843,1538200,1954400,3008,966385048,37849254,0
1,10844,253200,1954400,3008,966385048,37849254,0
1,10845,1821100,1954400,3008,966385048,37849254,0
1,10846,386600,1954400,3008,966385048,37849254,0
1,10847,1523300,1954400,3008,966385048,37849254,0
1,10848,412600,1954400,3008,966385048,37849254,0
1,10849,1322000,1954400,3008,966385048,37849254,0
1,10850,309000,1954400,3008,966385048,37849254,0
1,10851,1888500,1954400,3008,966385048,37849254,0
1,10852,253300,1954400,3008,966385048,37849254,0
1,10853,1747400,1954400,3008,966385048,37849254,0
1,10854,235300,1954400,3008,966385048,37849254,0
1,10855,1690400,1954400,3008,966385048,37849254,0
1,10856,303900,1954400,3008,966385048,37849254,0
1,10857,1452400,1954400,3008,966385048,37849254,0
1,10858,269400,1954400,3008,966385048,37849254,0
1,10859,1628100,1954400,3008,966385048,37849254,0
1,10860,276900,1954400,3008,966385048,37849254,0
1,10861,1344000,1954400,3008,966385048,37849254,0
1,10862,279000,1954400,3008,966385048,37849254,0
1,10863,1863100,1954400,3008,966385048,37849254,0
1,10864,373200,1954400,3008,966385048,37849254,0
1,10865,1630500,1954400,3008,966385048,37849254,0
1,10866,256400,1954400,3008,966385048,37849254,0
1,10867,1538200,1954400,3008,966385048,37849254,0
1,10868,400100,1954400,3008,966385048,37849254,0
1,10869,1919400,1954400,3008,966385048,37849254,0
1,10870,241600,1954400,3008,966385048,37849254,0
1,10871,1835900,1954400,3008,966385048,37849254,0
1,10872,354900,1954400,3008,966385048,37849254,0
1,10873,1127500,1954400,3008,966385048,37849254,0
1,10874,409000,1954400,3008,966385048,37849254,0
1,10875,1893300,1954400,3008,966385048,37849254,0
1,10876,252400,1954400,3008,966385048,37849254,0
1,10877,1784300,1954400,3008,966385048,37849254,0
1,10878,348800,1954400,3008,966385048,37849254,0
1,10879,2020800,1954400,3008,966385048,37849254,0
1,10880,331400,1954400,3008,966385048,37849254,0
1,10881,1833300,1954400,3008,966385048,37849254,0
1,10882,532100,1954400,3008,966385048,37849254,0
1,10883,1351600,1954400,3008,966385048,37849254,0
1,10884,350000,1954400,3008,966385048,37849254,0
1,10885,1826200,1954400,3008,966385048,37849254,0
1,10886,310000,1954400,3008,966385048,37849254,0
1,10887,1854500,1954400,3008,966385048,37849254,0
1,10888,382500,1954400,3008,966385048,37849254,0
1,10889,1853400,1954400,3008,966385048,37849254,0
1,10890,327400,1954400,3008,966385048,37849254,0
1,10891,1836200,1954400,3008,966385048,37849254,0
1,10892,365000,1954400,3008,966385048,37849254,0
1,10893,1779700,1954400,3008,966385048,37849254,0
1,10894,316800,1954400,3008,966385048,37849254,0
1,10895,1402400,1954400,3008,966385048,37849254,0
1,10896,259400,1954400,3008,966385048,37849254,0
1,10897,1671600,1954400,3008,966385048,37849254,0
1,10898,324800,1954400,3008,966385048,37849254,0
1,10899,1831300,1954400,3008,966385048,37849254,0
1,10900,433200,1954400,3008,966385048,37849254,0
1,10901,1377300,1954400,3008,966385048,37849254,0
1,10902,298600,1954400,3008,966385048,37849254,0
1,10903,1654900,1954400,3008,966385048,37849254,0
1,10904,324900,1954400,3008,966385048,37849254,0
1,10905,1830900,1954400,3008,966385048,37849254,0
1,10906,383500,1954400,3008,966385048,37849254,0
1,10907,1639800,1954400,3008,966385048,37849254,0
1,10908,279300,1954400,3008,966385048,37849254,0
1,10909,1374900,1954400,3008,966385048,37849254,0
1,10910,341000,1954400,3008,966385048,37849254,0
1,10911,1839000,1954400,3008,966385048,37849254,0
1,10912,249200,1954400,3008,966385048,37849254,0
1,10913,1801500,1954400,3008,966385048,37849254,0
1,10914,352600,1954400,3008,966385048,37849254,0
1,10915,2056900,1954400,3008,966385048,37849254,0
1,10916,360700,1954400,3008,966385048,37849254,0
1,10917,2084600,1954400,3008,966385048,37849254,0
1,10918,392400,1954400,3008,966385048,37849254,0
1,10919,1827800,1954400,3008,966385048,37849254,0
1,10920,375300,1954400,3008,966385048,37849254,0
1,10921,1533800,1954400,3008,966385048,37849254,0
1,10922,364800,1954400,3008,966385048,37849254,0
1,10923,1250100,1954400,3008,966385048,37849254,0
1,10924,303600,1954400,3008,966385048,37849254,0
1,10925,1789200,1954400,3008,966385048,37849254,0
1,10926,197000,1954400,3008,966385048,37849254,0
1,10927,1958900,1954400,3008,966385048,37849254,0
1,10928,309600,1954400,3008,966385048,37849254,0
1,10929,1968400,1954400,3008,966385048,37849254,0
1,10930,319600,1954400,3008,966385048,37849254,0
1,10931,1867900,1954400,3008,966385048,37849254,0
1,10932,280700,1954400,3008,966385048,37849254,0
1,10933,2032100,1954400,3008,966385048,37849254,0
1,10934,407700,1954400,3008,966385048,37849254,0
1,10935,1560600,1954400,3008,966385048,37849254,0
1,10936,296300,1954400,3008,966385048,37849254,0
1,10937,1673700,1954400,3008,966385048,37849254,0
1,10938,370900,1954400,3008,966385048,37849254,0
1,10939,1664100,1954400,3008,966385048,37849254,0
1,10940,262300,1954400,3008,966385048,37849254,0
1,10941,1835500,1954400,3008,966385048,37849254,0
1,10942,353400,1954400,3008,966385048,37849254,0
1,10943,1764200,1954400,3008,966385048,37849254,0
1,10944,358700,1954400,3008,966385048,37849254,0
1,10945,1819400,1954400,3008,966385048,37849254,0
1,10946,242100,1954400,3008,966385048,37849254,0
1,10947,1897000,1954400,3008,966385048,37849254,0
1,10948,426800,1954400,3008,966385048,37849254,0
1,10949,1928600,1954400,3008,966385048,37849254,0
1,10950,335200,1954400,3008,966385048,37849254,0
1,10951,1987900,1954400,3008,966385048,37849254,0
1,10952,329300,1954400,3008,966385048,37849254,0
1,10953,1471700,1954400,3008,966385048,37849254,0
1,10954,347000,1954400,3008,966385048,37849254,0
1,10955,1828200,1954400,3008,966385048,37849254,0
1,10956,273300,1954400,3008,966385048,37849254,0
1,10957,1756000,1954400,3008,966385048,37849254,0
1,10958,227400,1954400,3008,966385048,37849254,0
1,10959,1830600,1954400,3008,966385048,37849254,0
1,10960,297400,1954400,3008,966385048,37849254,0
1,10961,1974700,1954400,3008,966385048,37849254,0
1,10962,411300,1954400,3008,966385048,37849254,0
1,10963,1984600,1954400,3008,966385048,37849254,0
1,10964,349600,1954400,3008,966385048,37849254,0
1,10965,1671900,1954400,3008,966385048,37849254,0
1,10966,305900,1954400,3008,966385048,37849254,0
1,10967,1850000,1954400,3008,966385048,37849254,0
1,10968,347400,1954400,3008,966385048,37849254,0
1,10969,1782700,1954400,3008,966385048,37849254,0
1,10970,345800,1954400,3008,966385048,37849254,0
1,10971,1840500,1954400,3008,966385048,37849254,0
1,10972,736200,1954400,3008,966385048,37849254,0
1,10973,1720600,1954400,3008,966385048,37849254,0
1,10974,295900,1954400,3008,966385048,37849254,0
1,10975,1822200,1954400,3008,966385048,37849254,0
1,10976,384400,1954400,3008,966385048,37849254,0
1,10977,1738700,1954400,3008,966385048,37849254,0
1,10978,347900,1954400,3008,966385048,37849254,0
1,10979,1810800,1954400,3008,966385048,37849254,0
1,10980,348600,1954400,3008,966385048,37849254,0
1,10981,1820800,1954400,3008,966385048,37849254,0
1,10982,361200,1954400,3008,966385048,37849254,0
1,10983,1766100,1954400,3008,966385048,37849254,0
1,10984,345900,1954400,3008,966385048,37849254,0
1,10985,1255000,1954400,3008,966385048,37849254,0
1,10986,246500,1954400,3008,966385048,37849254,0
1,10987,1933800,1954400,3008,966385048,37849254,0
1,10988,359000,1954400,3008,966385048,37849254,0
1,10989,1223600,1954400,3008,966385048,37849254,0
1,10990,258100,1954400,3008,966385048,37849254,0
1,10991,1824800,1954400,3008,966385048,37849254,0
1,10992,539500,1954400,3008,966385048,37849254,0
1,10993,1731500,1954400,3008,966385048,37849254,0
1,10994,296100,1954400,3008,966385048,37849254,0
1,10995,1780200,1954400,3008,966385048,37849254,0
1,10996,340500,1954400,3008,966385048,37849254,0
1,10997,1875800,1954400,3008,966385048,37849254,0
1,10998,355200,1954400,3008,966385048,37849254,0
1,10999,1834300,1954400,3008,966385048,37849254,0
1,11000,254400,1954400,3008,966385048,37849254,0
1,11001,1845600,1954400,3008,966385048,37849254,0
1,11002,270500,1954400,3008,966385048,37849254,0
1,11003,1867900,1954400,3008,966385048,37849254,0
1,11004,288200,1954400,3008,966385048,37849254,0
1,11005,1732800,1954400,3008,966385048,37849254,0
1,11006,282100,1954400,3008,966385048,37849254,0
1,11007,1838900,1954400,3008,966385048,37849254,0
1,11008,315000,1954400,3008,966385048,37849254,0
1,11009,2006600,1954400,3008,966385048,37849254,0
1,11010,360300,1954400,3008,966385048,37849254,0
1,11011,1831500,1954400,3008,966385048,37849254,0
1,11012,333400,1954400,3008,966385048,37849254,0
1,11013,1266600,1954400,3008,966385048,37849254,0
1,11014,262000,1954400,3008,966385048,37849254,0
1,11015,1566300,1954400,3008,966385048,37849254,0
1,11016,353400,1954400,3008,966385048,37849254,0
1,11017,1841300,1954400,3008,966385048,37849254,0
1,11018,354900,1954400,3008,966385048,37849254,0
1,11019,1839200,1954400,3008,966385048,37849254,0
1,11020,379800,1954400,3008,966385048,37849254,0
1,11021,1871600,1954400,3008,966385048,37849254,0
1,11022,384600,1954400,3008,966385048,37849254,0
1,11023,1359600,1954400,3008,966385048,37849254,0
1,11024,220500,1954400,3008,966385048,37849254,0
1,11025,1817800,1954400,3008,966385048,37849254,0
1,11026,318400,1954400,3008,966385048,37849254,0
1,11027,1879900,1954400,3008,966385048,37849254,0
1,11028,424900,1954400,3008,966385048,37849254,0
1,11029,1982800,1954400,3008,966385048,37849254,0
1,11030,428900,1954400,3008,966385048,37849254,0
1,11031,1817300,1954400,3008,966385048,37849254,0
1,11032,378700,1954400,3008,966385048,37849254,0
1,11033,1413400,1954400,3008,966385048,37849254,0
1,11034,255800,1954400,3008,966385048,37849254,0
1,11035,1852300,1954400,3008,966385048,37849254,0
1,11036,262000,1954400,3008,966385048,37849254,0
1,11037,1651600,1954400,3008,966385048,37849254,0
1,11038,298400,1954400,3008,966385048,37849254,0
1,11039,1808500,1954400,3008,966385048,37849254,0
1,11040,252100,1954400,3008,966385048,37849254,0
1,11041,1477100,1954400,3008,966385048,37849254,0
1,11042,379500,1954400,3008,966385048,37849254,0
1,11043,1858100,1954400,3008,966385048,37849254,0
1,11044,407000,1954400,3008,966385048,37849254,0
1,11045,1910900,1954400,3008,966385048,37849254,0
1,11046,326900,1954400,3008,966385048,37849254,0
1,11047,1847000,1954400,3008,966385048,37849254,0
1,11048,347000,1954400,3008,966385048,37849254,0
1,11049,1809400,1954400,3008,966385048,37849254,0
1,11050,281200,1954400,3008,966385048,37849254,0
1,11051,1844700,1954400,3008,966385048,37849254,0
1,11052,283900,1954400,3008,966385048,37849254,0
1,11053,1833900,1954400,3008,966385048,37849254,0
1,11054,352600,1954400,3008,966385048,37849254,0
1,11055,1837200,1954400,3008,966385048,37849254,0
1,11056,377400,1954400,3008,966385048,37849254,0
1,11057,1845400,1954400,3008,966385048,37849254,0
1,11058,329800,1954400,3008,966385048,37849254,0
1,11059,1863000,1954400,3008,966385048,37849254,0
1,11060,374200,1954400,3008,966385048,37849254,0
1,11061,1768700,1954400,3008,966385048,37849254,0
1,11062,349700,1954400,3008,966385048,37849254,0
1,11063,1817200,1954400,3008,966385048,37849254,0
1,11064,356000,1954400,3008,966385048,37849254,0
1,11065,1274300,1954400,3008,966385048,37849254,0
1,11066,245300,1954400,3008,966385048,37849254,0
1,11067,1634300,1954400,3008,966385048,37849254,0
1,11068,245300,1954400,3008,966385048,37849254,0
1,11069,1796600,1954400,3008,966385048,37849254,0
1,11070,367000,1954400,3008,966385048,37849254,0
1,11071,1625700,1954400,3008,966385048,37849254,0
1,11072,352700,1954400,3008,966385048,37849254,0
1,11073,1356900,1954400,3008,966385048,37849254,0
1,11074,342600,1954400,3008,966385048,37849254,0
1,11075,1821300,1954400,3008,966385048,37849254,0
1,11076,287800,1954400,3008,966385048,37849254,0
1,11077,1270900,1954400,3008,966385048,37849254,0
1,11078,322300,1954400,3008,966385048,37849254,0
1,11079,1785800,1954400,3008,966385048,37849254,0
1,11080,359000,1954400,3008,966385048,37849254,0
1,11081,1699100,1954400,3008,966385048,37849254,0
1,11082,243000,1954400,3008,966385048,37849254,0
1,11083,1397000,1954400,3008,966385048,37849254,0
1,11084,256400,1954400,3008,966385048,37849254,0
1,11085,1753600,1954400,3008,966385048,37849254,0
1,11086,354100,1954400,3008,966385048,37849254,0
1,11087,1747900,1954400,3008,966385048,37849254,0
1,11088,248700,1954400,3008,966385048,37849254,0
1,11089,1578900,1954400,3008,966385048,37849254,0
1,11090,370400,1954400,3008,966385048,37849254,0
1,11091,1852900,1954400,3008,966385048,37849254,0
1,11092,258100,1954400,3008,966385048,37849254,0
1,11093,1738900,1954400,3008,966385048,37849254,0
1,11094,309000,1954400,3008,966385048,37849254,0
1,11095,1843700,1954400,3008,966385048,37849254,0
1,11096,297600,1954400,3008,966385048,37849254,0
1,11097,1455200,1954400,3008,966385048,37849254,0
1,11098,356500,1954400,3008,966385048,37849254,0
1,11099,1812400,1954400,3008,966385048,37849254,0
1,11100,250400,1954400,3008,966385048,37849254,0
1,11101,1995700,1954400,3008,966385048,37849254,0
1,11102,364700,1954400,3008,966385048,37849254,0
1,11103,1845000,1954400,3008,966385048,37849254,0
1,11104,335400,1954400,3008,966385048,37849254,0
1,11105,1273900,1954400,3008,966385048,37849254,0
1,11106,349300,1954400,3008,966385048,37849254,0
1,11107,1812000,1954400,3008,966385048,37849254,0
1,11108,403500,1954400,3008,966385048,37849254,0
1,11109,1955500,1954400,3008,966385048,37849254,0
1,11110,361100,1954400,3008,966385048,37849254,0
1,11111,1979300,1954400,3008,966385048,37849254,0
1,11112,775600,1954400,3008,966385048,37849254,0
1,11113,1994400,1954400,3008,966385048,37849254,0
1,11114,210100,1954400,3008,966385048,37849254,0
1,11115,1479800,1954400,3008,966385048,37849254,0
1,11116,170100,1954400,3008,966385048,37849254,0
1,11117,1839300,1954400,3008,966385048,37849254,0
1,11118,387600,1954400,3008,966385048,37849254,0
1,11119,1893600,1954400,3008,966385048,37849254,0
1,11120,411300,1954400,3008,966385048,37849254,0
1,11121,1229600,1954400,3008,966385048,37849254,0
1,11122,314000,1954400,3008,966385048,37849254,0
1,11123,1695100,1954400,3008,966385048,37849254,0
1,11124,350500,1954400,3008,966385048,37849254,0
1,11125,1696800,1954400,3008,966385048,37849254,0
1,11126,356900,1954400,3008,966385048,37849254,0
1,11127,1382100,1954400,3008,966385048,37849254,0
1,11128,359100,1954400,3008,966385048,37849254,0
1,11129,1244600,1954400,3008,966385048,37849254,0
1,11130,522800,1954400,3008,966385048,37849254,0
1,11131,1673800,1954400,3008,966385048,37849254,0
1,11132,246000,1954400,3008,966385048,37849254,0
1,11133,1471100,1954400,3008,966385048,37849254,0
1,11134,269200,1954400,3008,966385048,37849254,0
1,11135,1355700,1954400,3008,966385048,37849254,0
1,11136,227000,1954400,3008,966385048,37849254,0
1,11137,1832400,1954400,3008,966385048,37849254,0
1,11138,326300,1954400,3008,966385048,37849254,0
1,11139,1814300,1954400,3008,966385048,37849254,0
1,11140,307300,1954400,3008,966385048,37849254,0
1,11141,1645600,1954400,3008,966385048,37849254,0
1,11142,389500,1954400,3008,966385048,37849254,0
1,11143,1665900,1954400,3008,966385048,37849254,0
1,11144,375800,1954400,3008,966385048,37849254,0
1,11145,1840000,1954400,3008,966385048,37849254,0
1,11146,385400,1954400,3008,966385048,37849254,0
1,11147,1869600,1954400,3008,966385048,37849254,0
1,11148,505700,1954400,3008,966385048,37849254,0
1,11149,1660700,1954400,3008,966385048,37849254,0
1,11150,341700,1954400,3008,966385048,37849254,0
1,11151,1634700,1954400,3008,966385048,37849254,0
1,11152,189500,1954400,3008,966385048,37849254,0
1,11153,1459400,1954400,3008,966385048,37849254,0
1,11154,353500,1954400,3008,966385048,37849254,0
1,11155,1853000,1954400,3008,966385048,37849254,0
1,11156,254600,1954400,3008,966385048,37849254,0
1,11157,1933500,1954400,3008,966385048,37849254,0
1,11158,384700,1954400,3008,966385048,37849254,0
1,11159,1757600,1954400,3008,966385048,37849254,0
1,11160,380700,1954400,3008,966385048,37849254,0
1,11161,1697500,1954400,3008,966385048,37849254,0
1,11162,270300,1954400,3008,966385048,37849254,0
1,11163,1715600,1954400,3008,966385048,37849254,0
1,11164,388400,1954400,3008,966385048,37849254,0
1,11165,1650900,1954400,3008,966385048,37849254,0
1,11166,359800,1954400,3008,966385048,37849254,0
1,11167,1670000,1954400,3008,966385048,37849254,0
1,11168,287500,1954400,3008,966385048,37849254,0
1,11169,2073000,1954400,3008,966385048,37849254,0
1,11170,354300,1954400,3008,966385048,37849254,0
1,11171,1301800,1954400,3008,966385048,37849254,0
1,11172,369400,1954400,3008,966385048,37849254,0
1,11173,1810600,1954400,3008,966385048,37849254,0
1,11174,354600,1954400,3008,966385048,37849254,0
1,11175,1867100,1954400,3008,966385048,37849254,0
1,11176,394700,1954400,3008,966385048,37849254,0
1,11177,1792000,1954400,3008,966385048,37849254,0
1,11178,313800,1954400,3008,966385048,37849254,0
1,11179,2050600,1954400,3008,966385048,37849254,0
1,11180,354600,1954400,3008,966385048,37849254,0
1,11181,1863400,1954400,3008,966385048,37849254,0
1,11182,348400,1954400,3008,966385048,37849254,0
1,11183,1554500,1954400,3008,966385048,37849254,0
1,11184,379800,1954400,3008,966385048,37849254,0
1,11185,1821100,1954400,3008,966385048,37849254,0
1,11186,361500,1954400,3008,966385048,37849254,0
1,11187,1219200,1954400,3008,966385048,37849254,0
1,11188,354500,1954400,3008,966385048,37849254,0
1,11189,1765800,1954400,3008,966385048,37849254,0
1,11190,360800,1954400,3008,966385048,37849254,0
1,11191,1736400,1954400,3008,966385048,37849254,0
1,11192,358800,1954400,3008,966385048,37849254,0
1,11193,1547800,1954400,3008,966385048,37849254,0
1,11194,277000,1954400,3008,966385048,37849254,0
1,11195,1373700,1954400,3008,966385048,37849254,0
1,11196,412300,1954400,3008,966385048,37849254,0
1,11197,1408600,1954400,3008,966385048,37849254,0
1,11198,279800,1954400,3008,966385048,37849254,0
1,11199,1872900,1954400,3008,966385048,37849254,0
1,11200,346100,1954400,3008,966385048,37849254,0
1,11201,1628500,1954400,3008,966385048,37849254,0
1,11202,295000,1954400,3008,966385048,37849254,0
1,11203,1284600,1954400,3008,966385048,37849254,0
1,11204,398200,1954400,3008,966385048,37849254,0
1,11205,1717700,1954400,3008,966385048,37849254,0
1,11206,387100,1954400,3008,966385048,37849254,0
1,11207,1543000,1954400,3008,966385048,37849254,0
1,11208,428600,1954400,3008,966385048,37849254,0
1,11209,1912900,1954400,3008,966385048,37849254,0
1,11210,353700,1954400,3008,966385048,37849254,0
1,11211,1865800,1954400,3008,966385048,37849254,0
1,11212,374800,1954400,3008,966385048,37849254,0
1,11213,1851800,1954400,3008,966385048,37849254,0
1,11214,346500,1954400,3008,966385048,37849254,0
1,11215,1841000,1954400,3008,966385048,37849254,0
1,11216,351800,1954400,3008,966385048,37849254,0
1,11217,1744400,1954400,3008,966385048,37849254,0
1,11218,309100,1954400,3008,966385048,37849254,0
1,11219,1777300,1954400,3008,966385048,37849254,0
1,11220,394100,1954400,3008,966385048,37849254,0
1,11221,1555500,1954400,3008,966385048,37849254,0
1,11222,254100,1954400,3008,966385048,37849254,0
1,11223,1210700,1954400,3008,966385048,37849254,0
1,11224,263400,1954400,3008,966385048,37849254,0
1,11225,1874900,1954400,3008,966385048,37849254,0
1,11226,298100,1954400,3008,966385048,37849254,0
1,11227,1336300,1954400,3008,966385048,37849254,0
1,11228,415600,1954400,3008,966385048,37849254,0
1,11229,1820400,1954400,3008,966385048,37849254,0
1,11230,354100,1954400,3008,966385048,37849254,0
1,11231,1518300,1954400,3008,966385048,37849254,0
1,11232,376100,1954400,3008,966385048,37849254,0
1,11233,1866900,1954400,3008,966385048,37849254,0
1,11234,335900,1954400,3008,966385048,37849254,0
1,11235,3204900,1954400,3008,966385048,37849254,0
1,11236,375400,1954400,3008,966385048,37849254,0
1,11237,1562700,1954400,3008,966385048,37849254,0
1,11238,372100,1954400,3008,966385048,37849254,0
1,11239,1822500,1954400,3008,966385048,37849254,0
1,11240,322100,1954400,3008,966385048,37849254,0
1,11241,2277100,1954400,3008,966385048,37849254,0
1,11242,310800,1954400,3008,966385048,37849254,0
1,11243,1820000,1954400,3008,966385048,37849254,0
1,11244,350000,1954400,3008,966385048,37849254,0
1,11245,1625400,1954400,3008,966385048,37849254,0
1,11246,312000,1954400,3008,966385048,37849254,0
1,11247,1290600,1954400,3008,966385048,37849254,0
1,11248,256500,1954400,3008,966385048,37849254,0
1,11249,1781700,1954400,3008,966385048,37849254,0
1,11250,593100,1954400,3008,966385048,37849254,0
1,11251,1907100,1954400,3008,966385048,37849254,0
1,11252,243800,1954400,3008,966385048,37849254,0
1,11253,1935100,1954400,3008,966385048,37849254,0
1,11254,254700,1954400,3008,966385048,37849254,0
1,11255,1532900,1954400,3008,966385048,37849254,0
1,11256,386600,1954400,3008,966385048,37849254,0
1,11257,1844200,1954400,3008,966385048,37849254,0
1,11258,265200,1954400,3008,966385048,37849254,0
1,11259,1838900,1954400,3008,966385048,37849254,0
1,11260,322400,1954400,3008,966385048,37849254,0
1,11261,1829900,1954400,3008,966385048,37849254,0
1,11262,328000,1954400,3008,966385048,37849254,0
1,11263,1789600,1954400,3008,966385048,37849254,0
1,11264,305300,1954400,3008,966385048,37849254,0
1,11265,1688400,1954400,3008,966385048,37849254,0
1,11266,384600,1954400,3008,966385048,37849254,0
1,11267,2067100,1954400,3008,966385048,37849254,0
1,11268,394700,1954400,3008,966385048,37849254,0
1,11269,1648400,1954400,3008,966385048,37849254,0
1,11270,357200,1954400,3008,966385048,37849254,0
1,11271,1267700,1954400,3008,966385048,37849254,0
1,11272,254600,1954400,3008,966385048,37849254,0
1,11273,1727700,1954400,3008,966385048,37849254,0
1,11274,358500,1954400,3008,966385048,37849254,0
1,11275,1428100,1954400,3008,966385048,37849254,0
1,11276,355300,1954400,3008,966385048,37849254,0
1,11277,1284600,1954400,3008,966385048,37849254,0
1,11278,362400,1954400,3008,966385048,37849254,0
1,11279,1408700,1954400,3008,966385048,37849254,0
1,11280,233100,1954400,3008,966385048,37849254,0
1,11281,1481300,1954400,3008,966385048,37849254,0
1,11282,264500,1954400,3008,966385048,37849254,0
1,11283,1584400,1954400,3008,966385048,37849254,0
1,11284,546700,1954400,3008,966385048,37849254,0
1,11285,1915100,1954400,3008,966385048,37849254,0
1,11286,268900,1954400,3008,966385048,37849254,0
1,11287,1484600,1954400,3008,966385048,37849254,0
1,11288,395000,1954400,3008,966385048,37849254,0
1,11289,1862300,1954400,3008,966385048,37849254,0
1,11290,364700,1954400,3008,966385048,37849254,0
1,11291,1853500,1954400,3008,966385048,37849254,0
1,11292,367600,1954400,3008,966385048,37849254,0
1,11293,2303500,1954400,3008,966385048,37849254,0
1,11294,343600,1954400,3008,966385048,37849254,0
1,11295,1807100,1954400,3008,966385048,37849254,0
1,11296,314500,1954400,3008,966385048,37849254,0
1,11297,1824300,1954400,3008,966385048,37849254,0
1,11298,358900,1954400,3008,966385048,37849254,0
1,11299,1906800,1954400,3008,966385048,37849254,0
1,11300,399800,1954400,3008,966385048,37849254,0
1,11301,1851600,1954400,3008,966385048,37849254,0
1,11302,364800,1954400,3008,966385048,37849254,0
1,11303,1819600,1954400,3008,966385048,37849254,0
1,11304,160500,1954400,3008,966385048,37849254,0
1,11305,1539800,1954400,3008,966385048,37849254,0
1,11306,259900,1954400,3008,966385048,37849254,0
1,11307,1438600,1954400,3008,966385048,37849254,0
1,11308,350700,1954400,3008,966385048,37849254,0
1,11309,1601000,1954400,3008,966385048,37849254,0
1,11310,241000,1954400,3008,966385048,37849254,0
1,11311,1491600,1954400,3008,966385048,37849254,0
1,11312,280100,1954400,3008,966385048,37849254,0
1,11313,1640200,1954400,3008,966385048,37849254,0
1,11314,237300,1954400,3008,966385048,37849254,0
1,11315,1874900,1954400,3008,966385048,37849254,0
1,11316,338300,1954400,3008,966385048,37849254,0
1,11317,1676700,1954400,3008,966385048,37849254,0
1,11318,400000,1954400,3008,966385048,37849254,0
1,11319,1724100,1954400,3008,966385048,37849254,0
1,11320,301800,1954400,3008,966385048,37849254,0
1,11321,1581000,1954400,3008,966385048,37849254,0
1,11322,392400,1954400,3008,966385048,37849254,0
1,11323,1791200,1954400,3008,966385048,37849254,0
1,11324,371900,1954400,3008,966385048,37849254,0
1,11325,1831400,1954400,3008,966385048,37849254,0
1,11326,248700,1954400,3008,966385048,37849254,0
1,11327,1844800,1954400,3008,966385048,37849254,0
1,11328,345200,1954400,3008,966385048,37849254,0
1,11329,1814600,1954400,3008,966385048,37849254,0
1,11330,342800,1954400,3008,966385048,37849254,0
1,11331,1988900,1954400,3008,966385048,37849254,0
1,11332,393500,1954400,3008,966385048,37849254,0
1,11333,1298900,1954400,3008,966385048,37849254,0
1,11334,392200,1954400,3008,966385048,37849254,0
1,11335,1398700,1954400,3008,966385048,37849254,0
1,11336,325600,1954400,3008,966385048,37849254,0
1,11337,1235800,1954400,3008,966385048,37849254,0
1,11338,336100,1954400,3008,966385048,37849254,0
1,11339,1903100,1954400,3008,966385048,37849254,0
1,11340,347600,1954400,3008,966385048,37849254,0
1,11341,1425000,1954400,3008,966385048,37849254,0
1,11342,256600,1954400,3008,966385048,37849254,0
1,11343,1869200,1954400,3008,966385048,37849254,0
1,11344,349400,1954400,3008,966385048,37849254,0
1,11345,1652600,1954400,3008,966385048,37849254,0
1,11346,360100,1954400,3008,966385048,37849254,0
1,11347,1467600,1954400,3008,966385048,37849254,0
1,11348,350500,1954400,3008,966385048,37849254,0
1,11349,1661000,1954400,3008,966385048,37849254,0
1,11350,355100,1954400,3008,966385048,37849254,0
1,11351,1799400,1954400,3008,966385048,37849254,0
1,11352,353300,1954400,3008,966385048,37849254,0
1,11353,1697000,1954400,3008,966385048,37849254,0
1,11354,379300,1954400,3008,966385048,37849254,0
1,11355,1374900,1954400,3008,966385048,37849254,0
1,11356,320700,1954400,3008,966385048,37849254,0
1,11357,1810200,1954400,3008,966385048,37849254,0
1,11358,332500,1954400,3008,966385048,37849254,0
1,11359,2028500,1954400,3008,966385048,37849254,0
1,11360,323400,1954400,3008,966385048,37849254,0
1,11361,1992100,1954400,3008,966385048,37849254,0
1,11362,277700,1954400,3008,966385048,37849254,0
1,11363,1829200,1954400,3008,966385048,37849254,0
1,11364,429600,1954400,3008,966385048,37849254,0
1,11365,1769200,1954400,3008,966385048,37849254,0
1,11366,322700,1954400,3008,966385048,37849254,0
1,11367,1735500,1954400,3008,966385048,37849254,0
1,11368,254200,1954400,3008,966385048,37849254,0
1,11369,1435400,1954400,3008,966385048,37849254,0
1,11370,269800,1954400,3008,966385048,37849254,0
1,11371,1866500,1954400,3008,966385048,37849254,0
1,11372,346400,1954400,3008,966385048,37849254,0
1,11373,1200000,1954400,3008,966385048,37849254,0
1,11374,352700,1954400,3008,966385048,37849254,0
1,11375,1761700,1954400,3008,966385048,37849254,0
1,11376,255200,1954400,3008,966385048,37849254,0
1,11377,1784300,1954400,3008,966385048,37849254,0
1,11378,343100,1954400,3008,966385048,37849254,0
1,11379,1828800,1954400,3008,966385048,37849254,0
1,11380,323600,1954400,3008,966385048,37849254,0
1,11381,1420600,1954400,3008,966385048,37849254,0
1,11382,465500,1954400,3008,966385048,37849254,0
1,11383,1783900,1954400,3008,966385048,37849254,0
1,11384,252300,1954400,3008,966385048,37849254,0
1,11385,1836900,1954400,3008,966385048,37849254,0
1,11386,260600,1954400,3008,966385048,37849254,0
1,11387,1867300,1954400,3008,966385048,37849254,0
1,11388,367700,1954400,3008,966385048,37849254,0
1,11389,1534700,1954400,3008,966385048,37849254,0
1,11390,313200,1954400,3008,966385048,37849254,0
1,11391,1865500,1954400,3008,966385048,37849254,0
1,11392,357600,1954400,3008,966385048,37849254,0
1,11393,1845200,1954400,3008,966385048,37849254,0
1,11394,389100,1954400,3008,966385048,37849254,0
1,11395,1524700,1954400,3008,966385048,37849254,0
1,11396,349500,1954400,3008,966385048,37849254,0
1,11397,1842100,1954400,3008,966385048,37849254,0
1,11398,561500,1954400,3008,966385048,37849254,0
1,11399,1936200,1954400,3008,966385048,37849254,0
1,11400,346600,1954400,3008,966385048,37849254,0
1,11401,1845100,1954400,3008,966385048,37849254,0
1,11402,370500,1954400,3008,966385048,37849254,0
1,11403,1640700,1954400,3008,966385048,37849254,0
1,11404,364400,1954400,3008,966385048,37849254,0
1,11405,1307800,1954400,3008,966385048,37849254,0
1,11406,421700,1954400,3008,966385048,37849254,0
1,11407,2013800,1954400,3008,966385048,37849254,0
1,11408,377600,1954400,3008,966385048,37849254,0
1,11409,1824600,1954400,3008,966385048,37849254,0
1,11410,359300,1954400,3008,966385048,37849254,0
1,11411,1445200,1954400,3008,966385048,37849254,0
1,11412,235500,1954400,3008,966385048,37849254,0
1,11413,1713400,1954400,3008,966385048,37849254,0
1,11414,332700,1954400,3008,966385048,37849254,0
1,11415,1881100,1954400,3008,966385048,37849254,0
1,11416,320400,1954400,3008,966385048,37849254,0
1,11417,1822400,1954400,3008,966385048,37849254,0
1,11418,438400,1954400,3008,966385048,37849254,0
1,11419,1777500,1954400,3008,966385048,37849254,0
1,11420,251200,1954400,3008,966385048,37849254,0
1,11421,1847200,1954400,3008,966385048,37849254,0
1,11422,358400,1954400,3008,966385048,37849254,0
1,11423,1834600,1954400,3008,966385048,37849254,0
1,11424,249700,1954400,3008,966385048,37849254,0
1,11425,1922200,1954400,3008,966385048,37849254,0
1,11426,349200,1954400,3008,966385048,37849254,0
1,11427,1772900,1954400,3008,966385048,37849254,0
1,11428,335500,1954400,3008,966385048,37849254,0
1,11429,1876300,1954400,3008,966385048,37849254,0
1,11430,275800,1954400,3008,966385048,37849254,0
1,11431,1827800,1954400,3008,966385048,37849254,0
1,11432,280800,1954400,3008,966385048,37849254,0
1,11433,1657300,1954400,3008,966385048,37849254,0
1,11434,388300,1954400,3008,966385048,37849254,0
1,11435,2091000,1954400,3008,966385048,37849254,0
1,11436,354100,1954400,3008,966385048,37849254,0
1,11437,1706600,1954400,3008,966385048,37849254,0
1,11438,341500,1954400,3008,966385048,37849254,0
1,11439,1750000,1954400,3008,966385048,37849254,0
1,11440,335400,1954400,3008,966385048,37849254,0
1,11441,1801400,1954400,3008,966385048,37849254,0
1,11442,315000,1954400,3008,966385048,37849254,0
1,11443,1746900,1954400,3008,966385048,37849254,0
1,11444,338900,1954400,3008,966385048,37849254,0
1,11445,1833800,1954400,3008,966385048,37849254,0
1,11446,384800,1954400,3008,966385048,37849254,0
1,11447,1765900,1954400,3008,966385048,37849254,0
1,11448,252900,1954400,3008,966385048,37849254,0
1,11449,1825900,1954400,3008,966385048,37849254,0
1,11450,407700,1954400,3008,966385048,37849254,0
1,11451,1864900,1954400,3008,966385048,37849254,0
1,11452,328800,1954400,3008,966385048,37849254,0
1,11453,1657100,1954400,3008,966385048,37849254,0
1,11454,361500,1954400,3008,966385048,37849254,0
1,11455,1761100,1954400,3008,966385048,37849254,0
1,11456,300800,1954400,3008,966385048,37849254,0
1,11457,1850200,1954400,3008,966385048,37849254,0
1,11458,321800,1954400,3008,966385048,37849254,0
1,11459,1220400,1954400,3008,966385048,37849254,0
1,11460,344400,1954400,3008,966385048,37849254,0
1,11461,1698500,1954400,3008,966385048,37849254,0
1,11462,265000,1954400,3008,966385048,37849254,0
1,11463,1777700,1954400,3008,966385048,37849254,0
1,11464,337300,1954400,3008,966385048,37849254,0
1,11465,2093800,1954400,3008,966385048,37849254,0
1,11466,313800,1954400,3008,966385048,37849254,0
1,11467,1883200,1954400,3008,966385048,37849254,0
1,11468,405500,1954400,3008,966385048,37849254,0
1,11469,1424300,1954400,3008,966385048,37849254,0
1,11470,251100,1954400,3008,966385048,37849254,0
1,11471,2125500,1954400,3008,966385048,37849254,0
1,11472,221000,1954400,3008,966385048,37849254,0
1,11473,1568100,1954400,3008,966385048,37849254,0
1,11474,362100,1954400,3008,966385048,37849254,0
1,11475,1844800,1954400,3008,966385048,37849254,0
1,11476,329500,1954400,3008,966385048,37849254,0
1,11477,1528200,1954400,3008,966385048,37849254,0
1,11478,344800,1954400,3008,966385048,37849254,0
1,11479,1558800,1954400,3008,966385048,37849254,0
1,11480,340800,1954400,3008,966385048,37849254,0
1,11481,1943900,1954400,3008,966385048,37849254,0
1,11482,256700,1954400,3008,966385048,37849254,0
1,11483,2744200,1954400,3008,966385048,37849254,0
1,11484,335800,1954400,3008,966385048,37849254,0
1,11485,1429100,1954400,3008,966385048,37849254,0
1,11486,416900,1954400,3008,966385048,37849254,0
1,11487,1667700,1954400,3008,966385048,37849254,0
1,11488,355800,1954400,3008,966385048,37849254,0
1,11489,1916400,1954400,3008,966385048,37849254,0
1,11490,347300,1954400,3008,966385048,37849254,0
1,11491,1806600,1954400,3008,966385048,37849254,0
1,11492,359400,1954400,3008,966385048,37849254,0
1,11493,1801700,1954400,3008,966385048,37849254,0
1,11494,349700,1954400,3008,966385048,37849254,0
1,11495,1465900,1954400,3008,966385048,37849254,0
1,11496,346800,1954400,3008,966385048,37849254,0
1,11497,1575500,1954400,3008,966385048,37849254,0
1,11498,352600,1954400,3008,966385048,37849254,0
1,11499,1841400,1954400,3008,966385048,37849254,0
1,11500,349700,1954400,3008,966385048,37849254,0
1,11501,1813400,1954400,3008,966385048,37849254,0
1,11502,359700,1954400,3008,966385048,37849254,0
1,11503,1791400,1954400,3008,966385048,37849254,0
1,11504,463400,1954400,3008,966385048,37849254,0
1,11505,1818600,1954400,3008,966385048,37849254,0
1,11506,339200,1954400,3008,966385048,37849254,0
1,11507,1830800,1954400,3008,966385048,37849254,0
1,11508,291500,1954400,3008,966385048,37849254,0
1,11509,1739800,1954400,3008,966385048,37849254,0
1,11510,279000,1954400,3008,966385048,37849254,0
1,11511,1520800,1954400,3008,966385048,37849254,0
1,11512,380700,1954400,3008,966385048,37849254,0
1,11513,1251200,1954400,3008,966385048,37849254,0
1,11514,285100,1954400,3008,966385048,37849254,0
1,11515,1822500,1954400,3008,966385048,37849254,0
1,11516,340500,1954400,3008,966385048,37849254,0
1,11517,1845900,1954400,3008,966385048,37849254,0
1,11518,364200,1954400,3008,966385048,37849254,0
1,11519,2212600,1954400,3008,966385048,37849254,0
1,11520,304300,1954400,3008,966385048,37849254,0
1,11521,1439900,1954400,3008,966385048,37849254,0
1,11522,545800,1954400,3008,966385048,37849254,0
1,11523,1399800,1954400,3008,966385048,37849254,0
1,11524,354400,1954400,3008,966385048,37849254,0
1,11525,1785000,1954400,3008,966385048,37849254,0
1,11526,338100,1954400,3008,966385048,37849254,0
1,11527,1674000,1954400,3008,966385048,37849254,0
1,11528,242600,1954400,3008,966385048,37849254,0
1,11529,1785900,1954400,3008,966385048,37849254,0
1,11530,354600,1954400,3008,966385048,37849254,0
1,11531,1816300,1954400,3008,966385048,37849254,0
1,11532,263900,1954400,3008,966385048,37849254,0
1,11533,1678200,1954400,3008,966385048,37849254,0
1,11534,333000,1954400,3008,966385048,37849254,0
1,11535,1832300,1954400,3008,966385048,37849254,0
1,11536,433500,1954400,3008,966385048,37849254,0
1,11537,1671400,1954400,3008,966385048,37849254,0
1,11538,168900,1954400,3008,966385048,37849254,0
1,11539,1852300,1954400,3008,966385048,37849254,0
1,11540,355800,1954400,3008,966385048,37849254,0
1,11541,1804900,1954400,3008,966385048,37849254,0
1,11542,575400,1954400,3008,966385048,37849254,0
1,11543,1383300,1954400,3008,966385048,37849254,0
1,11544,390200,1954400,3008,966385048,37849254,0
1,11545,1768300,1954400,3008,966385048,37849254,0
1,11546,325500,1954400,3008,966385048,37849254,0
1,11547,1838100,1954400,3008,966385048,37849254,0
1,11548,221700,1954400,3008,966385048,37849254,0
1,11549,1272800,1954400,3008,966385048,37849254,0
1,11550,401800,1954400,3008,966385048,37849254,0
1,11551,1385300,1954400,3008,966385048,37849254,0
1,11552,260100,1954400,3008,966385048,37849254,0
1,11553,1835300,1954400,3008,966385048,37849254,0
1,11554,359900,1954400,3008,966385048,37849254,0
1,11555,2851700,1954400,3008,966385048,37849254,0
1,11556,267300,1954400,3008,966385048,37849254,0
1,11557,1913300,1954400,3008,966385048,37849254,0
1,11558,299200,1954400,3008,966385048,37849254,0
1,11559,1478500,1954400,3008,966385048,37849254,0
1,11560,261800,1954400,3008,966385048,37849254,0
1,11561,1335900,1954400,3008,966385048,37849254,0
1,11562,295900,1954400,3008,966385048,37849254,0
1,11563,1408100,1954400,3008,966385048,37849254,0
1,11564,470300,1954400,3008,966385048,37849254,0
1,11565,1893700,1954400,3008,966385048,37849254,0
1,11566,381100,1954400,3008,966385048,37849254,0
1,11567,2025900,1954400,3008,966385048,37849254,0
1,11568,437100,1954400,3008,966385048,37849254,0
1,11569,1379800,1954400,3008,966385048,37849254,0
1,11570,297800,1954400,3008,966385048,37849254,0
1,11571,1837100,1954400,3008,966385048,37849254,0
1,11572,364000,1954400,3008,966385048,37849254,0
1,11573,2063400,1954400,3008,966385048,37849254,0
1,11574,255000,1954400,3008,966385048,37849254,0
1,11575,1499600,1954400,3008,966385048,37849254,0
1,11576,362600,1954400,3008,966385048,37849254,0
1,11577,1276600,1954400,3008,966385048,37849254,0
1,11578,351900,1954400,3008,966385048,37849254,0
1,11579,1481200,1954400,3008,966385048,37849254,0
1,11580,221300,1954400,3008,966385048,37849254,0
1,11581,1422000,1954400,3008,966385048,37849254,0
1,11582,373000,1954400,3008,966385048,37849254,0
1,11583,1327600,1954400,3008,966385048,37849254,0
1,11584,322700,1954400,3008,966385048,37849254,0
1,11585,1708600,1954400,3008,966385048,37849254,0
1,11586,337500,1954400,3008,966385048,37849254,0
1,11587,1679200,1954400,3008,966385048,37849254,0
1,11588,176600,1954400,3008,966385048,37849254,0
1,11589,1836700,1954400,3008,966385048,37849254,0
1,11590,381100,1954400,3008,966385048,37849254,0
1,11591,1575000,1954400,3008,966385048,37849254,0
1,11592,291400,1954400,3008,966385048,37849254,0
1,11593,1756700,1954400,3008,966385048,37849254,0
1,11594,329600,1954400,3008,966385048,37849254,0
1,11595,2249400,1954400,3008,966385048,37849254,0
1,11596,352100,1954400,3008,966385048,37849254,0
1,11597,1940400,1954400,3008,966385048,37849254,0
1,11598,349900,1954400,3008,966385048,37849254,0
1,11599,1891800,1954400,3008,966385048,37849254,0
1,11600,275800,1954400,3008,966385048,37849254,0
1,11601,1298500,1954400,3008,966385048,37849254,0
1,11602,243300,1954400,3008,966385048,37849254,0
1,11603,1789600,1954400,3008,966385048,37849254,0
1,11604,351800,1954400,3008,966385048,37849254,0
1,11605,1506600,1954400,3008,966385048,37849254,0
1,11606,332300,1954400,3008,966385048,37849254,0
1,11607,1783200,1954400,3008,966385048,37849254,0
1,11608,369400,1954400,3008,966385048,37849254,0
1,11609,1840000,1954400,3008,966385048,37849254,0
1,11610,416900,1954400,3008,966385048,37849254,0
1,11611,1828800,1954400,3008,966385048,37849254,0
1,11612,320100,1954400,3008,966385048,37849254,0
1,11613,1864200,1954400,3008,966385048,37849254,0
1,11614,449200,1954400,3008,966385048,37849254,0
1,11615,1826100,1954400,3008,966385048,37849254,0
1,11616,385200,1954400,3008,966385048,37849254,0
1,11617,1833300,1954400,3008,966385048,37849254,0
1,11618,399100,1954400,3008,966385048,37849254,0
1,11619,1857800,1954400,3008,966385048,37849254,0
1,11620,342500,1954400,3008,966385048,37849254,0
1,11621,1880700,1954400,3008,966385048,37849254,0
1,11622,359800,1954400,3008,966385048,37849254,0
1,11623,1855300,1954400,3008,966385048,37849254,0
1,11624,387900,1954400,3008,966385048,37849254,0
1,11625,1257100,1954400,3008,966385048,37849254,0
1,11626,374100,1954400,3008,966385048,37849254,0
1,11627,1242300,1954400,3008,966385048,37849254,0
1,11628,264700,1954400,3008,966385048,37849254,0
1,11629,2070000,1954400,3008,966385048,37849254,0
1,11630,236900,1954400,3008,966385048,37849254,0
1,11631,1600300,1954400,3008,966385048,37849254,0
1,11632,353100,1954400,3008,966385048,37849254,0
1,11633,1585400,1954400,3008,966385048,37849254,0
1,11634,427500,1954400,3008,966385048,37849254,0
1,11635,1634100,1954400,3008,966385048,37849254,0
1,11636,356100,1954400,3008,966385048,37849254,0
1,11637,1852600,1954400,3008,966385048,37849254,0
1,11638,321000,1954400,3008,966385048,37849254,0
1,11639,1591700,1954400,3008,966385048,37849254,0
1,11640,365400,1954400,3008,966385048,37849254,0
1,11641,1904000,1954400,3008,966385048,37849254,0
1,11642,412700,1954400,3008,966385048,37849254,0
1,11643,1838500,1954400,3008,966385048,37849254,0
1,11644,332900,1954400,3008,966385048,37849254,0
1,11645,1439700,1954400,3008,966385048,37849254,0
1,11646,365800,1954400,3008,966385048,37849254,0
1,11647,1962900,1954400,3008,966385048,37849254,0
1,11648,246100,1954400,3008,966385048,37849254,0
1,11649,1847700,1954400,3008,966385048,37849254,0
1,11650,284200,1954400,3008,966385048,37849254,0
1,11651,2041600,1954400,3008,966385048,37849254,0
1,11652,251100,1954400,3008,966385048,37849254,0
1,11653,1702500,1954400,3008,966385048,37849254,0
1,11654,349100,1954400,3008,966385048,37849254,0
1,11655,1969600,1954400,3008,966385048,37849254,0
1,11656,249000,1954400,3008,966385048,37849254,0
1,11657,1834100,1954400,3008,966385048,37849254,0
1,11658,351700,1954400,3008,966385048,37849254,0
1,11659,1394900,1954400,3008,966385048,37849254,0
1,11660,340000,1954400,3008,966385048,37849254,0
1,11661,1760400,1954400,3008,966385048,37849254,0
1,11662,359100,1954400,3008,966385048,37849254,0
1,11663,1555900,1954400,3008,966385048,37849254,0
1,11664,472000,1954400,3008,966385048,37849254,0
1,11665,1320700,1954400,3008,966385048,37849254,0
1,11666,359900,1954400,3008,966385048,37849254,0
1,11667,1841700,1954400,3008,966385048,37849254,0
1,11668,343200,1954400,3008,966385048,37849254,0
1,11669,1856100,1954400,3008,966385048,37849254,0
1,11670,409000,1954400,3008,966385048,37849254,0
1,11671,1592800,1954400,3008,966385048,37849254,0
1,11672,341900,1954400,3008,966385048,37849254,0
1,11673,1835500,1954400,3008,966385048,37849254,0
1,11674,250300,1954400,3008,966385048,37849254,0
1,11675,2116600,1954400,3008,966385048,37849254,0
1,11676,245500,1954400,3008,966385048,37849254,0
1,11677,1292700,1954400,3008,966385048,37849254,0
1,11678,333000,1954400,3008,966385048,37849254,0
1,11679,1776700,1954400,3008,966385048,37849254,0
1,11680,428900,1954400,3008,966385048,37849254,0
1,11681,1866700,1954400,3008,966385048,37849254,0
1,11682,445400,1954400,3008,966385048,37849254,0
1,11683,1830400,1954400,3008,966385048,37849254,0
1,11684,204600,1954400,3008,966385048,37849254,0
1,11685,1908100,1954400,3008,966385048,37849254,0
1,11686,356600,1954400,3008,966385048,37849254,0
1,11687,1811500,1954400,3008,966385048,37849254,0
1,11688,238000,1954400,3008,966385048,37849254,0
1,11689,1445100,1954400,3008,966385048,37849254,0
1,11690,342400,1954400,3008,966385048,37849254,0
1,11691,1845100,1954400,3008,966385048,37849254,0
1,11692,576300,1954400,3008,966385048,37849254,0
1,11693,1686500,1954400,3008,966385048,37849254,0
1,11694,547000,1954400,3008,966385048,37849254,0
1,11695,1588000,1954400,3008,966385048,37849254,0
1,11696,298100,1954400,3008,966385048,37849254,0
1,11697,1810000,1954400,3008,966385048,37849254,0
1,11698,366600,1954400,3008,966385048,37849254,0
1,11699,1511700,1954400,3008,966385048,37849254,0
1,11700,299700,1954400,3008,966385048,37849254,0
1,11701,1567400,1954400,3008,966385048,37849254,0
1,11702,292600,1954400,3008,966385048,37849254,0
1,11703,1309500,1954400,3008,966385048,37849254,0
1,11704,317900,1954400,3008,966385048,37849254,0
1,11705,1819500,1954400,3008,966385048,37849254,0
1,11706,433800,1954400,3008,966385048,37849254,0
1,11707,1953600,1954400,3008,966385048,37849254,0
1,11708,300300,1954400,3008,966385048,37849254,0
1,11709,1846900,1954400,3008,966385048,37849254,0
1,11710,373400,1954400,3008,966385048,37849254,0
1,11711,1703100,1954400,3008,966385048,37849254,0
1,11712,181100,1954400,3008,966385048,37849254,0
1,11713,1963000,1954400,3008,966385048,37849254,0
1,11714,266800,1954400,3008,966385048,37849254,0
1,11715,1798700,1954400,3008,966385048,37849254,0
1,11716,355100,1954400,3008,966385048,37849254,0
1,11717,2186400,1954400,3008,966385048,37849254,0
1,11718,254400,1954400,3008,966385048,37849254,0
1,11719,1443500,1954400,3008,966385048,37849254,0
1,11720,359100,1954400,3008,966385048,37849254,0
1,11721,1754000,1954400,3008,966385048,37849254,0
1,11722,371000,1954400,3008,966385048,37849254,0
1,11723,2428200,1954400,3008,966385048,37849254,0
1,11724,260800,1954400,3008,966385048,37849254,0
1,11725,1578800,1954400,3008,966385048,37849254,0
1,11726,308800,1954400,3008,966385048,37849254,0
1,11727,1713000,1954400,3008,966385048,37849254,0
1,11728,309900,1954400,3008,966385048,37849254,0
1,11729,1664200,1954400,3008,966385048,37849254,0
1,11730,274500,1954400,3008,966385048,37849254,0
1,11731,1861200,1954400,3008,966385048,37849254,0
1,11732,209300,1954400,3008,966385048,37849254,0
1,11733,1549400,1954400,3008,966385048,37849254,0
1,11734,295100,1954400,3008,966385048,37849254,0
1,11735,1671800,1954400,3008,966385048,37849254,0
1,11736,339100,1954400,3008,966385048,37849254,0
1,11737,1888400,1954400,3008,966385048,37849254,0
1,11738,356300,1954400,3008,966385048,37849254,0
1,11739,1746300,1954400,3008,966385048,37849254,0
1,11740,267200,1954400,3008,966385048,37849254,0
1,11741,2108600,1954400,3008,966385048,37849254,0
1,11742,419300,1954400,3008,966385048,37849254,0
1,11743,1877000,1954400,3008,966385048,37849254,0
1,11744,371100,1954400,3008,966385048,37849254,0
1,11745,1775400,1954400,3008,966385048,37849254,0
1,11746,372000,1954400,3008,966385048,37849254,0
1,11747,1169400,1954400,3008,966385048,37849254,0
1,11748,355200,1954400,3008,966385048,37849254,0
1,11749,1867800,1954400,3008,966385048,37849254,0
1,11750,355200,1954400,3008,966385048,37849254,0
1,11751,1847900,1954400,3008,966385048,37849254,0
1,11752,356400,1954400,3008,966385048,37849254,0
1,11753,1853200,1954400,3008,966385048,37849254,0
1,11754,254200,1954400,3008,966385048,37849254,0
1,11755,1612900,1954400,3008,966385048,37849254,0
1,11756,331200,1954400,3008,966385048,37849254,0
1,11757,1843600,1954400,3008,966385048,37849254,0
1,11758,186500,1954400,3008,966385048,37849254,0
1,11759,1828200,1954400,3008,966385048,37849254,0
1,11760,252900,1954400,3008,966385048,37849254,0
1,11761,1929900,1954400,3008,966385048,37849254,0
1,11762,334100,1954400,3008,966385048,37849254,0
1,11763,1360500,1954400,3008,966385048,37849254,0
1,11764,258900,1954400,3008,966385048,37849254,0
1,11765,1810900,1954400,3008,966385048,37849254,0
1,11766,381600,1954400,3008,966385048,37849254,0
1,11767,1821500,1954400,3008,966385048,37849254,0
1,11768,273800,1954400,3008,966385048,37849254,0
1,11769,1483600,1954400,3008,966385048,37849254,0
1,11770,366800,1954400,3008,966385048,37849254,0
1,11771,1741700,1954400,3008,966385048,37849254,0
1,11772,335100,1954400,3008,966385048,37849254,0
1,11773,1319600,1954400,3008,966385048,37849254,0
1,11774,245700,1954400,3008,966385048,37849254,0
1,11775,1816900,1954400,3008,966385048,37849254,0
1,11776,236700,1954400,3008,966385048,37849254,0
1,11777,4751200,1954400,3008,966385048,37849254,0
1,11778,174300,1954400,3008,966385048,37849254,0
1,11779,1618000,1954400,3008,966385048,37849254,0
1,11780,231500,1954400,3008,966385048,37849254,0
1,11781,1927200,1954400,3008,966385048,37849254,0
1,11782,429200,1954400,3008,966385048,37849254,0
1,11783,1907100,1954400,3008,966385048,37849254,0
1,11784,296500,1954400,3008,966385048,37849254,0
1,11785,1765600,1954400,3008,966385048,37849254,0
1,11786,262600,1954400,3008,966385048,37849254,0
1,11787,1840500,1954400,3008,966385048,37849254,0
1,11788,201500,1954400,3008,966385048,37849254,0
1,11789,1739200,1954400,3008,966385048,37849254,0
1,11790,261700,1954400,3008,966385048,37849254,0
1,11791,1530500,1954400,3008,966385048,37849254,0
1,11792,442900,1954400,3008,966385048,37849254,0
1,11793,1450500,1954400,3008,966385048,37849254,0
1,11794,352800,1954400,3008,966385048,37849254,0
1,11795,2081900,1954400,3008,966385048,37849254,0
1,11796,247100,1954400,3008,966385048,37849254,0
1,11797,1593300,1954400,3008,966385048,37849254,0
1,11798,269500,1954400,3008,966385048,37849254,0
1,11799,1863400,1954400,3008,966385048,37849254,0
1,11800,362000,1954400,3008,966385048,37849254,0
1,11801,1745600,1954400,3008,966385048,37849254,0
1,11802,214700,1954400,3008,966385048,37849254,0
1,11803,1837100,1954400,3008,966385048,37849254,0
1,11804,379400,1954400,3008,966385048,37849254,0
1,11805,1839200,1954400,3008,966385048,37849254,0
1,11806,367100,1954400,3008,966385048,37849254,0
1,11807,1645100,1954400,3008,966385048,37849254,0
1,11808,357700,1954400,3008,966385048,37849254,0
1,11809,1845700,1954400,3008,966385048,37849254,0
1,11810,249500,1954400,3008,966385048,37849254,0
1,11811,1342200,1954400,3008,966385048,37849254,0
1,11812,249000,1954400,3008,966385048,37849254,0
1,11813,1764400,1954400,3008,966385048,37849254,0
1,11814,403700,1954400,3008,966385048,37849254,0
1,11815,2090900,1954400,3008,966385048,37849254,0
1,11816,333300,1954400,3008,966385048,37849254,0
1,11817,1851000,1954400,3008,966385048,37849254,0
1,11818,388100,1954400,3008,966385048,37849254,0
1,11819,1874500,1954400,3008,966385048,37849254,0
1,11820,257300,1954400,3008,966385048,37849254,0
1,11821,1493300,1954400,3008,966385048,37849254,0
1,11822,370700,1954400,3008,966385048,37849254,0
1,11823,1839700,1954400,3008,966385048,37849254,0
1,11824,409400,1954400,3008,966385048,37849254,0
1,11825,2029200,1954400,3008,966385048,37849254,0
1,11826,366700,1954400,3008,966385048,37849254,0
1,11827,1725700,1954400,3008,966385048,37849254,0
1,11828,260600,1954400,3008,966385048,37849254,0
1,11829,1741800,1954400,3008,966385048,37849254,0
1,11830,370700,1954400,3008,966385048,37849254,0
1,11831,1880700,1954400,3008,966385048,37849254,0
1,11832,353500,1954400,3008,966385048,37849254,0
1,11833,1968800,1954400,3008,966385048,37849254,0
1,11834,249900,1954400,3008,966385048,37849254,0
1,11835,1656900,1954400,3008,966385048,37849254,0
1,11836,339300,1954400,3008,966385048,37849254,0
1,11837,1674000,1954400,3008,966385048,37849254,0
1,11838,216100,1954400,3008,966385048,37849254,0
1,11839,1665700,1954400,3008,966385048,37849254,0
1,11840,360200,1954400,3008,966385048,37849254,0
1,11841,1914400,1954400,3008,966385048,37849254,0
1,11842,471300,1954400,3008,966385048,37849254,0
1,11843,1595500,1954400,3008,966385048,37849254,0
1,11844,257300,1954400,3008,966385048,37849254,0
1,11845,1835200,1954400,3008,966385048,37849254,0
1,11846,320800,1954400,3008,966385048,37849254,0
1,11847,1830600,1954400,3008,966385048,37849254,0
1,11848,561700,1954400,3008,966385048,37849254,0
1,11849,1464800,1954400,3008,966385048,37849254,0
1,11850,312900,1954400,3008,966385048,37849254,0
1,11851,1602000,1954400,3008,966385048,37849254,0
1,11852,346300,1954400,3008,966385048,37849254,0
1,11853,1938400,1954400,3008,966385048,37849254,0
1,11854,403300,1954400,3008,966385048,37849254,0
1,11855,1555100,1954400,3008,966385048,37849254,0
1,11856,399300,1954400,3008,966385048,37849254,0
1,11857,2039600,1954400,3008,966385048,37849254,0
1,11858,381700,1954400,3008,966385048,37849254,0
1,11859,1884500,1954400,3008,966385048,37849254,0
1,11860,396000,1954400,3008,966385048,37849254,0
1,11861,1362600,1954400,3008,966385048,37849254,0
1,11862,366800,1954400,3008,966385048,37849254,0
1,11863,1802700,1954400,3008,966385048,37849254,0
1,11864,425900,1954400,3008,966385048,37849254,0
1,11865,1243100,1954400,3008,966385048,37849254,0
1,11866,348700,1954400,3008,966385048,37849254,0
1,11867,1874000,1954400,3008,966385048,37849254,0
1,11868,348000,1954400,3008,966385048,37849254,0
1,11869,1553500,1954400,3008,966385048,37849254,0
1,11870,351700,1954400,3008,966385048,37849254,0
1,11871,1330300,1954400,3008,966385048,37849254,0
1,11872,305800,1954400,3008,966385048,37849254,0
1,11873,1483700,1954400,3008,966385048,37849254,0
1,11874,275700,1954400,3008,966385048,37849254,0
1,11875,1841100,1954400,3008,966385048,37849254,0
1,11876,359600,1954400,3008,966385048,37849254,0
1,11877,1857900,1954400,3008,966385048,37849254,0
1,11878,264600,1954400,3008,966385048,37849254,0
1,11879,1687400,1954400,3008,966385048,37849254,0
1,11880,354800,1954400,3008,966385048,37849254,0
1,11881,1586200,1954400,3008,966385048,37849254,0
1,11882,330800,1954400,3008,966385048,37849254,0
1,11883,1652500,1954400,3008,966385048,37849254,0
1,11884,250500,1954400,3008,966385048,37849254,0
1,11885,1861800,1954400,3008,966385048,37849254,0
1,11886,245700,1954400,3008,966385048,37849254,0
1,11887,1601400,1954400,3008,966385048,37849254,0
1,11888,402100,1954400,3008,966385048,37849254,0
1,11889,1287500,1954400,3008,966385048,37849254,0
1,11890,369400,1954400,3008,966385048,37849254,0
1,11891,1817400,1954400,3008,966385048,37849254,0
1,11892,395500,1954400,3008,966385048,37849254,0
1,11893,1742800,1954400,3008,966385048,37849254,0
1,11894,378500,1954400,3008,966385048,37849254,0
1,11895,1837600,1954400,3008,966385048,37849254,0
1,11896,217200,1954400,3008,966385048,37849254,0
1,11897,1504400,1954400,3008,966385048,37849254,0
1,11898,354600,1954400,3008,966385048,37849254,0
1,11899,1805900,1954400,3008,966385048,37849254,0
1,11900,354000,1954400,3008,966385048,37849254,0
1,11901,1883700,1954400,3008,966385048,37849254,0
1,11902,358700,1954400,3008,966385048,37849254,0
1,11903,1836400,1954400,3008,966385048,37849254,0
1,11904,232600,1954400,3008,966385048,37849254,0
1,11905,2119700,1954400,3008,966385048,37849254,0
1,11906,365900,1954400,3008,966385048,37849254,0
1,11907,1630500,1954400,3008,966385048,37849254,0
1,11908,271500,1954400,3008,966385048,37849254,0
1,11909,1288300,1954400,3008,966385048,37849254,0
1,11910,238300,1954400,3008,966385048,37849254,0
1,11911,1837000,1954400,3008,966385048,37849254,0
1,11912,254000,1954400,3008,966385048,37849254,0
1,11913,1395400,1954400,3008,966385048,37849254,0
1,11914,359200,1954400,3008,966385048,37849254,0
1,11915,1249100,1954400,3008,966385048,37849254,0
1,11916,377800,1954400,3008,966385048,37849254,0
1,11917,1263900,1954400,3008,966385048,37849254,0
1,11918,351600,1954400,3008,966385048,37849254,0
1,11919,1879300,1954400,3008,966385048,37849254,0
1,11920,407100,1954400,3008,966385048,37849254,0
1,11921,1587900,1954400,3008,966385048,37849254,0
1,11922,333400,1954400,3008,966385048,37849254,0
1,11923,1861400,1954400,3008,966385048,37849254,0
1,11924,202300,1954400,3008,966385048,37849254,0
1,11925,1862600,1954400,3008,966385048,37849254,0
1,11926,292200,1954400,3008,966385048,37849254,0
1,11927,1732400,1954400,3008,966385048,37849254,0
1,11928,293300,1954400,3008,966385048,37849254,0
1,11929,1637300,1954400,3008,966385048,37849254,0
1,11930,354700,1954400,3008,966385048,37849254,0
1,11931,1776500,1954400,3008,966385048,37849254,0
1,11932,307200,1954400,3008,966385048,37849254,0
1,11933,1900300,1954400,3008,966385048,37849254,0
1,11934,353700,1954400,3008,966385048,37849254,0
1,11935,1279600,1954400,3008,966385048,37849254,0
1,11936,346300,1954400,3008,966385048,37849254,0
1,11937,1920900,1954400,3008,966385048,37849254,0
1,11938,358700,1954400,3008,966385048,37849254,0
1,11939,1898700,1954400,3008,966385048,37849254,0
1,11940,412600,1954400,3008,966385048,37849254,0
1,11941,2081800,1954400,3008,966385048,37849254,0
1,11942,293500,1954400,3008,966385048,37849254,0
1,11943,1857600,1954400,3008,966385048,37849254,0
1,11944,336900,1954400,3008,966385048,37849254,0
1,11945,1774300,1954400,3008,966385048,37849254,0
1,11946,317900,1954400,3008,966385048,37849254,0
1,11947,1696900,1954400,3008,966385048,37849254,0
1,11948,349400,1954400,3008,966385048,37849254,0
1,11949,1732600,1954400,3008,966385048,37849254,0
1,11950,353300,1954400,3008,966385048,37849254,0
1,11951,1939800,1954400,3008,966385048,37849254,0
1,11952,326300,1954400,3008,966385048,37849254,0
1,11953,1506600,1954400,3008,966385048,37849254,0
1,11954,370900,1954400,3008,966385048,37849254,0
1,11955,1650100,1954400,3008,966385048,37849254,0
1,11956,267500,1954400,3008,966385048,37849254,0
1,11957,1642800,1954400,3008,966385048,37849254,0
1,11958,231800,1954400,3008,966385048,37849254,0
1,11959,1711800,1954400,3008,966385048,37849254,0
1,11960,393000,1954400,3008,966385048,37849254,0
1,11961,1860500,1954400,3008,966385048,37849254,0
1,11962,378400,1954400,3008,966385048,37849254,0
1,11963,2035700,1954400,3008,966385048,37849254,0
1,11964,231000,1954400,3008,966385048,37849254,0
1,11965,1650200,1954400,3008,966385048,37849254,0
1,11966,260800,1954400,3008,966385048,37849254,0
1,11967,1590500,1954400,3008,966385048,37849254,0
1,11968,243300,1954400,3008,966385048,37849254,0
1,11969,1512100,1954400,3008,966385048,37849254,0
1,11970,342900,1954400,3008,966385048,37849254,0
1,11971,1876900,1954400,3008,966385048,37849254,0
1,11972,348400,1954400,3008,966385048,37849254,0
1,11973,1516400,1954400,3008,966385048,37849254,0
1,11974,250600,1954400,3008,966385048,37849254,0
1,11975,1534600,1954400,3008,966385048,37849254,0
1,11976,251200,1954400,3008,966385048,37849254,0
1,11977,2014300,1954400,3008,966385048,37849254,0
1,11978,293500,1954400,3008,966385048,37849254,0
1,11979,1315700,1954400,3008,966385048,37849254,0
1,11980,218900,1954400,3008,966385048,37849254,0
1,11981,1770800,1954400,3008,966385048,37849254,0
1,11982,206500,1954400,3008,966385048,37849254,0
1,11983,1651400,1954400,3008,966385048,37849254,0
1,11984,352600,1954400,3008,966385048,37849254,0
1,11985,1658900,1954400,3008,966385048,37849254,0
1,11986,363800,1954400,3008,966385048,37849254,0
1,11987,1554900,1954400,3008,966385048,37849254,0
1,11988,343900,1954400,3008,966385048,37849254,0
1,11989,1594600,1954400,3008,966385048,37849254,0
1,11990,254300,1954400,3008,966385048,37849254,0
1,11991,1593400,1954400,3008,966385048,37849254,0
1,11992,249300,1954400,3008,966385048,37849254,0
1,11993,1493500,1954400,3008,966385048,37849254,0
1,11994,207200,1954400,3008,966385048,37849254,0
1,11995,1939500,1954400,3008,966385048,37849254,0
1,11996,398300,1954400,3008,966385048,37849254,0
1,11997,1353100,1954400,3008,966385048,37849254,0
1,11998,376100,1954400,3008,966385048,37849254,0
1,11999,1620300,1954400,3008,966385048,37849254,0
1,12000,576200,1954400,3008,966385048,37849254,0
1,12001,1251700,1954400,3008,966385048,37849254,0
1,12002,555100,1954400,3008,966385048,37849254,0
1,12003,1563800,1954400,3008,966385048,37849254,0
1,12004,253200,1954400,3008,966385048,37849254,0
1,12005,1491700,1954400,3008,966385048,37849254,0
1,12006,335900,1954400,3008,966385048,37849254,0
1,12007,1640400,1954400,3008,966385048,37849254,0
1,12008,353800,1954400,3008,966385048,37849254,0
1,12009,1841800,1954400,3008,966385048,37849254,0
1,12010,278400,1954400,3008,966385048,37849254,0
1,12011,1672700,1954400,3008,966385048,37849254,0
1,12012,368600,1954400,3008,966385048,37849254,0
1,12013,1780600,1954400,3008,966385048,37849254,0
1,12014,373800,1954400,3008,966385048,37849254,0
1,12015,1858900,1954400,3008,966385048,37849254,0
1,12016,361300,1954400,3008,966385048,37849254,0
1,12017,1440800,1954400,3008,966385048,37849254,0
1,12018,362900,1954400,3008,966385048,37849254,0
1,12019,1322300,1954400,3008,966385048,37849254,0
1,12020,368400,1954400,3008,966385048,37849254,0
1,12021,1340600,1954400,3008,966385048,37849254,0
1,12022,325100,1954400,3008,966385048,37849254,0
1,12023,2112400,1954400,3008,966385048,37849254,0
1,12024,383700,1954400,3008,966385048,37849254,0
1,12025,1796000,1954400,3008,966385048,37849254,0
1,12026,329700,1954400,3008,966385048,37849254,0
1,12027,2331300,1954400,3008,966385048,37849254,0
1,12028,288900,1954400,3008,966385048,37849254,0
1,12029,2069300,1954400,3008,966385048,37849254,0
1,12030,272600,1954400,3008,966385048,37849254,0
1,12031,1844900,1954400,3008,966385048,37849254,0
1,12032,413300,1954400,3008,966385048,37849254,0
1,12033,1681000,1954400,3008,966385048,37849254,0
1,12034,276200,1954400,3008,966385048,37849254,0
1,12035,1750200,1954400,3008,966385048,37849254,0
1,12036,366200,1954400,3008,966385048,37849254,0
1,12037,2004200,1954400,3008,966385048,37849254,0
1,12038,246500,1954400,3008,966385048,37849254,0
1,12039,1841400,1954400,3008,966385048,37849254,0
1,12040,327800,1954400,3008,966385048,37849254,0
1,12041,1483500,1954400,3008,966385048,37849254,0
1,12042,369000,1954400,3008,966385048,37849254,0
1,12043,1827700,1954400,3008,966385048,37849254,0
1,12044,435300,1954400,3008,966385048,37849254,0
1,12045,1832900,1954400,3008,966385048,37849254,0
1,12046,297700,1954400,3008,966385048,37849254,0
1,12047,1507800,1954400,3008,966385048,37849254,0
1,12048,314600,1954400,3008,966385048,37849254,0
1,12049,1797400,1954400,3008,966385048,37849254,0
1,12050,429400,1954400,3008,966385048,37849254,0
1,12051,1841800,1954400,3008,966385048,37849254,0
1,12052,348600,1954400,3008,966385048,37849254,0
1,12053,1877100,1954400,3008,966385048,37849254,0
1,12054,340800,1954400,3008,966385048,37849254,0
1,12055,1879800,1954400,3008,966385048,37849254,0
1,12056,353700,1954400,3008,966385048,37849254,0
1,12057,1832400,1954400,3008,966385048,37849254,0
1,12058,422100,1954400,3008,966385048,37849254,0
1,12059,1696000,1954400,3008,966385048,37849254,0
1,12060,374000,1954400,3008,966385048,37849254,0
1,12061,1920000,1954400,3008,966385048,37849254,0
1,12062,387800,1954400,3008,966385048,37849254,0
1,12063,1928100,1954400,3008,966385048,37849254,0
1,12064,377400,1954400,3008,966385048,37849254,0
1,12065,1807300,1954400,3008,966385048,37849254,0
1,12066,423600,1954400,3008,966385048,37849254,0
1,12067,1711800,1954400,3008,966385048,37849254,0
1,12068,354200,1954400,3008,966385048,37849254,0
1,12069,1560800,1954400,3008,966385048,37849254,0
1,12070,366500,1954400,3008,966385048,37849254,0
1,12071,1910700,1954400,3008,966385048,37849254,0
1,12072,343700,1954400,3008,966385048,37849254,0
1,12073,1863600,1954400,3008,966385048,37849254,0
1,12074,375500,1954400,3008,966385048,37849254,0
1,12075,1828300,1954400,3008,966385048,37849254,0
1,12076,294300,1954400,3008,966385048,37849254,0
1,12077,1665400,1954400,3008,966385048,37849254,0
1,12078,396400,1954400,3008,966385048,37849254,0
1,12079,1769900,1954400,3008,966385048,37849254,0
1,12080,363900,1954400,3008,966385048,37849254,0
1,12081,1719800,1954400,3008,966385048,37849254,0
1,12082,351100,1954400,3008,966385048,37849254,0
1,12083,1857800,1954400,3008,966385048,37849254,0
1,12084,365700,1954400,3008,966385048,37849254,0
1,12085,1845600,1954400,3008,966385048,37849254,0
1,12086,323900,1954400,3008,966385048,37849254,0
1,12087,1701400,1954400,3008,966385048,37849254,0
1,12088,323300,1954400,3008,966385048,37849254,0
1,12089,1669600,1954400,3008,966385048,37849254,0
1,12090,291600,1954400,3008,966385048,37849254,0
1,12091,1726400,1954400,3008,966385048,37849254,0
1,12092,202400,1954400,3008,966385048,37849254,0
1,12093,1678800,1954400,3008,966385048,37849254,0
1,12094,224600,1954400,3008,966385048,37849254,0
1,12095,1848500,1954400,3008,966385048,37849254,0
1,12096,343700,1954400,3008,966385048,37849254,0
1,12097,1804100,1954400,3008,966385048,37849254,0
1,12098,383900,1954400,3008,966385048,37849254,0
1,12099,1511800,1954400,3008,966385048,37849254,0
1,12100,374300,1954400,3008,966385048,37849254,0
1,12101,2124500,1954400,3008,966385048,37849254,0
1,12102,266500,1954400,3008,966385048,37849254,0
1,12103,2014100,1954400,3008,966385048,37849254,0
1,12104,259700,1954400,3008,966385048,37849254,0
1,12105,1971700,1954400,3008,966385048,37849254,0
1,12106,303700,1954400,3008,966385048,37849254,0
1,12107,2062100,1954400,3008,966385048,37849254,0
1,12108,283000,1954400,3008,966385048,37849254,0
1,12109,1839700,1954400,3008,966385048,37849254,0
1,12110,360900,1954400,3008,966385048,37849254,0
1,12111,1341500,1954400,3008,966385048,37849254,0
1,12112,381800,1954400,3008,966385048,37849254,0
1,12113,1848100,1954400,3008,966385048,37849254,0
1,12114,356400,1954400,3008,966385048,37849254,0
1,12115,1553900,1954400,3008,966385048,37849254,0
1,12116,466500,1954400,3008,966385048,37849254,0
1,12117,1987700,1954400,3008,966385048,37849254,0
1,12118,316900,1954400,3008,966385048,37849254,0
1,12119,1539400,1954400,3008,966385048,37849254,0
1,12120,397100,1954400,3008,966385048,37849254,0
1,12121,1773500,1954400,3008,966385048,37849254,0
1,12122,515900,1954400,3008,966385048,37849254,0
1,12123,2029800,1954400,3008,966385048,37849254,0
1,12124,442200,1954400,3008,966385048,37849254,0
1,12125,1908100,1954400,3008,966385048,37849254,0
1,12126,341000,1954400,3008,966385048,37849254,0
1,12127,1698300,1954400,3008,966385048,37849254,0
1,12128,359500,1954400,3008,966385048,37849254,0
1,12129,1671100,1954400,3008,966385048,37849254,0
1,12130,344800,1954400,3008,966385048,37849254,0
1,12131,1414000,1954400,3008,966385048,37849254,0
1,12132,310500,1954400,3008,966385048,37849254,0
1,12133,1827600,1954400,3008,966385048,37849254,0
1,12134,346400,1954400,3008,966385048,37849254,0
1,12135,1931500,1954400,3008,966385048,37849254,0
1,12136,364600,1954400,3008,966385048,37849254,0
1,12137,1373100,1954400,3008,966385048,37849254,0
1,12138,250600,1954400,3008,966385048,37849254,0
1,12139,1844800,1954400,3008,966385048,37849254,0
1,12140,326100,1954400,3008,966385048,37849254,0
1,12141,1908000,1954400,3008,966385048,37849254,0
1,12142,308100,1954400,3008,966385048,37849254,0
1,12143,1649800,1954400,3008,966385048,37849254,0
1,12144,336300,1954400,3008,966385048,37849254,0
1,12145,1843000,1954400,3008,966385048,37849254,0
1,12146,265000,1954400,3008,966385048,37849254,0
1,12147,1893300,1954400,3008,966385048,37849254,0
1,12148,444400,1954400,3008,966385048,37849254,0
1,12149,1952400,1954400,3008,966385048,37849254,0
1,12150,321200,1954400,3008,966385048,37849254,0
1,12151,1888200,1954400,3008,966385048,37849254,0
1,12152,251000,1954400,3008,966385048,37849254,0
1,12153,1676100,1954400,3008,966385048,37849254,0
1,12154,377600,1954400,3008,966385048,37849254,0
1,12155,1836400,1954400,3008,966385048,37849254,0
1,12156,380500,1954400,3008,966385048,37849254,0
1,12157,1477300,1954400,3008,966385048,37849254,0
1,12158,356800,1954400,3008,966385048,37849254,0
1,12159,1833800,1954400,3008,966385048,37849254,0
1,12160,350300,1954400,3008,966385048,37849254,0
1,12161,1763400,1954400,3008,966385048,37849254,0
1,12162,359700,1954400,3008,966385048,37849254,0
1,12163,1894000,1954400,3008,966385048,37849254,0
1,12164,459200,1954400,3008,966385048,37849254,0
1,12165,1911400,1954400,3008,966385048,37849254,0
1,12166,310100,1954400,3008,966385048,37849254,0
1,12167,1729100,1954400,3008,966385048,37849254,0
1,12168,396700,1954400,3008,966385048,37849254,0
1,12169,1819800,1954400,3008,966385048,37849254,0
1,12170,186100,1954400,3008,966385048,37849254,0
1,12171,2076900,1954400,3008,966385048,37849254,0
1,12172,571300,1954400,3008,966385048,37849254,0
1,12173,1778100,1954400,3008,966385048,37849254,0
1,12174,226200,1954400,3008,966385048,37849254,0
1,12175,1666200,1954400,3008,966385048,37849254,0
1,12176,363600,1954400,3008,966385048,37849254,0
1,12177,1843000,1954400,3008,966385048,37849254,0
1,12178,513400,1954400,3008,966385048,37849254,0
1,12179,1852900,1954400,3008,966385048,37849254,0
1,12180,263000,1954400,3008,966385048,37849254,0
1,12181,1519300,1954400,3008,966385048,37849254,0
1,12182,342100,1954400,3008,966385048,37849254,0
1,12183,1482600,1954400,3008,966385048,37849254,0
1,12184,248500,1954400,3008,966385048,37849254,0
1,12185,2093900,1954400,3008,966385048,37849254,0
1,12186,367200,1954400,3008,966385048,37849254,0
1,12187,1858200,1954400,3008,966385048,37849254,0
1,12188,292100,1954400,3008,966385048,37849254,0
1,12189,1762400,1954400,3008,966385048,37849254,0
1,12190,253700,1954400,3008,966385048,37849254,0
1,12191,1800700,1954400,3008,966385048,37849254,0
1,12192,333500,1954400,3008,966385048,37849254,0
1,12193,1725000,1954400,3008,966385048,37849254,0
1,12194,199600,1954400,3008,966385048,37849254,0
1,12195,1705300,1954400,3008,966385048,37849254,0
1,12196,396600,1954400,3008,966385048,37849254,0
1,12197,1701200,1954400,3008,966385048,37849254,0
1,12198,287400,1954400,3008,966385048,37849254,0
1,12199,1182300,1954400,3008,966385048,37849254,0
1,12200,246400,1954400,3008,966385048,37849254,0
1,12201,1605600,1954400,3008,966385048,37849254,0
1,12202,304200,1954400,3008,966385048,37849254,0
1,12203,1802900,1954400,3008,966385048,37849254,0
1,12204,336800,1954400,3008,966385048,37849254,0
1,12205,2049000,1954400,3008,966385048,37849254,0
1,12206,369600,1954400,3008,966385048,37849254,0
1,12207,1527800,1954400,3008,966385048,37849254,0
1,12208,294700,1954400,3008,966385048,37849254,0
1,12209,1705600,1954400,3008,966385048,37849254,0
1,12210,269700,1954400,3008,966385048,37849254,0
1,12211,1705200,1954400,3008,966385048,37849254,0
1,12212,361000,1954400,3008,966385048,37849254,0
1,12213,1826000,1954400,3008,966385048,37849254,0
1,12214,246700,1954400,3008,966385048,37849254,0
1,12215,1827300,1954400,3008,966385048,37849254,0
1,12216,332500,1954400,3008,966385048,37849254,0
1,12217,1733300,1954400,3008,966385048,37849254,0
1,12218,263100,1954400,3008,966385048,37849254,0
1,12219,1482400,1954400,3008,966385048,37849254,0
1,12220,383600,1954400,3008,966385048,37849254,0
1,12221,1765000,1954400,3008,966385048,37849254,0
1,12222,266000,1954400,3008,966385048,37849254,0
1,12223,1842000,1954400,3008,966385048,37849254,0
1,12224,303800,1954400,3008,966385048,37849254,0
1,12225,1408500,1954400,3008,966385048,37849254,0
1,12226,374000,1954400,3008,966385048,37849254,0
1,12227,1566400,1954400,3008,966385048,37849254,0
1,12228,331500,1954400,3008,966385048,37849254,0
1,12229,1315400,1954400,3008,966385048,37849254,0
1,12230,359000,1954400,3008,966385048,37849254,0
1,12231,1857600,1954400,3008,966385048,37849254,0
1,12232,294700,1954400,3008,966385048,37849254,0
1,12233,1713100,1954400,3008,966385048,37849254,0
1,12234,248300,1954400,3008,966385048,37849254,0
1,12235,1855800,1954400,3008,966385048,37849254,0
1,12236,250300,1954400,3008,966385048,37849254,0
1,12237,1995100,1954400,3008,966385048,37849254,0
1,12238,249200,1954400,3008,966385048,37849254,0
1,12239,1749100,1954400,3008,966385048,37849254,0
1,12240,341900,1954400,3008,966385048,37849254,0
1,12241,1604200,1954400,3008,966385048,37849254,0
1,12242,343600,1954400,3008,966385048,37849254,0
1,12243,1460800,1954400,3008,966385048,37849254,0
1,12244,347100,1954400,3008,966385048,37849254,0
1,12245,1151300,1954400,3008,966385048,37849254,0
1,12246,363300,1954400,3008,966385048,37849254,0
1,12247,1844800,1954400,3008,966385048,37849254,0
1,12248,383500,1954400,3008,966385048,37849254,0
1,12249,1829200,1954400,3008,966385048,37849254,0
1,12250,338400,1954400,3008,966385048,37849254,0
1,12251,1265100,1954400,3008,966385048,37849254,0
1,12252,282000,1954400,3008,966385048,37849254,0
1,12253,1619900,1954400,3008,966385048,37849254,0
1,12254,323100,1954400,3008,966385048,37849254,0
1,12255,1837300,1954400,3008,966385048,37849254,0
1,12256,502600,1954400,3008,966385048,37849254,0
1,12257,1788400,1954400,3008,966385048,37849254,0
1,12258,286500,1954400,3008,966385048,37849254,0
1,12259,1828100,1954400,3008,966385048,37849254,0
1,12260,349100,1954400,3008,966385048,37849254,0
1,12261,1419400,1954400,3008,966385048,37849254,0
1,12262,258200,1954400,3008,966385048,37849254,0
1,12263,1729300,1954400,3008,966385048,37849254,0
1,12264,363000,1954400,3008,966385048,37849254,0
1,12265,1535900,1954400,3008,966385048,37849254,0
1,12266,195300,1954400,3008,966385048,37849254,0
1,12267,1580900,1954400,3008,966385048,37849254,0
1,12268,425500,1954400,3008,966385048,37849254,0
1,12269,1884400,1954400,3008,966385048,37849254,0
1,12270,252800,1954400,3008,966385048,37849254,0
1,12271,1507800,1954400,3008,966385048,37849254,0
1,12272,360600,1954400,3008,966385048,37849254,0
1,12273,1860600,1954400,3008,966385048,37849254,0
1,12274,265500,1954400,3008,966385048,37849254,0
1,12275,1849500,1954400,3008,966385048,37849254,0
1,12276,251300,1954400,3008,966385048,37849254,0
1,12277,1272200,1954400,3008,966385048,37849254,0
1,12278,353000,1954400,3008,966385048,37849254,0
1,12279,1192900,1954400,3008,966385048,37849254,0
1,12280,415600,1954400,3008,966385048,37849254,0
1,12281,1631200,1954400,3008,966385048,37849254,0
1,12282,339500,1954400,3008,966385048,37849254,0
1,12283,1614300,1954400,3008,966385048,37849254,0
1,12284,352100,1954400,3008,966385048,37849254,0
1,12285,2080600,1954400,3008,966385048,37849254,0
1,12286,517800,1954400,3008,966385048,37849254,0
1,12287,1903100,1954400,3008,966385048,37849254,0
1,12288,354500,1954400,3008,966385048,37849254,0
1,12289,1529600,1954400,3008,966385048,37849254,0
1,12290,305600,1954400,3008,966385048,37849254,0
1,12291,1883400,1954400,3008,966385048,37849254,0
1,12292,216400,1954400,3008,966385048,37849254,0
1,12293,1863800,1954400,3008,966385048,37849254,0
1,12294,266600,1954400,3008,966385048,37849254,0
1,12295,2203500,1954400,3008,966385048,37849254,0
1,12296,260200,1954400,3008,966385048,37849254,0
1,12297,1615500,1954400,3008,966385048,37849254,0
1,12298,365200,1954400,3008,966385048,37849254,0
1,12299,1752000,1954400,3008,966385048,37849254,0
1,12300,333900,1954400,3008,966385048,37849254,0
1,12301,1644000,1954400,3008,966385048,37849254,0
1,12302,288300,1954400,3008,966385048,37849254,0
1,12303,1406000,1954400,3008,966385048,37849254,0
1,12304,541000,1954400,3008,966385048,37849254,0
1,12305,1509300,1954400,3008,966385048,37849254,0
1,12306,331000,1954400,3008,966385048,37849254,0
1,12307,1804100,1954400,3008,966385048,37849254,0
1,12308,340000,1954400,3008,966385048,37849254,0
1,12309,1222500,1954400,3008,966385048,37849254,0
1,12310,361500,1954400,3008,966385048,37849254,0
1,12311,1831500,1954400,3008,966385048,37849254,0
1,12312,351900,1954400,3008,966385048,37849254,0
1,12313,1847600,1954400,3008,966385048,37849254,0
1,12314,1450600,1954400,3008,966385048,37849254,0
1,12315,1676700,1954400,3008,966385048,37849254,0
1,12316,242400,1954400,3008,966385048,37849254,0
1,12317,1767700,1954400,3008,966385048,37849254,0
1,12318,350000,1954400,3008,966385048,37849254,0
1,12319,1841800,1954400,3008,966385048,37849254,0
1,12320,385800,1954400,3008,966385048,37849254,0
1,12321,1842400,1954400,3008,966385048,37849254,0
1,12322,281400,1954400,3008,966385048,37849254,0
1,12323,1677000,1954400,3008,966385048,37849254,0
1,12324,365000,1954400,3008,966385048,37849254,0
1,12325,1714800,1954400,3008,966385048,37849254,0
1,12326,253000,1954400,3008,966385048,37849254,0
1,12327,1953700,1954400,3008,966385048,37849254,0
1,12328,313800,1954400,3008,966385048,37849254,0
1,12329,1797300,1954400,3008,966385048,37849254,0
1,12330,253900,1954400,3008,966385048,37849254,0
1,12331,1829300,1954400,3008,966385048,37849254,0
1,12332,244200,1954400,3008,966385048,37849254,0
1,12333,2396800,1954400,3008,966385048,37849254,0
1,12334,357300,1954400,3008,966385048,37849254,0
1,12335,1762900,1954400,3008,966385048,37849254,0
1,12336,259600,1954400,3008,966385048,37849254,0
1,12337,1675600,1954400,3008,966385048,37849254,0
1,12338,268700,1954400,3008,966385048,37849254,0
1,12339,1826100,1954400,3008,966385048,37849254,0
1,12340,338900,1954400,3008,966385048,37849254,0
1,12341,1332900,1954400,3008,966385048,37849254,0
1,12342,215500,1954400,3008,966385048,37849254,0
1,12343,1771300,1954400,3008,966385048,37849254,0
1,12344,351000,1954400,3008,966385048,37849254,0
1,12345,1840700,1954400,3008,966385048,37849254,0
1,12346,371300,1954400,3008,966385048,37849254,0
1,12347,1497300,1954400,3008,966385048,37849254,0
1,12348,410400,1954400,3008,966385048,37849254,0
1,12349,1799200,1954400,3008,966385048,37849254,0
1,12350,343500,1954400,3008,966385048,37849254,0
1,12351,1296600,1954400,3008,966385048,37849254,0
1,12352,362900,1954400,3008,966385048,37849254,0
1,12353,1891500,1954400,3008,966385048,37849254,0
1,12354,421500,1954400,3008,966385048,37849254,0
1,12355,1700000,1954400,3008,966385048,37849254,0
1,12356,353600,1954400,3008,966385048,37849254,0
1,12357,1256000,1954400,3008,966385048,37849254,0
1,12358,437900,1954400,3008,966385048,37849254,0
1,12359,1373800,1954400,3008,966385048,37849254,0
1,12360,381700,1954400,3008,966385048,37849254,0
1,12361,1882800,1954400,3008,966385048,37849254,0
1,12362,328200,1954400,3008,966385048,37849254,0
1,12363,1727900,1954400,3008,966385048,37849254,0
1,12364,357800,1954400,3008,966385048,37849254,0
1,12365,1512100,1954400,3008,966385048,37849254,0
1,12366,363100,1954400,3008,966385048,37849254,0
1,12367,1614500,1954400,3008,966385048,37849254,0
1,12368,347400,1954400,3008,966385048,37849254,0
1,12369,1319000,1954400,3008,966385048,37849254,0
1,12370,368200,1954400,3008,966385048,37849254,0
1,12371,1226000,1954400,3008,966385048,37849254,0
1,12372,336600,1954400,3008,966385048,37849254,0
1,12373,1863400,1954400,3008,966385048,37849254,0
1,12374,376400,1954400,3008,966385048,37849254,0
1,12375,1301100,1954400,3008,966385048,37849254,0
1,12376,253200,1954400,3008,966385048,37849254,0
1,12377,1931500,1954400,3008,966385048,37849254,0
1,12378,342600,1954400,3008,966385048,37849254,0
1,12379,2025700,1954400,3008,966385048,37849254,0
1,12380,359200,1954400,3008,966385048,37849254,0
1,12381,1824100,1954400,3008,966385048,37849254,0
1,12382,306400,1954400,3008,966385048,37849254,0
1,12383,1255000,1954400,3008,966385048,37849254,0
1,12384,332400,1954400,3008,966385048,37849254,0
1,12385,1815300,1954400,3008,966385048,37849254,0
1,12386,833300,1954400,3008,966385048,37849254,0
1,12387,1856900,1954400,3008,966385048,37849254,0
1,12388,394500,1954400,3008,966385048,37849254,0
1,12389,1629000,1954400,3008,966385048,37849254,0
1,12390,270700,1954400,3008,966385048,37849254,0
1,12391,1637100,1954400,3008,966385048,37849254,0
1,12392,355400,1954400,3008,966385048,37849254,0
1,12393,1659600,1954400,3008,966385048,37849254,0
1,12394,437000,1954400,3008,966385048,37849254,0
1,12395,1851000,1954400,3008,966385048,37849254,0
1,12396,363100,1954400,3008,966385048,37849254,0
1,12397,1828100,1954400,3008,966385048,37849254,0
1,12398,513100,1954400,3008,966385048,37849254,0
1,12399,1874000,1954400,3008,966385048,37849254,0
1,12400,306200,1954400,3008,966385048,37849254,0
1,12401,1819300,1954400,3008,966385048,37849254,0
1,12402,335700,1954400,3008,966385048,37849254,0
1,12403,1650100,1954400,3008,966385048,37849254,0
1,12404,351900,1954400,3008,966385048,37849254,0
1,12405,1888100,1954400,3008,966385048,37849254,0
1,12406,260400,1954400,3008,966385048,37849254,0
1,12407,1802500,1954400,3008,966385048,37849254,0
1,12408,343400,1954400,3008,966385048,37849254,0
1,12409,1418800,1954400,3008,966385048,37849254,0
1,12410,350400,1954400,3008,966385048,37849254,0
1,12411,1281500,1954400,3008,966385048,37849254,0
1,12412,284900,1954400,3008,966385048,37849254,0
1,12413,1587500,1954400,3008,966385048,37849254,0
1,12414,301600,1954400,3008,966385048,37849254,0
1,12415,1721500,1954400,3008,966385048,37849254,0
1,12416,343000,1954400,3008,966385048,37849254,0
1,12417,1764800,1954400,3008,966385048,37849254,0
1,12418,269400,1954400,3008,966385048,37849254,0
1,12419,1938700,1954400,3008,966385048,37849254,0
1,12420,356100,1954400,3008,966385048,37849254,0
1,12421,2275400,1954400,3008,966385048,37849254,0
1,12422,259200,1954400,3008,966385048,37849254,0
1,12423,1810600,1954400,3008,966385048,37849254,0
1,12424,360300,1954400,3008,966385048,37849254,0
1,12425,1851600,1954400,3008,966385048,37849254,0
1,12426,299000,1954400,3008,966385048,37849254,0
1,12427,1826300,1954400,3008,966385048,37849254,0
1,12428,374700,1954400,3008,966385048,37849254,0
1,12429,1750400,1954400,3008,966385048,37849254,0
1,12430,293600,1954400,3008,966385048,37849254,0
1,12431,1841900,1954400,3008,966385048,37849254,0
1,12432,260600,1954400,3008,966385048,37849254,0
1,12433,1856300,1954400,3008,966385048,37849254,0
1,12434,262000,1954400,3008,966385048,37849254,0
1,12435,1840700,1954400,3008,966385048,37849254,0
1,12436,192700,1954400,3008,966385048,37849254,0
1,12437,1857500,1954400,3008,966385048,37849254,0
1,12438,315000,1954400,3008,966385048,37849254,0
1,12439,1594300,1954400,3008,966385048,37849254,0
1,12440,413500,1954400,3008,966385048,37849254,0
1,12441,1427600,1954400,3008,966385048,37849254,0
1,12442,228100,1954400,3008,966385048,37849254,0
1,12443,1767800,1954400,3008,966385048,37849254,0
1,12444,271900,1954400,3008,966385048,37849254,0
1,12445,1294600,1954400,3008,966385048,37849254,0
1,12446,306200,1954400,3008,966385048,37849254,0
1,12447,1614900,1954400,3008,966385048,37849254,0
1,12448,247600,1954400,3008,966385048,37849254,0
1,12449,1431700,1954400,3008,966385048,37849254,0
1,12450,393600,1954400,3008,966385048,37849254,0
1,12451,1898700,1954400,3008,966385048,37849254,0
1,12452,367600,1954400,3008,966385048,37849254,0
1,12453,1373100,1954400,3008,966385048,37849254,0
1,12454,363300,1954400,3008,966385048,37849254,0
1,12455,1619100,1954400,3008,966385048,37849254,0
1,12456,334400,1954400,3008,966385048,37849254,0
1,12457,1466700,1954400,3008,966385048,37849254,0
1,12458,339600,1954400,3008,966385048,37849254,0
1,12459,1288200,1954400,3008,966385048,37849254,0
1,12460,359100,1954400,3008,966385048,37849254,0
1,12461,1632900,1954400,3008,966385048,37849254,0
1,12462,372500,1954400,3008,966385048,37849254,0
1,12463,1619200,1954400,3008,966385048,37849254,0
1,12464,368900,1954400,3008,966385048,37849254,0
1,12465,1931400,1954400,3008,966385048,37849254,0
1,12466,274600,1954400,3008,966385048,37849254,0
1,12467,2070800,1954400,3008,966385048,37849254,0
1,12468,263300,1954400,3008,966385048,37849254,0
1,12469,1774900,1954400,3008,966385048,37849254,0
1,12470,332200,1954400,3008,966385048,37849254,0
1,12471,1806000,1954400,3008,966385048,37849254,0
1,12472,369600,1954400,3008,966385048,37849254,0
1,12473,2078900,1954400,3008,966385048,37849254,0
1,12474,309800,1954400,3008,966385048,37849254,0
1,12475,1975100,1954400,3008,966385048,37849254,0
1,12476,270400,1954400,3008,966385048,37849254,0
1,12477,1876800,1954400,3008,966385048,37849254,0
1,12478,356000,1954400,3008,966385048,37849254,0
1,12479,1708400,1954400,3008,966385048,37849254,0
1,12480,258500,1954400,3008,966385048,37849254,0
1,12481,1761300,1954400,3008,966385048,37849254,0
1,12482,280300,1954400,3008,966385048,37849254,0
1,12483,1847100,1954400,3008,966385048,37849254,0
1,12484,375700,1954400,3008,966385048,37849254,0
1,12485,1791900,1954400,3008,966385048,37849254,0
1,12486,338900,1954400,3008,966385048,37849254,0
1,12487,1341600,1954400,3008,966385048,37849254,0
1,12488,313900,1954400,3008,966385048,37849254,0
1,12489,1929100,1954400,3008,966385048,37849254,0
1,12490,373100,1954400,3008,966385048,37849254,0
1,12491,1839300,1954400,3008,966385048,37849254,0
1,12492,349000,1954400,3008,966385048,37849254,0
1,12493,1817600,1954400,3008,966385048,37849254,0
1,12494,288800,1954400,3008,966385048,37849254,0
1,12495,1591500,1954400,3008,966385048,37849254,0
1,12496,249100,1954400,3008,966385048,37849254,0
1,12497,1829600,1954400,3008,966385048,37849254,0
1,12498,348400,1954400,3008,966385048,37849254,0
1,12499,1700600,1954400,3008,966385048,37849254,0
1,12500,368200,1954400,3008,966385048,37849254,0
1,12501,1639600,1954400,3008,966385048,37849254,0
1,12502,370900,1954400,3008,966385048,37849254,0
1,12503,1832000,1954400,3008,966385048,37849254,0
1,12504,347700,1954400,3008,966385048,37849254,0
1,12505,1621700,1954400,3008,966385048,37849254,0
1,12506,307500,1954400,3008,966385048,37849254,0
1,12507,1276600,1954400,3008,966385048,37849254,0
1,12508,244400,1954400,3008,966385048,37849254,0
1,12509,1742500,1954400,3008,966385048,37849254,0
1,12510,346600,1954400,3008,966385048,37849254,0
1,12511,1643600,1954400,3008,966385048,37849254,0
1,12512,334200,1954400,3008,966385048,37849254,0
1,12513,2042500,1954400,3008,966385048,37849254,0
1,12514,374900,1954400,3008,966385048,37849254,0
1,12515,1809700,1954400,3008,966385048,37849254,0
1,12516,288700,1954400,3008,966385048,37849254,0
1,12517,1826800,1954400,3008,966385048,37849254,0
1,12518,318000,1954400,3008,966385048,37849254,0
1,12519,1837400,1954400,3008,966385048,37849254,0
1,12520,337600,1954400,3008,966385048,37849254,0
1,12521,1859300,1954400,3008,966385048,37849254,0
1,12522,346200,1954400,3008,966385048,37849254,0
1,12523,1837700,1954400,3008,966385048,37849254,0
1,12524,358000,1954400,3008,966385048,37849254,0
1,12525,1989700,1954400,3008,966385048,37849254,0
1,12526,526500,1954400,3008,966385048,37849254,0
1,12527,1571700,1954400,3008,966385048,37849254,0
1,12528,248300,1954400,3008,966385048,37849254,0
1,12529,1861600,1954400,3008,966385048,37849254,0
1,12530,350000,1954400,3008,966385048,37849254,0
1,12531,1283400,1954400,3008,966385048,37849254,0
1,12532,260800,1954400,3008,966385048,37849254,0
1,12533,1541500,1954400,3008,966385048,37849254,0
1,12534,332700,1954400,3008,966385048,37849254,0
1,12535,1266400,1954400,3008,966385048,37849254,0
1,12536,439700,1954400,3008,966385048,37849254,0
1,12537,1687900,1954400,3008,966385048,37849254,0
1,12538,354300,1954400,3008,966385048,37849254,0
1,12539,1272300,1954400,3008,966385048,37849254,0
1,12540,345200,1954400,3008,966385048,37849254,0
1,12541,1834400,1954400,3008,966385048,37849254,0
1,12542,266200,1954400,3008,966385048,37849254,0
1,12543,1530500,1954400,3008,966385048,37849254,0
1,12544,404800,1954400,3008,966385048,37849254,0
1,12545,1828100,1954400,3008,966385048,37849254,0
1,12546,400000,1954400,3008,966385048,37849254,0
1,12547,1227000,1954400,3008,966385048,37849254,0
1,12548,301100,1954400,3008,966385048,37849254,0
1,12549,1277100,1954400,3008,966385048,37849254,0
1,12550,347800,1954400,3008,966385048,37849254,0
1,12551,1828200,1954400,3008,966385048,37849254,0
1,12552,257800,1954400,3008,966385048,37849254,0
1,12553,1523800,1954400,3008,966385048,37849254,0
1,12554,236600,1954400,3008,966385048,37849254,0
1,12555,1704300,1954400,3008,966385048,37849254,0
1,12556,230600,1954400,3008,966385048,37849254,0
1,12557,1576700,1954400,3008,966385048,37849254,0
1,12558,361700,1954400,3008,966385048,37849254,0
1,12559,1786900,1954400,3008,966385048,37849254,0
1,12560,252800,1954400,3008,966385048,37849254,0
1,12561,1766200,1954400,3008,966385048,37849254,0
1,12562,356600,1954400,3008,966385048,37849254,0
1,12563,2023300,1954400,3008,966385048,37849254,0
1,12564,327400,1954400,3008,966385048,37849254,0
1,12565,1842500,1954400,3008,966385048,37849254,0
1,12566,379500,1954400,3008,966385048,37849254,0
1,12567,1408200,1954400,3008,966385048,37849254,0
1,12568,396700,1954400,3008,966385048,37849254,0
1,12569,1709400,1954400,3008,966385048,37849254,0
1,12570,338400,1954400,3008,966385048,37849254,0
1,12571,1869500,1954400,3008,966385048,37849254,0
1,12572,407100,1954400,3008,966385048,37849254,0
1,12573,1976900,1954400,3008,966385048,37849254,0
1,12574,261200,1954400,3008,966385048,37849254,0
1,12575,1812300,1954400,3008,966385048,37849254,0
1,12576,258600,1954400,3008,966385048,37849254,0
1,12577,1792300,1954400,3008,966385048,37849254,0
1,12578,200800,1954400,3008,966385048,37849254,0
1,12579,1974100,1954400,3008,966385048,37849254,0
1,12580,242800,1954400,3008,966385048,37849254,0
1,12581,1584900,1954400,3008,966385048,37849254,0
1,12582,496300,1954400,3008,966385048,37849254,0
1,12583,1847600,1954400,3008,966385048,37849254,0
1,12584,349500,1954400,3008,966385048,37849254,0
1,12585,1484200,1954400,3008,966385048,37849254,0
1,12586,301600,1954400,3008,966385048,37849254,0
1,12587,1242600,1954400,3008,966385048,37849254,0
1,12588,277300,1954400,3008,966385048,37849254,0
1,12589,1477800,1954400,3008,966385048,37849254,0
1,12590,311500,1954400,3008,966385048,37849254,0
1,12591,1836100,1954400,3008,966385048,37849254,0
1,12592,304000,1954400,3008,966385048,37849254,0
1,12593,1506400,1954400,3008,966385048,37849254,0
1,12594,296300,1954400,3008,966385048,37849254,0
1,12595,1814500,1954400,3008,966385048,37849254,0
1,12596,177900,1954400,3008,966385048,37849254,0
1,12597,1454100,1954400,3008,966385048,37849254,0
1,12598,362100,1954400,3008,966385048,37849254,0
1,12599,1762100,1954400,3008,966385048,37849254,0
1,12600,453900,1954400,3008,966385048,37849254,0
1,12601,1737900,1954400,3008,966385048,37849254,0
1,12602,296600,1954400,3008,966385048,37849254,0
1,12603,2032600,1954400,3008,966385048,37849254,0
1,12604,683300,1954400,3008,966385048,37849254,0
1,12605,1842500,1954400,3008,966385048,37849254,0
1,12606,372900,1954400,3008,966385048,37849254,0
1,12607,1285900,1954400,3008,966385048,37849254,0
1,12608,352100,1954400,3008,966385048,37849254,0
1,12609,1698200,1954400,3008,966385048,37849254,0
1,12610,325800,1954400,3008,966385048,37849254,0
1,12611,1718200,1954400,3008,966385048,37849254,0
1,12612,426200,1954400,3008,966385048,37849254,0
1,12613,1862500,1954400,3008,966385048,37849254,0
1,12614,520900,1954400,3008,966385048,37849254,0
1,12615,1557000,1954400,3008,966385048,37849254,0
1,12616,256300,1954400,3008,966385048,37849254,0
1,12617,1333100,1954400,3008,966385048,37849254,0
1,12618,326000,1954400,3008,966385048,37849254,0
1,12619,1702300,1954400,3008,966385048,37849254,0
1,12620,263800,1954400,3008,966385048,37849254,0
1,12621,1772100,1954400,3008,966385048,37849254,0
1,12622,908800,1954400,3008,966385048,37849254,0
1,12623,1249700,1954400,3008,966385048,37849254,0
1,12624,369400,1954400,3008,966385048,37849254,0
1,12625,1905200,1954400,3008,966385048,37849254,0
1,12626,242500,1954400,3008,966385048,37849254,0
1,12627,1371900,1954400,3008,966385048,37849254,0
1,12628,379500,1954400,3008,966385048,37849254,0
1,12629,1263000,1954400,3008,966385048,37849254,0
1,12630,393400,1954400,3008,966385048,37849254,0
1,12631,1696100,1954400,3008,966385048,37849254,0
1,12632,251400,1954400,3008,966385048,37849254,0
1,12633,2226600,1954400,3008,966385048,37849254,0
1,12634,328800,1954400,3008,966385048,37849254,0
1,12635,1771700,1954400,3008,966385048,37849254,0
1,12636,351000,1954400,3008,966385048,37849254,0
1,12637,1827400,1954400,3008,966385048,37849254,0
1,12638,262900,1954400,3008,966385048,37849254,0
1,12639,1881100,1954400,3008,966385048,37849254,0
1,12640,385000,1954400,3008,966385048,37849254,0
1,12641,1882400,1954400,3008,966385048,37849254,0
1,12642,304200,1954400,3008,966385048,37849254,0
1,12643,1792400,1954400,3008,966385048,37849254,0
1,12644,365600,1954400,3008,966385048,37849254,0
1,12645,1418200,1954400,3008,966385048,37849254,0
1,12646,353900,1954400,3008,966385048,37849254,0
1,12647,1629700,1954400,3008,966385048,37849254,0
1,12648,372700,1954400,3008,966385048,37849254,0
1,12649,1739800,1954400,3008,966385048,37849254,0
1,12650,309000,1954400,3008,966385048,37849254,0
1,12651,1266800,1954400,3008,966385048,37849254,0
1,12652,285000,1954400,3008,966385048,37849254,0
1,12653,1582200,1954400,3008,966385048,37849254,0
1,12654,345700,1954400,3008,966385048,37849254,0
1,12655,1763700,1954400,3008,966385048,37849254,0
1,12656,320500,1954400,3008,966385048,37849254,0
1,12657,1563400,1954400,3008,966385048,37849254,0
1,12658,351000,1954400,3008,966385048,37849254,0
1,12659,2413000,1954400,3008,966385048,37849254,0
1,12660,363200,1954400,3008,966385048,37849254,0
1,12661,1851300,1954400,3008,966385048,37849254,0
1,12662,367300,1954400,3008,966385048,37849254,0
1,12663,1363700,1954400,3008,966385048,37849254,0
1,12664,312100,1954400,3008,966385048,37849254,0
1,12665,1855100,1954400,3008,966385048,37849254,0
1,12666,286100,1954400,3008,966385048,37849254,0
1,12667,1567900,1954400,3008,966385048,37849254,0
1,12668,257300,1954400,3008,966385048,37849254,0
1,12669,1427800,1954400,3008,966385048,37849254,0
1,12670,354000,1954400,3008,966385048,37849254,0
1,12671,1675500,1954400,3008,966385048,37849254,0
1,12672,354400,1954400,3008,966385048,37849254,0
1,12673,1520800,1954400,3008,966385048,37849254,0
1,12674,351700,1954400,3008,966385048,37849254,0
1,12675,1572200,1954400,3008,966385048,37849254,0
1,12676,512100,1954400,3008,966385048,37849254,0
1,12677,1667500,1954400,3008,966385048,37849254,0
1,12678,377600,1954400,3008,966385048,37849254,0
1,12679,1926500,1954400,3008,966385048,37849254,0
1,12680,181900,1954400,3008,966385048,37849254,0
1,12681,1516200,1954400,3008,966385048,37849254,0
1,12682,351400,1954400,3008,966385048,37849254,0
1,12683,1720500,1954400,3008,966385048,37849254,0
1,12684,406700,1954400,3008,966385048,37849254,0
1,12685,1815600,1954400,3008,966385048,37849254,0
1,12686,239000,1954400,3008,966385048,37849254,0
1,12687,1677600,1954400,3008,966385048,37849254,0
1,12688,254400,1954400,3008,966385048,37849254,0
1,12689,1232500,1954400,3008,966385048,37849254,0
1,12690,317700,1954400,3008,966385048,37849254,0
1,12691,1285400,1954400,3008,966385048,37849254,0
1,12692,352500,1954400,3008,966385048,37849254,0
1,12693,1806800,1954400,3008,966385048,37849254,0
1,12694,355500,1954400,3008,966385048,37849254,0
1,12695,1868400,1954400,3008,966385048,37849254,0
1,12696,237500,1954400,3008,966385048,37849254,0
1,12697,1697600,1954400,3008,966385048,37849254,0
1,12698,277300,1954400,3008,966385048,37849254,0
1,12699,1599900,1954400,3008,966385048,37849254,0
1,12700,390500,1954400,3008,966385048,37849254,0
1,12701,1630600,1954400,3008,966385048,37849254,0
1,12702,315300,1954400,3008,966385048,37849254,0
1,12703,1590900,1954400,3008,966385048,37849254,0
1,12704,362800,1954400,3008,966385048,37849254,0
1,12705,1136500,1954400,3008,966385048,37849254,0
1,12706,326900,1954400,3008,966385048,37849254,0
1,12707,1344200,1954400,3008,966385048,37849254,0
1,12708,337900,1954400,3008,966385048,37849254,0
1,12709,1357100,1954400,3008,966385048,37849254,0
1,12710,352400,1954400,3008,966385048,37849254,0
1,12711,1794100,1954400,3008,966385048,37849254,0
1,12712,361500,1954400,3008,966385048,37849254,0
1,12713,1889200,1954400,3008,966385048,37849254,0
1,12714,260500,1954400,3008,966385048,37849254,0
1,12715,1699700,1954400,3008,966385048,37849254,0
1,12716,346800,1954400,3008,966385048,37849254,0
1,12717,1716300,1954400,3008,966385048,37849254,0
1,12718,391700,1954400,3008,966385048,37849254,0
1,12719,2008600,1954400,3008,966385048,37849254,0
1,12720,305400,1954400,3008,966385048,37849254,0
1,12721,1773500,1954400,3008,966385048,37849254,0
1,12722,352700,1954400,3008,966385048,37849254,0
1,12723,1270100,1954400,3008,966385048,37849254,0
1,12724,346200,1954400,3008,966385048,37849254,0
1,12725,1721800,1954400,3008,966385048,37849254,0
1,12726,256400,1954400,3008,966385048,37849254,0
1,12727,1815900,1954400,3008,966385048,37849254,0
1,12728,372800,1954400,3008,966385048,37849254,0
1,12729,1920000,1954400,3008,966385048,37849254,0
1,12730,384600,1954400,3008,966385048,37849254,0
1,12731,1427800,1954400,3008,966385048,37849254,0
1,12732,365300,1954400,3008,966385048,37849254,0
1,12733,1647300,1954400,3008,966385048,37849254,0
1,12734,335900,1954400,3008,966385048,37849254,0
1,12735,1574500,1954400,3008,966385048,37849254,0
1,12736,250000,1954400,3008,966385048,37849254,0
1,12737,1926300,1954400,3008,966385048,37849254,0
1,12738,346400,1954400,3008,966385048,37849254,0
1,12739,1867400,1954400,3008,966385048,37849254,0
1,12740,358300,1954400,3008,966385048,37849254,0
1,12741,1538300,1954400,3008,966385048,37849254,0
1,12742,247700,1954400,3008,966385048,37849254,0
1,12743,1723900,1954400,3008,966385048,37849254,0
1,12744,360000,1954400,3008,966385048,37849254,0
1,12745,1636900,1954400,3008,966385048,37849254,0
1,12746,292500,1954400,3008,966385048,37849254,0
1,12747,1808100,1954400,3008,966385048,37849254,0
1,12748,379900,1954400,3008,966385048,37849254,0
1,12749,1780000,1954400,3008,966385048,37849254,0
1,12750,372000,1954400,3008,966385048,37849254,0
1,12751,1862800,1954400,3008,966385048,37849254,0
1,12752,475200,1954400,3008,966385048,37849254,0
1,12753,1321200,1954400,3008,966385048,37849254,0
1,12754,352900,1954400,3008,966385048,37849254,0
1,12755,1811300,1954400,3008,966385048,37849254,0
1,12756,266100,1954400,3008,966385048,37849254,0
1,12757,1818100,1954400,3008,966385048,37849254,0
1,12758,392300,1954400,3008,966385048,37849254,0
1,12759,1846500,1954400,3008,966385048,37849254,0
1,12760,357000,1954400,3008,966385048,37849254,0
1,12761,1810600,1954400,3008,966385048,37849254,0
1,12762,229800,1954400,3008,966385048,37849254,0
1,12763,1603100,1954400,3008,966385048,37849254,0
1,12764,319500,1954400,3008,966385048,37849254,0
1,12765,1814200,1954400,3008,966385048,37849254,0
1,12766,696600,1954400,3008,966385048,37849254,0
1,12767,1844200,1954400,3008,966385048,37849254,0
1,12768,354700,1954400,3008,966385048,37849254,0
1,12769,1807000,1954400,3008,966385048,37849254,0
1,12770,257700,1954400,3008,966385048,37849254,0
1,12771,1926000,1954400,3008,966385048,37849254,0
1,12772,258000,1954400,3008,966385048,37849254,0
1,12773,1945800,1954400,3008,966385048,37849254,0
1,12774,377200,1954400,3008,966385048,37849254,0
1,12775,1812700,1954400,3008,966385048,37849254,0
1,12776,389900,1954400,3008,966385048,37849254,0
1,12777,2055000,1954400,3008,966385048,37849254,0
1,12778,412500,1954400,3008,966385048,37849254,0
1,12779,1875900,1954400,3008,966385048,37849254,0
1,12780,212700,1954400,3008,966385048,37849254,0
1,12781,2013800,1954400,3008,966385048,37849254,0
1,12782,225200,1954400,3008,966385048,37849254,0
1,12783,1844600,1954400,3008,966385048,37849254,0
1,12784,236900,1954400,3008,966385048,37849254,0
1,12785,1337700,1954400,3008,966385048,37849254,0
1,12786,248500,1954400,3008,966385048,37849254,0
1,12787,1346400,1954400,3008,966385048,37849254,0
1,12788,307300,1954400,3008,966385048,37849254,0
1,12789,1967500,1954400,3008,966385048,37849254,0
1,12790,296800,1954400,3008,966385048,37849254,0
1,12791,1789900,1954400,3008,966385048,37849254,0
1,12792,466900,1954400,3008,966385048,37849254,0
1,12793,1300800,1954400,3008,966385048,37849254,0
1,12794,292500,1954400,3008,966385048,37849254,0
1,12795,1864600,1954400,3008,966385048,37849254,0
1,12796,317500,1954400,3008,966385048,37849254,0
1,12797,1597200,1954400,3008,966385048,37849254,0
1,12798,399400,1954400,3008,966385048,37849254,0
1,12799,1855600,1954400,3008,966385048,37849254,0
1,12800,228000,1954400,3008,966385048,37849254,0
1,12801,1892300,1954400,3008,966385048,37849254,0
1,12802,272000,1954400,3008,966385048,37849254,0
1,12803,1560200,1954400,3008,966385048,37849254,0
1,12804,384700,1954400,3008,966385048,37849254,0
1,12805,1841300,1954400,3008,966385048,37849254,0
1,12806,387600,1954400,3008,966385048,37849254,0
1,12807,1964900,1954400,3008,966385048,37849254,0
1,12808,438500,1954400,3008,966385048,37849254,0
1,12809,1713900,1954400,3008,966385048,37849254,0
1,12810,353600,1954400,3008,966385048,37849254,0
1,12811,1291200,1954400,3008,966385048,37849254,0
1,12812,249400,1954400,3008,966385048,37849254,0
1,12813,1821900,1954400,3008,966385048,37849254,0
1,12814,339300,1954400,3008,966385048,37849254,0
1,12815,1691200,1954400,3008,966385048,37849254,0
1,12816,262400,1954400,3008,966385048,37849254,0
1,12817,1861400,1954400,3008,966385048,37849254,0
1,12818,353800,1954400,3008,966385048,37849254,0
1,12819,1820200,1954400,3008,966385048,37849254,0
1,12820,252000,1954400,3008,966385048,37849254,0
1,12821,2020800,1954400,3008,966385048,37849254,0
1,12822,273000,1954400,3008,966385048,37849254,0
1,12823,1844800,1954400,3008,966385048,37849254,0
1,12824,405700,1954400,3008,966385048,37849254,0
1,12825,1848500,1954400,3008,966385048,37849254,0
1,12826,364500,1954400,3008,966385048,37849254,0
1,12827,1787000,1954400,3008,966385048,37849254,0
1,12828,380000,1954400,3008,966385048,37849254,0
1,12829,1369000,1954400,3008,966385048,37849254,0
1,12830,333800,1954400,3008,966385048,37849254,0
1,12831,1675100,1954400,3008,966385048,37849254,0
1,12832,324100,1954400,3008,966385048,37849254,0
1,12833,1322700,1954400,3008,966385048,37849254,0
1,12834,250900,1954400,3008,966385048,37849254,0
1,12835,1986400,1954400,3008,966385048,37849254,0
1,12836,329100,1954400,3008,966385048,37849254,0
1,12837,1789100,1954400,3008,966385048,37849254,0
1,12838,345200,1954400,3008,966385048,37849254,0
1,12839,1719300,1954400,3008,966385048,37849254,0
1,12840,393000,1954400,3008,966385048,37849254,0
1,12841,1860800,1954400,3008,966385048,37849254,0
1,12842,238000,1954400,3008,966385048,37849254,0
1,12843,1784200,1954400,3008,966385048,37849254,0
1,12844,297900,1954400,3008,966385048,37849254,0
1,12845,1817900,1954400,3008,966385048,37849254,0
1,12846,363400,1954400,3008,966385048,37849254,0
1,12847,1814300,1954400,3008,966385048,37849254,0
1,12848,332100,1954400,3008,966385048,37849254,0
1,12849,1803700,1954400,3008,966385048,37849254,0
1,12850,347100,1954400,3008,966385048,37849254,0
1,12851,1857800,1954400,3008,966385048,37849254,0
1,12852,356000,1954400,3008,966385048,37849254,0
1,12853,1243700,1954400,3008,966385048,37849254,0
1,12854,537100,1954400,3008,966385048,37849254,0
1,12855,2062100,1954400,3008,966385048,37849254,0
1,12856,293100,1954400,3008,966385048,37849254,0
1,12857,1832600,1954400,3008,966385048,37849254,0
1,12858,373000,1954400,3008,966385048,37849254,0
1,12859,1837100,1954400,3008,966385048,37849254,0
1,12860,318900,1954400,3008,966385048,37849254,0
1,12861,1811600,1954400,3008,966385048,37849254,0
1,12862,329100,1954400,3008,966385048,37849254,0
1,12863,1660500,1954400,3008,966385048,37849254,0
1,12864,358000,1954400,3008,966385048,37849254,0
1,12865,1609500,1954400,3008,966385048,37849254,0
1,12866,309000,1954400,3008,966385048,37849254,0
1,12867,2183000,1954400,3008,966385048,37849254,0
1,12868,352600,1954400,3008,966385048,37849254,0
1,12869,1842600,1954400,3008,966385048,37849254,0
1,12870,351500,1954400,3008,966385048,37849254,0
1,12871,1413300,1954400,3008,966385048,37849254,0
1,12872,316700,1954400,3008,966385048,37849254,0
1,12873,1753600,1954400,3008,966385048,37849254,0
1,12874,354600,1954400,3008,966385048,37849254,0
1,12875,1834500,1954400,3008,966385048,37849254,0
1,12876,353300,1954400,3008,966385048,37849254,0
1,12877,1856700,1954400,3008,966385048,37849254,0
1,12878,312400,1954400,3008,966385048,37849254,0
1,12879,1875000,1954400,3008,966385048,37849254,0
1,12880,361200,1954400,3008,966385048,37849254,0
1,12881,1877200,1954400,3008,966385048,37849254,0
1,12882,1187400,1954400,3008,966385048,37849254,0
1,12883,1869000,1954400,3008,966385048,37849254,0
1,12884,427200,1954400,3008,966385048,37849254,0
1,12885,1273600,1954400,3008,966385048,37849254,0
1,12886,374700,1954400,3008,966385048,37849254,0
1,12887,1860400,1954400,3008,966385048,37849254,0
1,12888,355300,1954400,3008,966385048,37849254,0
1,12889,1434900,1954400,3008,966385048,37849254,0
1,12890,248900,1954400,3008,966385048,37849254,0
1,12891,2106200,1954400,3008,966385048,37849254,0
1,12892,271300,1954400,3008,966385048,37849254,0
1,12893,1377600,1954400,3008,966385048,37849254,0
1,12894,369300,1954400,3008,966385048,37849254,0
1,12895,1713100,1954400,3008,966385048,37849254,0
1,12896,328900,1954400,3008,966385048,37849254,0
1,12897,1530200,1954400,3008,966385048,37849254,0
1,12898,264000,1954400,3008,966385048,37849254,0
1,12899,1828300,1954400,3008,966385048,37849254,0
1,12900,394700,1954400,3008,966385048,37849254,0
1,12901,1791100,1954400,3008,966385048,37849254,0
1,12902,238000,1954400,3008,966385048,37849254,0
1,12903,2051000,1954400,3008,966385048,37849254,0
1,12904,365400,1954400,3008,966385048,37849254,0
1,12905,1845400,1954400,3008,966385048,37849254,0
1,12906,265900,1954400,3008,966385048,37849254,0
1,12907,1544400,1954400,3008,966385048,37849254,0
1,12908,356700,1954400,3008,966385048,37849254,0
1,12909,1738700,1954400,3008,966385048,37849254,0
1,12910,368000,1954400,3008,966385048,37849254,0
1,12911,1554100,1954400,3008,966385048,37849254,0
1,12912,266700,1954400,3008,966385048,37849254,0
1,12913,1172400,1954400,3008,966385048,37849254,0
1,12914,377800,1954400,3008,966385048,37849254,0
1,12915,1651900,1954400,3008,966385048,37849254,0
1,12916,559800,1954400,3008,966385048,37849254,0
1,12917,1284800,1954400,3008,966385048,37849254,0
1,12918,261800,1954400,3008,966385048,37849254,0
1,12919,1842800,1954400,3008,966385048,37849254,0
1,12920,356400,1954400,3008,966385048,37849254,0
1,12921,1835700,1954400,3008,966385048,37849254,0
1,12922,256100,1954400,3008,966385048,37849254,0
1,12923,1682200,1954400,3008,966385048,37849254,0
1,12924,356100,1954400,3008,966385048,37849254,0
1,12925,1313900,1954400,3008,966385048,37849254,0
1,12926,353500,1954400,3008,966385048,37849254,0
1,12927,1778700,1954400,3008,966385048,37849254,0
1,12928,511400,1954400,3008,966385048,37849254,0
1,12929,1849500,1954400,3008,966385048,37849254,0
1,12930,392300,1954400,3008,966385048,37849254,0
1,12931,1785400,1954400,3008,966385048,37849254,0
1,12932,303000,1954400,3008,966385048,37849254,0
1,12933,1739700,1954400,3008,966385048,37849254,0
1,12934,535800,1954400,3008,966385048,37849254,0
1,12935,1424100,1954400,3008,966385048,37849254,0
1,12936,386000,1954400,3008,966385048,37849254,0
1,12937,1808400,1954400,3008,966385048,37849254,0
1,12938,347300,1954400,3008,966385048,37849254,0
1,12939,1851100,1954400,3008,966385048,37849254,0
1,12940,262900,1954400,3008,966385048,37849254,0
1,12941,1542700,1954400,3008,966385048,37849254,0
1,12942,333100,1954400,3008,966385048,37849254,0
1,12943,1546000,1954400,3008,966385048,37849254,0
1,12944,346800,1954400,3008,966385048,37849254,0
1,12945,1991900,1954400,3008,966385048,37849254,0
1,12946,310200,1954400,3008,966385048,37849254,0
1,12947,2007300,1954400,3008,966385048,37849254,0
1,12948,385800,1954400,3008,966385048,37849254,0
1,12949,1719800,1954400,3008,966385048,37849254,0
1,12950,361600,1954400,3008,966385048,37849254,0
1,12951,1832500,1954400,3008,966385048,37849254,0
1,12952,359000,1954400,3008,966385048,37849254,0
1,12953,1982600,1954400,3008,966385048,37849254,0
1,12954,362900,1954400,3008,966385048,37849254,0
1,12955,1857600,1954400,3008,966385048,37849254,0
1,12956,372700,1954400,3008,966385048,37849254,0
1,12957,1772500,1954400,3008,966385048,37849254,0
1,12958,627700,1954400,3008,966385048,37849254,0
1,12959,1623600,1954400,3008,966385048,37849254,0
1,12960,262600,1954400,3008,966385048,37849254,0
1,12961,1822400,1954400,3008,966385048,37849254,0
1,12962,338000,1954400,3008,966385048,37849254,0
1,12963,1897900,1954400,3008,966385048,37849254,0
1,12964,257900,1954400,3008,966385048,37849254,0
1,12965,2289600,1954400,3008,966385048,37849254,0
1,12966,249900,1954400,3008,966385048,37849254,0
1,12967,1857000,1954400,3008,966385048,37849254,0
1,12968,365200,1954400,3008,966385048,37849254,0
1,12969,2222800,1954400,3008,966385048,37849254,0
1,12970,267100,1954400,3008,966385048,37849254,0
1,12971,1853300,1954400,3008,966385048,37849254,0
1,12972,334800,1954400,3008,966385048,37849254,0
1,12973,1823600,1954400,3008,966385048,37849254,0
1,12974,499800,1954400,3008,966385048,37849254,0
1,12975,1785700,1954400,3008,966385048,37849254,0
1,12976,356900,1954400,3008,966385048,37849254,0
1,12977,1452700,1954400,3008,966385048,37849254,0
1,12978,242300,1954400,3008,966385048,37849254,0
1,12979,1884900,1954400,3008,966385048,37849254,0
1,12980,351700,1954400,3008,966385048,37849254,0
1,12981,1723800,1954400,3008,966385048,37849254,0
1,12982,354400,1954400,3008,966385048,37849254,0
1,12983,1967400,1954400,3008,966385048,37849254,0
1,12984,353400,1954400,3008,966385048,37849254,0
1,12985,1712100,1954400,3008,966385048,37849254,0
1,12986,363500,1954400,3008,966385048,37849254,0
1,12987,1881300,1954400,3008,966385048,37849254,0
1,12988,359800,1954400,3008,966385048,37849254,0
1,12989,1166200,1954400,3008,966385048,37849254,0
1,12990,354300,1954400,3008,966385048,37849254,0
1,12991,1438100,1954400,3008,966385048,37849254,0
1,12992,257300,1954400,3008,966385048,37849254,0
1,12993,1755000,1954400,3008,966385048,37849254,0
1,12994,258500,1954400,3008,966385048,37849254,0
1,12995,1868400,1954400,3008,966385048,37849254,0
1,12996,392800,1954400,3008,966385048,37849254,0
1,12997,2029400,1954400,3008,966385048,37849254,0
1,12998,399800,1954400,3008,966385048,37849254,0
1,12999,1252100,1954400,3008,966385048,37849254,0
1,13000,401900,1954400,3008,966385048,37849254,0
1,13001,1883700,1954400,3008,966385048,37849254,0
1,13002,299100,1954400,3008,966385048,37849254,0
1,13003,1809700,1954400,3008,966385048,37849254,0
1,13004,362000,1954400,3008,966385048,37849254,0
1,13005,1311600,1954400,3008,966385048,37849254,0
1,13006,361200,1954400,3008,966385048,37849254,0
1,13007,1739800,1954400,3008,966385048,37849254,0
1,13008,309300,1954400,3008,966385048,37849254,0
1,13009,1791600,1954400,3008,966385048,37849254,0
1,13010,341800,1954400,3008,966385048,37849254,0
1,13011,1454700,1954400,3008,966385048,37849254,0
1,13012,570700,1954400,3008,966385048,37849254,0
1,13013,1595200,1954400,3008,966385048,37849254,0
1,13014,400600,1954400,3008,966385048,37849254,0
1,13015,1880200,1954400,3008,966385048,37849254,0
1,13016,404700,1954400,3008,966385048,37849254,0
1,13017,1478700,1954400,3008,966385048,37849254,0
1,13018,431400,1954400,3008,966385048,37849254,0
1,13019,1869200,1954400,3008,966385048,37849254,0
1,13020,427900,1954400,3008,966385048,37849254,0
1,13021,1482000,1954400,3008,966385048,37849254,0
1,13022,284400,1954400,3008,966385048,37849254,0
1,13023,1816700,1954400,3008,966385048,37849254,0
1,13024,340800,1954400,3008,966385048,37849254,0
1,13025,1930600,1954400,3008,966385048,37849254,0
1,13026,338200,1954400,3008,966385048,37849254,0
1,13027,1753500,1954400,3008,966385048,37849254,0
1,13028,240300,1954400,3008,966385048,37849254,0
1,13029,1686000,1954400,3008,966385048,37849254,0
1,13030,350100,1954400,3008,966385048,37849254,0
1,13031,1958900,1954400,3008,966385048,37849254,0
1,13032,353200,1954400,3008,966385048,37849254,0
1,13033,2018000,1954400,3008,966385048,37849254,0
1,13034,231000,1954400,3008,966385048,37849254,0
1,13035,1968900,1954400,3008,966385048,37849254,0
1,13036,377600,1954400,3008,966385048,37849254,0
1,13037,1820100,1954400,3008,966385048,37849254,0
1,13038,270900,1954400,3008,966385048,37849254,0
1,13039,1368600,1954400,3008,966385048,37849254,0
1,13040,341400,1954400,3008,966385048,37849254,0
1,13041,1254800,1954400,3008,966385048,37849254,0
1,13042,370500,1954400,3008,966385048,37849254,0
1,13043,1365100,1954400,3008,966385048,37849254,0
1,13044,307600,1954400,3008,966385048,37849254,0
1,13045,2158800,1954400,3008,966385048,37849254,0
1,13046,334100,1954400,3008,966385048,37849254,0
1,13047,2150100,1954400,3008,966385048,37849254,0
1,13048,332100,1954400,3008,966385048,37849254,0
1,13049,1837200,1954400,3008,966385048,37849254,0
1,13050,323400,1954400,3008,966385048,37849254,0
1,13051,1881000,1954400,3008,966385048,37849254,0
1,13052,347900,1954400,3008,966385048,37849254,0
1,13053,1666200,1954400,3008,966385048,37849254,0
1,13054,328000,1954400,3008,966385048,37849254,0
1,13055,2106600,1954400,3008,966385048,37849254,0
1,13056,359700,1954400,3008,966385048,37849254,0
1,13057,2021000,1954400,3008,966385048,37849254,0
1,13058,320400,1954400,3008,966385048,37849254,0
1,13059,1688600,1954400,3008,966385048,37849254,0
1,13060,351300,1954400,3008,966385048,37849254,0
1,13061,1450800,1954400,3008,966385048,37849254,0
1,13062,424400,1954400,3008,966385048,37849254,0
1,13063,1264200,1954400,3008,966385048,37849254,0
1,13064,245900,1954400,3008,966385048,37849254,0
1,13065,2409700,1954400,3008,966385048,37849254,0
1,13066,347800,1954400,3008,966385048,37849254,0
1,13067,1315900,1954400,3008,966385048,37849254,0
1,13068,365900,1954400,3008,966385048,37849254,0
1,13069,1715500,1954400,3008,966385048,37849254,0
1,13070,367000,1954400,3008,966385048,37849254,0
1,13071,1900800,1954400,3008,966385048,37849254,0
1,13072,270800,1954400,3008,966385048,37849254,0
1,13073,1832000,1954400,3008,966385048,37849254,0
1,13074,308000,1954400,3008,966385048,37849254,0
1,13075,1922000,1954400,3008,966385048,37849254,0
1,13076,369000,1954400,3008,966385048,37849254,0
1,13077,1822100,1954400,3008,966385048,37849254,0
1,13078,381900,1954400,3008,966385048,37849254,0
1,13079,1972400,1954400,3008,966385048,37849254,0
1,13080,314100,1954400,3008,966385048,37849254,0
1,13081,1778700,1954400,3008,966385048,37849254,0
1,13082,241800,1954400,3008,966385048,37849254,0
1,13083,1826500,1954400,3008,966385048,37849254,0
1,13084,331000,1954400,3008,966385048,37849254,0
1,13085,1707500,1954400,3008,966385048,37849254,0
1,13086,356200,1954400,3008,966385048,37849254,0
1,13087,2214500,1954400,3008,966385048,37849254,0
1,13088,262700,1954400,3008,966385048,37849254,0
1,13089,1686900,1954400,3008,966385048,37849254,0
1,13090,247200,1954400,3008,966385048,37849254,0
1,13091,1783500,1954400,3008,966385048,37849254,0
1,13092,298300,1954400,3008,966385048,37849254,0
1,13093,1374200,1954400,3008,966385048,37849254,0
1,13094,360400,1954400,3008,966385048,37849254,0
1,13095,1564500,1954400,3008,966385048,37849254,0
1,13096,356300,1954400,3008,966385048,37849254,0
1,13097,1269800,1954400,3008,966385048,37849254,0
1,13098,223400,1954400,3008,966385048,37849254,0
1,13099,1830800,1954400,3008,966385048,37849254,0
1,13100,364600,1954400,3008,966385048,37849254,0
1,13101,1872200,1954400,3008,966385048,37849254,0
1,13102,347300,1954400,3008,966385048,37849254,0
1,13103,1899500,1954400,3008,966385048,37849254,0
1,13104,235600,1954400,3008,966385048,37849254,0
1,13105,1670400,1954400,3008,966385048,37849254,0
1,13106,359100,1954400,3008,966385048,37849254,0
1,13107,1687900,1954400,3008,966385048,37849254,0
1,13108,357300,1954400,3008,966385048,37849254,0
1,13109,1541600,1954400,3008,966385048,37849254,0
1,13110,291500,1954400,3008,966385048,37849254,0
1,13111,1774500,1954400,3008,966385048,37849254,0
1,13112,376600,1954400,3008,966385048,37849254,0
1,13113,1808700,1954400,3008,966385048,37849254,0
1,13114,364600,1954400,3008,966385048,37849254,0
1,13115,1449600,1954400,3008,966385048,37849254,0
1,13116,376900,1954400,3008,966385048,37849254,0
1,13117,1832900,1954400,3008,966385048,37849254,0
1,13118,349200,1954400,3008,966385048,37849254,0
1,13119,1792900,1954400,3008,966385048,37849254,0
1,13120,248000,1954400,3008,966385048,37849254,0
1,13121,1504500,1954400,3008,966385048,37849254,0
1,13122,361200,1954400,3008,966385048,37849254,0
1,13123,1777400,1954400,3008,966385048,37849254,0
1,13124,355600,1954400,3008,966385048,37849254,0
1,13125,2071100,1954400,3008,966385048,37849254,0
1,13126,426100,1954400,3008,966385048,37849254,0
1,13127,1847700,1954400,3008,966385048,37849254,0
1,13128,319400,1954400,3008,966385048,37849254,0
1,13129,1867700,1954400,3008,966385048,37849254,0
1,13130,232000,1954400,3008,966385048,37849254,0
1,13131,1700900,1954400,3008,966385048,37849254,0
1,13132,360100,1954400,3008,966385048,37849254,0
1,13133,1463600,1954400,3008,966385048,37849254,0
1,13134,393200,1954400,3008,966385048,37849254,0
1,13135,1910900,1954400,3008,966385048,37849254,0
1,13136,343600,1954400,3008,966385048,37849254,0
1,13137,1379800,1954400,3008,966385048,37849254,0
1,13138,256700,1954400,3008,966385048,37849254,0
1,13139,1816200,1954400,3008,966385048,37849254,0
1,13140,346600,1954400,3008,966385048,37849254,0
1,13141,1877800,1954400,3008,966385048,37849254,0
1,13142,227100,1954400,3008,966385048,37849254,0
1,13143,2026000,1954400,3008,966385048,37849254,0
1,13144,371500,1954400,3008,966385048,37849254,0
1,13145,1743700,1954400,3008,966385048,37849254,0
1,13146,311900,1954400,3008,966385048,37849254,0
1,13147,1323100,1954400,3008,966385048,37849254,0
1,13148,391500,1954400,3008,966385048,37849254,0
1,13149,1884800,1954400,3008,966385048,37849254,0
1,13150,561400,1954400,3008,966385048,37849254,0
1,13151,1229000,1954400,3008,966385048,37849254,0
1,13152,278700,1954400,3008,966385048,37849254,0
1,13153,1894700,1954400,3008,966385048,37849254,0
1,13154,388900,1954400,3008,966385048,37849254,0
1,13155,1858900,1954400,3008,966385048,37849254,0
1,13156,255100,1954400,3008,966385048,37849254,0
1,13157,1837800,1954400,3008,966385048,37849254,0
1,13158,302900,1954400,3008,966385048,37849254,0
1,13159,1410500,1954400,3008,966385048,37849254,0
1,13160,277700,1954400,3008,966385048,37849254,0
1,13161,1795600,1954400,3008,966385048,37849254,0
1,13162,291500,1954400,3008,966385048,37849254,0
1,13163,1924900,1954400,3008,966385048,37849254,0
1,13164,366000,1954400,3008,966385048,37849254,0
1,13165,2208100,1954400,3008,966385048,37849254,0
1,13166,243200,1954400,3008,966385048,37849254,0
1,13167,1230100,1954400,3008,966385048,37849254,0
1,13168,373500,1954400,3008,966385048,37849254,0
1,13169,1268500,1954400,3008,966385048,37849254,0
1,13170,267900,1954400,3008,966385048,37849254,0
1,13171,1850800,1954400,3008,966385048,37849254,0
1,13172,264900,1954400,3008,966385048,37849254,0
1,13173,1273900,1954400,3008,966385048,37849254,0
1,13174,345100,1954400,3008,966385048,37849254,0
1,13175,1933100,1954400,3008,966385048,37849254,0
1,13176,370800,1954400,3008,966385048,37849254,0
1,13177,1846200,1954400,3008,966385048,37849254,0
1,13178,334400,1954400,3008,966385048,37849254,0
1,13179,1577500,1954400,3008,966385048,37849254,0
1,13180,309800,1954400,3008,966385048,37849254,0
1,13181,1909500,1954400,3008,966385048,37849254,0
1,13182,253900,1954400,3008,966385048,37849254,0
1,13183,1396500,1954400,3008,966385048,37849254,0
1,13184,355300,1954400,3008,966385048,37849254,0
1,13185,1831500,1954400,3008,966385048,37849254,0
1,13186,253000,1954400,3008,966385048,37849254,0
1,13187,1296000,1954400,3008,966385048,37849254,0
1,13188,343600,1954400,3008,966385048,37849254,0
1,13189,1872600,1954400,3008,966385048,37849254,0
1,13190,1131500,1954400,3008,966385048,37849254,0
1,13191,1855300,1954400,3008,966385048,37849254,0
1,13192,355600,1954400,3008,966385048,37849254,0
1,13193,1972000,1954400,3008,966385048,37849254,0
1,13194,228400,1954400,3008,966385048,37849254,0
1,13195,1724500,1954400,3008,966385048,37849254,0
1,13196,354400,1954400,3008,966385048,37849254,0
1,13197,1819300,1954400,3008,966385048,37849254,0
1,13198,373700,1954400,3008,966385048,37849254,0
1,13199,1571100,1954400,3008,966385048,37849254,0
1,13200,391500,1954400,3008,966385048,37849254,0
1,13201,1769500,1954400,3008,966385048,37849254,0
1,13202,379700,1954400,3008,966385048,37849254,0
1,13203,1365800,1954400,3008,966385048,37849254,0
1,13204,279400,1954400,3008,966385048,37849254,0
1,13205,1835600,1954400,3008,966385048,37849254,0
1,13206,375200,1954400,3008,966385048,37849254,0
1,13207,1896400,1954400,3008,966385048,37849254,0
1,13208,356300,1954400,3008,966385048,37849254,0
1,13209,1457700,1954400,3008,966385048,37849254,0
1,13210,346400,1954400,3008,966385048,37849254,0
1,13211,1818100,1954400,3008,966385048,37849254,0
1,13212,352000,1954400,3008,966385048,37849254,0
1,13213,1780800,1954400,3008,966385048,37849254,0
1,13214,349700,1954400,3008,966385048,37849254,0
1,13215,1680100,1954400,3008,966385048,37849254,0
1,13216,243900,1954400,3008,966385048,37849254,0
1,13217,1822600,1954400,3008,966385048,37849254,0
1,13218,418400,1954400,3008,966385048,37849254,0
1,13219,1633200,1954400,3008,966385048,37849254,0
1,13220,561400,1954400,3008,966385048,37849254,0
1,13221,1717800,1954400,3008,966385048,37849254,0
1,13222,381300,1954400,3008,966385048,37849254,0
1,13223,1603300,1954400,3008,966385048,37849254,0
1,13224,370100,1954400,3008,966385048,37849254,0
1,13225,1485200,1954400,3008,966385048,37849254,0
1,13226,423000,1954400,3008,966385048,37849254,0
1,13227,1810900,1954400,3008,966385048,37849254,0
1,13228,272900,1954400,3008,966385048,37849254,0
1,13229,1837700,1954400,3008,966385048,37849254,0
1,13230,563400,1954400,3008,966385048,37849254,0
1,13231,1126200,1954400,3008,966385048,37849254,0
1,13232,320000,1954400,3008,966385048,37849254,0
1,13233,1419200,1954400,3008,966385048,37849254,0
1,13234,247700,1954400,3008,966385048,37849254,0
1,13235,2013000,1954400,3008,966385048,37849254,0
1,13236,248300,1954400,3008,966385048,37849254,0
1,13237,1919100,1954400,3008,966385048,37849254,0
1,13238,249400,1954400,3008,966385048,37849254,0
1,13239,1181800,1954400,3008,966385048,37849254,0
1,13240,262400,1954400,3008,966385048,37849254,0
1,13241,1829400,1954400,3008,966385048,37849254,0
1,13242,371000,1954400,3008,966385048,37849254,0
1,13243,1853600,1954400,3008,966385048,37849254,0
1,13244,384700,1954400,3008,966385048,37849254,0
1,13245,1943700,1954400,3008,966385048,37849254,0
1,13246,465400,1954400,3008,966385048,37849254,0
1,13247,1267800,1954400,3008,966385048,37849254,0
1,13248,409600,1954400,3008,966385048,37849254,0
1,13249,1754100,1954400,3008,966385048,37849254,0
1,13250,350600,1954400,3008,966385048,37849254,0
1,13251,1797600,1954400,3008,966385048,37849254,0
1,13252,273400,1954400,3008,966385048,37849254,0
1,13253,1836500,1954400,3008,966385048,37849254,0
1,13254,351500,1954400,3008,966385048,37849254,0
1,13255,1928800,1954400,3008,966385048,37849254,0
1,13256,249700,1954400,3008,966385048,37849254,0
1,13257,1818500,1954400,3008,966385048,37849254,0
1,13258,276500,1954400,3008,966385048,37849254,0
1,13259,1403400,1954400,3008,966385048,37849254,0
1,13260,275100,1954400,3008,966385048,37849254,0
1,13261,1602300,1954400,3008,966385048,37849254,0
1,13262,311500,1954400,3008,966385048,37849254,0
1,13263,1418000,1954400,3008,966385048,37849254,0
1,13264,363300,1954400,3008,966385048,37849254,0
1,13265,1605900,1954400,3008,966385048,37849254,0
1,13266,350200,1954400,3008,966385048,37849254,0
1,13267,1387300,1954400,3008,966385048,37849254,0
1,13268,366600,1954400,3008,966385048,37849254,0
1,13269,1368000,1954400,3008,966385048,37849254,0
1,13270,349800,1954400,3008,966385048,37849254,0
1,13271,1305200,1954400,3008,966385048,37849254,0
1,13272,317000,1954400,3008,966385048,37849254,0
1,13273,1843600,1954400,3008,966385048,37849254,0
1,13274,369800,1954400,3008,966385048,37849254,0
1,13275,1877800,1954400,3008,966385048,37849254,0
1,13276,249500,1954400,3008,966385048,37849254,0
1,13277,1730200,1954400,3008,966385048,37849254,0
1,13278,356600,1954400,3008,966385048,37849254,0
1,13279,1721800,1954400,3008,966385048,37849254,0
1,13280,259600,1954400,3008,966385048,37849254,0
1,13281,2373400,1954400,3008,966385048,37849254,0
1,13282,351400,1954400,3008,966385048,37849254,0
1,13283,1847100,1954400,3008,966385048,37849254,0
1,13284,389600,1954400,3008,966385048,37849254,0
1,13285,1337600,1954400,3008,966385048,37849254,0
1,13286,429100,1954400,3008,966385048,37849254,0
1,13287,1274700,1954400,3008,966385048,37849254,0
1,13288,327200,1954400,3008,966385048,37849254,0
1,13289,1840300,1954400,3008,966385048,37849254,0
1,13290,289500,1954400,3008,966385048,37849254,0
1,13291,1806500,1954400,3008,966385048,37849254,0
1,13292,414500,1954400,3008,966385048,37849254,0
1,13293,1711400,1954400,3008,966385048,37849254,0
1,13294,359800,1954400,3008,966385048,37849254,0
1,13295,1828000,1954400,3008,966385048,37849254,0
1,13296,344200,1954400,3008,966385048,37849254,0
1,13297,1894500,1954400,3008,966385048,37849254,0
1,13298,249200,1954400,3008,966385048,37849254,0
1,13299,1534100,1954400,3008,966385048,37849254,0
1,13300,341800,1954400,3008,966385048,37849254,0
1,13301,1937200,1954400,3008,966385048,37849254,0
1,13302,307600,1954400,3008,966385048,37849254,0
1,13303,1684600,1954400,3008,966385048,37849254,0
1,13304,299300,1954400,3008,966385048,37849254,0
1,13305,1574000,1954400,3008,966385048,37849254,0
1,13306,500900,1954400,3008,966385048,37849254,0
1,13307,1832200,1954400,3008,966385048,37849254,0
1,13308,384800,1954400,3008,966385048,37849254,0
1,13309,1526800,1954400,3008,966385048,37849254,0
1,13310,297500,1954400,3008,966385048,37849254,0
1,13311,1318100,1954400,3008,966385048,37849254,0
1,13312,439500,1954400,3008,966385048,37849254,0
1,13313,1884700,1954400,3008,966385048,37849254,0
1,13314,347800,1954400,3008,966385048,37849254,0
1,13315,2365600,1954400,3008,966385048,37849254,0
1,13316,370900,1954400,3008,966385048,37849254,0
1,13317,2424900,1954400,3008,966385048,37849254,0
1,13318,263500,1954400,3008,966385048,37849254,0
1,13319,2057400,1954400,3008,966385048,37849254,0
1,13320,351400,1954400,3008,966385048,37849254,0
1,13321,1479200,1954400,3008,966385048,37849254,0
1,13322,265300,1954400,3008,966385048,37849254,0
1,13323,1646500,1954400,3008,966385048,37849254,0
1,13324,343900,1954400,3008,966385048,37849254,0
1,13325,1556500,1954400,3008,966385048,37849254,0
1,13326,290700,1954400,3008,966385048,37849254,0
1,13327,1727700,1954400,3008,966385048,37849254,0
1,13328,260400,1954400,3008,966385048,37849254,0
1,13329,1354600,1954400,3008,966385048,37849254,0
1,13330,262900,1954400,3008,966385048,37849254,0
1,13331,1666100,1954400,3008,966385048,37849254,0
1,13332,354600,1954400,3008,966385048,37849254,0
1,13333,1292000,1954400,3008,966385048,37849254,0
1,13334,176900,1954400,3008,966385048,37849254,0
1,13335,1848500,1954400,3008,966385048,37849254,0
1,13336,350700,1954400,3008,966385048,37849254,0
1,13337,1859500,1954400,3008,966385048,37849254,0
1,13338,358500,1954400,3008,966385048,37849254,0
1,13339,1710900,1954400,3008,966385048,37849254,0
1,13340,419800,1954400,3008,966385048,37849254,0
1,13341,1433400,1954400,3008,966385048,37849254,0
1,13342,352300,1954400,3008,966385048,37849254,0
1,13343,1924900,1954400,3008,966385048,37849254,0
1,13344,1986000,1954400,3008,966385048,37849254,0
1,13345,1830600,1954400,3008,966385048,37849254,0
1,13346,549300,1954400,3008,966385048,37849254,0
1,13347,1840500,1954400,3008,966385048,37849254,0
1,13348,356000,1954400,3008,966385048,37849254,0
1,13349,1808400,1954400,3008,966385048,37849254,0
1,13350,264600,1954400,3008,966385048,37849254,0
1,13351,1868200,1954400,3008,966385048,37849254,0
1,13352,366200,1954400,3008,966385048,37849254,0
1,13353,1879900,1954400,3008,966385048,37849254,0
1,13354,349700,1954400,3008,966385048,37849254,0
1,13355,1595200,1954400,3008,966385048,37849254,0
1,13356,269300,1954400,3008,966385048,37849254,0
1,13357,1878100,1954400,3008,966385048,37849254,0
1,13358,260100,1954400,3008,966385048,37849254,0
1,13359,1524800,1954400,3008,966385048,37849254,0
1,13360,308100,1954400,3008,966385048,37849254,0
1,13361,1651400,1954400,3008,966385048,37849254,0
1,13362,298800,1954400,3008,966385048,37849254,0
1,13363,1614600,1954400,3008,966385048,37849254,0
1,13364,351100,1954400,3008,966385048,37849254,0
1,13365,1654100,1954400,3008,966385048,37849254,0
1,13366,250400,1954400,3008,966385048,37849254,0
1,13367,2188100,1954400,3008,966385048,37849254,0
1,13368,258700,1954400,3008,966385048,37849254,0
1,13369,1791500,1954400,3008,966385048,37849254,0
1,13370,342700,1954400,3008,966385048,37849254,0
1,13371,1367500,1954400,3008,966385048,37849254,0
1,13372,261600,1954400,3008,966385048,37849254,0
1,13373,1805300,1954400,3008,966385048,37849254,0
1,13374,357700,1954400,3008,966385048,37849254,0
1,13375,2007100,1954400,3008,966385048,37849254,0
1,13376,240800,1954400,3008,966385048,37849254,0
1,13377,1548900,1954400,3008,966385048,37849254,0
1,13378,334500,1954400,3008,966385048,37849254,0
1,13379,1863300,1954400,3008,966385048,37849254,0
1,13380,362500,1954400,3008,966385048,37849254,0
1,13381,1329100,1954400,3008,966385048,37849254,0
1,13382,282700,1954400,3008,966385048,37849254,0
1,13383,1934800,1954400,3008,966385048,37849254,0
1,13384,266600,1954400,3008,966385048,37849254,0
1,13385,1893200,1954400,3008,966385048,37849254,0
1,13386,245800,1954400,3008,966385048,37849254,0
1,13387,1351800,1954400,3008,966385048,37849254,0
1,13388,346800,1954400,3008,966385048,37849254,0
1,13389,1644900,1954400,3008,966385048,37849254,0
1,13390,267000,1954400,3008,966385048,37849254,0
1,13391,1891000,1954400,3008,966385048,37849254,0
1,13392,339200,1954400,3008,966385048,37849254,0
1,13393,1624700,1954400,3008,966385048,37849254,0
1,13394,363300,1954400,3008,966385048,37849254,0
1,13395,1534100,1954400,3008,966385048,37849254,0
1,13396,386600,1954400,3008,966385048,37849254,0
1,13397,1360900,1954400,3008,966385048,37849254,0
1,13398,248800,1954400,3008,966385048,37849254,0
1,13399,1647100,1954400,3008,966385048,37849254,0
1,13400,409100,1954400,3008,966385048,37849254,0
1,13401,1733800,1954400,3008,966385048,37849254,0
1,13402,292000,1954400,3008,966385048,37849254,0
1,13403,1716000,1954400,3008,966385048,37849254,0
1,13404,348400,1954400,3008,966385048,37849254,0
1,13405,1665200,1954400,3008,966385048,37849254,0
1,13406,345000,1954400,3008,966385048,37849254,0
1,13407,1766000,1954400,3008,966385048,37849254,0
1,13408,347700,1954400,3008,966385048,37849254,0
1,13409,1839800,1954400,3008,966385048,37849254,0
1,13410,344100,1954400,3008,966385048,37849254,0
1,13411,1857500,1954400,3008,966385048,37849254,0
1,13412,268500,1954400,3008,966385048,37849254,0
1,13413,1693200,1954400,3008,966385048,37849254,0
1,13414,283100,1954400,3008,966385048,37849254,0
1,13415,1750300,1954400,3008,966385048,37849254,0
1,13416,345200,1954400,3008,966385048,37849254,0
1,13417,1200600,1954400,3008,966385048,37849254,0
1,13418,251300,1954400,3008,966385048,37849254,0
1,13419,1630600,1954400,3008,966385048,37849254,0
1,13420,273600,1954400,3008,966385048,37849254,0
1,13421,1684900,1954400,3008,966385048,37849254,0
1,13422,248400,1954400,3008,966385048,37849254,0
1,13423,1709600,1954400,3008,966385048,37849254,0
1,13424,353400,1954400,3008,966385048,37849254,0
1,13425,1879000,1954400,3008,966385048,37849254,0
1,13426,572700,1954400,3008,966385048,37849254,0
1,13427,2019500,1954400,3008,966385048,37849254,0
1,13428,235000,1954400,3008,966385048,37849254,0
1,13429,1754300,1954400,3008,966385048,37849254,0
1,13430,320700,1954400,3008,966385048,37849254,0
1,13431,1796100,1954400,3008,966385048,37849254,0
1,13432,376000,1954400,3008,966385048,37849254,0
1,13433,2061600,1954400,3008,966385048,37849254,0
1,13434,338800,1954400,3008,966385048,37849254,0
1,13435,1313000,1954400,3008,966385048,37849254,0
1,13436,376000,1954400,3008,966385048,37849254,0
1,13437,1849300,1954400,3008,966385048,37849254,0
1,13438,422400,1954400,3008,966385048,37849254,0
1,13439,1777900,1954400,3008,966385048,37849254,0
1,13440,365600,1954400,3008,966385048,37849254,0
1,13441,2293300,1954400,3008,966385048,37849254,0
1,13442,286500,1954400,3008,966385048,37849254,0
1,13443,1690400,1954400,3008,966385048,37849254,0
1,13444,394000,1954400,3008,966385048,37849254,0
1,13445,2431300,1954400,3008,966385048,37849254,0
1,13446,362000,1954400,3008,966385048,37849254,0
1,13447,1845400,1954400,3008,966385048,37849254,0
1,13448,287500,1954400,3008,966385048,37849254,0
1,13449,1749500,1954400,3008,966385048,37849254,0
1,13450,386600,1954400,3008,966385048,37849254,0
1,13451,1674600,1954400,3008,966385048,37849254,0
1,13452,356700,1954400,3008,966385048,37849254,0
1,13453,1724900,1954400,3008,966385048,37849254,0
1,13454,304000,1954400,3008,966385048,37849254,0
1,13455,1856000,1954400,3008,966385048,37849254,0
1,13456,369300,1954400,3008,966385048,37849254,0
1,13457,1838900,1954400,3008,966385048,37849254,0
1,13458,382900,1954400,3008,966385048,37849254,0
1,13459,1869500,1954400,3008,966385048,37849254,0
1,13460,362100,1954400,3008,966385048,37849254,0
1,13461,1820500,1954400,3008,966385048,37849254,0
1,13462,355700,1954400,3008,966385048,37849254,0
1,13463,1840100,1954400,3008,966385048,37849254,0
1,13464,297300,1954400,3008,966385048,37849254,0
1,13465,1881600,1954400,3008,966385048,37849254,0
1,13466,349300,1954400,3008,966385048,37849254,0
1,13467,1812400,1954400,3008,966385048,37849254,0
1,13468,242100,1954400,3008,966385048,37849254,0
1,13469,1838400,1954400,3008,966385048,37849254,0
1,13470,228100,1954400,3008,966385048,37849254,0
1,13471,1989600,1954400,3008,966385048,37849254,0
1,13472,377300,1954400,3008,966385048,37849254,0
1,13473,1825000,1954400,3008,966385048,37849254,0
1,13474,303500,1954400,3008,966385048,37849254,0
1,13475,1848200,1954400,3008,966385048,37849254,0
1,13476,287700,1954400,3008,966385048,37849254,0
1,13477,1695200,1954400,3008,966385048,37849254,0
1,13478,245600,1954400,3008,966385048,37849254,0
1,13479,1834000,1954400,3008,966385048,37849254,0
1,13480,259600,1954400,3008,966385048,37849254,0
1,13481,1832500,1954400,3008,966385048,37849254,0
1,13482,330700,1954400,3008,966385048,37849254,0
1,13483,2748400,1954400,3008,966385048,37849254,0
1,13484,296800,1954400,3008,966385048,37849254,0
1,13485,1898700,1954400,3008,966385048,37849254,0
1,13486,312900,1954400,3008,966385048,37849254,0
1,13487,1700900,1954400,3008,966385048,37849254,0
1,13488,292800,1954400,3008,966385048,37849254,0
1,13489,1744100,1954400,3008,966385048,37849254,0
1,13490,343700,1954400,3008,966385048,37849254,0
1,13491,1351400,1954400,3008,966385048,37849254,0
1,13492,282500,1954400,3008,966385048,37849254,0
1,13493,1597000,1954400,3008,966385048,37849254,0
1,13494,347800,1954400,3008,966385048,37849254,0
1,13495,1927000,1954400,3008,966385048,37849254,0
1,13496,337600,1954400,3008,966385048,37849254,0
1,13497,1180100,1954400,3008,966385048,37849254,0
1,13498,301900,1954400,3008,966385048,37849254,0
1,13499,1677500,1954400,3008,966385048,37849254,0
1,13500,346100,1954400,3008,966385048,37849254,0
1,13501,1834600,1954400,3008,966385048,37849254,0
1,13502,218100,1954400,3008,966385048,37849254,0
1,13503,1913800,1954400,3008,966385048,37849254,0
1,13504,397200,1954400,3008,966385048,37849254,0
1,13505,1359700,1954400,3008,966385048,37849254,0
1,13506,235100,1954400,3008,966385048,37849254,0
1,13507,1700200,1954400,3008,966385048,37849254,0
1,13508,273000,1954400,3008,966385048,37849254,0
1,13509,1885000,1954400,3008,966385048,37849254,0
1,13510,240000,1954400,3008,966385048,37849254,0
1,13511,1859700,1954400,3008,966385048,37849254,0
1,13512,357800,1954400,3008,966385048,37849254,0
1,13513,1308300,1954400,3008,966385048,37849254,0
1,13514,375700,1954400,3008,966385048,37849254,0
1,13515,1516400,1954400,3008,966385048,37849254,0
1,13516,256100,1954400,3008,966385048,37849254,0
1,13517,1551500,1954400,3008,966385048,37849254,0
1,13518,297800,1954400,3008,966385048,37849254,0
1,13519,1871600,1954400,3008,966385048,37849254,0
1,13520,353700,1954400,3008,966385048,37849254,0
1,13521,1863000,1954400,3008,966385048,37849254,0
1,13522,625300,1954400,3008,966385048,37849254,0
1,13523,1876600,1954400,3008,966385048,37849254,0
1,13524,263400,1954400,3008,966385048,37849254,0
1,13525,1898400,1954400,3008,966385048,37849254,0
1,13526,359700,1954400,3008,966385048,37849254,0
1,13527,1674500,1954400,3008,966385048,37849254,0
1,13528,345800,1954400,3008,966385048,37849254,0
1,13529,1378900,1954400,3008,966385048,37849254,0
1,13530,258100,1954400,3008,966385048,37849254,0
1,13531,1775000,1954400,3008,966385048,37849254,0
1,13532,341500,1954400,3008,966385048,37849254,0
1,13533,1869600,1954400,3008,966385048,37849254,0
1,13534,354100,1954400,3008,966385048,37849254,0
1,13535,1760700,1954400,3008,966385048,37849254,0
1,13536,396300,1954400,3008,966385048,37849254,0
1,13537,1633800,1954400,3008,966385048,37849254,0
1,13538,250900,1954400,3008,966385048,37849254,0
1,13539,1894300,1954400,3008,966385048,37849254,0
1,13540,349200,1954400,3008,966385048,37849254,0
1,13541,2024600,1954400,3008,966385048,37849254,0
1,13542,346400,1954400,3008,966385048,37849254,0
1,13543,1783200,1954400,3008,966385048,37849254,0
1,13544,354500,1954400,3008,966385048,37849254,0
1,13545,1982500,1954400,3008,966385048,37849254,0
1,13546,487300,1954400,3008,966385048,37849254,0
1,13547,1832700,1954400,3008,966385048,37849254,0
1,13548,357800,1954400,3008,966385048,37849254,0
1,13549,1928000,1954400,3008,966385048,37849254,0
1,13550,340300,1954400,3008,966385048,37849254,0
1,13551,1597000,1954400,3008,966385048,37849254,0
1,13552,323000,1954400,3008,966385048,37849254,0
1,13553,1748200,1954400,3008,966385048,37849254,0
1,13554,350900,1954400,3008,966385048,37849254,0
1,13555,2814400,1954400,3008,966385048,37849254,0
1,13556,258300,1954400,3008,966385048,37849254,0
1,13557,2912400,1954400,3008,966385048,37849254,0
1,13558,354200,1954400,3008,966385048,37849254,0
1,13559,1682200,1954400,3008,966385048,37849254,0
1,13560,322600,1954400,3008,966385048,37849254,0
1,13561,1802000,1954400,3008,966385048,37849254,0
1,13562,307600,1954400,3008,966385048,37849254,0
1,13563,1322000,1954400,3008,966385048,37849254,0
1,13564,458100,1954400,3008,966385048,37849254,0
1,13565,1798100,1954400,3008,966385048,37849254,0
1,13566,463800,1954400,3008,966385048,37849254,0
1,13567,1787400,1954400,3008,966385048,37849254,0
1,13568,341400,1954400,3008,966385048,37849254,0
1,13569,1817200,1954400,3008,966385048,37849254,0
1,13570,242300,1954400,3008,966385048,37849254,0
1,13571,1827000,1954400,3008,966385048,37849254,0
1,13572,347400,1954400,3008,966385048,37849254,0
1,13573,1519600,1954400,3008,966385048,37849254,0
1,13574,298800,1954400,3008,966385048,37849254,0
1,13575,1828000,1954400,3008,966385048,37849254,0
1,13576,251100,1954400,3008,966385048,37849254,0
1,13577,1263300,1954400,3008,966385048,37849254,0
1,13578,314500,1954400,3008,966385048,37849254,0
1,13579,2168500,1954400,3008,966385048,37849254,0
1,13580,312400,1954400,3008,966385048,37849254,0
1,13581,1823900,1954400,3008,966385048,37849254,0
1,13582,372500,1954400,3008,966385048,37849254,0
1,13583,1383400,1954400,3008,966385048,37849254,0
1,13584,463700,1954400,3008,966385048,37849254,0
1,13585,1910800,1954400,3008,966385048,37849254,0
1,13586,253000,1954400,3008,966385048,37849254,0
1,13587,1465900,1954400,3008,966385048,37849254,0
1,13588,313700,1954400,3008,966385048,37849254,0
1,13589,1450200,1954400,3008,966385048,37849254,0
1,13590,353900,1954400,3008,966385048,37849254,0
1,13591,1780300,1954400,3008,966385048,37849254,0
1,13592,246900,1954400,3008,966385048,37849254,0
1,13593,2184200,1954400,3008,966385048,37849254,0
1,13594,362200,1954400,3008,966385048,37849254,0
1,13595,2167000,1954400,3008,966385048,37849254,0
1,13596,310900,1954400,3008,966385048,37849254,0
1,13597,1856300,1954400,3008,966385048,37849254,0
1,13598,258600,1954400,3008,966385048,37849254,0
1,13599,1604600,1954400,3008,966385048,37849254,0
1,13600,293500,1954400,3008,966385048,37849254,0
1,13601,1909000,1954400,3008,966385048,37849254,0
1,13602,252400,1954400,3008,966385048,37849254,0
1,13603,2109700,1954400,3008,966385048,37849254,0
1,13604,361200,1954400,3008,966385048,37849254,0
1,13605,1910700,1954400,3008,966385048,37849254,0
1,13606,333700,1954400,3008,966385048,37849254,0
1,13607,1782900,1954400,3008,966385048,37849254,0
1,13608,253500,1954400,3008,966385048,37849254,0
1,13609,1571300,1954400,3008,966385048,37849254,0
1,13610,263400,1954400,3008,966385048,37849254,0
1,13611,1876600,1954400,3008,966385048,37849254,0
1,13612,363200,1954400,3008,966385048,37849254,0
1,13613,1632600,1954400,3008,966385048,37849254,0
1,13614,388600,1954400,3008,966385048,37849254,0
1,13615,1465800,1954400,3008,966385048,37849254,0
1,13616,257000,1954400,3008,966385048,37849254,0
1,13617,1331000,1954400,3008,966385048,37849254,0
1,13618,324500,1954400,3008,966385048,37849254,0
1,13619,2144900,1954400,3008,966385048,37849254,0
1,13620,336600,1954400,3008,966385048,37849254,0
1,13621,1953100,1954400,3008,966385048,37849254,0
1,13622,348300,1954400,3008,966385048,37849254,0
1,13623,1875400,1954400,3008,966385048,37849254,0
1,13624,260500,1954400,3008,966385048,37849254,0
1,13625,1376800,1954400,3008,966385048,37849254,0
1,13626,254800,1954400,3008,966385048,37849254,0
1,13627,1451800,1954400,3008,966385048,37849254,0
1,13628,366600,1954400,3008,966385048,37849254,0
1,13629,1916300,1954400,3008,966385048,37849254,0
1,13630,430000,1954400,3008,966385048,37849254,0
1,13631,1837000,1954400,3008,966385048,37849254,0
1,13632,543600,1954400,3008,966385048,37849254,0
1,13633,1545400,1954400,3008,966385048,37849254,0
1,13634,358300,1954400,3008,966385048,37849254,0
1,13635,1759500,1954400,3008,966385048,37849254,0
1,13636,363000,1954400,3008,966385048,37849254,0
1,13637,1594000,1954400,3008,966385048,37849254,0
1,13638,275300,1954400,3008,966385048,37849254,0
1,13639,2075600,1954400,3008,966385048,37849254,0
1,13640,325900,1954400,3008,966385048,37849254,0
1,13641,1663300,1954400,3008,966385048,37849254,0
1,13642,319100,1954400,3008,966385048,37849254,0
1,13643,1858800,1954400,3008,966385048,37849254,0
1,13644,617000,1954400,3008,966385048,37849254,0
1,13645,1965800,1954400,3008,966385048,37849254,0
1,13646,387400,1954400,3008,966385048,37849254,0
1,13647,1532000,1954400,3008,966385048,37849254,0
1,13648,334000,1954400,3008,966385048,37849254,0
1,13649,1834200,1954400,3008,966385048,37849254,0
1,13650,342100,1954400,3008,966385048,37849254,0
1,13651,1673900,1954400,3008,966385048,37849254,0
1,13652,475800,1954400,3008,966385048,37849254,0
1,13653,1831900,1954400,3008,966385048,37849254,0
1,13654,385000,1954400,3008,966385048,37849254,0
1,13655,1841500,1954400,3008,966385048,37849254,0
1,13656,372600,1954400,3008,966385048,37849254,0
1,13657,1422400,1954400,3008,966385048,37849254,0
1,13658,406000,1954400,3008,966385048,37849254,0
1,13659,1966100,1954400,3008,966385048,37849254,0
1,13660,338100,1954400,3008,966385048,37849254,0
1,13661,1318600,1954400,3008,966385048,37849254,0
1,13662,239600,1954400,3008,966385048,37849254,0
1,13663,1537500,1954400,3008,966385048,37849254,0
1,13664,321800,1954400,3008,966385048,37849254,0
1,13665,1674300,1954400,3008,966385048,37849254,0
1,13666,232000,1954400,3008,966385048,37849254,0
1,13667,2181500,1954400,3008,966385048,37849254,0
1,13668,310600,1954400,3008,966385048,37849254,0
1,13669,1793900,1954400,3008,966385048,37849254,0
1,13670,255500,1954400,3008,966385048,37849254,0
1,13671,1321300,1954400,3008,966385048,37849254,0
1,13672,333600,1954400,3008,966385048,37849254,0
1,13673,1838800,1954400,3008,966385048,37849254,0
1,13674,250600,1954400,3008,966385048,37849254,0
1,13675,1672900,1954400,3008,966385048,37849254,0
1,13676,246500,1954400,3008,966385048,37849254,0
1,13677,2077900,1954400,3008,966385048,37849254,0
1,13678,385400,1954400,3008,966385048,37849254,0
1,13679,1879600,1954400,3008,966385048,37849254,0
1,13680,273400,1954400,3008,966385048,37849254,0
1,13681,1878900,1954400,3008,966385048,37849254,0
1,13682,609300,1954400,3008,966385048,37849254,0
1,13683,1871100,1954400,3008,966385048,37849254,0
1,13684,273500,1954400,3008,966385048,37849254,0
1,13685,1632500,1954400,3008,966385048,37849254,0
1,13686,424200,1954400,3008,966385048,37849254,0
1,13687,1808600,1954400,3008,966385048,37849254,0
1,13688,360400,1954400,3008,966385048,37849254,0
1,13689,1501100,1954400,3008,966385048,37849254,0
1,13690,363900,1954400,3008,966385048,37849254,0
1,13691,1880400,1954400,3008,966385048,37849254,0
1,13692,337500,1954400,3008,966385048,37849254,0
1,13693,2054800,1954400,3008,966385048,37849254,0
1,13694,457400,1954400,3008,966385048,37849254,0
1,13695,1850800,1954400,3008,966385048,37849254,0
1,13696,345300,1954400,3008,966385048,37849254,0
1,13697,1787100,1954400,3008,966385048,37849254,0
1,13698,374300,1954400,3008,966385048,37849254,0
1,13699,1331100,1954400,3008,966385048,37849254,0
1,13700,366400,1954400,3008,966385048,37849254,0
1,13701,1947900,1954400,3008,966385048,37849254,0
1,13702,347000,1954400,3008,966385048,37849254,0
1,13703,2052700,1954400,3008,966385048,37849254,0
1,13704,350300,1954400,3008,966385048,37849254,0
1,13705,1502200,1954400,3008,966385048,37849254,0
1,13706,386600,1954400,3008,966385048,37849254,0
1,13707,1726000,1954400,3008,966385048,37849254,0
1,13708,357300,1954400,3008,966385048,37849254,0
1,13709,1891000,1954400,3008,966385048,37849254,0
1,13710,262300,1954400,3008,966385048,37849254,0
1,13711,1868500,1954400,3008,966385048,37849254,0
1,13712,317900,1954400,3008,966385048,37849254,0
1,13713,1538700,1954400,3008,966385048,37849254,0
1,13714,355200,1954400,3008,966385048,37849254,0
1,13715,1852300,1954400,3008,966385048,37849254,0
1,13716,294900,1954400,3008,966385048,37849254,0
1,13717,1822600,1954400,3008,966385048,37849254,0
1,13718,259100,1954400,3008,966385048,37849254,0
1,13719,1881200,1954400,3008,966385048,37849254,0
1,13720,239400,1954400,3008,966385048,37849254,0
1,13721,1788900,1954400,3008,966385048,37849254,0
1,13722,271500,1954400,3008,966385048,37849254,0
1,13723,2189900,1954400,3008,966385048,37849254,0
1,13724,477000,1954400,3008,966385048,37849254,0
1,13725,1753600,1954400,3008,966385048,37849254,0
1,13726,363100,1954400,3008,966385048,37849254,0
1,13727,1922800,1954400,3008,966385048,37849254,0
1,13728,349400,1954400,3008,966385048,37849254,0
1,13729,1453200,1954400,3008,966385048,37849254,0
1,13730,353600,1954400,3008,966385048,37849254,0
1,13731,1844600,1954400,3008,966385048,37849254,0
1,13732,246000,1954400,3008,966385048,37849254,0
1,13733,2130600,1954400,3008,966385048,37849254,0
1,13734,437900,1954400,3008,966385048,37849254,0
1,13735,1913500,1954400,3008,966385048,37849254,0
1,13736,357200,1954400,3008,966385048,37849254,0
1,13737,1831700,1954400,3008,966385048,37849254,0
1,13738,342800,1954400,3008,966385048,37849254,0
1,13739,1671200,1954400,3008,966385048,37849254,0
1,13740,431200,1954400,3008,966385048,37849254,0
1,13741,1841900,1954400,3008,966385048,37849254,0
1,13742,349500,1954400,3008,966385048,37849254,0
1,13743,1594800,1954400,3008,966385048,37849254,0
1,13744,244200,1954400,3008,966385048,37849254,0
1,13745,3027700,1954400,3008,966385048,37849254,0
1,13746,251900,1954400,3008,966385048,37849254,0
1,13747,1567200,1954400,3008,966385048,37849254,0
1,13748,351100,1954400,3008,966385048,37849254,0
1,13749,1925500,1954400,3008,966385048,37849254,0
1,13750,313700,1954400,3008,966385048,37849254,0
1,13751,1665500,1954400,3008,966385048,37849254,0
1,13752,380500,1954400,3008,966385048,37849254,0
1,13753,1821000,1954400,3008,966385048,37849254,0
1,13754,276000,1954400,3008,966385048,37849254,0
1,13755,1304700,1954400,3008,966385048,37849254,0
1,13756,930800,1954400,3008,966385048,37849254,0
1,13757,1854800,1954400,3008,966385048,37849254,0
1,13758,319800,1954400,3008,966385048,37849254,0
1,13759,2122000,1954400,3008,966385048,37849254,0
1,13760,296300,1954400,3008,966385048,37849254,0
1,13761,1701700,1954400,3008,966385048,37849254,0
1,13762,256500,1954400,3008,966385048,37849254,0
1,13763,1798000,1954400,3008,966385048,37849254,0
1,13764,329700,1954400,3008,966385048,37849254,0
1,13765,1965900,1954400,3008,966385048,37849254,0
1,13766,358000,1954400,3008,966385048,37849254,0
1,13767,1989700,1954400,3008,966385048,37849254,0
1,13768,246000,1954400,3008,966385048,37849254,0
1,13769,1861100,1954400,3008,966385048,37849254,0
1,13770,157100,1954400,3008,966385048,37849254,0
1,13771,1836800,1954400,3008,966385048,37849254,0
1,13772,259600,1954400,3008,966385048,37849254,0
1,13773,1947100,1954400,3008,966385048,37849254,0
1,13774,433200,1954400,3008,966385048,37849254,0
1,13775,1828600,1954400,3008,966385048,37849254,0
1,13776,360700,1954400,3008,966385048,37849254,0
1,13777,1880600,1954400,3008,966385048,37849254,0
1,13778,347400,1954400,3008,966385048,37849254,0
1,13779,1335400,1954400,3008,966385048,37849254,0
1,13780,355700,1954400,3008,966385048,37849254,0
1,13781,2122200,1954400,3008,966385048,37849254,0
1,13782,409000,1954400,3008,966385048,37849254,0
1,13783,1594900,1954400,3008,966385048,37849254,0
1,13784,277800,1954400,3008,966385048,37849254,0
1,13785,1774600,1954400,3008,966385048,37849254,0
1,13786,249600,1954400,3008,966385048,37849254,0
1,13787,1611800,1954400,3008,966385048,37849254,0
1,13788,341800,1954400,3008,966385048,37849254,0
1,13789,1783800,1954400,3008,966385048,37849254,0
1,13790,356600,1954400,3008,966385048,37849254,0
1,13791,1803600,1954400,3008,966385048,37849254,0
1,13792,308500,1954400,3008,966385048,37849254,0
1,13793,1873900,1954400,3008,966385048,37849254,0
1,13794,265400,1954400,3008,966385048,37849254,0
1,13795,1267000,1954400,3008,966385048,37849254,0
1,13796,270000,1954400,3008,966385048,37849254,0
1,13797,1843100,1954400,3008,966385048,37849254,0
1,13798,364400,1954400,3008,966385048,37849254,0
1,13799,1844800,1954400,3008,966385048,37849254,0
1,13800,450000,1954400,3008,966385048,37849254,0
1,13801,1799400,1954400,3008,966385048,37849254,0
1,13802,252200,1954400,3008,966385048,37849254,0
1,13803,1875000,1954400,3008,966385048,37849254,0
1,13804,392200,1954400,3008,966385048,37849254,0
1,13805,1442600,1954400,3008,966385048,37849254,0
1,13806,392400,1954400,3008,966385048,37849254,0
1,13807,1846900,1954400,3008,966385048,37849254,0
1,13808,275900,1954400,3008,966385048,37849254,0
1,13809,1658200,1954400,3008,966385048,37849254,0
1,13810,388800,1954400,3008,966385048,37849254,0
1,13811,1597500,1954400,3008,966385048,37849254,0
1,13812,385200,1954400,3008,966385048,37849254,0
1,13813,1838100,1954400,3008,966385048,37849254,0
1,13814,266700,1954400,3008,966385048,37849254,0
1,13815,1621800,1954400,3008,966385048,37849254,0
1,13816,395500,1954400,3008,966385048,37849254,0
1,13817,1826800,1954400,3008,966385048,37849254,0
1,13818,259300,1954400,3008,966385048,37849254,0
1,13819,1359900,1954400,3008,966385048,37849254,0
1,13820,368500,1954400,3008,966385048,37849254,0
1,13821,1715900,1954400,3008,966385048,37849254,0
1,13822,352400,1954400,3008,966385048,37849254,0
1,13823,1275200,1954400,3008,966385048,37849254,0
1,13824,307900,1954400,3008,966385048,37849254,0
1,13825,1994400,1954400,3008,966385048,37849254,0
1,13826,345500,1954400,3008,966385048,37849254,0
1,13827,1532300,1954400,3008,966385048,37849254,0
1,13828,256200,1954400,3008,966385048,37849254,0
1,13829,1885700,1954400,3008,966385048,37849254,0
1,13830,342500,1954400,3008,966385048,37849254,0
1,13831,1686900,1954400,3008,966385048,37849254,0
1,13832,347600,1954400,3008,966385048,37849254,0
1,13833,1578000,1954400,3008,966385048,37849254,0
1,13834,266200,1954400,3008,966385048,37849254,0
1,13835,1646900,1954400,3008,966385048,37849254,0
1,13836,264300,1954400,3008,966385048,37849254,0
1,13837,1687800,1954400,3008,966385048,37849254,0
1,13838,385600,1954400,3008,966385048,37849254,0
1,13839,1713500,1954400,3008,966385048,37849254,0
1,13840,249100,1954400,3008,966385048,37849254,0
1,13841,1395900,1954400,3008,966385048,37849254,0
1,13842,331900,1954400,3008,966385048,37849254,0
1,13843,1850700,1954400,3008,966385048,37849254,0
1,13844,235400,1954400,3008,966385048,37849254,0
1,13845,1520600,1954400,3008,966385048,37849254,0
1,13846,365500,1954400,3008,966385048,37849254,0
1,13847,1681500,1954400,3008,966385048,37849254,0
1,13848,353600,1954400,3008,966385048,37849254,0
1,13849,1744600,1954400,3008,966385048,37849254,0
1,13850,351800,1954400,3008,966385048,37849254,0
1,13851,1653200,1954400,3008,966385048,37849254,0
1,13852,263600,1954400,3008,966385048,37849254,0
1,13853,1626200,1954400,3008,966385048,37849254,0
1,13854,351200,1954400,3008,966385048,37849254,0
1,13855,1346600,1954400,3008,966385048,37849254,0
1,13856,355400,1954400,3008,966385048,37849254,0
1,13857,3048400,1954400,3008,966385048,37849254,0
1,13858,259100,1954400,3008,966385048,37849254,0
1,13859,1991800,1954400,3008,966385048,37849254,0
1,13860,359400,1954400,3008,966385048,37849254,0
1,13861,1356500,1954400,3008,966385048,37849254,0
1,13862,246900,1954400,3008,966385048,37849254,0
1,13863,1658800,1954400,3008,966385048,37849254,0
1,13864,261300,1954400,3008,966385048,37849254,0
1,13865,2051600,1954400,3008,966385048,37849254,0
1,13866,451700,1954400,3008,966385048,37849254,0
1,13867,2010100,1954400,3008,966385048,37849254,0
1,13868,360000,1954400,3008,966385048,37849254,0
1,13869,1856900,1954400,3008,966385048,37849254,0
1,13870,359200,1954400,3008,966385048,37849254,0
1,13871,1850400,1954400,3008,966385048,37849254,0
1,13872,369100,1954400,3008,966385048,37849254,0
1,13873,1716800,1954400,3008,966385048,37849254,0
1,13874,275700,1954400,3008,966385048,37849254,0
1,13875,1673600,1954400,3008,966385048,37849254,0
1,13876,287100,1954400,3008,966385048,37849254,0
1,13877,1789400,1954400,3008,966385048,37849254,0
1,13878,264500,1954400,3008,966385048,37849254,0
1,13879,1708400,1954400,3008,966385048,37849254,0
1,13880,610400,1954400,3008,966385048,37849254,0
1,13881,1649000,1954400,3008,966385048,37849254,0
1,13882,350100,1954400,3008,966385048,37849254,0
1,13883,1602500,1954400,3008,966385048,37849254,0
1,13884,334800,1954400,3008,966385048,37849254,0
1,13885,1759600,1954400,3008,966385048,37849254,0
1,13886,362900,1954400,3008,966385048,37849254,0
1,13887,1921100,1954400,3008,966385048,37849254,0
1,13888,401500,1954400,3008,966385048,37849254,0
1,13889,1631200,1954400,3008,966385048,37849254,0
1,13890,413900,1954400,3008,966385048,37849254,0
1,13891,1830500,1954400,3008,966385048,37849254,0
1,13892,506600,1954400,3008,966385048,37849254,0
1,13893,1846000,1954400,3008,966385048,37849254,0
1,13894,407700,1954400,3008,966385048,37849254,0
1,13895,1724300,1954400,3008,966385048,37849254,0
1,13896,375100,1954400,3008,966385048,37849254,0
1,13897,1833100,1954400,3008,966385048,37849254,0
1,13898,349900,1954400,3008,966385048,37849254,0
1,13899,1854700,1954400,3008,966385048,37849254,0
1,13900,684300,1954400,3008,966385048,37849254,0
1,13901,1554500,1954400,3008,966385048,37849254,0
1,13902,386300,1954400,3008,966385048,37849254,0
1,13903,1846500,1954400,3008,966385048,37849254,0
1,13904,351900,1954400,3008,966385048,37849254,0
1,13905,1804200,1954400,3008,966385048,37849254,0
1,13906,170900,1954400,3008,966385048,37849254,0
1,13907,1909500,1954400,3008,966385048,37849254,0
1,13908,259000,1954400,3008,966385048,37849254,0
1,13909,1738300,1954400,3008,966385048,37849254,0
1,13910,287500,1954400,3008,966385048,37849254,0
1,13911,1822200,1954400,3008,966385048,37849254,0
1,13912,370100,1954400,3008,966385048,37849254,0
1,13913,1534800,1954400,3008,966385048,37849254,0
1,13914,464800,1954400,3008,966385048,37849254,0
1,13915,1843300,1954400,3008,966385048,37849254,0
1,13916,254600,1954400,3008,966385048,37849254,0
1,13917,1500100,1954400,3008,966385048,37849254,0
1,13918,294900,1954400,3008,966385048,37849254,0
1,13919,1858300,1954400,3008,966385048,37849254,0
1,13920,360300,1954400,3008,966385048,37849254,0
1,13921,1738600,1954400,3008,966385048,37849254,0
1,13922,378200,1954400,3008,966385048,37849254,0
1,13923,1819500,1954400,3008,966385048,37849254,0
1,13924,246900,1954400,3008,966385048,37849254,0
1,13925,1849200,1954400,3008,966385048,37849254,0
1,13926,550200,1954400,3008,966385048,37849254,0
1,13927,1848300,1954400,3008,966385048,37849254,0
1,13928,339400,1954400,3008,966385048,37849254,0
1,13929,1533200,1954400,3008,966385048,37849254,0
1,13930,348000,1954400,3008,966385048,37849254,0
1,13931,2255000,1954400,3008,966385048,37849254,0
1,13932,303600,1954400,3008,966385048,37849254,0
1,13933,1850000,1954400,3008,966385048,37849254,0
1,13934,248500,1954400,3008,966385048,37849254,0
1,13935,1528100,1954400,3008,966385048,37849254,0
1,13936,299200,1954400,3008,966385048,37849254,0
1,13937,1912600,1954400,3008,966385048,37849254,0
1,13938,405900,1954400,3008,966385048,37849254,0
1,13939,1476100,1954400,3008,966385048,37849254,0
1,13940,407600,1954400,3008,966385048,37849254,0
1,13941,1832300,1954400,3008,966385048,37849254,0
1,13942,376200,1954400,3008,966385048,37849254,0
1,13943,1789400,1954400,3008,966385048,37849254,0
1,13944,248800,1954400,3008,966385048,37849254,0
1,13945,1850200,1954400,3008,966385048,37849254,0
1,13946,334400,1954400,3008,966385048,37849254,0
1,13947,1406200,1954400,3008,966385048,37849254,0
1,13948,299400,1954400,3008,966385048,37849254,0
1,13949,1642800,1954400,3008,966385048,37849254,0
1,13950,355100,1954400,3008,966385048,37849254,0
1,13951,2909400,1954400,3008,966385048,37849254,0
1,13952,348600,1954400,3008,966385048,37849254,0
1,13953,2036400,1954400,3008,966385048,37849254,0
1,13954,352700,1954400,3008,966385048,37849254,0
1,13955,1651200,1954400,3008,966385048,37849254,0
1,13956,261000,1954400,3008,966385048,37849254,0
1,13957,1279600,1954400,3008,966385048,37849254,0
1,13958,359000,1954400,3008,966385048,37849254,0
1,13959,1834100,1954400,3008,966385048,37849254,0
1,13960,240100,1954400,3008,966385048,37849254,0
1,13961,2103800,1954400,3008,966385048,37849254,0
1,13962,334000,1954400,3008,966385048,37849254,0
1,13963,1844100,1954400,3008,966385048,37849254,0
1,13964,354900,1954400,3008,966385048,37849254,0
1,13965,1719600,1954400,3008,966385048,37849254,0
1,13966,253400,1954400,3008,966385048,37849254,0
1,13967,1836600,1954400,3008,966385048,37849254,0
1,13968,331700,1954400,3008,966385048,37849254,0
1,13969,1666000,1954400,3008,966385048,37849254,0
1,13970,268500,1954400,3008,966385048,37849254,0
1,13971,1700100,1954400,3008,966385048,37849254,0
1,13972,360200,1954400,3008,966385048,37849254,0
1,13973,1427300,1954400,3008,966385048,37849254,0
1,13974,261900,1954400,3008,966385048,37849254,0
1,13975,1501200,1954400,3008,966385048,37849254,0
1,13976,370300,1954400,3008,966385048,37849254,0
1,13977,1854100,1954400,3008,966385048,37849254,0
1,13978,302900,1954400,3008,966385048,37849254,0
1,13979,1350900,1954400,3008,966385048,37849254,0
1,13980,293000,1954400,3008,966385048,37849254,0
1,13981,1382600,1954400,3008,966385048,37849254,0
1,13982,353800,1954400,3008,966385048,37849254,0
1,13983,1998000,1954400,3008,966385048,37849254,0
1,13984,355300,1954400,3008,966385048,37849254,0
1,13985,1243000,1954400,3008,966385048,37849254,0
1,13986,364000,1954400,3008,966385048,37849254,0
1,13987,1969200,1954400,3008,966385048,37849254,0
1,13988,266800,1954400,3008,966385048,37849254,0
1,13989,1839900,1954400,3008,966385048,37849254,0
1,13990,361800,1954400,3008,966385048,37849254,0
1,13991,1331700,1954400,3008,966385048,37849254,0
1,13992,358300,1954400,3008,966385048,37849254,0
1,13993,1604000,1954400,3008,966385048,37849254,0
1,13994,264500,1954400,3008,966385048,37849254,0
1,13995,1747500,1954400,3008,966385048,37849254,0
1,13996,203800,1954400,3008,966385048,37849254,0
1,13997,1844200,1954400,3008,966385048,37849254,0
1,13998,426600,1954400,3008,966385048,37849254,0
1,13999,1546500,1954400,3008,966385048,37849254,0
1,14000,377200,1954400,3008,966385048,37849254,0
1,14001,1481800,1954400,3008,966385048,37849254,0
1,14002,320400,1954400,3008,966385048,37849254,0
1,14003,1854800,1954400,3008,966385048,37849254,0
1,14004,357200,1954400,3008,966385048,37849254,0
1,14005,1650700,1954400,3008,966385048,37849254,0
1,14006,292900,1954400,3008,966385048,37849254,0
1,14007,1664000,1954400,3008,966385048,37849254,0
1,14008,357200,1954400,3008,966385048,37849254,0
1,14009,1354800,1954400,3008,966385048,37849254,0
1,14010,377300,1954400,3008,966385048,37849254,0
1,14011,1843100,1954400,3008,966385048,37849254,0
1,14012,232200,1954400,3008,966385048,37849254,0
1,14013,1808400,1954400,3008,966385048,37849254,0
1,14014,424900,1954400,3008,966385048,37849254,0
1,14015,2437900,1954400,3008,966385048,37849254,0
1,14016,366100,1954400,3008,966385048,37849254,0
1,14017,1815800,1954400,3008,966385048,37849254,0
1,14018,322700,1954400,3008,966385048,37849254,0
1,14019,2788100,1954400,3008,966385048,37849254,0
1,14020,328800,1954400,3008,966385048,37849254,0
1,14021,1375000,1954400,3008,966385048,37849254,0
1,14022,364100,1954400,3008,966385048,37849254,0
1,14023,1839100,1954400,3008,966385048,37849254,0
1,14024,414100,1954400,3008,966385048,37849254,0
1,14025,1830900,1954400,3008,966385048,37849254,0
1,14026,297200,1954400,3008,966385048,37849254,0
1,14027,1228600,1954400,3008,966385048,37849254,0
1,14028,351000,1954400,3008,966385048,37849254,0
1,14029,1842700,1954400,3008,966385048,37849254,0
1,14030,374200,1954400,3008,966385048,37849254,0
1,14031,1322600,1954400,3008,966385048,37849254,0
1,14032,223700,1954400,3008,966385048,37849254,0
1,14033,1849800,1954400,3008,966385048,37849254,0
1,14034,361600,1954400,3008,966385048,37849254,0
1,14035,1748900,1954400,3008,966385048,37849254,0
1,14036,242800,1954400,3008,966385048,37849254,0
1,14037,1841700,1954400,3008,966385048,37849254,0
1,14038,241200,1954400,3008,966385048,37849254,0
1,14039,2322300,1954400,3008,966385048,37849254,0
1,14040,343200,1954400,3008,966385048,37849254,0
1,14041,1962600,1954400,3008,966385048,37849254,0
1,14042,402100,1954400,3008,966385048,37849254,0
1,14043,1379600,1954400,3008,966385048,37849254,0
1,14044,413500,1954400,3008,966385048,37849254,0
1,14045,1800300,1954400,3008,966385048,37849254,0
1,14046,376100,1954400,3008,966385048,37849254,0
1,14047,1521500,1954400,3008,966385048,37849254,0
1,14048,259900,1954400,3008,966385048,37849254,0
1,14049,1979100,1954400,3008,966385048,37849254,0
1,14050,255200,1954400,3008,966385048,37849254,0
1,14051,1918100,1954400,3008,966385048,37849254,0
1,14052,668300,1954400,3008,966385048,37849254,0
1,14053,1724100,1954400,3008,966385048,37849254,0
1,14054,296400,1954400,3008,966385048,37849254,0
1,14055,1629900,1954400,3008,966385048,37849254,0
1,14056,358700,1954400,3008,966385048,37849254,0
1,14057,1416500,1954400,3008,966385048,37849254,0
1,14058,348600,1954400,3008,966385048,37849254,0
1,14059,1626500,1954400,3008,966385048,37849254,0
1,14060,255900,1954400,3008,966385048,37849254,0
1,14061,1396400,1954400,3008,966385048,37849254,0
1,14062,358800,1954400,3008,966385048,37849254,0
1,14063,1883700,1954400,3008,966385048,37849254,0
1,14064,306000,1954400,3008,966385048,37849254,0
1,14065,1694000,1954400,3008,966385048,37849254,0
1,14066,340400,1954400,3008,966385048,37849254,0
1,14067,1819200,1954400,3008,966385048,37849254,0
1,14068,265300,1954400,3008,966385048,37849254,0
1,14069,1835900,1954400,3008,966385048,37849254,0
1,14070,324700,1954400,3008,966385048,37849254,0
1,14071,1664800,1954400,3008,966385048,37849254,0
1,14072,263900,1954400,3008,966385048,37849254,0
1,14073,1849600,1954400,3008,966385048,37849254,0
1,14074,345800,1954400,3008,966385048,37849254,0
1,14075,2098400,1954400,3008,966385048,37849254,0
1,14076,356200,1954400,3008,966385048,37849254,0
1,14077,1459400,1954400,3008,966385048,37849254,0
1,14078,311400,1954400,3008,966385048,37849254,0
1,14079,1903100,1954400,3008,966385048,37849254,0
1,14080,279500,1954400,3008,966385048,37849254,0
1,14081,1731300,1954400,3008,966385048,37849254,0
1,14082,341600,1954400,3008,966385048,37849254,0
1,14083,1627900,1954400,3008,966385048,37849254,0
1,14084,213700,1954400,3008,966385048,37849254,0
1,14085,2061000,1954400,3008,966385048,37849254,0
1,14086,574100,1954400,3008,966385048,37849254,0
1,14087,1955300,1954400,3008,966385048,37849254,0
1,14088,242600,1954400,3008,966385048,37849254,0
1,14089,1857200,1954400,3008,966385048,37849254,0
1,14090,370400,1954400,3008,966385048,37849254,0
1,14091,1834900,1954400,3008,966385048,37849254,0
1,14092,347200,1954400,3008,966385048,37849254,0
1,14093,1823400,1954400,3008,966385048,37849254,0
1,14094,438200,1954400,3008,966385048,37849254,0
1,14095,1840000,1954400,3008,966385048,37849254,0
1,14096,392100,1954400,3008,966385048,37849254,0
1,14097,1620500,1954400,3008,966385048,37849254,0
1,14098,266000,1954400,3008,966385048,37849254,0
1,14099,1650800,1954400,3008,966385048,37849254,0
1,14100,264300,1954400,3008,966385048,37849254,0
1,14101,1264700,1954400,3008,966385048,37849254,0
1,14102,329400,1954400,3008,966385048,37849254,0
1,14103,1845600,1954400,3008,966385048,37849254,0
1,14104,365700,1954400,3008,966385048,37849254,0
1,14105,1702600,1954400,3008,966385048,37849254,0
1,14106,291300,1954400,3008,966385048,37849254,0
1,14107,1796200,1954400,3008,966385048,37849254,0
1,14108,321800,1954400,3008,966385048,37849254,0
1,14109,1863300,1954400,3008,966385048,37849254,0
1,14110,340200,1954400,3008,966385048,37849254,0
1,14111,1841300,1954400,3008,966385048,37849254,0
1,14112,368700,1954400,3008,966385048,37849254,0
1,14113,1403800,1954400,3008,966385048,37849254,0
1,14114,457400,1954400,3008,966385048,37849254,0
1,14115,1717400,1954400,3008,966385048,37849254,0
1,14116,401600,1954400,3008,966385048,37849254,0
1,14117,1817200,1954400,3008,966385048,37849254,0
1,14118,272100,1954400,3008,966385048,37849254,0
1,14119,1791000,1954400,3008,966385048,37849254,0
1,14120,376700,1954400,3008,966385048,37849254,0
1,14121,1838500,1954400,3008,966385048,37849254,0
1,14122,440200,1954400,3008,966385048,37849254,0
1,14123,1501700,1954400,3008,966385048,37849254,0
1,14124,366500,1954400,3008,966385048,37849254,0
1,14125,1865400,1954400,3008,966385048,37849254,0
1,14126,357100,1954400,3008,966385048,37849254,0
1,14127,1868700,1954400,3008,966385048,37849254,0
1,14128,246100,1954400,3008,966385048,37849254,0
1,14129,2012200,1954400,3008,966385048,37849254,0
1,14130,322600,1954400,3008,966385048,37849254,0
1,14131,1457100,1954400,3008,966385048,37849254,0
1,14132,263700,1954400,3008,966385048,37849254,0
1,14133,2026700,1954400,3008,966385048,37849254,0
1,14134,311900,1954400,3008,966385048,37849254,0
1,14135,1815100,1954400,3008,966385048,37849254,0
1,14136,339600,1954400,3008,966385048,37849254,0
1,14137,1874800,1954400,3008,966385048,37849254,0
1,14138,388900,1954400,3008,966385048,37849254,0
1,14139,1681700,1954400,3008,966385048,37849254,0
1,14140,249000,1954400,3008,966385048,37849254,0
1,14141,1851600,1954400,3008,966385048,37849254,0
1,14142,213600,1954400,3008,966385048,37849254,0
1,14143,1859500,1954400,3008,966385048,37849254,0
1,14144,436600,1954400,3008,966385048,37849254,0
1,14145,1863200,1954400,3008,966385048,37849254,0
1,14146,254700,1954400,3008,966385048,37849254,0
1,14147,1908500,1954400,3008,966385048,37849254,0
1,14148,262000,1954400,3008,966385048,37849254,0
1,14149,1484800,1954400,3008,966385048,37849254,0
1,14150,361300,1954400,3008,966385048,37849254,0
1,14151,2018900,1954400,3008,966385048,37849254,0
1,14152,355300,1954400,3008,966385048,37849254,0
1,14153,1800800,1954400,3008,966385048,37849254,0
1,14154,354800,1954400,3008,966385048,37849254,0
1,14155,1528600,1954400,3008,966385048,37849254,0
1,14156,290100,1954400,3008,966385048,37849254,0
1,14157,1968800,1954400,3008,966385048,37849254,0
1,14158,375400,1954400,3008,966385048,37849254,0
1,14159,1668200,1954400,3008,966385048,37849254,0
1,14160,345300,1954400,3008,966385048,37849254,0
1,14161,1719200,1954400,3008,966385048,37849254,0
1,14162,333500,1954400,3008,966385048,37849254,0
1,14163,1928800,1954400,3008,966385048,37849254,0
1,14164,438100,1954400,3008,966385048,37849254,0
1,14165,1941300,1954400,3008,966385048,37849254,0
1,14166,261700,1954400,3008,966385048,37849254,0
1,14167,1327200,1954400,3008,966385048,37849254,0
1,14168,344200,1954400,3008,966385048,37849254,0
1,14169,1742900,1954400,3008,966385048,37849254,0
1,14170,316700,1954400,3008,966385048,37849254,0
1,14171,2078400,1954400,3008,966385048,37849254,0
1,14172,358300,1954400,3008,966385048,37849254,0
1,14173,1330100,1954400,3008,966385048,37849254,0
1,14174,275400,1954400,3008,966385048,37849254,0
1,14175,1740000,1954400,3008,966385048,37849254,0
1,14176,316500,1954400,3008,966385048,37849254,0
1,14177,1438900,1954400,3008,966385048,37849254,0
1,14178,294700,1954400,3008,966385048,37849254,0
1,14179,1980300,1954400,3008,966385048,37849254,0
1,14180,386400,1954400,3008,966385048,37849254,0
1,14181,1674000,1954400,3008,966385048,37849254,0
1,14182,245000,1954400,3008,966385048,37849254,0
1,14183,1273500,1954400,3008,966385048,37849254,0
1,14184,361100,1954400,3008,966385048,37849254,0
1,14185,1702900,1954400,3008,966385048,37849254,0
1,14186,351600,1954400,3008,966385048,37849254,0
1,14187,1320000,1954400,3008,966385048,37849254,0
1,14188,360700,1954400,3008,966385048,37849254,0
1,14189,1822900,1954400,3008,966385048,37849254,0
1,14190,392900,1954400,3008,966385048,37849254,0
1,14191,1595900,1954400,3008,966385048,37849254,0
1,14192,285200,1954400,3008,966385048,37849254,0
1,14193,1309000,1954400,3008,966385048,37849254,0
1,14194,242500,1954400,3008,966385048,37849254,0
1,14195,1907600,1954400,3008,966385048,37849254,0
1,14196,350600,1954400,3008,966385048,37849254,0
1,14197,2014300,1954400,3008,966385048,37849254,0
1,14198,329700,1954400,3008,966385048,37849254,0
1,14199,1866200,1954400,3008,966385048,37849254,0
1,14200,359200,1954400,3008,966385048,37849254,0
1,14201,1319500,1954400,3008,966385048,37849254,0
1,14202,356400,1954400,3008,966385048,37849254,0
1,14203,1563900,1954400,3008,966385048,37849254,0
1,14204,403300,1954400,3008,966385048,37849254,0
1,14205,1708200,1954400,3008,966385048,37849254,0
1,14206,357000,1954400,3008,966385048,37849254,0
1,14207,1926400,1954400,3008,966385048,37849254,0
1,14208,390500,1954400,3008,966385048,37849254,0
1,14209,2062200,1954400,3008,966385048,37849254,0
1,14210,370600,1954400,3008,966385048,37849254,0
1,14211,1576300,1954400,3008,966385048,37849254,0
1,14212,364800,1954400,3008,966385048,37849254,0
1,14213,1752700,1954400,3008,966385048,37849254,0
1,14214,361400,1954400,3008,966385048,37849254,0
1,14215,1309300,1954400,3008,966385048,37849254,0
1,14216,379700,1954400,3008,966385048,37849254,0
1,14217,1854100,1954400,3008,966385048,37849254,0
1,14218,274100,1954400,3008,966385048,37849254,0
1,14219,2073300,1954400,3008,966385048,37849254,0
1,14220,350100,1954400,3008,966385048,37849254,0
1,14221,1711400,1954400,3008,966385048,37849254,0
1,14222,352200,1954400,3008,966385048,37849254,0
1,14223,2056900,1954400,3008,966385048,37849254,0
1,14224,248800,1954400,3008,966385048,37849254,0
1,14225,1916600,1954400,3008,966385048,37849254,0
1,14226,352700,1954400,3008,966385048,37849254,0
1,14227,1652900,1954400,3008,966385048,37849254,0
1,14228,257000,1954400,3008,966385048,37849254,0
1,14229,1839600,1954400,3008,966385048,37849254,0
1,14230,395600,1954400,3008,966385048,37849254,0
1,14231,1497000,1954400,3008,966385048,37849254,0
1,14232,383400,1954400,3008,966385048,37849254,0
1,14233,1284500,1954400,3008,966385048,37849254,0
1,14234,262100,1954400,3008,966385048,37849254,0
1,14235,1845000,1954400,3008,966385048,37849254,0
1,14236,361200,1954400,3008,966385048,37849254,0
1,14237,1348800,1954400,3008,966385048,37849254,0
1,14238,273800,1954400,3008,966385048,37849254,0
1,14239,1943100,1954400,3008,966385048,37849254,0
1,14240,239300,1954400,3008,966385048,37849254,0
1,14241,1850000,1954400,3008,966385048,37849254,0
1,14242,262600,1954400,3008,966385048,37849254,0
1,14243,1997800,1954400,3008,966385048,37849254,0
1,14244,445000,1954400,3008,966385048,37849254,0
1,14245,2010000,1954400,3008,966385048,37849254,0
1,14246,305500,1954400,3008,966385048,37849254,0
1,14247,1471400,1954400,3008,966385048,37849254,0
1,14248,351300,1954400,3008,966385048,37849254,0
1,14249,1637100,1954400,3008,966385048,37849254,0
1,14250,374900,1954400,3008,966385048,37849254,0
1,14251,1977600,1954400,3008,966385048,37849254,0
1,14252,244400,1954400,3008,966385048,37849254,0
1,14253,1914600,1954400,3008,966385048,37849254,0
1,14254,263000,1954400,3008,966385048,37849254,0
1,14255,1685600,1954400,3008,966385048,37849254,0
1,14256,348900,1954400,3008,966385048,37849254,0
1,14257,1907900,1954400,3008,966385048,37849254,0
1,14258,270200,1954400,3008,966385048,37849254,0
1,14259,1374600,1954400,3008,966385048,37849254,0
1,14260,376300,1954400,3008,966385048,37849254,0
1,14261,1914200,1954400,3008,966385048,37849254,0
1,14262,313200,1954400,3008,966385048,37849254,0
1,14263,1728400,1954400,3008,966385048,37849254,0
1,14264,365500,1954400,3008,966385048,37849254,0
1,14265,1254500,1954400,3008,966385048,37849254,0
1,14266,349000,1954400,3008,966385048,37849254,0
1,14267,1807100,1954400,3008,966385048,37849254,0
1,14268,387000,1954400,3008,966385048,37849254,0
1,14269,1375400,1954400,3008,966385048,37849254,0
1,14270,244500,1954400,3008,966385048,37849254,0
1,14271,1908600,1954400,3008,966385048,37849254,0
1,14272,350200,1954400,3008,966385048,37849254,0
1,14273,1847500,1954400,3008,966385048,37849254,0
1,14274,247700,1954400,3008,966385048,37849254,0
1,14275,1822600,1954400,3008,966385048,37849254,0
1,14276,346500,1954400,3008,966385048,37849254,0
1,14277,1460800,1954400,3008,966385048,37849254,0
1,14278,349900,1954400,3008,966385048,37849254,0
1,14279,1771200,1954400,3008,966385048,37849254,0
1,14280,282000,1954400,3008,966385048,37849254,0
1,14281,1874100,1954400,3008,966385048,37849254,0
1,14282,369600,1954400,3008,966385048,37849254,0
1,14283,1746100,1954400,3008,966385048,37849254,0
1,14284,232100,1954400,3008,966385048,37849254,0
1,14285,1550700,1954400,3008,966385048,37849254,0
1,14286,230600,1954400,3008,966385048,37849254,0
1,14287,1824700,1954400,3008,966385048,37849254,0
1,14288,319100,1954400,3008,966385048,37849254,0
1,14289,1653300,1954400,3008,966385048,37849254,0
1,14290,400600,1954400,3008,966385048,37849254,0
1,14291,1527200,1954400,3008,966385048,37849254,0
1,14292,294500,1954400,3008,966385048,37849254,0
1,14293,1789700,1954400,3008,966385048,37849254,0
1,14294,346100,1954400,3008,966385048,37849254,0
1,14295,1825600,1954400,3008,966385048,37849254,0
1,14296,286100,1954400,3008,966385048,37849254,0
1,14297,1712300,1954400,3008,966385048,37849254,0
1,14298,243200,1954400,3008,966385048,37849254,0
1,14299,1270600,1954400,3008,966385048,37849254,0
1,14300,268200,1954400,3008,966385048,37849254,0
1,14301,1906000,1954400,3008,966385048,37849254,0
1,14302,347000,1954400,3008,966385048,37849254,0
1,14303,1825200,1954400,3008,966385048,37849254,0
1,14304,418200,1954400,3008,966385048,37849254,0
1,14305,1546100,1954400,3008,966385048,37849254,0
1,14306,319800,1954400,3008,966385048,37849254,0
1,14307,1288600,1954400,3008,966385048,37849254,0
1,14308,253500,1954400,3008,966385048,37849254,0
1,14309,1476600,1954400,3008,966385048,37849254,0
1,14310,215200,1954400,3008,966385048,37849254,0
1,14311,1913500,1954400,3008,966385048,37849254,0
1,14312,249900,1954400,3008,966385048,37849254,0
1,14313,1849400,1954400,3008,966385048,37849254,0
1,14314,335400,1954400,3008,966385048,37849254,0
1,14315,1566400,1954400,3008,966385048,37849254,0
1,14316,324900,1954400,3008,966385048,37849254,0
1,14317,1611400,1954400,3008,966385048,37849254,0
1,14318,251100,1954400,3008,966385048,37849254,0
1,14319,1390700,1954400,3008,966385048,37849254,0
1,14320,361200,1954400,3008,966385048,37849254,0
1,14321,1546300,1954400,3008,966385048,37849254,0
1,14322,261800,1954400,3008,966385048,37849254,0
1,14323,1848900,1954400,3008,966385048,37849254,0
1,14324,322800,1954400,3008,966385048,37849254,0
1,14325,1853300,1954400,3008,966385048,37849254,0
1,14326,175600,1954400,3008,966385048,37849254,0
1,14327,1978800,1954400,3008,966385048,37849254,0
1,14328,340300,1954400,3008,966385048,37849254,0
1,14329,1298600,1954400,3008,966385048,37849254,0
1,14330,349900,1954400,3008,966385048,37849254,0
1,14331,1988200,1954400,3008,966385048,37849254,0
1,14332,353100,1954400,3008,966385048,37849254,0
1,14333,1858700,1954400,3008,966385048,37849254,0
1,14334,352500,1954400,3008,966385048,37849254,0
1,14335,1566500,1954400,3008,966385048,37849254,0
1,14336,249300,1954400,3008,966385048,37849254,0
1,14337,1682700,1954400,3008,966385048,37849254,0
1,14338,357600,1954400,3008,966385048,37849254,0
1,14339,1706200,1954400,3008,966385048,37849254,0
1,14340,366500,1954400,3008,966385048,37849254,0
1,14341,1885600,1954400,3008,966385048,37849254,0
1,14342,192300,1954400,3008,966385048,37849254,0
1,14343,1850100,1954400,3008,966385048,37849254,0
1,14344,404500,1954400,3008,966385048,37849254,0
1,14345,1244500,1954400,3008,966385048,37849254,0
1,14346,358700,1954400,3008,966385048,37849254,0
1,14347,1622800,1954400,3008,966385048,37849254,0
1,14348,252500,1954400,3008,966385048,37849254,0
1,14349,1933700,1954400,3008,966385048,37849254,0
1,14350,240200,1954400,3008,966385048,37849254,0
1,14351,1337500,1954400,3008,966385048,37849254,0
1,14352,325800,1954400,3008,966385048,37849254,0
1,14353,1893000,1954400,3008,966385048,37849254,0
1,14354,250600,1954400,3008,966385048,37849254,0
1,14355,1504600,1954400,3008,966385048,37849254,0
1,14356,370500,1954400,3008,966385048,37849254,0
1,14357,1874100,1954400,3008,966385048,37849254,0
1,14358,365400,1954400,3008,966385048,37849254,0
1,14359,1849400,1954400,3008,966385048,37849254,0
1,14360,276400,1954400,3008,966385048,37849254,0
1,14361,1848200,1954400,3008,966385048,37849254,0
1,14362,393500,1954400,3008,966385048,37849254,0
1,14363,1938700,1954400,3008,966385048,37849254,0
1,14364,387000,1954400,3008,966385048,37849254,0
1,14365,1769800,1954400,3008,966385048,37849254,0
1,14366,456500,1954400,3008,966385048,37849254,0
1,14367,1783300,1954400,3008,966385048,37849254,0
1,14368,314800,1954400,3008,966385048,37849254,0
1,14369,1894600,1954400,3008,966385048,37849254,0
1,14370,376200,1954400,3008,966385048,37849254,0
1,14371,1654200,1954400,3008,966385048,37849254,0
1,14372,400200,1954400,3008,966385048,37849254,0
1,14373,1694200,1954400,3008,966385048,37849254,0
1,14374,369600,1954400,3008,966385048,37849254,0
1,14375,1868700,1954400,3008,966385048,37849254,0
1,14376,318600,1954400,3008,966385048,37849254,0
1,14377,1874600,1954400,3008,966385048,37849254,0
1,14378,300700,1954400,3008,966385048,37849254,0
1,14379,1296000,1954400,3008,966385048,37849254,0
1,14380,292800,1954400,3008,966385048,37849254,0
1,14381,1764000,1954400,3008,966385048,37849254,0
1,14382,341700,1954400,3008,966385048,37849254,0
1,14383,1462000,1954400,3008,966385048,37849254,0
1,14384,251400,1954400,3008,966385048,37849254,0
1,14385,1253800,1954400,3008,966385048,37849254,0
1,14386,361100,1954400,3008,966385048,37849254,0
1,14387,1605200,1954400,3008,966385048,37849254,0
1,14388,422200,1954400,3008,966385048,37849254,0
1,14389,1838100,1954400,3008,966385048,37849254,0
1,14390,284600,1954400,3008,966385048,37849254,0
1,14391,1851200,1954400,3008,966385048,37849254,0
1,14392,377900,1954400,3008,966385048,37849254,0
1,14393,1840700,1954400,3008,966385048,37849254,0
1,14394,361700,1954400,3008,966385048,37849254,0
1,14395,1279600,1954400,3008,966385048,37849254,0
1,14396,337700,1954400,3008,966385048,37849254,0
1,14397,1996500,1954400,3008,966385048,37849254,0
1,14398,248400,1954400,3008,966385048,37849254,0
1,14399,1612400,1954400,3008,966385048,37849254,0
1,14400,356300,1954400,3008,966385048,37849254,0
1,14401,2226100,1954400,3008,966385048,37849254,0
1,14402,346300,1954400,3008,966385048,37849254,0
1,14403,1846600,1954400,3008,966385048,37849254,0
1,14404,319400,1954400,3008,966385048,37849254,0
1,14405,1258900,1954400,3008,966385048,37849254,0
1,14406,263200,1954400,3008,966385048,37849254,0
1,14407,2064600,1954400,3008,966385048,37849254,0
1,14408,264700,1954400,3008,966385048,37849254,0
1,14409,1347100,1954400,3008,966385048,37849254,0
1,14410,369400,1954400,3008,966385048,37849254,0
1,14411,1512900,1954400,3008,966385048,37849254,0
1,14412,364500,1954400,3008,966385048,37849254,0
1,14413,1870800,1954400,3008,966385048,37849254,0
1,14414,357600,1954400,3008,966385048,37849254,0
1,14415,1854200,1954400,3008,966385048,37849254,0
1,14416,268300,1954400,3008,966385048,37849254,0
1,14417,1352000,1954400,3008,966385048,37849254,0
1,14418,295700,1954400,3008,966385048,37849254,0
1,14419,1840100,1954400,3008,966385048,37849254,0
1,14420,393000,1954400,3008,966385048,37849254,0
1,14421,1862400,1954400,3008,966385048,37849254,0
1,14422,428100,1954400,3008,966385048,37849254,0
1,14423,1290500,1954400,3008,966385048,37849254,0
1,14424,319800,1954400,3008,966385048,37849254,0
1,14425,1887800,1954400,3008,966385048,37849254,0
1,14426,399200,1954400,3008,966385048,37849254,0
1,14427,1672900,1954400,3008,966385048,37849254,0
1,14428,355100,1954400,3008,966385048,37849254,0
1,14429,1488700,1954400,3008,966385048,37849254,0
1,14430,368400,1954400,3008,966385048,37849254,0
1,14431,1854900,1954400,3008,966385048,37849254,0
1,14432,489400,1954400,3008,966385048,37849254,0
1,14433,1772000,1954400,3008,966385048,37849254,0
1,14434,379700,1954400,3008,966385048,37849254,0
1,14435,1874600,1954400,3008,966385048,37849254,0
1,14436,273200,1954400,3008,966385048,37849254,0
1,14437,1497900,1954400,3008,966385048,37849254,0
1,14438,271500,1954400,3008,966385048,37849254,0
1,14439,1272300,1954400,3008,966385048,37849254,0
1,14440,393700,1954400,3008,966385048,37849254,0
1,14441,1662300,1954400,3008,966385048,37849254,0
1,14442,359600,1954400,3008,966385048,37849254,0
1,14443,1597500,1954400,3008,966385048,37849254,0
1,14444,350100,1954400,3008,966385048,37849254,0
1,14445,1856600,1954400,3008,966385048,37849254,0
1,14446,320500,1954400,3008,966385048,37849254,0
1,14447,1860300,1954400,3008,966385048,37849254,0
1,14448,367300,1954400,3008,966385048,37849254,0
1,14449,1397100,1954400,3008,966385048,37849254,0
1,14450,259500,1954400,3008,966385048,37849254,0
1,14451,1191900,1954400,3008,966385048,37849254,0
1,14452,575000,1954400,3008,966385048,37849254,0
1,14453,1589700,1954400,3008,966385048,37849254,0
1,14454,360400,1954400,3008,966385048,37849254,0
1,14455,1821100,1954400,3008,966385048,37849254,0
1,14456,340100,1954400,3008,966385048,37849254,0
1,14457,1345300,1954400,3008,966385048,37849254,0
1,14458,279400,1954400,3008,966385048,37849254,0
1,14459,1523300,1954400,3008,966385048,37849254,0
1,14460,310000,1954400,3008,966385048,37849254,0
1,14461,1544300,1954400,3008,966385048,37849254,0
1,14462,421700,1954400,3008,966385048,37849254,0
1,14463,1432000,1954400,3008,966385048,37849254,0
1,14464,236500,1954400,3008,966385048,37849254,0
1,14465,1932100,1954400,3008,966385048,37849254,0
1,14466,373000,1954400,3008,966385048,37849254,0
1,14467,1724000,1954400,3008,966385048,37849254,0
1,14468,381600,1954400,3008,966385048,37849254,0
1,14469,1867800,1954400,3008,966385048,37849254,0
1,14470,351200,1954400,3008,966385048,37849254,0
1,14471,1844300,1954400,3008,966385048,37849254,0
1,14472,350200,1954400,3008,966385048,37849254,0
1,14473,1337600,1954400,3008,966385048,37849254,0
1,14474,341700,1954400,3008,966385048,37849254,0
1,14475,1861300,1954400,3008,966385048,37849254,0
1,14476,389800,1954400,3008,966385048,37849254,0
1,14477,2070400,1954400,3008,966385048,37849254,0
1,14478,385200,1954400,3008,966385048,37849254,0
1,14479,1837500,1954400,3008,966385048,37849254,0
1,14480,350400,1954400,3008,966385048,37849254,0
1,14481,1688700,1954400,3008,966385048,37849254,0
1,14482,274000,1954400,3008,966385048,37849254,0
1,14483,1634200,1954400,3008,966385048,37849254,0
1,14484,412000,1954400,3008,966385048,37849254,0
1,14485,1827900,1954400,3008,966385048,37849254,0
1,14486,386500,1954400,3008,966385048,37849254,0
1,14487,1662800,1954400,3008,966385048,37849254,0
1,14488,288500,1954400,3008,966385048,37849254,0
1,14489,1286000,1954400,3008,966385048,37849254,0
1,14490,363800,1954400,3008,966385048,37849254,0
1,14491,1807900,1954400,3008,966385048,37849254,0
1,14492,255200,1954400,3008,966385048,37849254,0
1,14493,1825100,1954400,3008,966385048,37849254,0
1,14494,239400,1954400,3008,966385048,37849254,0
1,14495,1837600,1954400,3008,966385048,37849254,0
1,14496,351900,1954400,3008,966385048,37849254,0
1,14497,1795300,1954400,3008,966385048,37849254,0
1,14498,499100,1954400,3008,966385048,37849254,0
1,14499,1825600,1954400,3008,966385048,37849254,0
1,14500,356100,1954400,3008,966385048,37849254,0
1,14501,1935100,1954400,3008,966385048,37849254,0
1,14502,371300,1954400,3008,966385048,37849254,0
1,14503,1297300,1954400,3008,966385048,37849254,0
1,14504,359200,1954400,3008,966385048,37849254,0
1,14505,1851600,1954400,3008,966385048,37849254,0
1,14506,257400,1954400,3008,966385048,37849254,0
1,14507,1896600,1954400,3008,966385048,37849254,0
1,14508,352300,1954400,3008,966385048,37849254,0
1,14509,1789300,1954400,3008,966385048,37849254,0
1,14510,378800,1954400,3008,966385048,37849254,0
1,14511,1918500,1954400,3008,966385048,37849254,0
1,14512,374000,1954400,3008,966385048,37849254,0
1,14513,1845400,1954400,3008,966385048,37849254,0
1,14514,255100,1954400,3008,966385048,37849254,0
1,14515,1922400,1954400,3008,966385048,37849254,0
1,14516,273100,1954400,3008,966385048,37849254,0
1,14517,1838900,1954400,3008,966385048,37849254,0
1,14518,303600,1954400,3008,966385048,37849254,0
1,14519,1412200,1954400,3008,966385048,37849254,0
1,14520,240400,1954400,3008,966385048,37849254,0
1,14521,1882200,1954400,3008,966385048,37849254,0
1,14522,258300,1954400,3008,966385048,37849254,0
1,14523,1604700,1954400,3008,966385048,37849254,0
1,14524,266600,1954400,3008,966385048,37849254,0
1,14525,1305200,1954400,3008,966385048,37849254,0
1,14526,359300,1954400,3008,966385048,37849254,0
1,14527,1930300,1954400,3008,966385048,37849254,0
1,14528,349300,1954400,3008,966385048,37849254,0
1,14529,1523500,1954400,3008,966385048,37849254,0
1,14530,424400,1954400,3008,966385048,37849254,0
1,14531,1601300,1954400,3008,966385048,37849254,0
1,14532,366300,1954400,3008,966385048,37849254,0
1,14533,1554000,1954400,3008,966385048,37849254,0
1,14534,258900,1954400,3008,966385048,37849254,0
1,14535,1727800,1954400,3008,966385048,37849254,0
1,14536,358400,1954400,3008,966385048,37849254,0
1,14537,1708800,1954400,3008,966385048,37849254,0
1,14538,239000,1954400,3008,966385048,37849254,0
1,14539,1902300,1954400,3008,966385048,37849254,0
1,14540,259500,1954400,3008,966385048,37849254,0
1,14541,1885900,1954400,3008,966385048,37849254,0
1,14542,353700,1954400,3008,966385048,37849254,0
1,14543,2051000,1954400,3008,966385048,37849254,0
1,14544,248000,1954400,3008,966385048,37849254,0
1,14545,1289700,1954400,3008,966385048,37849254,0
1,14546,233800,1954400,3008,966385048,37849254,0
1,14547,1607400,1954400,3008,966385048,37849254,0
1,14548,357500,1954400,3008,966385048,37849254,0
1,14549,1868400,1954400,3008,966385048,37849254,0
1,14550,403200,1954400,3008,966385048,37849254,0
1,14551,1436900,1954400,3008,966385048,37849254,0
1,14552,350700,1954400,3008,966385048,37849254,0
1,14553,1894000,1954400,3008,966385048,37849254,0
1,14554,316800,1954400,3008,966385048,37849254,0
1,14555,1883400,1954400,3008,966385048,37849254,0
1,14556,264000,1954400,3008,966385048,37849254,0
1,14557,1940700,1954400,3008,966385048,37849254,0
1,14558,279200,1954400,3008,966385048,37849254,0
1,14559,1681400,1954400,3008,966385048,37849254,0
1,14560,342200,1954400,3008,966385048,37849254,0
1,14561,1907200,1954400,3008,966385048,37849254,0
1,14562,351100,1954400,3008,966385048,37849254,0
1,14563,1158600,1954400,3008,966385048,37849254,0
1,14564,256100,1954400,3008,966385048,37849254,0
1,14565,1262800,1954400,3008,966385048,37849254,0
1,14566,345600,1954400,3008,966385048,37849254,0
1,14567,1890000,1954400,3008,966385048,37849254,0
1,14568,327100,1954400,3008,966385048,37849254,0
1,14569,1971500,1954400,3008,966385048,37849254,0
1,14570,351300,1954400,3008,966385048,37849254,0
1,14571,1539900,1954400,3008,966385048,37849254,0
1,14572,365700,1954400,3008,966385048,37849254,0
1,14573,1270100,1954400,3008,966385048,37849254,0
1,14574,272600,1954400,3008,966385048,37849254,0
1,14575,1840200,1954400,3008,966385048,37849254,0
1,14576,389200,1954400,3008,966385048,37849254,0
1,14577,1301200,1954400,3008,966385048,37849254,0
1,14578,586400,1954400,3008,966385048,37849254,0
1,14579,1829200,1954400,3008,966385048,37849254,0
1,14580,365800,1954400,3008,966385048,37849254,0
1,14581,1825100,1954400,3008,966385048,37849254,0
1,14582,300000,1954400,3008,966385048,37849254,0
1,14583,2032600,1954400,3008,966385048,37849254,0
1,14584,246700,1954400,3008,966385048,37849254,0
1,14585,2001400,1954400,3008,966385048,37849254,0
1,14586,355700,1954400,3008,966385048,37849254,0
1,14587,1642900,1954400,3008,966385048,37849254,0
1,14588,356800,1954400,3008,966385048,37849254,0
1,14589,1558700,1954400,3008,966385048,37849254,0
1,14590,405900,1954400,3008,966385048,37849254,0
1,14591,1697400,1954400,3008,966385048,37849254,0
1,14592,343100,1954400,3008,966385048,37849254,0
1,14593,1797100,1954400,3008,966385048,37849254,0
1,14594,405300,1954400,3008,966385048,37849254,0
1,14595,1295800,1954400,3008,966385048,37849254,0
1,14596,339300,1954400,3008,966385048,37849254,0
1,14597,1374600,1954400,3008,966385048,37849254,0
1,14598,249400,1954400,3008,966385048,37849254,0
1,14599,1490100,1954400,3008,966385048,37849254,0
1,14600,313500,1954400,3008,966385048,37849254,0
1,14601,1634800,1954400,3008,966385048,37849254,0
1,14602,374300,1954400,3008,966385048,37849254,0
1,14603,1745400,1954400,3008,966385048,37849254,0
1,14604,333800,1954400,3008,966385048,37849254,0
1,14605,1735200,1954400,3008,966385048,37849254,0
1,14606,342100,1954400,3008,966385048,37849254,0
1,14607,1288400,1954400,3008,966385048,37849254,0
1,14608,259400,1954400,3008,966385048,37849254,0
1,14609,1832400,1954400,3008,966385048,37849254,0
1,14610,269800,1954400,3008,966385048,37849254,0
1,14611,1865100,1954400,3008,966385048,37849254,0
1,14612,365600,1954400,3008,966385048,37849254,0
1,14613,1761500,1954400,3008,966385048,37849254,0
1,14614,253900,1954400,3008,966385048,37849254,0
1,14615,1431500,1954400,3008,966385048,37849254,0
1,14616,372800,1954400,3008,966385048,37849254,0
1,14617,1839800,1954400,3008,966385048,37849254,0
1,14618,254600,1954400,3008,966385048,37849254,0
1,14619,1420700,1954400,3008,966385048,37849254,0
1,14620,355800,1954400,3008,966385048,37849254,0
1,14621,1818800,1954400,3008,966385048,37849254,0
1,14622,261900,1954400,3008,966385048,37849254,0
1,14623,1826200,1954400,3008,966385048,37849254,0
1,14624,357700,1954400,3008,966385048,37849254,0
1,14625,1705100,1954400,3008,966385048,37849254,0
1,14626,237900,1954400,3008,966385048,37849254,0
1,14627,1340100,1954400,3008,966385048,37849254,0
1,14628,358400,1954400,3008,966385048,37849254,0
1,14629,1943200,1954400,3008,966385048,37849254,0
1,14630,364400,1954400,3008,966385048,37849254,0
1,14631,1816900,1954400,3008,966385048,37849254,0
1,14632,359400,1954400,3008,966385048,37849254,0
1,14633,1461300,1954400,3008,966385048,37849254,0
1,14634,248000,1954400,3008,966385048,37849254,0
1,14635,1821200,1954400,3008,966385048,37849254,0
1,14636,283200,1954400,3008,966385048,37849254,0
1,14637,1272700,1954400,3008,966385048,37849254,0
1,14638,418600,1954400,3008,966385048,37849254,0
1,14639,1769200,1954400,3008,966385048,37849254,0
1,14640,254900,1954400,3008,966385048,37849254,0
1,14641,1850800,1954400,3008,966385048,37849254,0
1,14642,331000,1954400,3008,966385048,37849254,0
1,14643,1504600,1954400,3008,966385048,37849254,0
1,14644,355000,1954400,3008,966385048,37849254,0
1,14645,2000900,1954400,3008,966385048,37849254,0
1,14646,208900,1954400,3008,966385048,37849254,0
1,14647,1846500,1954400,3008,966385048,37849254,0
1,14648,255100,1954400,3008,966385048,37849254,0
1,14649,1882100,1954400,3008,966385048,37849254,0
1,14650,319800,1954400,3008,966385048,37849254,0
1,14651,1770000,1954400,3008,966385048,37849254,0
1,14652,358100,1954400,3008,966385048,37849254,0
1,14653,1897500,1954400,3008,966385048,37849254,0
1,14654,329500,1954400,3008,966385048,37849254,0
1,14655,1878200,1954400,3008,966385048,37849254,0
1,14656,249500,1954400,3008,966385048,37849254,0
1,14657,1431600,1954400,3008,966385048,37849254,0
1,14658,352800,1954400,3008,966385048,37849254,0
1,14659,1633200,1954400,3008,966385048,37849254,0
1,14660,365100,1954400,3008,966385048,37849254,0
1,14661,1842300,1954400,3008,966385048,37849254,0
1,14662,348300,1954400,3008,966385048,37849254,0
1,14663,1716800,1954400,3008,966385048,37849254,0
1,14664,218500,1954400,3008,966385048,37849254,0
1,14665,1557800,1954400,3008,966385048,37849254,0
1,14666,380700,1954400,3008,966385048,37849254,0
1,14667,1833000,1954400,3008,966385048,37849254,0
1,14668,303000,1954400,3008,966385048,37849254,0
1,14669,1626100,1954400,3008,966385048,37849254,0
1,14670,353200,1954400,3008,966385048,37849254,0
1,14671,1830000,1954400,3008,966385048,37849254,0
1,14672,218100,1954400,3008,966385048,37849254,0
1,14673,1951100,1954400,3008,966385048,37849254,0
1,14674,313900,1954400,3008,966385048,37849254,0
1,14675,1160400,1954400,3008,966385048,37849254,0
1,14676,275900,1954400,3008,966385048,37849254,0
1,14677,1844400,1954400,3008,966385048,37849254,0
1,14678,365900,1954400,3008,966385048,37849254,0
1,14679,2152600,1954400,3008,966385048,37849254,0
1,14680,335900,1954400,3008,966385048,37849254,0
1,14681,1604800,1954400,3008,966385048,37849254,0
1,14682,352100,1954400,3008,966385048,37849254,0
1,14683,1379300,1954400,3008,966385048,37849254,0
1,14684,350900,1954400,3008,966385048,37849254,0
1,14685,1667600,1954400,3008,966385048,37849254,0
1,14686,278200,1954400,3008,966385048,37849254,0
1,14687,1886100,1954400,3008,966385048,37849254,0
1,14688,252700,1954400,3008,966385048,37849254,0
1,14689,1819600,1954400,3008,966385048,37849254,0
1,14690,318400,1954400,3008,966385048,37849254,0
1,14691,1669400,1954400,3008,966385048,37849254,0
1,14692,371900,1954400,3008,966385048,37849254,0
1,14693,1291000,1954400,3008,966385048,37849254,0
1,14694,250700,1954400,3008,966385048,37849254,0
1,14695,2060600,1954400,3008,966385048,37849254,0
1,14696,365400,1954400,3008,966385048,37849254,0
1,14697,1794800,1954400,3008,966385048,37849254,0
1,14698,218000,1954400,3008,966385048,37849254,0
1,14699,1853900,1954400,3008,966385048,37849254,0
1,14700,416200,1954400,3008,966385048,37849254,0
1,14701,1260100,1954400,3008,966385048,37849254,0
1,14702,358300,1954400,3008,966385048,37849254,0
1,14703,1723600,1954400,3008,966385048,37849254,0
1,14704,393500,1954400,3008,966385048,37849254,0
1,14705,1914300,1954400,3008,966385048,37849254,0
1,14706,363100,1954400,3008,966385048,37849254,0
1,14707,1835700,1954400,3008,966385048,37849254,0
1,14708,350100,1954400,3008,966385048,37849254,0
1,14709,1697500,1954400,3008,966385048,37849254,0
1,14710,300400,1954400,3008,966385048,37849254,0
1,14711,1703300,1954400,3008,966385048,37849254,0
1,14712,248300,1954400,3008,966385048,37849254,0
1,14713,1221000,1954400,3008,966385048,37849254,0
1,14714,352900,1954400,3008,966385048,37849254,0
1,14715,1375000,1954400,3008,966385048,37849254,0
1,14716,242000,1954400,3008,966385048,37849254,0
1,14717,1673200,1954400,3008,966385048,37849254,0
1,14718,355100,1954400,3008,966385048,37849254,0
1,14719,1432500,1954400,3008,966385048,37849254,0
1,14720,355400,1954400,3008,966385048,37849254,0
1,14721,1721500,1954400,3008,966385048,37849254,0
1,14722,264700,1954400,3008,966385048,37849254,0
1,14723,1856700,1954400,3008,966385048,37849254,0
1,14724,306200,1954400,3008,966385048,37849254,0
1,14725,1587000,1954400,3008,966385048,37849254,0
1,14726,292100,1954400,3008,966385048,37849254,0
1,14727,1666700,1954400,3008,966385048,37849254,0
1,14728,376100,1954400,3008,966385048,37849254,0
1,14729,1892300,1954400,3008,966385048,37849254,0
1,14730,361400,1954400,3008,966385048,37849254,0
1,14731,2104700,1954400,3008,966385048,37849254,0
1,14732,293700,1954400,3008,966385048,37849254,0
1,14733,1301000,1954400,3008,966385048,37849254,0
1,14734,383900,1954400,3008,966385048,37849254,0
1,14735,2005700,1954400,3008,966385048,37849254,0
1,14736,252700,1954400,3008,966385048,37849254,0
1,14737,1703800,1954400,3008,966385048,37849254,0
1,14738,352600,1954400,3008,966385048,37849254,0
1,14739,1750500,1954400,3008,966385048,37849254,0
1,14740,358700,1954400,3008,966385048,37849254,0
1,14741,1288000,1954400,3008,966385048,37849254,0
1,14742,255600,1954400,3008,966385048,37849254,0
1,14743,1872400,1954400,3008,966385048,37849254,0
1,14744,254000,1954400,3008,966385048,37849254,0
1,14745,1875600,1954400,3008,966385048,37849254,0
1,14746,376900,1954400,3008,966385048,37849254,0
1,14747,1888100,1954400,3008,966385048,37849254,0
1,14748,250100,1954400,3008,966385048,37849254,0
1,14749,1413200,1954400,3008,966385048,37849254,0
1,14750,241400,1954400,3008,966385048,37849254,0
1,14751,1866400,1954400,3008,966385048,37849254,0
1,14752,479500,1954400,3008,966385048,37849254,0
1,14753,1653200,1954400,3008,966385048,37849254,0
1,14754,349100,1954400,3008,966385048,37849254,0
1,14755,1359600,1954400,3008,966385048,37849254,0
1,14756,416100,1954400,3008,966385048,37849254,0
1,14757,1644000,1954400,3008,966385048,37849254,0
1,14758,410600,1954400,3008,966385048,37849254,0
1,14759,1843400,1954400,3008,966385048,37849254,0
1,14760,318400,1954400,3008,966385048,37849254,0
1,14761,1939800,1954400,3008,966385048,37849254,0
1,14762,327900,1954400,3008,966385048,37849254,0
1,14763,1921600,1954400,3008,966385048,37849254,0
1,14764,270100,1954400,3008,966385048,37849254,0
1,14765,1847700,1954400,3008,966385048,37849254,0
1,14766,370700,1954400,3008,966385048,37849254,0
1,14767,1876200,1954400,3008,966385048,37849254,0
1,14768,260900,1954400,3008,966385048,37849254,0
1,14769,1849700,1954400,3008,966385048,37849254,0
1,14770,312000,1954400,3008,966385048,37849254,0
1,14771,1837100,1954400,3008,966385048,37849254,0
1,14772,271100,1954400,3008,966385048,37849254,0
1,14773,1452200,1954400,3008,966385048,37849254,0
1,14774,349100,1954400,3008,966385048,37849254,0
1,14775,1918900,1954400,3008,966385048,37849254,0
1,14776,257200,1954400,3008,966385048,37849254,0
1,14777,1912700,1954400,3008,966385048,37849254,0
1,14778,267000,1954400,3008,966385048,37849254,0
1,14779,1288000,1954400,3008,966385048,37849254,0
1,14780,402800,1954400,3008,966385048,37849254,0
1,14781,1533000,1954400,3008,966385048,37849254,0
1,14782,332600,1954400,3008,966385048,37849254,0
1,14783,1847600,1954400,3008,966385048,37849254,0
1,14784,392900,1954400,3008,966385048,37849254,0
1,14785,1518700,1954400,3008,966385048,37849254,0
1,14786,282500,1954400,3008,966385048,37849254,0
1,14787,1482000,1954400,3008,966385048,37849254,0
1,14788,264400,1954400,3008,966385048,37849254,0
1,14789,1440900,1954400,3008,966385048,37849254,0
1,14790,365400,1954400,3008,966385048,37849254,0
1,14791,2448400,1954400,3008,966385048,37849254,0
1,14792,259800,1954400,3008,966385048,37849254,0
1,14793,1817300,1954400,3008,966385048,37849254,0
1,14794,593900,1954400,3008,966385048,37849254,0
1,14795,1306500,1954400,3008,966385048,37849254,0
1,14796,380600,1954400,3008,966385048,37849254,0
1,14797,1284800,1954400,3008,966385048,37849254,0
1,14798,418600,1954400,3008,966385048,37849254,0
1,14799,1149700,1954400,3008,966385048,37849254,0
1,14800,359900,1954400,3008,966385048,37849254,0
1,14801,1617300,1954400,3008,966385048,37849254,0
1,14802,268500,1954400,3008,966385048,37849254,0
1,14803,1276200,1954400,3008,966385048,37849254,0
1,14804,380700,1954400,3008,966385048,37849254,0
1,14805,1582000,1954400,3008,966385048,37849254,0
1,14806,354000,1954400,3008,966385048,37849254,0
1,14807,1881200,1954400,3008,966385048,37849254,0
1,14808,372200,1954400,3008,966385048,37849254,0
1,14809,1586000,1954400,3008,966385048,37849254,0
1,14810,373100,1954400,3008,966385048,37849254,0
1,14811,1869700,1954400,3008,966385048,37849254,0
1,14812,341900,1954400,3008,966385048,37849254,0
1,14813,1880600,1954400,3008,966385048,37849254,0
1,14814,528800,1954400,3008,966385048,37849254,0
1,14815,1868000,1954400,3008,966385048,37849254,0
1,14816,263900,1954400,3008,966385048,37849254,0
1,14817,1796800,1954400,3008,966385048,37849254,0
1,14818,414300,1954400,3008,966385048,37849254,0
1,14819,1637500,1954400,3008,966385048,37849254,0
1,14820,354800,1954400,3008,966385048,37849254,0
1,14821,2720700,1954400,3008,966385048,37849254,0
1,14822,348500,1954400,3008,966385048,37849254,0
1,14823,1797400,1954400,3008,966385048,37849254,0
1,14824,388700,1954400,3008,966385048,37849254,0
1,14825,1575300,1954400,3008,966385048,37849254,0
1,14826,379600,1954400,3008,966385048,37849254,0
1,14827,1861500,1954400,3008,966385048,37849254,0
1,14828,381900,1954400,3008,966385048,37849254,0
1,14829,1486400,1954400,3008,966385048,37849254,0
1,14830,364900,1954400,3008,966385048,37849254,0
1,14831,1942100,1954400,3008,966385048,37849254,0
1,14832,254800,1954400,3008,966385048,37849254,0
1,14833,1312100,1954400,3008,966385048,37849254,0
1,14834,337600,1954400,3008,966385048,37849254,0
1,14835,1244400,1954400,3008,966385048,37849254,0
1,14836,268200,1954400,3008,966385048,37849254,0
1,14837,1233500,1954400,3008,966385048,37849254,0
1,14838,344100,1954400,3008,966385048,37849254,0
1,14839,1509700,1954400,3008,966385048,37849254,0
1,14840,410000,1954400,3008,966385048,37849254,0
1,14841,1860300,1954400,3008,966385048,37849254,0
1,14842,243500,1954400,3008,966385048,37849254,0
1,14843,1803800,1954400,3008,966385048,37849254,0
1,14844,252100,1954400,3008,966385048,37849254,0
1,14845,1282500,1954400,3008,966385048,37849254,0
1,14846,255500,1954400,3008,966385048,37849254,0
1,14847,1674200,1954400,3008,966385048,37849254,0
1,14848,292200,1954400,3008,966385048,37849254,0
1,14849,1306400,1954400,3008,966385048,37849254,0
1,14850,669200,1954400,3008,966385048,37849254,0
1,14851,1270700,1954400,3008,966385048,37849254,0
1,14852,304100,1954400,3008,966385048,37849254,0
1,14853,1301900,1954400,3008,966385048,37849254,0
1,14854,303300,1954400,3008,966385048,37849254,0
1,14855,1431300,1954400,3008,966385048,37849254,0
1,14856,277200,1954400,3008,966385048,37849254,0
1,14857,1731100,1954400,3008,966385048,37849254,0
1,14858,252600,1954400,3008,966385048,37849254,0
1,14859,1539200,1954400,3008,966385048,37849254,0
1,14860,259200,1954400,3008,966385048,37849254,0
1,14861,1818400,1954400,3008,966385048,37849254,0
1,14862,411300,1954400,3008,966385048,37849254,0
1,14863,1843400,1954400,3008,966385048,37849254,0
1,14864,268700,1954400,3008,966385048,37849254,0
1,14865,1264500,1954400,3008,966385048,37849254,0
1,14866,256400,1954400,3008,966385048,37849254,0
1,14867,1367800,1954400,3008,966385048,37849254,0
1,14868,252800,1954400,3008,966385048,37849254,0
1,14869,1565900,1954400,3008,966385048,37849254,0
1,14870,242900,1954400,3008,966385048,37849254,0
1,14871,1305100,1954400,3008,966385048,37849254,0
1,14872,243000,1954400,3008,966385048,37849254,0
1,14873,1357500,1954400,3008,966385048,37849254,0
1,14874,261600,1954400,3008,966385048,37849254,0
1,14875,1349700,1954400,3008,966385048,37849254,0
1,14876,250400,1954400,3008,966385048,37849254,0
1,14877,1845400,1954400,3008,966385048,37849254,0
1,14878,359600,1954400,3008,966385048,37849254,0
1,14879,1901600,1954400,3008,966385048,37849254,0
1,14880,257500,1954400,3008,966385048,37849254,0
1,14881,2437400,1954400,3008,966385048,37849254,0
1,14882,300200,1954400,3008,966385048,37849254,0
1,14883,1342800,1954400,3008,966385048,37849254,0
1,14884,355500,1954400,3008,966385048,37849254,0
1,14885,1929300,1954400,3008,966385048,37849254,0
1,14886,260200,1954400,3008,966385048,37849254,0
1,14887,1637700,1954400,3008,966385048,37849254,0
1,14888,406000,1954400,3008,966385048,37849254,0
1,14889,1923500,1954400,3008,966385048,37849254,0
1,14890,262200,1954400,3008,966385048,37849254,0
1,14891,1990500,1954400,3008,966385048,37849254,0
1,14892,297700,1954400,3008,966385048,37849254,0
1,14893,1797500,1954400,3008,966385048,37849254,0
1,14894,364800,1954400,3008,966385048,37849254,0
1,14895,1855600,1954400,3008,966385048,37849254,0
1,14896,362800,1954400,3008,966385048,37849254,0
1,14897,1712400,1954400,3008,966385048,37849254,0
1,14898,288000,1954400,3008,966385048,37849254,0
1,14899,1841300,1954400,3008,966385048,37849254,0
1,14900,329900,1954400,3008,966385048,37849254,0
1,14901,1848200,1954400,3008,966385048,37849254,0
1,14902,348700,1954400,3008,966385048,37849254,0
1,14903,2345500,1954400,3008,966385048,37849254,0
1,14904,317800,1954400,3008,966385048,37849254,0
1,14905,1488500,1954400,3008,966385048,37849254,0
1,14906,351200,1954400,3008,966385048,37849254,0
1,14907,2007800,1954400,3008,966385048,37849254,0
1,14908,317500,1954400,3008,966385048,37849254,0
1,14909,1692300,1954400,3008,966385048,37849254,0
1,14910,265800,1954400,3008,966385048,37849254,0
1,14911,1705300,1954400,3008,966385048,37849254,0
1,14912,577000,1954400,3008,966385048,37849254,0
1,14913,1519900,1954400,3008,966385048,37849254,0
1,14914,423200,1954400,3008,966385048,37849254,0
1,14915,1486300,1954400,3008,966385048,37849254,0
1,14916,359000,1954400,3008,966385048,37849254,0
1,14917,1341600,1954400,3008,966385048,37849254,0
1,14918,345300,1954400,3008,966385048,37849254,0
1,14919,1842000,1954400,3008,966385048,37849254,0
1,14920,363900,1954400,3008,966385048,37849254,0
1,14921,2398400,1954400,3008,966385048,37849254,0
1,14922,322700,1954400,3008,966385048,37849254,0
1,14923,1471300,1954400,3008,966385048,37849254,0
1,14924,426200,1954400,3008,966385048,37849254,0
1,14925,1828800,1954400,3008,966385048,37849254,0
1,14926,340500,1954400,3008,966385048,37849254,0
1,14927,1906600,1954400,3008,966385048,37849254,0
1,14928,372000,1954400,3008,966385048,37849254,0
1,14929,2111900,1954400,3008,966385048,37849254,0
1,14930,250100,1954400,3008,966385048,37849254,0
1,14931,1502900,1954400,3008,966385048,37849254,0
1,14932,299000,1954400,3008,966385048,37849254,0
1,14933,1298800,1954400,3008,966385048,37849254,0
1,14934,526400,1954400,3008,966385048,37849254,0
1,14935,1885400,1954400,3008,966385048,37849254,0
1,14936,245100,1954400,3008,966385048,37849254,0
1,14937,1384400,1954400,3008,966385048,37849254,0
1,14938,250800,1954400,3008,966385048,37849254,0
1,14939,1743500,1954400,3008,966385048,37849254,0
1,14940,278100,1954400,3008,966385048,37849254,0
1,14941,1753000,1954400,3008,966385048,37849254,0
1,14942,344900,1954400,3008,966385048,37849254,0
1,14943,1672200,1954400,3008,966385048,37849254,0
1,14944,351200,1954400,3008,966385048,37849254,0
1,14945,1830000,1954400,3008,966385048,37849254,0
1,14946,250900,1954400,3008,966385048,37849254,0
1,14947,1716900,1954400,3008,966385048,37849254,0
1,14948,478700,1954400,3008,966385048,37849254,0
1,14949,1793200,1954400,3008,966385048,37849254,0
1,14950,336500,1954400,3008,966385048,37849254,0
1,14951,1929300,1954400,3008,966385048,37849254,0
1,14952,467400,1954400,3008,966385048,37849254,0
1,14953,1859700,1954400,3008,966385048,37849254,0
1,14954,348100,1954400,3008,966385048,37849254,0
1,14955,1313700,1954400,3008,966385048,37849254,0
1,14956,1262000,1954400,3008,966385048,37849254,0
1,14957,1846900,1954400,3008,966385048,37849254,0
1,14958,351800,1954400,3008,966385048,37849254,0
1,14959,1656500,1954400,3008,966385048,37849254,0
1,14960,220800,1954400,3008,966385048,37849254,0
1,14961,1818800,1954400,3008,966385048,37849254,0
1,14962,396300,1954400,3008,966385048,37849254,0
1,14963,1965000,1954400,3008,966385048,37849254,0
1,14964,278700,1954400,3008,966385048,37849254,0
1,14965,1553200,1954400,3008,966385048,37849254,0
1,14966,352900,1954400,3008,966385048,37849254,0
1,14967,1900900,1954400,3008,966385048,37849254,0
1,14968,386900,1954400,3008,966385048,37849254,0
1,14969,1820800,1954400,3008,966385048,37849254,0
1,14970,253800,1954400,3008,966385048,37849254,0
1,14971,1843100,1954400,3008,966385048,37849254,0
1,14972,334400,1954400,3008,966385048,37849254,0
1,14973,1866200,1954400,3008,966385048,37849254,0
1,14974,356300,1954400,3008,966385048,37849254,0
1,14975,1707200,1954400,3008,966385048,37849254,0
1,14976,256700,1954400,3008,966385048,37849254,0
1,14977,1820000,1954400,3008,966385048,37849254,0
1,14978,245700,1954400,3008,966385048,37849254,0
1,14979,1826100,1954400,3008,966385048,37849254,0
1,14980,310900,1954400,3008,966385048,37849254,0
1,14981,1826500,1954400,3008,966385048,37849254,0
1,14982,390000,1954400,3008,966385048,37849254,0
1,14983,1964700,1954400,3008,966385048,37849254,0
1,14984,383500,1954400,3008,966385048,37849254,0
1,14985,1738300,1954400,3008,966385048,37849254,0
1,14986,368300,1954400,3008,966385048,37849254,0
1,14987,1420900,1954400,3008,966385048,37849254,0
1,14988,404200,1954400,3008,966385048,37849254,0
1,14989,1245900,1954400,3008,966385048,37849254,0
1,14990,359700,1954400,3008,966385048,37849254,0
1,14991,1335500,1954400,3008,966385048,37849254,0
1,14992,286600,1954400,3008,966385048,37849254,0
1,14993,1599600,1954400,3008,966385048,37849254,0
1,14994,1363500,1954400,3008,966385048,37849254,0
1,14995,1304700,1954400,3008,966385048,37849254,0
1,14996,1271200,1954400,3008,966385048,37849254,0
1,14997,1420800,1954400,3008,966385048,37849254,0
1,14998,248200,1954400,3008,966385048,37849254,0
1,14999,1844100,1954400,3008,966385048,37849254,0
1,15000,313000,1954400,3008,966385048,37849254,0
1,15001,1543000,1954400,3008,966385048,37849254,0
1,15002,352000,1954400,3008,966385048,37849254,0
1,15003,1835300,1954400,3008,966385048,37849254,0
1,15004,231900,1954400,3008,966385048,37849254,0
1,15005,1657000,1954400,3008,966385048,37849254,0
1,15006,314200,1954400,3008,966385048,37849254,0
1,15007,1619600,1954400,3008,966385048,37849254,0
1,15008,359400,1954400,3008,966385048,37849254,0
1,15009,1694300,1954400,3008,966385048,37849254,0
1,15010,264700,1954400,3008,966385048,37849254,0
1,15011,1426200,1954400,3008,966385048,37849254,0
1,15012,575500,1954400,3008,966385048,37849254,0
1,15013,1850600,1954400,3008,966385048,37849254,0
1,15014,356700,1954400,3008,966385048,37849254,0
1,15015,1892100,1954400,3008,966385048,37849254,0
1,15016,259800,1954400,3008,966385048,37849254,0
1,15017,1909600,1954400,3008,966385048,37849254,0
1,15018,402000,1954400,3008,966385048,37849254,0
1,15019,1388800,1954400,3008,966385048,37849254,0
1,15020,260300,1954400,3008,966385048,37849254,0
1,15021,1664200,1954400,3008,966385048,37849254,0
1,15022,349900,1954400,3008,966385048,37849254,0
1,15023,1890000,1954400,3008,966385048,37849254,0
1,15024,237000,1954400,3008,966385048,37849254,0
1,15025,1607200,1954400,3008,966385048,37849254,0
1,15026,382400,1954400,3008,966385048,37849254,0
1,15027,1457500,1954400,3008,966385048,37849254,0
1,15028,254500,1954400,3008,966385048,37849254,0
1,15029,1673200,1954400,3008,966385048,37849254,0
1,15030,264800,1954400,3008,966385048,37849254,0
1,15031,1891700,1954400,3008,966385048,37849254,0
1,15032,572900,1954400,3008,966385048,37849254,0
1,15033,2107400,1954400,3008,966385048,37849254,0
1,15034,593900,1954400,3008,966385048,37849254,0
1,15035,1492600,1954400,3008,966385048,37849254,0
1,15036,256300,1954400,3008,966385048,37849254,0
1,15037,1653300,1954400,3008,966385048,37849254,0
1,15038,387900,1954400,3008,966385048,37849254,0
1,15039,1605700,1954400,3008,966385048,37849254,0
1,15040,436500,1954400,3008,966385048,37849254,0
1,15041,1853200,1954400,3008,966385048,37849254,0
1,15042,370500,1954400,3008,966385048,37849254,0
1,15043,1779800,1954400,3008,966385048,37849254,0
1,15044,381200,1954400,3008,966385048,37849254,0
1,15045,2082000,1954400,3008,966385048,37849254,0
1,15046,434400,1954400,3008,966385048,37849254,0
1,15047,1280900,1954400,3008,966385048,37849254,0
1,15048,364600,1954400,3008,966385048,37849254,0
1,15049,1830000,1954400,3008,966385048,37849254,0
1,15050,271100,1954400,3008,966385048,37849254,0
1,15051,1444700,1954400,3008,966385048,37849254,0
1,15052,368200,1954400,3008,966385048,37849254,0
1,15053,1666600,1954400,3008,966385048,37849254,0
1,15054,257200,1954400,3008,966385048,37849254,0
1,15055,1621100,1954400,3008,966385048,37849254,0
1,15056,346000,1954400,3008,966385048,37849254,0
1,15057,1856300,1954400,3008,966385048,37849254,0
1,15058,253700,1954400,3008,966385048,37849254,0
1,15059,1427700,1954400,3008,966385048,37849254,0
1,15060,353200,1954400,3008,966385048,37849254,0
1,15061,1890200,1954400,3008,966385048,37849254,0
1,15062,365200,1954400,3008,966385048,37849254,0
1,15063,1807700,1954400,3008,966385048,37849254,0
1,15064,251400,1954400,3008,966385048,37849254,0
1,15065,1981300,1954400,3008,966385048,37849254,0
1,15066,354200,1954400,3008,966385048,37849254,0
1,15067,1382400,1954400,3008,966385048,37849254,0
1,15068,369500,1954400,3008,966385048,37849254,0
1,15069,1421700,1954400,3008,966385048,37849254,0
1,15070,383300,1954400,3008,966385048,37849254,0
1,15071,1941300,1954400,3008,966385048,37849254,0
1,15072,452400,1954400,3008,966385048,37849254,0
1,15073,1861900,1954400,3008,966385048,37849254,0
1,15074,381600,1954400,3008,966385048,37849254,0
1,15075,1918300,1954400,3008,966385048,37849254,0
1,15076,329000,1954400,3008,966385048,37849254,0
1,15077,1631900,1954400,3008,966385048,37849254,0
1,15078,316800,1954400,3008,966385048,37849254,0
1,15079,2177100,1954400,3008,966385048,37849254,0
1,15080,570300,1954400,3008,966385048,37849254,0
1,15081,1818700,1954400,3008,966385048,37849254,0
1,15082,414600,1954400,3008,966385048,37849254,0
1,15083,1854500,1954400,3008,966385048,37849254,0
1,15084,496700,1954400,3008,966385048,37849254,0
1,15085,1846900,1954400,3008,966385048,37849254,0
1,15086,552500,1954400,3008,966385048,37849254,0
1,15087,1652200,1954400,3008,966385048,37849254,0
1,15088,314400,1954400,3008,966385048,37849254,0
1,15089,1942300,1954400,3008,966385048,37849254,0
1,15090,476100,1954400,3008,966385048,37849254,0
1,15091,1873400,1954400,3008,966385048,37849254,0
1,15092,458200,1954400,3008,966385048,37849254,0
1,15093,1927500,1954400,3008,966385048,37849254,0
1,15094,292300,1954400,3008,966385048,37849254,0
1,15095,1554200,1954400,3008,966385048,37849254,0
1,15096,325500,1954400,3008,966385048,37849254,0
1,15097,1759100,1954400,3008,966385048,37849254,0
1,15098,402300,1954400,3008,966385048,37849254,0
1,15099,1642700,1954400,3008,966385048,37849254,0
1,15100,351000,1954400,3008,966385048,37849254,0
1,15101,1851800,1954400,3008,966385048,37849254,0
1,15102,359900,1954400,3008,966385048,37849254,0
1,15103,1538400,1954400,3008,966385048,37849254,0
1,15104,415900,1954400,3008,966385048,37849254,0
1,15105,1824700,1954400,3008,966385048,37849254,0
1,15106,298600,1954400,3008,966385048,37849254,0
1,15107,1580100,1954400,3008,966385048,37849254,0
1,15108,353000,1954400,3008,966385048,37849254,0
1,15109,1820500,1954400,3008,966385048,37849254,0
1,15110,434600,1954400,3008,966385048,37849254,0
1,15111,1295600,1954400,3008,966385048,37849254,0
1,15112,299400,1954400,3008,966385048,37849254,0
1,15113,2190900,1954400,3008,966385048,37849254,0
1,15114,351600,1954400,3008,966385048,37849254,0
1,15115,1667100,1954400,3008,966385048,37849254,0
1,15116,355700,1954400,3008,966385048,37849254,0
1,15117,1494200,1954400,3008,966385048,37849254,0
1,15118,247200,1954400,3008,966385048,37849254,0
1,15119,2336000,1954400,3008,966385048,37849254,0
1,15120,269300,1954400,3008,966385048,37849254,0
1,15121,1436800,1954400,3008,966385048,37849254,0
1,15122,367700,1954400,3008,966385048,37849254,0
1,15123,1432000,1954400,3008,966385048,37849254,0
1,15124,452100,1954400,3008,966385048,37849254,0
1,15125,1492600,1954400,3008,966385048,37849254,0
1,15126,359600,1954400,3008,966385048,37849254,0
1,15127,1301500,1954400,3008,966385048,37849254,0
1,15128,359900,1954400,3008,966385048,37849254,0
1,15129,1840400,1954400,3008,966385048,37849254,0
1,15130,361000,1954400,3008,966385048,37849254,0
1,15131,1517000,1954400,3008,966385048,37849254,0
1,15132,351100,1954400,3008,966385048,37849254,0
1,15133,1975200,1954400,3008,966385048,37849254,0
1,15134,254400,1954400,3008,966385048,37849254,0
1,15135,1497100,1954400,3008,966385048,37849254,0
1,15136,339900,1954400,3008,966385048,37849254,0
1,15137,1240400,1954400,3008,966385048,37849254,0
1,15138,255400,1954400,3008,966385048,37849254,0
1,15139,1369700,1954400,3008,966385048,37849254,0
1,15140,261500,1954400,3008,966385048,37849254,0
1,15141,1514000,1954400,3008,966385048,37849254,0
1,15142,450200,1954400,3008,966385048,37849254,0
1,15143,1646200,1954400,3008,966385048,37849254,0
1,15144,254800,1954400,3008,966385048,37849254,0
1,15145,1905600,1954400,3008,966385048,37849254,0
1,15146,251600,1954400,3008,966385048,37849254,0
1,15147,1746400,1954400,3008,966385048,37849254,0
1,15148,356700,1954400,3008,966385048,37849254,0
1,15149,1786400,1954400,3008,966385048,37849254,0
1,15150,263400,1954400,3008,966385048,37849254,0
1,15151,2441600,1954400,3008,966385048,37849254,0
1,15152,356400,1954400,3008,966385048,37849254,0
1,15153,1425200,1954400,3008,966385048,37849254,0
1,15154,355200,1954400,3008,966385048,37849254,0
1,15155,1514300,1954400,3008,966385048,37849254,0
1,15156,354900,1954400,3008,966385048,37849254,0
1,15157,1599200,1954400,3008,966385048,37849254,0
1,15158,357700,1954400,3008,966385048,37849254,0
1,15159,1870400,1954400,3008,966385048,37849254,0
1,15160,356100,1954400,3008,966385048,37849254,0
1,15161,1414100,1954400,3008,966385048,37849254,0
1,15162,249400,1954400,3008,966385048,37849254,0
1,15163,1374000,1954400,3008,966385048,37849254,0
1,15164,357200,1954400,3008,966385048,37849254,0
1,15165,1328100,1954400,3008,966385048,37849254,0
1,15166,351600,1954400,3008,966385048,37849254,0
1,15167,1304400,1954400,3008,966385048,37849254,0
1,15168,341600,1954400,3008,966385048,37849254,0
1,15169,1710800,1954400,3008,966385048,37849254,0
1,15170,355300,1954400,3008,966385048,37849254,0
1,15171,1830600,1954400,3008,966385048,37849254,0
1,15172,359000,1954400,3008,966385048,37849254,0
1,15173,1175600,1954400,3008,966385048,37849254,0
1,15174,249800,1954400,3008,966385048,37849254,0
1,15175,2292600,1954400,3008,966385048,37849254,0
1,15176,291700,1954400,3008,966385048,37849254,0
1,15177,1699000,1954400,3008,966385048,37849254,0
1,15178,421100,1954400,3008,966385048,37849254,0
1,15179,1490300,1954400,3008,966385048,37849254,0
1,15180,255300,1954400,3008,966385048,37849254,0
1,15181,1722700,1954400,3008,966385048,37849254,0
1,15182,236600,1954400,3008,966385048,37849254,0
1,15183,1837500,1954400,3008,966385048,37849254,0
1,15184,311400,1954400,3008,966385048,37849254,0
1,15185,1848100,1954400,3008,966385048,37849254,0
1,15186,357700,1954400,3008,966385048,37849254,0
1,15187,1628600,1954400,3008,966385048,37849254,0
1,15188,351400,1954400,3008,966385048,37849254,0
1,15189,1556700,1954400,3008,966385048,37849254,0
1,15190,358000,1954400,3008,966385048,37849254,0
1,15191,1928300,1954400,3008,966385048,37849254,0
1,15192,390000,1954400,3008,966385048,37849254,0
1,15193,1842100,1954400,3008,966385048,37849254,0
1,15194,652200,1954400,3008,966385048,37849254,0
1,15195,1537100,1954400,3008,966385048,37849254,0
1,15196,386200,1954400,3008,966385048,37849254,0
1,15197,1843700,1954400,3008,966385048,37849254,0
1,15198,275200,1954400,3008,966385048,37849254,0
1,15199,1788800,1954400,3008,966385048,37849254,0
1,15200,309100,1954400,3008,966385048,37849254,0
1,15201,2546700,1954400,3008,966385048,37849254,0
1,15202,266400,1954400,3008,966385048,37849254,0
1,15203,1897500,1954400,3008,966385048,37849254,0
1,15204,321200,1954400,3008,966385048,37849254,0
1,15205,1891300,1954400,3008,966385048,37849254,0
1,15206,321800,1954400,3008,966385048,37849254,0
1,15207,1731700,1954400,3008,966385048,37849254,0
1,15208,276500,1954400,3008,966385048,37849254,0
1,15209,1589300,1954400,3008,966385048,37849254,0
1,15210,358400,1954400,3008,966385048,37849254,0
1,15211,1369400,1954400,3008,966385048,37849254,0
1,15212,404100,1954400,3008,966385048,37849254,0
1,15213,1307700,1954400,3008,966385048,37849254,0
1,15214,353500,1954400,3008,966385048,37849254,0
1,15215,1857800,1954400,3008,966385048,37849254,0
1,15216,352600,1954400,3008,966385048,37849254,0
1,15217,1517900,1954400,3008,966385048,37849254,0
1,15218,450000,1954400,3008,966385048,37849254,0
1,15219,1550600,1954400,3008,966385048,37849254,0
1,15220,366100,1954400,3008,966385048,37849254,0
1,15221,1679400,1954400,3008,966385048,37849254,0
1,15222,406500,1954400,3008,966385048,37849254,0
1,15223,2016700,1954400,3008,966385048,37849254,0
1,15224,547500,1954400,3008,966385048,37849254,0
1,15225,1686400,1954400,3008,966385048,37849254,0
1,15226,299000,1954400,3008,966385048,37849254,0
1,15227,1639300,1954400,3008,966385048,37849254,0
1,15228,248100,1954400,3008,966385048,37849254,0
1,15229,1858200,1954400,3008,966385048,37849254,0
1,15230,365800,1954400,3008,966385048,37849254,0
1,15231,1745000,1954400,3008,966385048,37849254,0
1,15232,333100,1954400,3008,966385048,37849254,0
1,15233,1842200,1954400,3008,966385048,37849254,0
1,15234,374500,1954400,3008,966385048,37849254,0
1,15235,1743200,1954400,3008,966385048,37849254,0
1,15236,370000,1954400,3008,966385048,37849254,0
1,15237,1791300,1954400,3008,966385048,37849254,0
1,15238,244700,1954400,3008,966385048,37849254,0
1,15239,1860300,1954400,3008,966385048,37849254,0
1,15240,263200,1954400,3008,966385048,37849254,0
1,15241,1821100,1954400,3008,966385048,37849254,0
1,15242,362600,1954400,3008,966385048,37849254,0
1,15243,1890400,1954400,3008,966385048,37849254,0
1,15244,253800,1954400,3008,966385048,37849254,0
1,15245,1851300,1954400,3008,966385048,37849254,0
1,15246,294700,1954400,3008,966385048,37849254,0
1,15247,1847900,1954400,3008,966385048,37849254,0
1,15248,358300,1954400,3008,966385048,37849254,0
1,15249,2015300,1954400,3008,966385048,37849254,0
1,15250,252600,1954400,3008,966385048,37849254,0
1,15251,1387400,1954400,3008,966385048,37849254,0
1,15252,487800,1954400,3008,966385048,37849254,0
1,15253,1512900,1954400,3008,966385048,37849254,0
1,15254,410700,1954400,3008,966385048,37849254,0
1,15255,1611200,1954400,3008,966385048,37849254,0
1,15256,1076300,1954400,3008,966385048,37849254,0
1,15257,1422300,1954400,3008,966385048,37849254,0
1,15258,258300,1954400,3008,966385048,37849254,0
1,15259,2077200,1954400,3008,966385048,37849254,0
1,15260,375900,1954400,3008,966385048,37849254,0
1,15261,1853300,1954400,3008,966385048,37849254,0
1,15262,373600,1954400,3008,966385048,37849254,0
1,15263,1675400,1954400,3008,966385048,37849254,0
1,15264,478800,1954400,3008,966385048,37849254,0
1,15265,1821600,1954400,3008,966385048,37849254,0
1,15266,337000,1954400,3008,966385048,37849254,0
1,15267,2026000,1954400,3008,966385048,37849254,0
1,15268,416500,1954400,3008,966385048,37849254,0
1,15269,1880400,1954400,3008,966385048,37849254,0
1,15270,405400,1954400,3008,966385048,37849254,0
1,15271,1728800,1954400,3008,966385048,37849254,0
1,15272,299800,1954400,3008,966385048,37849254,0
1,15273,1863100,1954400,3008,966385048,37849254,0
1,15274,441100,1954400,3008,966385048,37849254,0
1,15275,1342800,1954400,3008,966385048,37849254,0
1,15276,364600,1954400,3008,966385048,37849254,0
1,15277,2036500,1954400,3008,966385048,37849254,0
1,15278,351600,1954400,3008,966385048,37849254,0
1,15279,1744600,1954400,3008,966385048,37849254,0
1,15280,435800,1954400,3008,966385048,37849254,0
1,15281,1849600,1954400,3008,966385048,37849254,0
1,15282,599800,1954400,3008,966385048,37849254,0
1,15283,1858900,1954400,3008,966385048,37849254,0
1,15284,361100,1954400,3008,966385048,37849254,0
1,15285,1850600,1954400,3008,966385048,37849254,0
1,15286,567100,1954400,3008,966385048,37849254,0
1,15287,1927200,1954400,3008,966385048,37849254,0
1,15288,376500,1954400,3008,966385048,37849254,0
1,15289,1909500,1954400,3008,966385048,37849254,0
1,15290,327700,1954400,3008,966385048,37849254,0
1,15291,1837600,1954400,3008,966385048,37849254,0
1,15292,211200,1954400,3008,966385048,37849254,0
1,15293,1436300,1954400,3008,966385048,37849254,0
1,15294,261600,1954400,3008,966385048,37849254,0
1,15295,1938100,1954400,3008,966385048,37849254,0
1,15296,496500,1954400,3008,966385048,37849254,0
1,15297,1845600,1954400,3008,966385048,37849254,0
1,15298,234400,1954400,3008,966385048,37849254,0
1,15299,1658900,1954400,3008,966385048,37849254,0
1,15300,296000,1954400,3008,966385048,37849254,0
1,15301,1414600,1954400,3008,966385048,37849254,0
1,15302,303200,1954400,3008,966385048,37849254,0
1,15303,1843300,1954400,3008,966385048,37849254,0
1,15304,355700,1954400,3008,966385048,37849254,0
1,15305,1572600,1954400,3008,966385048,37849254,0
1,15306,385800,1954400,3008,966385048,37849254,0
1,15307,1833900,1954400,3008,966385048,37849254,0
1,15308,401800,1954400,3008,966385048,37849254,0
1,15309,1800900,1954400,3008,966385048,37849254,0
1,15310,402100,1954400,3008,966385048,37849254,0
1,15311,1833600,1954400,3008,966385048,37849254,0
1,15312,395500,1954400,3008,966385048,37849254,0
1,15313,1824300,1954400,3008,966385048,37849254,0
1,15314,361300,1954400,3008,966385048,37849254,0
1,15315,1850900,1954400,3008,966385048,37849254,0
1,15316,481400,1954400,3008,966385048,37849254,0
1,15317,1830600,1954400,3008,966385048,37849254,0
1,15318,417200,1954400,3008,966385048,37849254,0
1,15319,1858200,1954400,3008,966385048,37849254,0
1,15320,369700,1954400,3008,966385048,37849254,0
1,15321,1688700,1954400,3008,966385048,37849254,0
1,15322,353700,1954400,3008,966385048,37849254,0
1,15323,2160300,1954400,3008,966385048,37849254,0
1,15324,357300,1954400,3008,966385048,37849254,0
1,15325,1827300,1954400,3008,966385048,37849254,0
1,15326,359200,1954400,3008,966385048,37849254,0
1,15327,1266200,1954400,3008,966385048,37849254,0
1,15328,251000,1954400,3008,966385048,37849254,0
1,15329,1632000,1954400,3008,966385048,37849254,0
1,15330,364500,1954400,3008,966385048,37849254,0
1,15331,2193100,1954400,3008,966385048,37849254,0
1,15332,400600,1954400,3008,966385048,37849254,0
1,15333,1821800,1954400,3008,966385048,37849254,0
1,15334,360200,1954400,3008,966385048,37849254,0
1,15335,1783100,1954400,3008,966385048,37849254,0
1,15336,277800,1954400,3008,966385048,37849254,0
1,15337,1832000,1954400,3008,966385048,37849254,0
1,15338,172700,1954400,3008,966385048,37849254,0
1,15339,1500900,1954400,3008,966385048,37849254,0
1,15340,318900,1954400,3008,966385048,37849254,0
1,15341,1702000,1954400,3008,966385048,37849254,0
1,15342,267800,1954400,3008,966385048,37849254,0
1,15343,1521500,1954400,3008,966385048,37849254,0
1,15344,366600,1954400,3008,966385048,37849254,0
1,15345,1812600,1954400,3008,966385048,37849254,0
1,15346,360800,1954400,3008,966385048,37849254,0
1,15347,1948200,1954400,3008,966385048,37849254,0
1,15348,398100,1954400,3008,966385048,37849254,0
1,15349,1407900,1954400,3008,966385048,37849254,0
1,15350,258900,1954400,3008,966385048,37849254,0
1,15351,1786600,1954400,3008,966385048,37849254,0
1,15352,343500,1954400,3008,966385048,37849254,0
1,15353,1569100,1954400,3008,966385048,37849254,0
1,15354,291200,1954400,3008,966385048,37849254,0
1,15355,1699800,1954400,3008,966385048,37849254,0
1,15356,326500,1954400,3008,966385048,37849254,0
1,15357,1496900,1954400,3008,966385048,37849254,0
1,15358,770700,1954400,3008,966385048,37849254,0
1,15359,1264400,1954400,3008,966385048,37849254,0
1,15360,308900,1954400,3008,966385048,37849254,0
1,15361,1676400,1954400,3008,966385048,37849254,0
1,15362,348200,1954400,3008,966385048,37849254,0
1,15363,1395900,1954400,3008,966385048,37849254,0
1,15364,459300,1954400,3008,966385048,37849254,0
1,15365,1838800,1954400,3008,966385048,37849254,0
1,15366,346100,1954400,3008,966385048,37849254,0
1,15367,1424100,1954400,3008,966385048,37849254,0
1,15368,330700,1954400,3008,966385048,37849254,0
1,15369,1829000,1954400,3008,966385048,37849254,0
1,15370,733200,1954400,3008,966385048,37849254,0
1,15371,1285000,1954400,3008,966385048,37849254,0
1,15372,233800,1954400,3008,966385048,37849254,0
1,15373,1525100,1954400,3008,966385048,37849254,0
1,15374,246600,1954400,3008,966385048,37849254,0
1,15375,1861700,1954400,3008,966385048,37849254,0
1,15376,297500,1954400,3008,966385048,37849254,0
1,15377,1855600,1954400,3008,966385048,37849254,0
1,15378,369900,1954400,3008,966385048,37849254,0
1,15379,1845100,1954400,3008,966385048,37849254,0
1,15380,288500,1954400,3008,966385048,37849254,0
1,15381,1361500,1954400,3008,966385048,37849254,0
1,15382,325600,1954400,3008,966385048,37849254,0
1,15383,1732300,1954400,3008,966385048,37849254,0
1,15384,296800,1954400,3008,966385048,37849254,0
1,15385,1386800,1954400,3008,966385048,37849254,0
1,15386,316200,1954400,3008,966385048,37849254,0
1,15387,1771700,1954400,3008,966385048,37849254,0
1,15388,309900,1954400,3008,966385048,37849254,0
1,15389,1849700,1954400,3008,966385048,37849254,0
1,15390,261800,1954400,3008,966385048,37849254,0
1,15391,1934000,1954400,3008,966385048,37849254,0
1,15392,246700,1954400,3008,966385048,37849254,0
1,15393,2262700,1954400,3008,966385048,37849254,0
1,15394,353400,1954400,3008,966385048,37849254,0
1,15395,1444000,1954400,3008,966385048,37849254,0
1,15396,350200,1954400,3008,966385048,37849254,0
1,15397,1699200,1954400,3008,966385048,37849254,0
1,15398,264000,1954400,3008,966385048,37849254,0
1,15399,1742400,1954400,3008,966385048,37849254,0
1,15400,526700,1954400,3008,966385048,37849254,0
1,15401,1544100,1954400,3008,966385048,37849254,0
1,15402,298600,1954400,3008,966385048,37849254,0
1,15403,1810600,1954400,3008,966385048,37849254,0
1,15404,418700,1954400,3008,966385048,37849254,0
1,15405,1575600,1954400,3008,966385048,37849254,0
1,15406,602600,1954400,3008,966385048,37849254,0
1,15407,1752600,1954400,3008,966385048,37849254,0
1,15408,356300,1954400,3008,966385048,37849254,0
1,15409,1914700,1954400,3008,966385048,37849254,0
1,15410,341000,1954400,3008,966385048,37849254,0
1,15411,1960800,1954400,3008,966385048,37849254,0
1,15412,450500,1954400,3008,966385048,37849254,0
1,15413,1879400,1954400,3008,966385048,37849254,0
1,15414,380700,1954400,3008,966385048,37849254,0
1,15415,1737700,1954400,3008,966385048,37849254,0
1,15416,348800,1954400,3008,966385048,37849254,0
1,15417,1690100,1954400,3008,966385048,37849254,0
1,15418,348500,1954400,3008,966385048,37849254,0
1,15419,1283200,1954400,3008,966385048,37849254,0
1,15420,343100,1954400,3008,966385048,37849254,0
1,15421,1807800,1954400,3008,966385048,37849254,0
1,15422,334800,1954400,3008,966385048,37849254,0
1,15423,1851900,1954400,3008,966385048,37849254,0
1,15424,336200,1954400,3008,966385048,37849254,0
1,15425,1709200,1954400,3008,966385048,37849254,0
1,15426,332300,1954400,3008,966385048,37849254,0
1,15427,1674600,1954400,3008,966385048,37849254,0
1,15428,349000,1954400,3008,966385048,37849254,0
1,15429,1543600,1954400,3008,966385048,37849254,0
1,15430,341900,1954400,3008,966385048,37849254,0
1,15431,2030900,1954400,3008,966385048,37849254,0
1,15432,473600,1954400,3008,966385048,37849254,0
1,15433,1298900,1954400,3008,966385048,37849254,0
1,15434,365600,1954400,3008,966385048,37849254,0
1,15435,1841300,1954400,3008,966385048,37849254,0
1,15436,391500,1954400,3008,966385048,37849254,0
1,15437,1602800,1954400,3008,966385048,37849254,0
1,15438,269100,1954400,3008,966385048,37849254,0
1,15439,1626300,1954400,3008,966385048,37849254,0
1,15440,364300,1954400,3008,966385048,37849254,0
1,15441,2122100,1954400,3008,966385048,37849254,0
1,15442,356400,1954400,3008,966385048,37849254,0
1,15443,2063600,1954400,3008,966385048,37849254,0
1,15444,389000,1954400,3008,966385048,37849254,0
1,15445,1581400,1954400,3008,966385048,37849254,0
1,15446,218300,1954400,3008,966385048,37849254,0
1,15447,1526300,1954400,3008,966385048,37849254,0
1,15448,389400,1954400,3008,966385048,37849254,0
1,15449,1629700,1954400,3008,966385048,37849254,0
1,15450,324500,1954400,3008,966385048,37849254,0
1,15451,1493000,1954400,3008,966385048,37849254,0
1,15452,234700,1954400,3008,966385048,37849254,0
1,15453,1813600,1954400,3008,966385048,37849254,0
1,15454,369400,1954400,3008,966385048,37849254,0
1,15455,1517600,1954400,3008,966385048,37849254,0
1,15456,382300,1954400,3008,966385048,37849254,0
1,15457,1572300,1954400,3008,966385048,37849254,0
1,15458,439000,1954400,3008,966385048,37849254,0
1,15459,1502800,1954400,3008,966385048,37849254,0
1,15460,288700,1954400,3008,966385048,37849254,0
1,15461,1659600,1954400,3008,966385048,37849254,0
1,15462,369000,1954400,3008,966385048,37849254,0
1,15463,2003300,1954400,3008,966385048,37849254,0
1,15464,345900,1954400,3008,966385048,37849254,0
1,15465,1442900,1954400,3008,966385048,37849254,0
1,15466,385800,1954400,3008,966385048,37849254,0
1,15467,1091600,1954400,3008,966385048,37849254,0
1,15468,348500,1954400,3008,966385048,37849254,0
1,15469,1476800,1954400,3008,966385048,37849254,0
1,15470,363300,1954400,3008,966385048,37849254,0
1,15471,1341800,1954400,3008,966385048,37849254,0
1,15472,930800,1954400,3008,966385048,37849254,0
1,15473,1424700,1954400,3008,966385048,37849254,0
1,15474,180100,1954400,3008,966385048,37849254,0
1,15475,1300200,1954400,3008,966385048,37849254,0
1,15476,348500,1954400,3008,966385048,37849254,0
1,15477,1706600,1954400,3008,966385048,37849254,0
1,15478,341200,1954400,3008,966385048,37849254,0
1,15479,1900900,1954400,3008,966385048,37849254,0
1,15480,354300,1954400,3008,966385048,37849254,0
1,15481,2054000,1954400,3008,966385048,37849254,0
1,15482,383800,1954400,3008,966385048,37849254,0
1,15483,1801000,1954400,3008,966385048,37849254,0
1,15484,345800,1954400,3008,966385048,37849254,0
1,15485,1855600,1954400,3008,966385048,37849254,0
1,15486,367800,1954400,3008,966385048,37849254,0
1,15487,1603800,1954400,3008,966385048,37849254,0
1,15488,353600,1954400,3008,966385048,37849254,0
1,15489,1441700,1954400,3008,966385048,37849254,0
1,15490,256000,1954400,3008,966385048,37849254,0
1,15491,1725400,1954400,3008,966385048,37849254,0
1,15492,345500,1954400,3008,966385048,37849254,0
1,15493,1441300,1954400,3008,966385048,37849254,0
1,15494,406600,1954400,3008,966385048,37849254,0
1,15495,1881000,1954400,3008,966385048,37849254,0
1,15496,559200,1954400,3008,966385048,37849254,0
1,15497,1295300,1954400,3008,966385048,37849254,0
1,15498,309600,1954400,3008,966385048,37849254,0
1,15499,1289400,1954400,3008,966385048,37849254,0
1,15500,288900,1954400,3008,966385048,37849254,0
1,15501,1283500,1954400,3008,966385048,37849254,0
1,15502,377000,1954400,3008,966385048,37849254,0
1,15503,1827800,1954400,3008,966385048,37849254,0
1,15504,341600,1954400,3008,966385048,37849254,0
1,15505,1979600,1954400,3008,966385048,37849254,0
1,15506,396300,1954400,3008,966385048,37849254,0
1,15507,1258700,1954400,3008,966385048,37849254,0
1,15508,412800,1954400,3008,966385048,37849254,0
1,15509,1516800,1954400,3008,966385048,37849254,0
1,15510,315800,1954400,3008,966385048,37849254,0
1,15511,1511600,1954400,3008,966385048,37849254,0
1,15512,256000,1954400,3008,966385048,37849254,0
1,15513,1853100,1954400,3008,966385048,37849254,0
1,15514,267300,1954400,3008,966385048,37849254,0
1,15515,1804600,1954400,3008,966385048,37849254,0
1,15516,349900,1954400,3008,966385048,37849254,0
1,15517,1515300,1954400,3008,966385048,37849254,0
1,15518,371000,1954400,3008,966385048,37849254,0
1,15519,2315000,1954400,3008,966385048,37849254,0
1,15520,364100,1954400,3008,966385048,37849254,0
1,15521,2068000,1954400,3008,966385048,37849254,0
1,15522,624300,1954400,3008,966385048,37849254,0
1,15523,1676400,1954400,3008,966385048,37849254,0
1,15524,317900,1954400,3008,966385048,37849254,0
1,15525,2048800,1954400,3008,966385048,37849254,0
1,15526,233500,1954400,3008,966385048,37849254,0
1,15527,1371000,1954400,3008,966385048,37849254,0
1,15528,327000,1954400,3008,966385048,37849254,0
1,15529,1812100,1954400,3008,966385048,37849254,0
1,15530,356700,1954400,3008,966385048,37849254,0
1,15531,1710200,1954400,3008,966385048,37849254,0
1,15532,264300,1954400,3008,966385048,37849254,0
1,15533,1834700,1954400,3008,966385048,37849254,0
1,15534,279000,1954400,3008,966385048,37849254,0
1,15535,1766300,1954400,3008,966385048,37849254,0
1,15536,288000,1954400,3008,966385048,37849254,0
1,15537,1857300,1954400,3008,966385048,37849254,0
1,15538,338300,1954400,3008,966385048,37849254,0
1,15539,1860300,1954400,3008,966385048,37849254,0
1,15540,219600,1954400,3008,966385048,37849254,0
1,15541,1848800,1954400,3008,966385048,37849254,0
1,15542,466900,1954400,3008,966385048,37849254,0
1,15543,1517000,1954400,3008,966385048,37849254,0
1,15544,656900,1954400,3008,966385048,37849254,0
1,15545,1242800,1954400,3008,966385048,37849254,0
1,15546,391100,1954400,3008,966385048,37849254,0
1,15547,1330900,1954400,3008,966385048,37849254,0
1,15548,354600,1954400,3008,966385048,37849254,0
1,15549,1779700,1954400,3008,966385048,37849254,0
1,15550,340800,1954400,3008,966385048,37849254,0
1,15551,1846600,1954400,3008,966385048,37849254,0
1,15552,330200,1954400,3008,966385048,37849254,0
1,15553,1832300,1954400,3008,966385048,37849254,0
1,15554,256000,1954400,3008,966385048,37849254,0
1,15555,1389100,1954400,3008,966385048,37849254,0
1,15556,449400,1954400,3008,966385048,37849254,0
1,15557,1821700,1954400,3008,966385048,37849254,0
1,15558,278900,1954400,3008,966385048,37849254,0
1,15559,1764600,1954400,3008,966385048,37849254,0
1,15560,445500,1954400,3008,966385048,37849254,0
1,15561,1718600,1954400,3008,966385048,37849254,0
1,15562,284000,1954400,3008,966385048,37849254,0
1,15563,2041500,1954400,3008,966385048,37849254,0
1,15564,345300,1954400,3008,966385048,37849254,0
1,15565,1347200,1954400,3008,966385048,37849254,0
1,15566,352500,1954400,3008,966385048,37849254,0
1,15567,1793000,1954400,3008,966385048,37849254,0
1,15568,255200,1954400,3008,966385048,37849254,0
1,15569,1832800,1954400,3008,966385048,37849254,0
1,15570,248100,1954400,3008,966385048,37849254,0
1,15571,1329200,1954400,3008,966385048,37849254,0
1,15572,389400,1954400,3008,966385048,37849254,0
1,15573,1812300,1954400,3008,966385048,37849254,0
1,15574,265100,1954400,3008,966385048,37849254,0
1,15575,1322800,1954400,3008,966385048,37849254,0
1,15576,245400,1954400,3008,966385048,37849254,0
1,15577,1581700,1954400,3008,966385048,37849254,0
1,15578,337300,1954400,3008,966385048,37849254,0
1,15579,1663500,1954400,3008,966385048,37849254,0
1,15580,263300,1954400,3008,966385048,37849254,0
1,15581,1695200,1954400,3008,966385048,37849254,0
1,15582,415400,1954400,3008,966385048,37849254,0
1,15583,1759600,1954400,3008,966385048,37849254,0
1,15584,345400,1954400,3008,966385048,37849254,0
1,15585,1254100,1954400,3008,966385048,37849254,0
1,15586,350600,1954400,3008,966385048,37849254,0
1,15587,1466300,1954400,3008,966385048,37849254,0
1,15588,418900,1954400,3008,966385048,37849254,0
1,15589,1554100,1954400,3008,966385048,37849254,0
1,15590,477300,1954400,3008,966385048,37849254,0
1,15591,1565600,1954400,3008,966385048,37849254,0
1,15592,350500,1954400,3008,966385048,37849254,0
1,15593,1868500,1954400,3008,966385048,37849254,0
1,15594,358300,1954400,3008,966385048,37849254,0
1,15595,1780500,1954400,3008,966385048,37849254,0
1,15596,357500,1954400,3008,966385048,37849254,0
1,15597,1850500,1954400,3008,966385048,37849254,0
1,15598,323500,1954400,3008,966385048,37849254,0
1,15599,1261100,1954400,3008,966385048,37849254,0
1,15600,475100,1954400,3008,966385048,37849254,0
1,15601,1628900,1954400,3008,966385048,37849254,0
1,15602,350300,1954400,3008,966385048,37849254,0
1,15603,1412600,1954400,3008,966385048,37849254,0
1,15604,447500,1954400,3008,966385048,37849254,0
1,15605,1849600,1954400,3008,966385048,37849254,0
1,15606,370800,1954400,3008,966385048,37849254,0
1,15607,2134400,1954400,3008,966385048,37849254,0
1,15608,368500,1954400,3008,966385048,37849254,0
1,15609,1815500,1954400,3008,966385048,37849254,0
1,15610,256600,1954400,3008,966385048,37849254,0
1,15611,1486800,1954400,3008,966385048,37849254,0
1,15612,1120000,1954400,3008,966385048,37849254,0
1,15613,1831800,1954400,3008,966385048,37849254,0
1,15614,285700,1954400,3008,966385048,37849254,0
1,15615,1878500,1954400,3008,966385048,37849254,0
1,15616,255700,1954400,3008,966385048,37849254,0
1,15617,1371000,1954400,3008,966385048,37849254,0
1,15618,411400,1954400,3008,966385048,37849254,0
1,15619,1528400,1954400,3008,966385048,37849254,0
1,15620,558300,1954400,3008,966385048,37849254,0
1,15621,1850300,1954400,3008,966385048,37849254,0
1,15622,255300,1954400,3008,966385048,37849254,0
1,15623,1841600,1954400,3008,966385048,37849254,0
1,15624,237500,1954400,3008,966385048,37849254,0
1,15625,1802600,1954400,3008,966385048,37849254,0
1,15626,244100,1954400,3008,966385048,37849254,0
1,15627,1579800,1954400,3008,966385048,37849254,0
1,15628,239100,1954400,3008,966385048,37849254,0
1,15629,1869200,1954400,3008,966385048,37849254,0
1,15630,252200,1954400,3008,966385048,37849254,0
1,15631,1863600,1954400,3008,966385048,37849254,0
1,15632,342800,1954400,3008,966385048,37849254,0
1,15633,2255900,1954400,3008,966385048,37849254,0
1,15634,255400,1954400,3008,966385048,37849254,0
1,15635,1823400,1954400,3008,966385048,37849254,0
1,15636,355600,1954400,3008,966385048,37849254,0
1,15637,1514400,1954400,3008,966385048,37849254,0
1,15638,346100,1954400,3008,966385048,37849254,0
1,15639,1316700,1954400,3008,966385048,37849254,0
1,15640,337600,1954400,3008,966385048,37849254,0
1,15641,1838000,1954400,3008,966385048,37849254,0
1,15642,471500,1954400,3008,966385048,37849254,0
1,15643,1825000,1954400,3008,966385048,37849254,0
1,15644,433600,1954400,3008,966385048,37849254,0
1,15645,1813200,1954400,3008,966385048,37849254,0
1,15646,307600,1954400,3008,966385048,37849254,0
1,15647,1252700,1954400,3008,966385048,37849254,0
1,15648,360400,1954400,3008,966385048,37849254,0
1,15649,1256900,1954400,3008,966385048,37849254,0
1,15650,476300,1954400,3008,966385048,37849254,0
1,15651,1478300,1954400,3008,966385048,37849254,0
1,15652,312400,1954400,3008,966385048,37849254,0
1,15653,1846600,1954400,3008,966385048,37849254,0
1,15654,344500,1954400,3008,966385048,37849254,0
1,15655,1489000,1954400,3008,966385048,37849254,0
1,15656,234600,1954400,3008,966385048,37849254,0
1,15657,1552400,1954400,3008,966385048,37849254,0
1,15658,286500,1954400,3008,966385048,37849254,0
1,15659,1661900,1954400,3008,966385048,37849254,0
1,15660,352800,1954400,3008,966385048,37849254,0
1,15661,1616200,1954400,3008,966385048,37849254,0
1,15662,336700,1954400,3008,966385048,37849254,0
1,15663,1806100,1954400,3008,966385048,37849254,0
1,15664,355300,1954400,3008,966385048,37849254,0
1,15665,1548800,1954400,3008,966385048,37849254,0
1,15666,252200,1954400,3008,966385048,37849254,0
1,15667,1881800,1954400,3008,966385048,37849254,0
1,15668,358800,1954400,3008,966385048,37849254,0
1,15669,1857600,1954400,3008,966385048,37849254,0
1,15670,314200,1954400,3008,966385048,37849254,0
1,15671,2038900,1954400,3008,966385048,37849254,0
1,15672,370500,1954400,3008,966385048,37849254,0
1,15673,1783200,1954400,3008,966385048,37849254,0
1,15674,460000,1954400,3008,966385048,37849254,0
1,15675,2108900,1954400,3008,966385048,37849254,0
1,15676,356000,1954400,3008,966385048,37849254,0
1,15677,1853400,1954400,3008,966385048,37849254,0
1,15678,355800,1954400,3008,966385048,37849254,0
1,15679,1815300,1954400,3008,966385048,37849254,0
1,15680,263200,1954400,3008,966385048,37849254,0
1,15681,1839800,1954400,3008,966385048,37849254,0
1,15682,344700,1954400,3008,966385048,37849254,0
1,15683,1560000,1954400,3008,966385048,37849254,0
1,15684,250500,1954400,3008,966385048,37849254,0
1,15685,1254000,1954400,3008,966385048,37849254,0
1,15686,258400,1954400,3008,966385048,37849254,0
1,15687,1823000,1954400,3008,966385048,37849254,0
1,15688,352200,1954400,3008,966385048,37849254,0
1,15689,1225000,1954400,3008,966385048,37849254,0
1,15690,348600,1954400,3008,966385048,37849254,0
1,15691,1857100,1954400,3008,966385048,37849254,0
1,15692,242200,1954400,3008,966385048,37849254,0
1,15693,1847500,1954400,3008,966385048,37849254,0
1,15694,451300,1954400,3008,966385048,37849254,0
1,15695,1523100,1954400,3008,966385048,37849254,0
1,15696,249300,1954400,3008,966385048,37849254,0
1,15697,1694300,1954400,3008,966385048,37849254,0
1,15698,264300,1954400,3008,966385048,37849254,0
1,15699,1719200,1954400,3008,966385048,37849254,0
1,15700,256900,1954400,3008,966385048,37849254,0
1,15701,2166200,1954400,3008,966385048,37849254,0
1,15702,354300,1954400,3008,966385048,37849254,0
1,15703,1562100,1954400,3008,966385048,37849254,0
1,15704,308100,1954400,3008,966385048,37849254,0
1,15705,1638800,1954400,3008,966385048,37849254,0
1,15706,253000,1954400,3008,966385048,37849254,0
1,15707,1700600,1954400,3008,966385048,37849254,0
1,15708,253500,1954400,3008,966385048,37849254,0
1,15709,1792500,1954400,3008,966385048,37849254,0
1,15710,248200,1954400,3008,966385048,37849254,0
1,15711,1491800,1954400,3008,966385048,37849254,0
1,15712,250900,1954400,3008,966385048,37849254,0
1,15713,1870700,1954400,3008,966385048,37849254,0
1,15714,380300,1954400,3008,966385048,37849254,0
1,15715,1824300,1954400,3008,966385048,37849254,0
1,15716,347800,1954400,3008,966385048,37849254,0
1,15717,1391800,1954400,3008,966385048,37849254,0
1,15718,415800,1954400,3008,966385048,37849254,0
1,15719,1847600,1954400,3008,966385048,37849254,0
1,15720,396100,1954400,3008,966385048,37849254,0
1,15721,1842100,1954400,3008,966385048,37849254,0
1,15722,329200,1954400,3008,966385048,37849254,0
1,15723,1585300,1954400,3008,966385048,37849254,0
1,15724,353200,1954400,3008,966385048,37849254,0
1,15725,1823000,1954400,3008,966385048,37849254,0
1,15726,374500,1954400,3008,966385048,37849254,0
1,15727,1714600,1954400,3008,966385048,37849254,0
1,15728,357600,1954400,3008,966385048,37849254,0
1,15729,1637300,1954400,3008,966385048,37849254,0
1,15730,309300,1954400,3008,966385048,37849254,0
1,15731,1652900,1954400,3008,966385048,37849254,0
1,15732,284000,1954400,3008,966385048,37849254,0
1,15733,1790900,1954400,3008,966385048,37849254,0
1,15734,261700,1954400,3008,966385048,37849254,0
1,15735,1944000,1954400,3008,966385048,37849254,0
1,15736,351800,1954400,3008,966385048,37849254,0
1,15737,1443100,1954400,3008,966385048,37849254,0
1,15738,359500,1954400,3008,966385048,37849254,0
1,15739,1839200,1954400,3008,966385048,37849254,0
1,15740,364000,1954400,3008,966385048,37849254,0
1,15741,1405500,1954400,3008,966385048,37849254,0
1,15742,357200,1954400,3008,966385048,37849254,0
1,15743,1697100,1954400,3008,966385048,37849254,0
1,15744,250300,1954400,3008,966385048,37849254,0
1,15745,1676900,1954400,3008,966385048,37849254,0
1,15746,400500,1954400,3008,966385048,37849254,0
1,15747,1864300,1954400,3008,966385048,37849254,0
1,15748,351900,1954400,3008,966385048,37849254,0
1,15749,1568200,1954400,3008,966385048,37849254,0
1,15750,240700,1954400,3008,966385048,37849254,0
1,15751,1536200,1954400,3008,966385048,37849254,0
1,15752,442500,1954400,3008,966385048,37849254,0
1,15753,1748700,1954400,3008,966385048,37849254,0
1,15754,563500,1954400,3008,966385048,37849254,0
1,15755,1639600,1954400,3008,966385048,37849254,0
1,15756,252900,1954400,3008,966385048,37849254,0
1,15757,1849000,1954400,3008,966385048,37849254,0
1,15758,362200,1954400,3008,966385048,37849254,0
1,15759,1648800,1954400,3008,966385048,37849254,0
1,15760,254800,1954400,3008,966385048,37849254,0
1,15761,1746200,1954400,3008,966385048,37849254,0
1,15762,262700,1954400,3008,966385048,37849254,0
1,15763,1727200,1954400,3008,966385048,37849254,0
1,15764,255200,1954400,3008,966385048,37849254,0
1,15765,1561200,1954400,3008,966385048,37849254,0
1,15766,461200,1954400,3008,966385048,37849254,0
1,15767,1830200,1954400,3008,966385048,37849254,0
1,15768,399900,1954400,3008,966385048,37849254,0
1,15769,1675900,1954400,3008,966385048,37849254,0
1,15770,348600,1954400,3008,966385048,37849254,0
1,15771,1373100,1954400,3008,966385048,37849254,0
1,15772,258900,1954400,3008,966385048,37849254,0
1,15773,1619900,1954400,3008,966385048,37849254,0
1,15774,376000,1954400,3008,966385048,37849254,0
1,15775,1837500,1954400,3008,966385048,37849254,0
1,15776,310500,1954400,3008,966385048,37849254,0
1,15777,1808400,1954400,3008,966385048,37849254,0
1,15778,443800,1954400,3008,966385048,37849254,0
1,15779,1805900,1954400,3008,966385048,37849254,0
1,15780,364500,1954400,3008,966385048,37849254,0
1,15781,1863900,1954400,3008,966385048,37849254,0
1,15782,236100,1954400,3008,966385048,37849254,0
1,15783,1859500,1954400,3008,966385048,37849254,0
1,15784,361100,1954400,3008,966385048,37849254,0
1,15785,1571600,1954400,3008,966385048,37849254,0
1,15786,1415700,1954400,3008,966385048,37849254,0
1,15787,1651500,1954400,3008,966385048,37849254,0
1,15788,458700,1954400,3008,966385048,37849254,0
1,15789,1846900,1954400,3008,966385048,37849254,0
1,15790,308700,1954400,3008,966385048,37849254,0
1,15791,1845400,1954400,3008,966385048,37849254,0
1,15792,252600,1954400,3008,966385048,37849254,0
1,15793,1846400,1954400,3008,966385048,37849254,0
1,15794,244400,1954400,3008,966385048,37849254,0
1,15795,1587000,1954400,3008,966385048,37849254,0
1,15796,354700,1954400,3008,966385048,37849254,0
1,15797,1864400,1954400,3008,966385048,37849254,0
1,15798,369200,1954400,3008,966385048,37849254,0
1,15799,1896600,1954400,3008,966385048,37849254,0
1,15800,348300,1954400,3008,966385048,37849254,0
1,15801,2118600,1954400,3008,966385048,37849254,0
1,15802,349500,1954400,3008,966385048,37849254,0
1,15803,1349600,1954400,3008,966385048,37849254,0
1,15804,369200,1954400,3008,966385048,37849254,0
1,15805,1226000,1954400,3008,966385048,37849254,0
1,15806,379600,1954400,3008,966385048,37849254,0
1,15807,1869100,1954400,3008,966385048,37849254,0
1,15808,366200,1954400,3008,966385048,37849254,0
1,15809,1827400,1954400,3008,966385048,37849254,0
1,15810,426300,1954400,3008,966385048,37849254,0
1,15811,1634800,1954400,3008,966385048,37849254,0
1,15812,252000,1954400,3008,966385048,37849254,0
1,15813,2462700,1954400,3008,966385048,37849254,0
1,15814,348400,1954400,3008,966385048,37849254,0
1,15815,1864600,1954400,3008,966385048,37849254,0
1,15816,303100,1954400,3008,966385048,37849254,0
1,15817,1854000,1954400,3008,966385048,37849254,0
1,15818,393800,1954400,3008,966385048,37849254,0
1,15819,1419900,1954400,3008,966385048,37849254,0
1,15820,473400,1954400,3008,966385048,37849254,0
1,15821,1788100,1954400,3008,966385048,37849254,0
1,15822,350500,1954400,3008,966385048,37849254,0
1,15823,1193500,1954400,3008,966385048,37849254,0
1,15824,243900,1954400,3008,966385048,37849254,0
1,15825,1731400,1954400,3008,966385048,37849254,0
1,15826,390200,1954400,3008,966385048,37849254,0
1,15827,1861800,1954400,3008,966385048,37849254,0
1,15828,353800,1954400,3008,966385048,37849254,0
1,15829,1540600,1954400,3008,966385048,37849254,0
1,15830,307600,1954400,3008,966385048,37849254,0
1,15831,1292700,1954400,3008,966385048,37849254,0
1,15832,230400,1954400,3008,966385048,37849254,0
1,15833,1847000,1954400,3008,966385048,37849254,0
1,15834,340100,1954400,3008,966385048,37849254,0
1,15835,1724900,1954400,3008,966385048,37849254,0
1,15836,332800,1954400,3008,966385048,37849254,0
1,15837,1279000,1954400,3008,966385048,37849254,0
1,15838,370200,1954400,3008,966385048,37849254,0
1,15839,1366100,1954400,3008,966385048,37849254,0
1,15840,345800,1954400,3008,966385048,37849254,0
1,15841,1794400,1954400,3008,966385048,37849254,0
1,15842,284900,1954400,3008,966385048,37849254,0
1,15843,1755400,1954400,3008,966385048,37849254,0
1,15844,415200,1954400,3008,966385048,37849254,0
1,15845,1263700,1954400,3008,966385048,37849254,0
1,15846,252900,1954400,3008,966385048,37849254,0
1,15847,1758600,1954400,3008,966385048,37849254,0
1,15848,511100,1954400,3008,966385048,37849254,0
1,15849,1583100,1954400,3008,966385048,37849254,0
1,15850,379600,1954400,3008,966385048,37849254,0
1,15851,1555700,1954400,3008,966385048,37849254,0
1,15852,358200,1954400,3008,966385048,37849254,0
1,15853,2160100,1954400,3008,966385048,37849254,0
1,15854,244200,1954400,3008,966385048,37849254,0
1,15855,1779600,1954400,3008,966385048,37849254,0
1,15856,289700,1954400,3008,966385048,37849254,0
1,15857,1538500,1954400,3008,966385048,37849254,0
1,15858,251200,1954400,3008,966385048,37849254,0
1,15859,1809200,1954400,3008,966385048,37849254,0
1,15860,405800,1954400,3008,966385048,37849254,0
1,15861,2168300,1954400,3008,966385048,37849254,0
1,15862,381100,1954400,3008,966385048,37849254,0
1,15863,1843800,1954400,3008,966385048,37849254,0
1,15864,276100,1954400,3008,966385048,37849254,0
1,15865,1703500,1954400,3008,966385048,37849254,0
1,15866,364300,1954400,3008,966385048,37849254,0
1,15867,2316400,1954400,3008,966385048,37849254,0
1,15868,257600,1954400,3008,966385048,37849254,0
1,15869,1817500,1954400,3008,966385048,37849254,0
1,15870,322200,1954400,3008,966385048,37849254,0
1,15871,1288300,1954400,3008,966385048,37849254,0
1,15872,307400,1954400,3008,966385048,37849254,0
1,15873,1539100,1954400,3008,966385048,37849254,0
1,15874,254200,1954400,3008,966385048,37849254,0
1,15875,1276100,1954400,3008,966385048,37849254,0
1,15876,242900,1954400,3008,966385048,37849254,0
1,15877,1374800,1954400,3008,966385048,37849254,0
1,15878,301600,1954400,3008,966385048,37849254,0
1,15879,1787500,1954400,3008,966385048,37849254,0
1,15880,243600,1954400,3008,966385048,37849254,0
1,15881,1265200,1954400,3008,966385048,37849254,0
1,15882,334400,1954400,3008,966385048,37849254,0
1,15883,1746800,1954400,3008,966385048,37849254,0
1,15884,371000,1954400,3008,966385048,37849254,0
1,15885,1859900,1954400,3008,966385048,37849254,0
1,15886,339800,1954400,3008,966385048,37849254,0
1,15887,1919900,1954400,3008,966385048,37849254,0
1,15888,336500,1954400,3008,966385048,37849254,0
1,15889,1867900,1954400,3008,966385048,37849254,0
1,15890,253900,1954400,3008,966385048,37849254,0
1,15891,1909100,1954400,3008,966385048,37849254,0
1,15892,349500,1954400,3008,966385048,37849254,0
1,15893,1944300,1954400,3008,966385048,37849254,0
1,15894,368700,1954400,3008,966385048,37849254,0
1,15895,2048400,1954400,3008,966385048,37849254,0
1,15896,352700,1954400,3008,966385048,37849254,0
1,15897,1846600,1954400,3008,966385048,37849254,0
1,15898,352500,1954400,3008,966385048,37849254,0
1,15899,2015900,1954400,3008,966385048,37849254,0
1,15900,312000,1954400,3008,966385048,37849254,0
1,15901,1851300,1954400,3008,966385048,37849254,0
1,15902,499100,1954400,3008,966385048,37849254,0
1,15903,1827200,1954400,3008,966385048,37849254,0
1,15904,348300,1954400,3008,966385048,37849254,0
1,15905,1819500,1954400,3008,966385048,37849254,0
1,15906,346200,1954400,3008,966385048,37849254,0
1,15907,1278600,1954400,3008,966385048,37849254,0
1,15908,247800,1954400,3008,966385048,37849254,0
1,15909,1880600,1954400,3008,966385048,37849254,0
1,15910,245400,1954400,3008,966385048,37849254,0
1,15911,1526700,1954400,3008,966385048,37849254,0
1,15912,341000,1954400,3008,966385048,37849254,0
1,15913,1843300,1954400,3008,966385048,37849254,0
1,15914,358300,1954400,3008,966385048,37849254,0
1,15915,1818400,1954400,3008,966385048,37849254,0
1,15916,429400,1954400,3008,966385048,37849254,0
1,15917,1868700,1954400,3008,966385048,37849254,0
1,15918,342000,1954400,3008,966385048,37849254,0
1,15919,1982800,1954400,3008,966385048,37849254,0
1,15920,334600,1954400,3008,966385048,37849254,0
1,15921,1225700,1954400,3008,966385048,37849254,0
1,15922,339300,1954400,3008,966385048,37849254,0
1,15923,1364700,1954400,3008,966385048,37849254,0
1,15924,365000,1954400,3008,966385048,37849254,0
1,15925,1552500,1954400,3008,966385048,37849254,0
1,15926,272900,1954400,3008,966385048,37849254,0
1,15927,1801000,1954400,3008,966385048,37849254,0
1,15928,355200,1954400,3008,966385048,37849254,0
1,15929,2032500,1954400,3008,966385048,37849254,0
1,15930,358300,1954400,3008,966385048,37849254,0
1,15931,1622000,1954400,3008,966385048,37849254,0
1,15932,253900,1954400,3008,966385048,37849254,0
1,15933,2067100,1954400,3008,966385048,37849254,0
1,15934,404900,1954400,3008,966385048,37849254,0
1,15935,1828400,1954400,3008,966385048,37849254,0
1,15936,351100,1954400,3008,966385048,37849254,0
1,15937,1859300,1954400,3008,966385048,37849254,0
1,15938,328500,1954400,3008,966385048,37849254,0
1,15939,1453400,1954400,3008,966385048,37849254,0
1,15940,259500,1954400,3008,966385048,37849254,0
1,15941,1509000,1954400,3008,966385048,37849254,0
1,15942,324200,1954400,3008,966385048,37849254,0
1,15943,1823000,1954400,3008,966385048,37849254,0
1,15944,260900,1954400,3008,966385048,37849254,0
1,15945,1770700,1954400,3008,966385048,37849254,0
1,15946,351500,1954400,3008,966385048,37849254,0
1,15947,1804200,1954400,3008,966385048,37849254,0
1,15948,292500,1954400,3008,966385048,37849254,0
1,15949,1830800,1954400,3008,966385048,37849254,0
1,15950,352400,1954400,3008,966385048,37849254,0
1,15951,1409400,1954400,3008,966385048,37849254,0
1,15952,344200,1954400,3008,966385048,37849254,0
1,15953,1345100,1954400,3008,966385048,37849254,0
1,15954,355900,1954400,3008,966385048,37849254,0
1,15955,1709300,1954400,3008,966385048,37849254,0
1,15956,257700,1954400,3008,966385048,37849254,0
1,15957,1534100,1954400,3008,966385048,37849254,0
1,15958,957800,1954400,3008,966385048,37849254,0
1,15959,1735400,1954400,3008,966385048,37849254,0
1,15960,359600,1954400,3008,966385048,37849254,0
1,15961,1827900,1954400,3008,966385048,37849254,0
1,15962,389500,1954400,3008,966385048,37849254,0
1,15963,1265600,1954400,3008,966385048,37849254,0
1,15964,387400,1954400,3008,966385048,37849254,0
1,15965,1336600,1954400,3008,966385048,37849254,0
1,15966,241500,1954400,3008,966385048,37849254,0
1,15967,1690200,1954400,3008,966385048,37849254,0
1,15968,434200,1954400,3008,966385048,37849254,0
1,15969,1271600,1954400,3008,966385048,37849254,0
1,15970,348700,1954400,3008,966385048,37849254,0
1,15971,1869700,1954400,3008,966385048,37849254,0
1,15972,306000,1954400,3008,966385048,37849254,0
1,15973,1854200,1954400,3008,966385048,37849254,0
1,15974,383800,1954400,3008,966385048,37849254,0
1,15975,2431300,1954400,3008,966385048,37849254,0
1,15976,430800,1954400,3008,966385048,37849254,0
1,15977,1877600,1954400,3008,966385048,37849254,0
1,15978,356900,1954400,3008,966385048,37849254,0
1,15979,1914300,1954400,3008,966385048,37849254,0
1,15980,467600,1954400,3008,966385048,37849254,0
1,15981,1373100,1954400,3008,966385048,37849254,0
1,15982,241600,1954400,3008,966385048,37849254,0
1,15983,1839900,1954400,3008,966385048,37849254,0
1,15984,322800,1954400,3008,966385048,37849254,0
1,15985,1830000,1954400,3008,966385048,37849254,0
1,15986,507400,1954400,3008,966385048,37849254,0
1,15987,1265000,1954400,3008,966385048,37849254,0
1,15988,316700,1954400,3008,966385048,37849254,0
1,15989,1482800,1954400,3008,966385048,37849254,0
1,15990,394300,1954400,3008,966385048,37849254,0
1,15991,1840600,1954400,3008,966385048,37849254,0
1,15992,390500,1954400,3008,966385048,37849254,0
1,15993,1802700,1954400,3008,966385048,37849254,0
1,15994,441300,1954400,3008,966385048,37849254,0
1,15995,1722900,1954400,3008,966385048,37849254,0
1,15996,362100,1954400,3008,966385048,37849254,0
1,15997,1461400,1954400,3008,966385048,37849254,0
1,15998,352800,1954400,3008,966385048,37849254,0
1,15999,1614300,1954400,3008,966385048,37849254,0
1,16000,304000,1954400,3008,966385048,37849254,0
1,16001,1790700,1954400,3008,966385048,37849254,0
1,16002,302000,1954400,3008,966385048,37849254,0
1,16003,1819800,1954400,3008,966385048,37849254,0
1,16004,470500,1954400,3008,966385048,37849254,0
1,16005,1260400,1954400,3008,966385048,37849254,0
1,16006,286800,1954400,3008,966385048,37849254,0
1,16007,1544500,1954400,3008,966385048,37849254,0
1,16008,378400,1954400,3008,966385048,37849254,0
1,16009,1639800,1954400,3008,966385048,37849254,0
1,16010,305900,1954400,3008,966385048,37849254,0
1,16011,1400000,1954400,3008,966385048,37849254,0
1,16012,377600,1954400,3008,966385048,37849254,0
1,16013,1453200,1954400,3008,966385048,37849254,0
1,16014,469700,1954400,3008,966385048,37849254,0
1,16015,1341500,1954400,3008,966385048,37849254,0
1,16016,352400,1954400,3008,966385048,37849254,0
1,16017,1590900,1954400,3008,966385048,37849254,0
1,16018,358300,1954400,3008,966385048,37849254,0
1,16019,1562100,1954400,3008,966385048,37849254,0
1,16020,303900,1954400,3008,966385048,37849254,0
1,16021,2027600,1954400,3008,966385048,37849254,0
1,16022,264000,1954400,3008,966385048,37849254,0
1,16023,1916200,1954400,3008,966385048,37849254,0
1,16024,336900,1954400,3008,966385048,37849254,0
1,16025,1701800,1954400,3008,966385048,37849254,0
1,16026,245700,1954400,3008,966385048,37849254,0
1,16027,1610000,1954400,3008,966385048,37849254,0
1,16028,337300,1954400,3008,966385048,37849254,0
1,16029,1750400,1954400,3008,966385048,37849254,0
1,16030,332500,1954400,3008,966385048,37849254,0
1,16031,1846100,1954400,3008,966385048,37849254,0
1,16032,246700,1954400,3008,966385048,37849254,0
1,16033,2476300,1954400,3008,966385048,37849254,0
1,16034,352600,1954400,3008,966385048,37849254,0
1,16035,1711400,1954400,3008,966385048,37849254,0
1,16036,248600,1954400,3008,966385048,37849254,0
1,16037,1269000,1954400,3008,966385048,37849254,0
1,16038,351800,1954400,3008,966385048,37849254,0
1,16039,1324600,1954400,3008,966385048,37849254,0
1,16040,261600,1954400,3008,966385048,37849254,0
1,16041,1825100,1954400,3008,966385048,37849254,0
1,16042,371400,1954400,3008,966385048,37849254,0
1,16043,1541000,1954400,3008,966385048,37849254,0
1,16044,278000,1954400,3008,966385048,37849254,0
1,16045,1849200,1954400,3008,966385048,37849254,0
1,16046,439900,1954400,3008,966385048,37849254,0
1,16047,1879000,1954400,3008,966385048,37849254,0
1,16048,241000,1954400,3008,966385048,37849254,0
1,16049,1582100,1954400,3008,966385048,37849254,0
1,16050,316700,1954400,3008,966385048,37849254,0
1,16051,1405400,1954400,3008,966385048,37849254,0
1,16052,343500,1954400,3008,966385048,37849254,0
1,16053,1260800,1954400,3008,966385048,37849254,0
1,16054,257500,1954400,3008,966385048,37849254,0
1,16055,1606300,1954400,3008,966385048,37849254,0
1,16056,378700,1954400,3008,966385048,37849254,0
1,16057,1499000,1954400,3008,966385048,37849254,0
1,16058,342600,1954400,3008,966385048,37849254,0
1,16059,1689000,1954400,3008,966385048,37849254,0
1,16060,213100,1954400,3008,966385048,37849254,0
1,16061,1854600,1954400,3008,966385048,37849254,0
1,16062,353500,1954400,3008,966385048,37849254,0
1,16063,1846100,1954400,3008,966385048,37849254,0
1,16064,360700,1954400,3008,966385048,37849254,0
1,16065,1842100,1954400,3008,966385048,37849254,0
1,16066,1453900,1954400,3008,966385048,37849254,0
1,16067,1891600,1954400,3008,966385048,37849254,0
1,16068,248000,1954400,3008,966385048,37849254,0
1,16069,1478500,1954400,3008,966385048,37849254,0
1,16070,366800,1954400,3008,966385048,37849254,0
1,16071,2153300,1954400,3008,966385048,37849254,0
1,16072,247900,1954400,3008,966385048,37849254,0
1,16073,1216500,1954400,3008,966385048,37849254,0
1,16074,506200,1954400,3008,966385048,37849254,0
1,16075,1754800,1954400,3008,966385048,37849254,0
1,16076,277600,1954400,3008,966385048,37849254,0
1,16077,1836200,1954400,3008,966385048,37849254,0
1,16078,291500,1954400,3008,966385048,37849254,0
1,16079,1852200,1954400,3008,966385048,37849254,0
1,16080,343200,1954400,3008,966385048,37849254,0
1,16081,1834800,1954400,3008,966385048,37849254,0
1,16082,433600,1954400,3008,966385048,37849254,0
1,16083,1838400,1954400,3008,966385048,37849254,0
1,16084,324500,1954400,3008,966385048,37849254,0
1,16085,1753600,1954400,3008,966385048,37849254,0
1,16086,387800,1954400,3008,966385048,37849254,0
1,16087,1578800,1954400,3008,966385048,37849254,0
1,16088,259400,1954400,3008,966385048,37849254,0
1,16089,1207100,1954400,3008,966385048,37849254,0
1,16090,251100,1954400,3008,966385048,37849254,0
1,16091,1949900,1954400,3008,966385048,37849254,0
1,16092,345200,1954400,3008,966385048,37849254,0
1,16093,2156700,1954400,3008,966385048,37849254,0
1,16094,247800,1954400,3008,966385048,37849254,0
1,16095,1960200,1954400,3008,966385048,37849254,0
1,16096,368400,1954400,3008,966385048,37849254,0
1,16097,1720000,1954400,3008,966385048,37849254,0
1,16098,385300,1954400,3008,966385048,37849254,0
1,16099,1819900,1954400,3008,966385048,37849254,0
1,16100,357500,1954400,3008,966385048,37849254,0
1,16101,1956200,1954400,3008,966385048,37849254,0
1,16102,353900,1954400,3008,966385048,37849254,0
1,16103,1653600,1954400,3008,966385048,37849254,0
1,16104,326800,1954400,3008,966385048,37849254,0
1,16105,1821800,1954400,3008,966385048,37849254,0
1,16106,358300,1954400,3008,966385048,37849254,0
1,16107,1963100,1954400,3008,966385048,37849254,0
1,16108,369500,1954400,3008,966385048,37849254,0
1,16109,1905700,1954400,3008,966385048,37849254,0
1,16110,301300,1954400,3008,966385048,37849254,0
1,16111,1435600,1954400,3008,966385048,37849254,0
1,16112,244300,1954400,3008,966385048,37849254,0
1,16113,1741400,1954400,3008,966385048,37849254,0
1,16114,354400,1954400,3008,966385048,37849254,0
1,16115,1827200,1954400,3008,966385048,37849254,0
1,16116,354700,1954400,3008,966385048,37849254,0
1,16117,1962200,1954400,3008,966385048,37849254,0
1,16118,406900,1954400,3008,966385048,37849254,0
1,16119,1190300,1954400,3008,966385048,37849254,0
1,16120,394100,1954400,3008,966385048,37849254,0
1,16121,2073900,1954400,3008,966385048,37849254,0
1,16122,356800,1954400,3008,966385048,37849254,0
1,16123,2508700,1954400,3008,966385048,37849254,0
1,16124,365300,1954400,3008,966385048,37849254,0
1,16125,1917000,1954400,3008,966385048,37849254,0
1,16126,350000,1954400,3008,966385048,37849254,0
1,16127,1837700,1954400,3008,966385048,37849254,0
1,16128,345500,1954400,3008,966385048,37849254,0
1,16129,1559700,1954400,3008,966385048,37849254,0
1,16130,246100,1954400,3008,966385048,37849254,0
1,16131,1218700,1954400,3008,966385048,37849254,0
1,16132,346400,1954400,3008,966385048,37849254,0
1,16133,1690300,1954400,3008,966385048,37849254,0
1,16134,278100,1954400,3008,966385048,37849254,0
1,16135,1269400,1954400,3008,966385048,37849254,0
1,16136,365100,1954400,3008,966385048,37849254,0
1,16137,1764600,1954400,3008,966385048,37849254,0
1,16138,327300,1954400,3008,966385048,37849254,0
1,16139,1721100,1954400,3008,966385048,37849254,0
1,16140,310600,1954400,3008,966385048,37849254,0
1,16141,1380800,1954400,3008,966385048,37849254,0
1,16142,337900,1954400,3008,966385048,37849254,0
1,16143,1231800,1954400,3008,966385048,37849254,0
1,16144,342900,1954400,3008,966385048,37849254,0
1,16145,2267400,1954400,3008,966385048,37849254,0
1,16146,259600,1954400,3008,966385048,37849254,0
1,16147,1814900,1954400,3008,966385048,37849254,0
1,16148,372000,1954400,3008,966385048,37849254,0
1,16149,1921100,1954400,3008,966385048,37849254,0
1,16150,238100,1954400,3008,966385048,37849254,0
1,16151,1861300,1954400,3008,966385048,37849254,0
1,16152,693300,1954400,3008,966385048,37849254,0
1,16153,1809300,1954400,3008,966385048,37849254,0
1,16154,404800,1954400,3008,966385048,37849254,0
1,16155,1940300,1954400,3008,966385048,37849254,0
1,16156,192700,1954400,3008,966385048,37849254,0
1,16157,1787700,1954400,3008,966385048,37849254,0
1,16158,311900,1954400,3008,966385048,37849254,0
1,16159,2057300,1954400,3008,966385048,37849254,0
1,16160,450000,1954400,3008,966385048,37849254,0
1,16161,1401500,1954400,3008,966385048,37849254,0
1,16162,332800,1954400,3008,966385048,37849254,0
1,16163,1550500,1954400,3008,966385048,37849254,0
1,16164,252300,1954400,3008,966385048,37849254,0
1,16165,1824000,1954400,3008,966385048,37849254,0
1,16166,454200,1954400,3008,966385048,37849254,0
1,16167,1606000,1954400,3008,966385048,37849254,0
1,16168,348600,1954400,3008,966385048,37849254,0
1,16169,1926400,1954400,3008,966385048,37849254,0
1,16170,303200,1954400,3008,966385048,37849254,0
1,16171,1208400,1954400,3008,966385048,37849254,0
1,16172,355200,1954400,3008,966385048,37849254,0
1,16173,1502600,1954400,3008,966385048,37849254,0
1,16174,396300,1954400,3008,966385048,37849254,0
1,16175,1742100,1954400,3008,966385048,37849254,0
1,16176,397400,1954400,3008,966385048,37849254,0
1,16177,1319400,1954400,3008,966385048,37849254,0
1,16178,348400,1954400,3008,966385048,37849254,0
1,16179,1860300,1954400,3008,966385048,37849254,0
1,16180,247400,1954400,3008,966385048,37849254,0
1,16181,1232800,1954400,3008,966385048,37849254,0
1,16182,297500,1954400,3008,966385048,37849254,0
1,16183,1787800,1954400,3008,966385048,37849254,0
1,16184,316000,1954400,3008,966385048,37849254,0
1,16185,1840700,1954400,3008,966385048,37849254,0
1,16186,366300,1954400,3008,966385048,37849254,0
1,16187,2093800,1954400,3008,966385048,37849254,0
1,16188,255200,1954400,3008,966385048,37849254,0
1,16189,1853300,1954400,3008,966385048,37849254,0
1,16190,435500,1954400,3008,966385048,37849254,0
1,16191,1252800,1954400,3008,966385048,37849254,0
1,16192,324700,1954400,3008,966385048,37849254,0
1,16193,1743400,1954400,3008,966385048,37849254,0
1,16194,365000,1954400,3008,966385048,37849254,0
1,16195,1945600,1954400,3008,966385048,37849254,0
1,16196,299500,1954400,3008,966385048,37849254,0
1,16197,1864400,1954400,3008,966385048,37849254,0
1,16198,324100,1954400,3008,966385048,37849254,0
1,16199,1733300,1954400,3008,966385048,37849254,0
1,16200,283500,1954400,3008,966385048,37849254,0
1,16201,1831500,1954400,3008,966385048,37849254,0
1,16202,251500,1954400,3008,966385048,37849254,0
1,16203,1583500,1954400,3008,966385048,37849254,0
1,16204,438300,1954400,3008,966385048,37849254,0
1,16205,1716900,1954400,3008,966385048,37849254,0
1,16206,360500,1954400,3008,966385048,37849254,0
1,16207,1804800,1954400,3008,966385048,37849254,0
1,16208,414800,1954400,3008,966385048,37849254,0
1,16209,1909500,1954400,3008,966385048,37849254,0
1,16210,345400,1954400,3008,966385048,37849254,0
1,16211,1790700,1954400,3008,966385048,37849254,0
1,16212,348400,1954400,3008,966385048,37849254,0
1,16213,1904800,1954400,3008,966385048,37849254,0
1,16214,346100,1954400,3008,966385048,37849254,0
1,16215,1969600,1954400,3008,966385048,37849254,0
1,16216,416200,1954400,3008,966385048,37849254,0
1,16217,1753600,1954400,3008,966385048,37849254,0
1,16218,365100,1954400,3008,966385048,37849254,0
1,16219,1713100,1954400,3008,966385048,37849254,0
1,16220,400000,1954400,3008,966385048,37849254,0
1,16221,1599400,1954400,3008,966385048,37849254,0
1,16222,407800,1954400,3008,966385048,37849254,0
1,16223,1912900,1954400,3008,966385048,37849254,0
1,16224,379400,1954400,3008,966385048,37849254,0
1,16225,1429800,1954400,3008,966385048,37849254,0
1,16226,355700,1954400,3008,966385048,37849254,0
1,16227,1946400,1954400,3008,966385048,37849254,0
1,16228,230600,1954400,3008,966385048,37849254,0
1,16229,1843000,1954400,3008,966385048,37849254,0
1,16230,277100,1954400,3008,966385048,37849254,0
1,16231,1573300,1954400,3008,966385048,37849254,0
1,16232,569800,1954400,3008,966385048,37849254,0
1,16233,1841600,1954400,3008,966385048,37849254,0
1,16234,245000,1954400,3008,966385048,37849254,0
1,16235,1597000,1954400,3008,966385048,37849254,0
1,16236,375000,1954400,3008,966385048,37849254,0
1,16237,1569200,1954400,3008,966385048,37849254,0
1,16238,362100,1954400,3008,966385048,37849254,0
1,16239,1836200,1954400,3008,966385048,37849254,0
1,16240,378200,1954400,3008,966385048,37849254,0
1,16241,1685000,1954400,3008,966385048,37849254,0
1,16242,355400,1954400,3008,966385048,37849254,0
1,16243,1692000,1954400,3008,966385048,37849254,0
1,16244,324100,1954400,3008,966385048,37849254,0
1,16245,1518100,1954400,3008,966385048,37849254,0
1,16246,353100,1954400,3008,966385048,37849254,0
1,16247,1438900,1954400,3008,966385048,37849254,0
1,16248,422000,1954400,3008,966385048,37849254,0
1,16249,1470300,1954400,3008,966385048,37849254,0
1,16250,349400,1954400,3008,966385048,37849254,0
1,16251,1619900,1954400,3008,966385048,37849254,0
1,16252,368300,1954400,3008,966385048,37849254,0
1,16253,1771600,1954400,3008,966385048,37849254,0
1,16254,408700,1954400,3008,966385048,37849254,0
1,16255,1930800,1954400,3008,966385048,37849254,0
1,16256,367700,1954400,3008,966385048,37849254,0
1,16257,1823800,1954400,3008,966385048,37849254,0
1,16258,271000,1954400,3008,966385048,37849254,0
1,16259,1830200,1954400,3008,966385048,37849254,0
1,16260,407600,1954400,3008,966385048,37849254,0
1,16261,1793200,1954400,3008,966385048,37849254,0
1,16262,407500,1954400,3008,966385048,37849254,0
1,16263,1843800,1954400,3008,966385048,37849254,0
1,16264,353000,1954400,3008,966385048,37849254,0
1,16265,1872200,1954400,3008,966385048,37849254,0
1,16266,350300,1954400,3008,966385048,37849254,0
1,16267,1674600,1954400,3008,966385048,37849254,0
1,16268,242600,1954400,3008,966385048,37849254,0
1,16269,1797000,1954400,3008,966385048,37849254,0
1,16270,410300,1954400,3008,966385048,37849254,0
1,16271,1865600,1954400,3008,966385048,37849254,0
1,16272,380900,1954400,3008,966385048,37849254,0
1,16273,1718000,1954400,3008,966385048,37849254,0
1,16274,277300,1954400,3008,966385048,37849254,0
1,16275,1837200,1954400,3008,966385048,37849254,0
1,16276,300300,1954400,3008,966385048,37849254,0
1,16277,1338800,1954400,3008,966385048,37849254,0
1,16278,268400,1954400,3008,966385048,37849254,0
1,16279,1179800,1954400,3008,966385048,37849254,0
1,16280,258600,1954400,3008,966385048,37849254,0
1,16281,1372600,1954400,3008,966385048,37849254,0
1,16282,408200,1954400,3008,966385048,37849254,0
1,16283,1727500,1954400,3008,966385048,37849254,0
1,16284,267100,1954400,3008,966385048,37849254,0
1,16285,1807600,1954400,3008,966385048,37849254,0
1,16286,360000,1954400,3008,966385048,37849254,0
1,16287,1826800,1954400,3008,966385048,37849254,0
1,16288,338100,1954400,3008,966385048,37849254,0
1,16289,1286300,1954400,3008,966385048,37849254,0
1,16290,516200,1954400,3008,966385048,37849254,0
1,16291,2312900,1954400,3008,966385048,37849254,0
1,16292,407700,1954400,3008,966385048,37849254,0
1,16293,1731100,1954400,3008,966385048,37849254,0
1,16294,379100,1954400,3008,966385048,37849254,0
1,16295,1857300,1954400,3008,966385048,37849254,0
1,16296,244800,1954400,3008,966385048,37849254,0
1,16297,1846800,1954400,3008,966385048,37849254,0
1,16298,245600,1954400,3008,966385048,37849254,0
1,16299,1789100,1954400,3008,966385048,37849254,0
1,16300,402400,1954400,3008,966385048,37849254,0
1,16301,1957700,1954400,3008,966385048,37849254,0
1,16302,309100,1954400,3008,966385048,37849254,0
1,16303,1712300,1954400,3008,966385048,37849254,0
1,16304,367800,1954400,3008,966385048,37849254,0
1,16305,1884500,1954400,3008,966385048,37849254,0
1,16306,240200,1954400,3008,966385048,37849254,0
1,16307,1830900,1954400,3008,966385048,37849254,0
1,16308,398500,1954400,3008,966385048,37849254,0
1,16309,1843000,1954400,3008,966385048,37849254,0
1,16310,356500,1954400,3008,966385048,37849254,0
1,16311,1339000,1954400,3008,966385048,37849254,0
1,16312,306300,1954400,3008,966385048,37849254,0
1,16313,1736300,1954400,3008,966385048,37849254,0
1,16314,285200,1954400,3008,966385048,37849254,0
1,16315,1858300,1954400,3008,966385048,37849254,0
1,16316,468900,1954400,3008,966385048,37849254,0
1,16317,1851200,1954400,3008,966385048,37849254,0
1,16318,321000,1954400,3008,966385048,37849254,0
1,16319,1830300,1954400,3008,966385048,37849254,0
1,16320,378500,1954400,3008,966385048,37849254,0
1,16321,1643100,1954400,3008,966385048,37849254,0
1,16322,362900,1954400,3008,966385048,37849254,0
1,16323,1837900,1954400,3008,966385048,37849254,0
1,16324,250600,1954400,3008,966385048,37849254,0
1,16325,1539600,1954400,3008,966385048,37849254,0
1,16326,349300,1954400,3008,966385048,37849254,0
1,16327,1269900,1954400,3008,966385048,37849254,0
1,16328,352600,1954400,3008,966385048,37849254,0
1,16329,1896400,1954400,3008,966385048,37849254,0
1,16330,367400,1954400,3008,966385048,37849254,0
1,16331,1845100,1954400,3008,966385048,37849254,0
1,16332,322200,1954400,3008,966385048,37849254,0
1,16333,1845300,1954400,3008,966385048,37849254,0
1,16334,396300,1954400,3008,966385048,37849254,0
1,16335,2577500,1954400,3008,966385048,37849254,0
1,16336,347000,1954400,3008,966385048,37849254,0
1,16337,2426100,1954400,3008,966385048,37849254,0
1,16338,370900,1954400,3008,966385048,37849254,0
1,16339,1322300,1954400,3008,966385048,37849254,0
1,16340,386300,1954400,3008,966385048,37849254,0
1,16341,1612500,1954400,3008,966385048,37849254,0
1,16342,354000,1954400,3008,966385048,37849254,0
1,16343,1388600,1954400,3008,966385048,37849254,0
1,16344,346700,1954400,3008,966385048,37849254,0
1,16345,1561100,1954400,3008,966385048,37849254,0
1,16346,352600,1954400,3008,966385048,37849254,0
1,16347,1855800,1954400,3008,966385048,37849254,0
1,16348,242700,1954400,3008,966385048,37849254,0
1,16349,1603900,1954400,3008,966385048,37849254,0
1,16350,388000,1954400,3008,966385048,37849254,0
1,16351,1395700,1954400,3008,966385048,37849254,0
1,16352,381200,1954400,3008,966385048,37849254,0
1,16353,1844900,1954400,3008,966385048,37849254,0
1,16354,353000,1954400,3008,966385048,37849254,0
1,16355,1770900,1954400,3008,966385048,37849254,0
1,16356,310600,1954400,3008,966385048,37849254,0
1,16357,1690400,1954400,3008,966385048,37849254,0
1,16358,345900,1954400,3008,966385048,37849254,0
1,16359,1697300,1954400,3008,966385048,37849254,0
1,16360,291400,1954400,3008,966385048,37849254,0
1,16361,1664400,1954400,3008,966385048,37849254,0
1,16362,379700,1954400,3008,966385048,37849254,0
1,16363,1276100,1954400,3008,966385048,37849254,0
1,16364,362800,1954400,3008,966385048,37849254,0
1,16365,1847400,1954400,3008,966385048,37849254,0
1,16366,309800,1954400,3008,966385048,37849254,0
1,16367,1433700,1954400,3008,966385048,37849254,0
1,16368,372500,1954400,3008,966385048,37849254,0
1,16369,1343200,1954400,3008,966385048,37849254,0
1,16370,351400,1954400,3008,966385048,37849254,0
1,16371,1798000,1954400,3008,966385048,37849254,0
1,16372,343500,1954400,3008,966385048,37849254,0
1,16373,1783500,1954400,3008,966385048,37849254,0
1,16374,351500,1954400,3008,966385048,37849254,0
1,16375,1882400,1954400,3008,966385048,37849254,0
1,16376,239800,1954400,3008,966385048,37849254,0
1,16377,1817300,1954400,3008,966385048,37849254,0
1,16378,372500,1954400,3008,966385048,37849254,0
1,16379,1597900,1954400,3008,966385048,37849254,0
1,16380,358300,1954400,3008,966385048,37849254,0
1,16381,1622700,1954400,3008,966385048,37849254,0
1,16382,386500,1954400,3008,966385048,37849254,0
1,16383,1848900,1954400,3008,966385048,37849254,0
1,16384,367400,1954400,3008,966385048,37849254,0
1,16385,1817700,1954400,3008,966385048,37849254,0
1,16386,354900,1954400,3008,966385048,37849254,0
1,16387,1333500,1954400,3008,966385048,37849254,0
1,16388,432600,1954400,3008,966385048,37849254,0
1,16389,2296200,1954400,3008,966385048,37849254,0
1,16390,469400,1954400,3008,966385048,37849254,0
1,16391,1372900,1954400,3008,966385048,37849254,0
1,16392,270500,1954400,3008,966385048,37849254,0
1,16393,1471000,1954400,3008,966385048,37849254,0
1,16394,383300,1954400,3008,966385048,37849254,0
1,16395,1862500,1954400,3008,966385048,37849254,0
1,16396,410900,1954400,3008,966385048,37849254,0
1,16397,1566700,1954400,3008,966385048,37849254,0
1,16398,384600,1954400,3008,966385048,37849254,0
1,16399,2078500,1954400,3008,966385048,37849254,0
1,16400,258300,1954400,3008,966385048,37849254,0
1,16401,1912900,1954400,3008,966385048,37849254,0
1,16402,351100,1954400,3008,966385048,37849254,0
1,16403,1838000,1954400,3008,966385048,37849254,0
1,16404,369700,1954400,3008,966385048,37849254,0
1,16405,1381800,1954400,3008,966385048,37849254,0
1,16406,265400,1954400,3008,966385048,37849254,0
1,16407,1849200,1954400,3008,966385048,37849254,0
1,16408,506600,1954400,3008,966385048,37849254,0
1,16409,1782900,1954400,3008,966385048,37849254,0
1,16410,271200,1954400,3008,966385048,37849254,0
1,16411,1268100,1954400,3008,966385048,37849254,0
1,16412,292300,1954400,3008,966385048,37849254,0
1,16413,1845700,1954400,3008,966385048,37849254,0
1,16414,361700,1954400,3008,966385048,37849254,0
1,16415,1427300,1954400,3008,966385048,37849254,0
1,16416,352400,1954400,3008,966385048,37849254,0
1,16417,1673600,1954400,3008,966385048,37849254,0
1,16418,334700,1954400,3008,966385048,37849254,0
1,16419,1831700,1954400,3008,966385048,37849254,0
1,16420,292500,1954400,3008,966385048,37849254,0
1,16421,1603200,1954400,3008,966385048,37849254,0
1,16422,379600,1954400,3008,966385048,37849254,0
1,16423,1702700,1954400,3008,966385048,37849254,0
1,16424,322800,1954400,3008,966385048,37849254,0
1,16425,1862800,1954400,3008,966385048,37849254,0
1,16426,371100,1954400,3008,966385048,37849254,0
1,16427,1430100,1954400,3008,966385048,37849254,0
1,16428,308500,1954400,3008,966385048,37849254,0
1,16429,1822800,1954400,3008,966385048,37849254,0
1,16430,249100,1954400,3008,966385048,37849254,0
1,16431,1723000,1954400,3008,966385048,37849254,0
1,16432,243000,1954400,3008,966385048,37849254,0
1,16433,1980300,1954400,3008,966385048,37849254,0
1,16434,770400,1954400,3008,966385048,37849254,0
1,16435,1834600,1954400,3008,966385048,37849254,0
1,16436,285000,1954400,3008,966385048,37849254,0
1,16437,1857600,1954400,3008,966385048,37849254,0
1,16438,367500,1954400,3008,966385048,37849254,0
1,16439,1639400,1954400,3008,966385048,37849254,0
1,16440,360000,1954400,3008,966385048,37849254,0
1,16441,1741600,1954400,3008,966385048,37849254,0
1,16442,252400,1954400,3008,966385048,37849254,0
1,16443,1290000,1954400,3008,966385048,37849254,0
1,16444,343000,1954400,3008,966385048,37849254,0
1,16445,1681200,1954400,3008,966385048,37849254,0
1,16446,342400,1954400,3008,966385048,37849254,0
1,16447,1280900,1954400,3008,966385048,37849254,0
1,16448,361500,1954400,3008,966385048,37849254,0
1,16449,1250700,1954400,3008,966385048,37849254,0
1,16450,253000,1954400,3008,966385048,37849254,0
1,16451,1248400,1954400,3008,966385048,37849254,0
1,16452,300900,1954400,3008,966385048,37849254,0
1,16453,1930200,1954400,3008,966385048,37849254,0
1,16454,293500,1954400,3008,966385048,37849254,0
1,16455,1659200,1954400,3008,966385048,37849254,0
1,16456,301400,1954400,3008,966385048,37849254,0
1,16457,1267600,1954400,3008,966385048,37849254,0
1,16458,245100,1954400,3008,966385048,37849254,0
1,16459,1250300,1954400,3008,966385048,37849254,0
1,16460,557600,1954400,3008,966385048,37849254,0
1,16461,1831900,1954400,3008,966385048,37849254,0
1,16462,352300,1954400,3008,966385048,37849254,0
1,16463,1742400,1954400,3008,966385048,37849254,0
1,16464,428800,1954400,3008,966385048,37849254,0
1,16465,1826200,1954400,3008,966385048,37849254,0
1,16466,288200,1954400,3008,966385048,37849254,0
1,16467,1824900,1954400,3008,966385048,37849254,0
1,16468,412200,1954400,3008,966385048,37849254,0
1,16469,1774000,1954400,3008,966385048,37849254,0
1,16470,373200,1954400,3008,966385048,37849254,0
1,16471,1329900,1954400,3008,966385048,37849254,0
1,16472,237900,1954400,3008,966385048,37849254,0
1,16473,1462900,1954400,3008,966385048,37849254,0
1,16474,482600,1954400,3008,966385048,37849254,0
1,16475,1565100,1954400,3008,966385048,37849254,0
1,16476,249800,1954400,3008,966385048,37849254,0
1,16477,1701900,1954400,3008,966385048,37849254,0
1,16478,349000,1954400,3008,966385048,37849254,0
1,16479,1395700,1954400,3008,966385048,37849254,0
1,16480,358400,1954400,3008,966385048,37849254,0
1,16481,2127300,1954400,3008,966385048,37849254,0
1,16482,308700,1954400,3008,966385048,37849254,0
1,16483,1606800,1954400,3008,966385048,37849254,0
1,16484,356200,1954400,3008,966385048,37849254,0
1,16485,2155400,1954400,3008,966385048,37849254,0
1,16486,255300,1954400,3008,966385048,37849254,0
1,16487,1389800,1954400,3008,966385048,37849254,0
1,16488,333800,1954400,3008,966385048,37849254,0
1,16489,1841200,1954400,3008,966385048,37849254,0
1,16490,410000,1954400,3008,966385048,37849254,0
1,16491,1814700,1954400,3008,966385048,37849254,0
1,16492,233900,1954400,3008,966385048,37849254,0
1,16493,1837200,1954400,3008,966385048,37849254,0
1,16494,251300,1954400,3008,966385048,37849254,0
1,16495,1824800,1954400,3008,966385048,37849254,0
1,16496,248900,1954400,3008,966385048,37849254,0
1,16497,1491500,1954400,3008,966385048,37849254,0
1,16498,336800,1954400,3008,966385048,37849254,0
1,16499,2421300,1954400,3008,966385048,37849254,0
1,16500,355400,1954400,3008,966385048,37849254,0
1,16501,2094200,1954400,3008,966385048,37849254,0
1,16502,356900,1954400,3008,966385048,37849254,0
1,16503,1438100,1954400,3008,966385048,37849254,0
1,16504,240800,1954400,3008,966385048,37849254,0
1,16505,1695700,1954400,3008,966385048,37849254,0
1,16506,437700,1954400,3008,966385048,37849254,0
1,16507,3898800,1954400,3008,966385048,37849254,0
1,16508,242400,1954400,3008,966385048,37849254,0
1,16509,1279900,1954400,3008,966385048,37849254,0
1,16510,253400,1954400,3008,966385048,37849254,0
1,16511,1266900,1954400,3008,966385048,37849254,0
1,16512,263000,1954400,3008,966385048,37849254,0
1,16513,1695400,1954400,3008,966385048,37849254,0
1,16514,349400,1954400,3008,966385048,37849254,0
1,16515,1304100,1954400,3008,966385048,37849254,0
1,16516,253100,1954400,3008,966385048,37849254,0
1,16517,1968800,1954400,3008,966385048,37849254,0
1,16518,365400,1954400,3008,966385048,37849254,0
1,16519,1476500,1954400,3008,966385048,37849254,0
1,16520,359900,1954400,3008,966385048,37849254,0
1,16521,1653300,1954400,3008,966385048,37849254,0
1,16522,249900,1954400,3008,966385048,37849254,0
1,16523,1833400,1954400,3008,966385048,37849254,0
1,16524,266600,1954400,3008,966385048,37849254,0
1,16525,1511500,1954400,3008,966385048,37849254,0
1,16526,865700,1954400,3008,966385048,37849254,0
1,16527,1840200,1954400,3008,966385048,37849254,0
1,16528,285000,1954400,3008,966385048,37849254,0
1,16529,1634000,1954400,3008,966385048,37849254,0
1,16530,328200,1954400,3008,966385048,37849254,0
1,16531,2038900,1954400,3008,966385048,37849254,0
1,16532,588600,1954400,3008,966385048,37849254,0
1,16533,1755500,1954400,3008,966385048,37849254,0
1,16534,338200,1954400,3008,966385048,37849254,0
1,16535,2080700,1954400,3008,966385048,37849254,0
1,16536,238600,1954400,3008,966385048,37849254,0
1,16537,1704700,1954400,3008,966385048,37849254,0
1,16538,304700,1954400,3008,966385048,37849254,0
1,16539,2147800,1954400,3008,966385048,37849254,0
1,16540,253400,1954400,3008,966385048,37849254,0
1,16541,1317900,1954400,3008,966385048,37849254,0
1,16542,319800,1954400,3008,966385048,37849254,0
1,16543,1907500,1954400,3008,966385048,37849254,0
1,16544,396900,1954400,3008,966385048,37849254,0
1,16545,1751800,1954400,3008,966385048,37849254,0
1,16546,233300,1954400,3008,966385048,37849254,0
1,16547,1331500,1954400,3008,966385048,37849254,0
1,16548,269500,1954400,3008,966385048,37849254,0
1,16549,1607900,1954400,3008,966385048,37849254,0
1,16550,282500,1954400,3008,966385048,37849254,0
1,16551,1423200,1954400,3008,966385048,37849254,0
1,16552,264100,1954400,3008,966385048,37849254,0
1,16553,1430900,1954400,3008,966385048,37849254,0
1,16554,367000,1954400,3008,966385048,37849254,0
1,16555,1308600,1954400,3008,966385048,37849254,0
1,16556,386500,1954400,3008,966385048,37849254,0
1,16557,1838600,1954400,3008,966385048,37849254,0
1,16558,346000,1954400,3008,966385048,37849254,0
1,16559,1718900,1954400,3008,966385048,37849254,0
1,16560,410900,1954400,3008,966385048,37849254,0
1,16561,1854600,1954400,3008,966385048,37849254,0
1,16562,466000,1954400,3008,966385048,37849254,0
1,16563,1532400,1954400,3008,966385048,37849254,0
1,16564,413300,1954400,3008,966385048,37849254,0
1,16565,1225100,1954400,3008,966385048,37849254,0
1,16566,395300,1954400,3008,966385048,37849254,0
1,16567,1259900,1954400,3008,966385048,37849254,0
1,16568,217500,1954400,3008,966385048,37849254,0
1,16569,1340900,1954400,3008,966385048,37849254,0
1,16570,379800,1954400,3008,966385048,37849254,0
1,16571,1816300,1954400,3008,966385048,37849254,0
1,16572,296700,1954400,3008,966385048,37849254,0
1,16573,2117000,1954400,3008,966385048,37849254,0
1,16574,334300,1954400,3008,966385048,37849254,0
1,16575,1256600,1954400,3008,966385048,37849254,0
1,16576,363300,1954400,3008,966385048,37849254,0
1,16577,1826500,1954400,3008,966385048,37849254,0
1,16578,194900,1954400,3008,966385048,37849254,0
1,16579,1842700,1954400,3008,966385048,37849254,0
1,16580,224800,1954400,3008,966385048,37849254,0
1,16581,1816600,1954400,3008,966385048,37849254,0
1,16582,274600,1954400,3008,966385048,37849254,0
1,16583,1863900,1954400,3008,966385048,37849254,0
1,16584,345400,1954400,3008,966385048,37849254,0
1,16585,1311700,1954400,3008,966385048,37849254,0
1,16586,324700,1954400,3008,966385048,37849254,0
1,16587,1512000,1954400,3008,966385048,37849254,0
1,16588,341800,1954400,3008,966385048,37849254,0
1,16589,1489800,1954400,3008,966385048,37849254,0
1,16590,357200,1954400,3008,966385048,37849254,0
1,16591,1424500,1954400,3008,966385048,37849254,0
1,16592,303800,1954400,3008,966385048,37849254,0
1,16593,1450200,1954400,3008,966385048,37849254,0
1,16594,355300,1954400,3008,966385048,37849254,0
1,16595,1754900,1954400,3008,966385048,37849254,0
1,16596,278000,1954400,3008,966385048,37849254,0
1,16597,2316200,1954400,3008,966385048,37849254,0
1,16598,358200,1954400,3008,966385048,37849254,0
1,16599,1864500,1954400,3008,966385048,37849254,0
1,16600,252600,1954400,3008,966385048,37849254,0
1,16601,1691900,1954400,3008,966385048,37849254,0
1,16602,351200,1954400,3008,966385048,37849254,0
1,16603,1619400,1954400,3008,966385048,37849254,0
1,16604,317900,1954400,3008,966385048,37849254,0
1,16605,1917900,1954400,3008,966385048,37849254,0
1,16606,364200,1954400,3008,966385048,37849254,0
1,16607,1931400,1954400,3008,966385048,37849254,0
1,16608,343500,1954400,3008,966385048,37849254,0
1,16609,1864400,1954400,3008,966385048,37849254,0
1,16610,301300,1954400,3008,966385048,37849254,0
1,16611,1699900,1954400,3008,966385048,37849254,0
1,16612,332500,1954400,3008,966385048,37849254,0
1,16613,1874100,1954400,3008,966385048,37849254,0
1,16614,251800,1954400,3008,966385048,37849254,0
1,16615,1819300,1954400,3008,966385048,37849254,0
1,16616,350900,1954400,3008,966385048,37849254,0
1,16617,1369500,1954400,3008,966385048,37849254,0
1,16618,263200,1954400,3008,966385048,37849254,0
1,16619,1847500,1954400,3008,966385048,37849254,0
1,16620,346800,1954400,3008,966385048,37849254,0
1,16621,1869600,1954400,3008,966385048,37849254,0
1,16622,407900,1954400,3008,966385048,37849254,0
1,16623,1839200,1954400,3008,966385048,37849254,0
1,16624,346700,1954400,3008,966385048,37849254,0
1,16625,2496800,1954400,3008,966385048,37849254,0
1,16626,298400,1954400,3008,966385048,37849254,0
1,16627,1183800,1954400,3008,966385048,37849254,0
1,16628,236800,1954400,3008,966385048,37849254,0
1,16629,1859800,1954400,3008,966385048,37849254,0
1,16630,249500,1954400,3008,966385048,37849254,0
1,16631,1834700,1954400,3008,966385048,37849254,0
1,16632,320500,1954400,3008,966385048,37849254,0
1,16633,1672100,1954400,3008,966385048,37849254,0
1,16634,353600,1954400,3008,966385048,37849254,0
1,16635,1812700,1954400,3008,966385048,37849254,0
1,16636,341000,1954400,3008,966385048,37849254,0
1,16637,1964900,1954400,3008,966385048,37849254,0
1,16638,243400,1954400,3008,966385048,37849254,0
1,16639,1576900,1954400,3008,966385048,37849254,0
1,16640,252900,1954400,3008,966385048,37849254,0
1,16641,1786100,1954400,3008,966385048,37849254,0
1,16642,495500,1954400,3008,966385048,37849254,0
1,16643,1418600,1954400,3008,966385048,37849254,0
1,16644,328000,1954400,3008,966385048,37849254,0
1,16645,1390900,1954400,3008,966385048,37849254,0
1,16646,303900,1954400,3008,966385048,37849254,0
1,16647,2186500,1954400,3008,966385048,37849254,0
1,16648,246800,1954400,3008,966385048,37849254,0
1,16649,1301900,1954400,3008,966385048,37849254,0
1,16650,342500,1954400,3008,966385048,37849254,0
1,16651,1287800,1954400,3008,966385048,37849254,0
1,16652,383300,1954400,3008,966385048,37849254,0
1,16653,1857400,1954400,3008,966385048,37849254,0
1,16654,302300,1954400,3008,966385048,37849254,0
1,16655,1846500,1954400,3008,966385048,37849254,0
1,16656,629700,1954400,3008,966385048,37849254,0
1,16657,1259200,1954400,3008,966385048,37849254,0
1,16658,321500,1954400,3008,966385048,37849254,0
1,16659,1286900,1954400,3008,966385048,37849254,0
1,16660,343000,1954400,3008,966385048,37849254,0
1,16661,1825200,1954400,3008,966385048,37849254,0
1,16662,352800,1954400,3008,966385048,37849254,0
1,16663,1801500,1954400,3008,966385048,37849254,0
1,16664,354300,1954400,3008,966385048,37849254,0
1,16665,1841600,1954400,3008,966385048,37849254,0
1,16666,243400,1954400,3008,966385048,37849254,0
1,16667,1525900,1954400,3008,966385048,37849254,0
1,16668,340700,1954400,3008,966385048,37849254,0
1,16669,1813000,1954400,3008,966385048,37849254,0
1,16670,365400,1954400,3008,966385048,37849254,0
1,16671,1295500,1954400,3008,966385048,37849254,0
1,16672,326500,1954400,3008,966385048,37849254,0
1,16673,1532300,1954400,3008,966385048,37849254,0
1,16674,311800,1954400,3008,966385048,37849254,0
1,16675,1679700,1954400,3008,966385048,37849254,0
1,16676,422900,1954400,3008,966385048,37849254,0
1,16677,1295500,1954400,3008,966385048,37849254,0
1,16678,255800,1954400,3008,966385048,37849254,0
1,16679,1305600,1954400,3008,966385048,37849254,0
1,16680,307500,1954400,3008,966385048,37849254,0
1,16681,1876200,1954400,3008,966385048,37849254,0
1,16682,280800,1954400,3008,966385048,37849254,0
1,16683,1355200,1954400,3008,966385048,37849254,0
1,16684,358500,1954400,3008,966385048,37849254,0
1,16685,1272100,1954400,3008,966385048,37849254,0
1,16686,340000,1954400,3008,966385048,37849254,0
1,16687,1561000,1954400,3008,966385048,37849254,0
1,16688,355300,1954400,3008,966385048,37849254,0
1,16689,1657300,1954400,3008,966385048,37849254,0
1,16690,297600,1954400,3008,966385048,37849254,0
1,16691,2967500,1954400,3008,966385048,37849254,0
1,16692,356100,1954400,3008,966385048,37849254,0
1,16693,1883300,1954400,3008,966385048,37849254,0
1,16694,342300,1954400,3008,966385048,37849254,0
1,16695,1775800,1954400,3008,966385048,37849254,0
1,16696,294800,1954400,3008,966385048,37849254,0
1,16697,1510200,1954400,3008,966385048,37849254,0
1,16698,349700,1954400,3008,966385048,37849254,0
1,16699,1877200,1954400,3008,966385048,37849254,0
1,16700,378300,1954400,3008,966385048,37849254,0
1,16701,1811400,1954400,3008,966385048,37849254,0
1,16702,354100,1954400,3008,966385048,37849254,0
1,16703,1610900,1954400,3008,966385048,37849254,0
1,16704,341800,1954400,3008,966385048,37849254,0
1,16705,1690800,1954400,3008,966385048,37849254,0
1,16706,247100,1954400,3008,966385048,37849254,0
1,16707,1354400,1954400,3008,966385048,37849254,0
1,16708,337200,1954400,3008,966385048,37849254,0
1,16709,1748200,1954400,3008,966385048,37849254,0
1,16710,246200,1954400,3008,966385048,37849254,0
1,16711,1838000,1954400,3008,966385048,37849254,0
1,16712,245700,1954400,3008,966385048,37849254,0
1,16713,1431600,1954400,3008,966385048,37849254,0
1,16714,318100,1954400,3008,966385048,37849254,0
1,16715,1933600,1954400,3008,966385048,37849254,0
1,16716,401900,1954400,3008,966385048,37849254,0
1,16717,1562600,1954400,3008,966385048,37849254,0
1,16718,309000,1954400,3008,966385048,37849254,0
1,16719,1676900,1954400,3008,966385048,37849254,0
1,16720,286400,1954400,3008,966385048,37849254,0
1,16721,2255600,1954400,3008,966385048,37849254,0
1,16722,340300,1954400,3008,966385048,37849254,0
1,16723,1592800,1954400,3008,966385048,37849254,0
1,16724,248000,1954400,3008,966385048,37849254,0
1,16725,1694500,1954400,3008,966385048,37849254,0
1,16726,349400,1954400,3008,966385048,37849254,0
1,16727,1337100,1954400,3008,966385048,37849254,0
1,16728,242100,1954400,3008,966385048,37849254,0
1,16729,1763700,1954400,3008,966385048,37849254,0
1,16730,361400,1954400,3008,966385048,37849254,0
1,16731,1665000,1954400,3008,966385048,37849254,0
1,16732,355000,1954400,3008,966385048,37849254,0
1,16733,1227800,1954400,3008,966385048,37849254,0
1,16734,241000,1954400,3008,966385048,37849254,0
1,16735,1271500,1954400,3008,966385048,37849254,0
1,16736,275200,1954400,3008,966385048,37849254,0
1,16737,1606300,1954400,3008,966385048,37849254,0
1,16738,259100,1954400,3008,966385048,37849254,0
1,16739,1867200,1954400,3008,966385048,37849254,0
1,16740,243200,1954400,3008,966385048,37849254,0
1,16741,1478300,1954400,3008,966385048,37849254,0
1,16742,307200,1954400,3008,966385048,37849254,0
1,16743,1829500,1954400,3008,966385048,37849254,0
1,16744,326900,1954400,3008,966385048,37849254,0
1,16745,1503800,1954400,3008,966385048,37849254,0
1,16746,329300,1954400,3008,966385048,37849254,0
1,16747,1831800,1954400,3008,966385048,37849254,0
1,16748,267200,1954400,3008,966385048,37849254,0
1,16749,2244900,1954400,3008,966385048,37849254,0
1,16750,261300,1954400,3008,966385048,37849254,0
1,16751,1228800,1954400,3008,966385048,37849254,0
1,16752,342200,1954400,3008,966385048,37849254,0
1,16753,1832000,1954400,3008,966385048,37849254,0
1,16754,296000,1954400,3008,966385048,37849254,0
1,16755,1404900,1954400,3008,966385048,37849254,0
1,16756,282300,1954400,3008,966385048,37849254,0
1,16757,1598800,1954400,3008,966385048,37849254,0
1,16758,453100,1954400,3008,966385048,37849254,0
1,16759,1721300,1954400,3008,966385048,37849254,0
1,16760,229600,1954400,3008,966385048,37849254,0
1,16761,2012700,1954400,3008,966385048,37849254,0
1,16762,362300,1954400,3008,966385048,37849254,0
1,16763,1554500,1954400,3008,966385048,37849254,0
1,16764,421700,1954400,3008,966385048,37849254,0
1,16765,1830300,1954400,3008,966385048,37849254,0
1,16766,236400,1954400,3008,966385048,37849254,0
1,16767,1339900,1954400,3008,966385048,37849254,0
1,16768,424100,1954400,3008,966385048,37849254,0
1,16769,1968000,1954400,3008,966385048,37849254,0
1,16770,363500,1954400,3008,966385048,37849254,0
1,16771,1697100,1954400,3008,966385048,37849254,0
1,16772,354500,1954400,3008,966385048,37849254,0
1,16773,1877900,1954400,3008,966385048,37849254,0
1,16774,404500,1954400,3008,966385048,37849254,0
1,16775,1337100,1954400,3008,966385048,37849254,0
1,16776,345100,1954400,3008,966385048,37849254,0
1,16777,2376200,1954400,3008,966385048,37849254,0
1,16778,248300,1954400,3008,966385048,37849254,0
1,16779,1702200,1954400,3008,966385048,37849254,0
1,16780,371100,1954400,3008,966385048,37849254,0
1,16781,1822800,1954400,3008,966385048,37849254,0
1,16782,346000,1954400,3008,966385048,37849254,0
1,16783,1726900,1954400,3008,966385048,37849254,0
1,16784,383900,1954400,3008,966385048,37849254,0
1,16785,1847100,1954400,3008,966385048,37849254,0
1,16786,355900,1954400,3008,966385048,37849254,0
1,16787,1827500,1954400,3008,966385048,37849254,0
1,16788,246800,1954400,3008,966385048,37849254,0
1,16789,1808400,1954400,3008,966385048,37849254,0
1,16790,362300,1954400,3008,966385048,37849254,0
1,16791,1270200,1954400,3008,966385048,37849254,0
1,16792,358500,1954400,3008,966385048,37849254,0
1,16793,2122000,1954400,3008,966385048,37849254,0
1,16794,243300,1954400,3008,966385048,37849254,0
1,16795,1848100,1954400,3008,966385048,37849254,0
1,16796,353000,1954400,3008,966385048,37849254,0
1,16797,1499500,1954400,3008,966385048,37849254,0
1,16798,249100,1954400,3008,966385048,37849254,0
1,16799,1690900,1954400,3008,966385048,37849254,0
1,16800,601800,1954400,3008,966385048,37849254,0
1,16801,1823300,1954400,3008,966385048,37849254,0
1,16802,276200,1954400,3008,966385048,37849254,0
1,16803,1843500,1954400,3008,966385048,37849254,0
1,16804,250300,1954400,3008,966385048,37849254,0
1,16805,1463200,1954400,3008,966385048,37849254,0
1,16806,349400,1954400,3008,966385048,37849254,0
1,16807,1839200,1954400,3008,966385048,37849254,0
1,16808,353000,1954400,3008,966385048,37849254,0
1,16809,1286900,1954400,3008,966385048,37849254,0
1,16810,340500,1954400,3008,966385048,37849254,0
1,16811,1834600,1954400,3008,966385048,37849254,0
1,16812,444800,1954400,3008,966385048,37849254,0
1,16813,1661200,1954400,3008,966385048,37849254,0
1,16814,348700,1954400,3008,966385048,37849254,0
1,16815,1311700,1954400,3008,966385048,37849254,0
1,16816,244600,1954400,3008,966385048,37849254,0
1,16817,2011900,1954400,3008,966385048,37849254,0
1,16818,347100,1954400,3008,966385048,37849254,0
1,16819,1342300,1954400,3008,966385048,37849254,0
1,16820,315100,1954400,3008,966385048,37849254,0
1,16821,1391900,1954400,3008,966385048,37849254,0
1,16822,490300,1954400,3008,966385048,37849254,0
1,16823,1847700,1954400,3008,966385048,37849254,0
1,16824,209100,1954400,3008,966385048,37849254,0
1,16825,1681300,1954400,3008,966385048,37849254,0
1,16826,350400,1954400,3008,966385048,37849254,0
1,16827,1831300,1954400,3008,966385048,37849254,0
1,16828,290400,1954400,3008,966385048,37849254,0
1,16829,1769400,1954400,3008,966385048,37849254,0
1,16830,393600,1954400,3008,966385048,37849254,0
1,16831,1951100,1954400,3008,966385048,37849254,0
1,16832,403700,1954400,3008,966385048,37849254,0
1,16833,1529100,1954400,3008,966385048,37849254,0
1,16834,204300,1954400,3008,966385048,37849254,0
1,16835,1838900,1954400,3008,966385048,37849254,0
1,16836,705200,1954400,3008,966385048,37849254,0
1,16837,1365000,1954400,3008,966385048,37849254,0
1,16838,358500,1954400,3008,966385048,37849254,0
1,16839,1929100,1954400,3008,966385048,37849254,0
1,16840,352300,1954400,3008,966385048,37849254,0
1,16841,1643700,1954400,3008,966385048,37849254,0
1,16842,280600,1954400,3008,966385048,37849254,0
1,16843,1830700,1954400,3008,966385048,37849254,0
1,16844,488100,1954400,3008,966385048,37849254,0
1,16845,1888700,1954400,3008,966385048,37849254,0
1,16846,254200,1954400,3008,966385048,37849254,0
1,16847,1833100,1954400,3008,966385048,37849254,0
1,16848,356600,1954400,3008,966385048,37849254,0
1,16849,1376500,1954400,3008,966385048,37849254,0
1,16850,320500,1954400,3008,966385048,37849254,0
1,16851,2445200,1954400,3008,966385048,37849254,0
1,16852,253600,1954400,3008,966385048,37849254,0
1,16853,1699700,1954400,3008,966385048,37849254,0
1,16854,390600,1954400,3008,966385048,37849254,0
1,16855,1269700,1954400,3008,966385048,37849254,0
1,16856,375900,1954400,3008,966385048,37849254,0
1,16857,1239200,1954400,3008,966385048,37849254,0
1,16858,272500,1954400,3008,966385048,37849254,0
1,16859,1530900,1954400,3008,966385048,37849254,0
1,16860,283900,1954400,3008,966385048,37849254,0
1,16861,1852900,1954400,3008,966385048,37849254,0
1,16862,522600,1954400,3008,966385048,37849254,0
1,16863,1837100,1954400,3008,966385048,37849254,0
1,16864,367700,1954400,3008,966385048,37849254,0
1,16865,1694800,1954400,3008,966385048,37849254,0
1,16866,249700,1954400,3008,966385048,37849254,0
1,16867,1745500,1954400,3008,966385048,37849254,0
1,16868,361900,1954400,3008,966385048,37849254,0
1,16869,2278100,1954400,3008,966385048,37849254,0
1,16870,243900,1954400,3008,966385048,37849254,0
1,16871,1867100,1954400,3008,966385048,37849254,0
1,16872,359300,1954400,3008,966385048,37849254,0
1,16873,1284500,1954400,3008,966385048,37849254,0
1,16874,252800,1954400,3008,966385048,37849254,0
1,16875,1855200,1954400,3008,966385048,37849254,0
1,16876,507400,1954400,3008,966385048,37849254,0
1,16877,1472300,1954400,3008,966385048,37849254,0
1,16878,253600,1954400,3008,966385048,37849254,0
1,16879,1860800,1954400,3008,966385048,37849254,0
1,16880,251700,1954400,3008,966385048,37849254,0
1,16881,1734100,1954400,3008,966385048,37849254,0
1,16882,391500,1954400,3008,966385048,37849254,0
1,16883,1822300,1954400,3008,966385048,37849254,0
1,16884,355000,1954400,3008,966385048,37849254,0
1,16885,1677700,1954400,3008,966385048,37849254,0
1,16886,434900,1954400,3008,966385048,37849254,0
1,16887,1974700,1954400,3008,966385048,37849254,0
1,16888,253000,1954400,3008,966385048,37849254,0
1,16889,1872000,1954400,3008,966385048,37849254,0
1,16890,356700,1954400,3008,966385048,37849254,0
1,16891,1490500,1954400,3008,966385048,37849254,0
1,16892,355200,1954400,3008,966385048,37849254,0
1,16893,1863000,1954400,3008,966385048,37849254,0
1,16894,357300,1954400,3008,966385048,37849254,0
1,16895,1809600,1954400,3008,966385048,37849254,0
1,16896,302200,1954400,3008,966385048,37849254,0
1,16897,1340500,1954400,3008,966385048,37849254,0
1,16898,354000,1954400,3008,966385048,37849254,0
1,16899,1763600,1954400,3008,966385048,37849254,0
1,16900,335800,1954400,3008,966385048,37849254,0
1,16901,1649300,1954400,3008,966385048,37849254,0
1,16902,352700,1954400,3008,966385048,37849254,0
1,16903,1902900,1954400,3008,966385048,37849254,0
1,16904,274100,1954400,3008,966385048,37849254,0
1,16905,1632600,1954400,3008,966385048,37849254,0
1,16906,334000,1954400,3008,966385048,37849254,0
1,16907,1505400,1954400,3008,966385048,37849254,0
1,16908,368700,1954400,3008,966385048,37849254,0
1,16909,1585800,1954400,3008,966385048,37849254,0
1,16910,347000,1954400,3008,966385048,37849254,0
1,16911,1374600,1954400,3008,966385048,37849254,0
1,16912,241900,1954400,3008,966385048,37849254,0
1,16913,1821700,1954400,3008,966385048,37849254,0
1,16914,241400,1954400,3008,966385048,37849254,0
1,16915,1849600,1954400,3008,966385048,37849254,0
1,16916,352300,1954400,3008,966385048,37849254,0
1,16917,1338800,1954400,3008,966385048,37849254,0
1,16918,243200,1954400,3008,966385048,37849254,0
1,16919,1557000,1954400,3008,966385048,37849254,0
1,16920,246400,1954400,3008,966385048,37849254,0
1,16921,1943300,1954400,3008,966385048,37849254,0
1,16922,340100,1954400,3008,966385048,37849254,0
1,16923,1288600,1954400,3008,966385048,37849254,0
1,16924,497800,1954400,3008,966385048,37849254,0
1,16925,1832800,1954400,3008,966385048,37849254,0
1,16926,255500,1954400,3008,966385048,37849254,0
1,16927,1595300,1954400,3008,966385048,37849254,0
1,16928,369100,1954400,3008,966385048,37849254,0
1,16929,1667300,1954400,3008,966385048,37849254,0
1,16930,371100,1954400,3008,966385048,37849254,0
1,16931,1409900,1954400,3008,966385048,37849254,0
1,16932,244700,1954400,3008,966385048,37849254,0
1,16933,1875800,1954400,3008,966385048,37849254,0
1,16934,364200,1954400,3008,966385048,37849254,0
1,16935,1543100,1954400,3008,966385048,37849254,0
1,16936,354000,1954400,3008,966385048,37849254,0
1,16937,1751700,1954400,3008,966385048,37849254,0
1,16938,356700,1954400,3008,966385048,37849254,0
1,16939,1364000,1954400,3008,966385048,37849254,0
1,16940,251300,1954400,3008,966385048,37849254,0
1,16941,1501800,1954400,3008,966385048,37849254,0
1,16942,314700,1954400,3008,966385048,37849254,0
1,16943,1819000,1954400,3008,966385048,37849254,0
1,16944,371700,1954400,3008,966385048,37849254,0
1,16945,1790900,1954400,3008,966385048,37849254,0
1,16946,395500,1954400,3008,966385048,37849254,0
1,16947,1764500,1954400,3008,966385048,37849254,0
1,16948,403300,1954400,3008,966385048,37849254,0
1,16949,1671400,1954400,3008,966385048,37849254,0
1,16950,307600,1954400,3008,966385048,37849254,0
1,16951,1365100,1954400,3008,966385048,37849254,0
1,16952,429600,1954400,3008,966385048,37849254,0
1,16953,1846100,1954400,3008,966385048,37849254,0
1,16954,373700,1954400,3008,966385048,37849254,0
1,16955,1270200,1954400,3008,966385048,37849254,0
1,16956,408500,1954400,3008,966385048,37849254,0
1,16957,1196600,1954400,3008,966385048,37849254,0
1,16958,349200,1954400,3008,966385048,37849254,0
1,16959,1606400,1954400,3008,966385048,37849254,0
1,16960,240400,1954400,3008,966385048,37849254,0
1,16961,1844900,1954400,3008,966385048,37849254,0
1,16962,427500,1954400,3008,966385048,37849254,0
1,16963,2149400,1954400,3008,966385048,37849254,0
1,16964,252600,1954400,3008,966385048,37849254,0
1,16965,1867000,1954400,3008,966385048,37849254,0
1,16966,372900,1954400,3008,966385048,37849254,0
1,16967,1364200,1954400,3008,966385048,37849254,0
1,16968,200100,1954400,3008,966385048,37849254,0
1,16969,1845800,1954400,3008,966385048,37849254,0
1,16970,417600,1954400,3008,966385048,37849254,0
1,16971,1845700,1954400,3008,966385048,37849254,0
1,16972,390900,1954400,3008,966385048,37849254,0
1,16973,1839400,1954400,3008,966385048,37849254,0
1,16974,355800,1954400,3008,966385048,37849254,0
1,16975,1703200,1954400,3008,966385048,37849254,0
1,16976,426800,1954400,3008,966385048,37849254,0
1,16977,1655000,1954400,3008,966385048,37849254,0
1,16978,358700,1954400,3008,966385048,37849254,0
1,16979,1845800,1954400,3008,966385048,37849254,0
1,16980,235400,1954400,3008,966385048,37849254,0
1,16981,1732300,1954400,3008,966385048,37849254,0
1,16982,385800,1954400,3008,966385048,37849254,0
1,16983,1886600,1954400,3008,966385048,37849254,0
1,16984,392000,1954400,3008,966385048,37849254,0
1,16985,1923500,1954400,3008,966385048,37849254,0
1,16986,285000,1954400,3008,966385048,37849254,0
1,16987,1353800,1954400,3008,966385048,37849254,0
1,16988,348400,1954400,3008,966385048,37849254,0
1,16989,1665800,1954400,3008,966385048,37849254,0
1,16990,346000,1954400,3008,966385048,37849254,0
1,16991,1557300,1954400,3008,966385048,37849254,0
1,16992,363500,1954400,3008,966385048,37849254,0
1,16993,1924800,1954400,3008,966385048,37849254,0
1,16994,362900,1954400,3008,966385048,37849254,0
1,16995,1768700,1954400,3008,966385048,37849254,0
1,16996,346000,1954400,3008,966385048,37849254,0
1,16997,1836400,1954400,3008,966385048,37849254,0
1,16998,353300,1954400,3008,966385048,37849254,0
1,16999,1689600,1954400,3008,966385048,37849254,0
1,17000,251200,1954400,3008,966385048,37849254,0
1,17001,1828000,1954400,3008,966385048,37849254,0
1,17002,351700,1954400,3008,966385048,37849254,0
1,17003,1815300,1954400,3008,966385048,37849254,0
1,17004,347500,1954400,3008,966385048,37849254,0
1,17005,2019700,1954400,3008,966385048,37849254,0
1,17006,378500,1954400,3008,966385048,37849254,0
1,17007,1888300,1954400,3008,966385048,37849254,0
1,17008,352000,1954400,3008,966385048,37849254,0
1,17009,1301400,1954400,3008,966385048,37849254,0
1,17010,238900,1954400,3008,966385048,37849254,0
1,17011,1824500,1954400,3008,966385048,37849254,0
1,17012,361300,1954400,3008,966385048,37849254,0
1,17013,2120900,1954400,3008,966385048,37849254,0
1,17014,355000,1954400,3008,966385048,37849254,0
1,17015,1507400,1954400,3008,966385048,37849254,0
1,17016,353800,1954400,3008,966385048,37849254,0
1,17017,1838900,1954400,3008,966385048,37849254,0
1,17018,359500,1954400,3008,966385048,37849254,0
1,17019,1849900,1954400,3008,966385048,37849254,0
1,17020,273800,1954400,3008,966385048,37849254,0
1,17021,1424400,1954400,3008,966385048,37849254,0
1,17022,350500,1954400,3008,966385048,37849254,0
1,17023,1822600,1954400,3008,966385048,37849254,0
1,17024,250900,1954400,3008,966385048,37849254,0
1,17025,1895200,1954400,3008,966385048,37849254,0
1,17026,254300,1954400,3008,966385048,37849254,0
1,17027,1864400,1954400,3008,966385048,37849254,0
1,17028,341100,1954400,3008,966385048,37849254,0
1,17029,1546400,1954400,3008,966385048,37849254,0
1,17030,251400,1954400,3008,966385048,37849254,0
1,17031,1277900,1954400,3008,966385048,37849254,0
1,17032,257100,1954400,3008,966385048,37849254,0
1,17033,1515600,1954400,3008,966385048,37849254,0
1,17034,248100,1954400,3008,966385048,37849254,0
1,17035,1311500,1954400,3008,966385048,37849254,0
1,17036,367600,1954400,3008,966385048,37849254,0
1,17037,1837600,1954400,3008,966385048,37849254,0
1,17038,361800,1954400,3008,966385048,37849254,0
1,17039,1489900,1954400,3008,966385048,37849254,0
1,17040,371700,1954400,3008,966385048,37849254,0
1,17041,1834400,1954400,3008,966385048,37849254,0
1,17042,366500,1954400,3008,966385048,37849254,0
1,17043,1385800,1954400,3008,966385048,37849254,0
1,17044,258100,1954400,3008,966385048,37849254,0
1,17045,1446100,1954400,3008,966385048,37849254,0
1,17046,363900,1954400,3008,966385048,37849254,0
1,17047,1775100,1954400,3008,966385048,37849254,0
1,17048,310900,1954400,3008,966385048,37849254,0
1,17049,1841600,1954400,3008,966385048,37849254,0
1,17050,355900,1954400,3008,966385048,37849254,0
1,17051,1753800,1954400,3008,966385048,37849254,0
1,17052,306800,1954400,3008,966385048,37849254,0
1,17053,1525000,1954400,3008,966385048,37849254,0
1,17054,757900,1954400,3008,966385048,37849254,0
1,17055,1839000,1954400,3008,966385048,37849254,0
1,17056,472600,1954400,3008,966385048,37849254,0
1,17057,1824400,1954400,3008,966385048,37849254,0
1,17058,413200,1954400,3008,966385048,37849254,0
1,17059,1652600,1954400,3008,966385048,37849254,0
1,17060,401500,1954400,3008,966385048,37849254,0
1,17061,1831100,1954400,3008,966385048,37849254,0
1,17062,299900,1954400,3008,966385048,37849254,0
1,17063,1624800,1954400,3008,966385048,37849254,0
1,17064,367100,1954400,3008,966385048,37849254,0
1,17065,1838300,1954400,3008,966385048,37849254,0
1,17066,632900,1954400,3008,966385048,37849254,0
1,17067,1997500,1954400,3008,966385048,37849254,0
1,17068,242700,1954400,3008,966385048,37849254,0
1,17069,1889600,1954400,3008,966385048,37849254,0
1,17070,354800,1954400,3008,966385048,37849254,0
1,17071,1853500,1954400,3008,966385048,37849254,0
1,17072,345700,1954400,3008,966385048,37849254,0
1,17073,2010000,1954400,3008,966385048,37849254,0
1,17074,337000,1954400,3008,966385048,37849254,0
1,17075,1783800,1954400,3008,966385048,37849254,0
1,17076,365100,1954400,3008,966385048,37849254,0
1,17077,1543700,1954400,3008,966385048,37849254,0
1,17078,431000,1954400,3008,966385048,37849254,0
1,17079,1840000,1954400,3008,966385048,37849254,0
1,17080,394500,1954400,3008,966385048,37849254,0
1,17081,1750900,1954400,3008,966385048,37849254,0
1,17082,363400,1954400,3008,966385048,37849254,0
1,17083,1819800,1954400,3008,966385048,37849254,0
1,17084,363100,1954400,3008,966385048,37849254,0
1,17085,1837300,1954400,3008,966385048,37849254,0
1,17086,367500,1954400,3008,966385048,37849254,0
1,17087,1738800,1954400,3008,966385048,37849254,0
1,17088,267100,1954400,3008,966385048,37849254,0
1,17089,1291500,1954400,3008,966385048,37849254,0
1,17090,348500,1954400,3008,966385048,37849254,0
1,17091,2036800,1954400,3008,966385048,37849254,0
1,17092,304300,1954400,3008,966385048,37849254,0
1,17093,1669500,1954400,3008,966385048,37849254,0
1,17094,380600,1954400,3008,966385048,37849254,0
1,17095,1836600,1954400,3008,966385048,37849254,0
1,17096,655200,1954400,3008,966385048,37849254,0
1,17097,1397700,1954400,3008,966385048,37849254,0
1,17098,363900,1954400,3008,966385048,37849254,0
1,17099,1584400,1954400,3008,966385048,37849254,0
1,17100,356000,1954400,3008,966385048,37849254,0
1,17101,1392200,1954400,3008,966385048,37849254,0
1,17102,368000,1954400,3008,966385048,37849254,0
1,17103,1804900,1954400,3008,966385048,37849254,0
1,17104,262700,1954400,3008,966385048,37849254,0
1,17105,1749100,1954400,3008,966385048,37849254,0
1,17106,447200,1954400,3008,966385048,37849254,0
1,17107,1309100,1954400,3008,966385048,37849254,0
1,17108,249600,1954400,3008,966385048,37849254,0
1,17109,1539400,1954400,3008,966385048,37849254,0
1,17110,554500,1954400,3008,966385048,37849254,0
1,17111,1827400,1954400,3008,966385048,37849254,0
1,17112,420600,1954400,3008,966385048,37849254,0
1,17113,1312600,1954400,3008,966385048,37849254,0
1,17114,217000,1954400,3008,966385048,37849254,0
1,17115,1660900,1954400,3008,966385048,37849254,0
1,17116,279000,1954400,3008,966385048,37849254,0
1,17117,1715000,1954400,3008,966385048,37849254,0
1,17118,374500,1954400,3008,966385048,37849254,0
1,17119,1826900,1954400,3008,966385048,37849254,0
1,17120,353200,1954400,3008,966385048,37849254,0
1,17121,1268700,1954400,3008,966385048,37849254,0
1,17122,397400,1954400,3008,966385048,37849254,0
1,17123,1840800,1954400,3008,966385048,37849254,0
1,17124,351400,1954400,3008,966385048,37849254,0
1,17125,1629600,1954400,3008,966385048,37849254,0
1,17126,328000,1954400,3008,966385048,37849254,0
1,17127,2085200,1954400,3008,966385048,37849254,0
1,17128,289300,1954400,3008,966385048,37849254,0
1,17129,1816700,1954400,3008,966385048,37849254,0
1,17130,359100,1954400,3008,966385048,37849254,0
1,17131,1915700,1954400,3008,966385048,37849254,0
1,17132,296400,1954400,3008,966385048,37849254,0
1,17133,1856600,1954400,3008,966385048,37849254,0
1,17134,377100,1954400,3008,966385048,37849254,0
1,17135,1290700,1954400,3008,966385048,37849254,0
1,17136,339600,1954400,3008,966385048,37849254,0
1,17137,1843100,1954400,3008,966385048,37849254,0
1,17138,336200,1954400,3008,966385048,37849254,0
1,17139,1808000,1954400,3008,966385048,37849254,0
1,17140,340900,1954400,3008,966385048,37849254,0
1,17141,1772400,1954400,3008,966385048,37849254,0
1,17142,353200,1954400,3008,966385048,37849254,0
1,17143,1837000,1954400,3008,966385048,37849254,0
1,17144,305000,1954400,3008,966385048,37849254,0
1,17145,1710600,1954400,3008,966385048,37849254,0
1,17146,248500,1954400,3008,966385048,37849254,0
1,17147,1846700,1954400,3008,966385048,37849254,0
1,17148,473800,1954400,3008,966385048,37849254,0
1,17149,1777200,1954400,3008,966385048,37849254,0
1,17150,362600,1954400,3008,966385048,37849254,0
1,17151,2278000,1954400,3008,966385048,37849254,0
1,17152,335500,1954400,3008,966385048,37849254,0
1,17153,2050000,1954400,3008,966385048,37849254,0
1,17154,361100,1954400,3008,966385048,37849254,0
1,17155,1764100,1954400,3008,966385048,37849254,0
1,17156,369900,1954400,3008,966385048,37849254,0
1,17157,1837800,1954400,3008,966385048,37849254,0
1,17158,297200,1954400,3008,966385048,37849254,0
1,17159,1355400,1954400,3008,966385048,37849254,0
1,17160,257000,1954400,3008,966385048,37849254,0
1,17161,1810300,1954400,3008,966385048,37849254,0
1,17162,342900,1954400,3008,966385048,37849254,0
1,17163,1711300,1954400,3008,966385048,37849254,0
1,17164,364800,1954400,3008,966385048,37849254,0
1,17165,1162200,1954400,3008,966385048,37849254,0
1,17166,250500,1954400,3008,966385048,37849254,0
1,17167,1467500,1954400,3008,966385048,37849254,0
1,17168,303000,1954400,3008,966385048,37849254,0
1,17169,1806500,1954400,3008,966385048,37849254,0
1,17170,367600,1954400,3008,966385048,37849254,0
1,17171,1849000,1954400,3008,966385048,37849254,0
1,17172,347600,1954400,3008,966385048,37849254,0
1,17173,1641100,1954400,3008,966385048,37849254,0
1,17174,349600,1954400,3008,966385048,37849254,0
1,17175,1871800,1954400,3008,966385048,37849254,0
1,17176,302200,1954400,3008,966385048,37849254,0
1,17177,1677500,1954400,3008,966385048,37849254,0
1,17178,363000,1954400,3008,966385048,37849254,0
1,17179,1813700,1954400,3008,966385048,37849254,0
1,17180,288700,1954400,3008,966385048,37849254,0
1,17181,1765900,1954400,3008,966385048,37849254,0
1,17182,281800,1954400,3008,966385048,37849254,0
1,17183,1820500,1954400,3008,966385048,37849254,0
1,17184,345800,1954400,3008,966385048,37849254,0
1,17185,1813500,1954400,3008,966385048,37849254,0
1,17186,253000,1954400,3008,966385048,37849254,0
1,17187,1832100,1954400,3008,966385048,37849254,0
1,17188,516400,1954400,3008,966385048,37849254,0
1,17189,1611800,1954400,3008,966385048,37849254,0
1,17190,312600,1954400,3008,966385048,37849254,0
1,17191,1861100,1954400,3008,966385048,37849254,0
1,17192,356400,1954400,3008,966385048,37849254,0
1,17193,1765900,1954400,3008,966385048,37849254,0
1,17194,304700,1954400,3008,966385048,37849254,0
1,17195,1389000,1954400,3008,966385048,37849254,0
1,17196,279000,1954400,3008,966385048,37849254,0
1,17197,1411000,1954400,3008,966385048,37849254,0
1,17198,219400,1954400,3008,966385048,37849254,0
1,17199,1742500,1954400,3008,966385048,37849254,0
1,17200,276700,1954400,3008,966385048,37849254,0
1,17201,1832400,1954400,3008,966385048,37849254,0
1,17202,363600,1954400,3008,966385048,37849254,0
1,17203,1495200,1954400,3008,966385048,37849254,0
1,17204,297300,1954400,3008,966385048,37849254,0
1,17205,1792300,1954400,3008,966385048,37849254,0
1,17206,182000,1954400,3008,966385048,37849254,0
1,17207,1834700,1954400,3008,966385048,37849254,0
1,17208,302000,1954400,3008,966385048,37849254,0
1,17209,1547700,1954400,3008,966385048,37849254,0
1,17210,190200,1954400,3008,966385048,37849254,0
1,17211,1805400,1954400,3008,966385048,37849254,0
1,17212,303400,1954400,3008,966385048,37849254,0
1,17213,1247700,1954400,3008,966385048,37849254,0
1,17214,207900,1954400,3008,966385048,37849254,0
1,17215,2001500,1954400,3008,966385048,37849254,0
1,17216,291400,1954400,3008,966385048,37849254,0
1,17217,1303200,1954400,3008,966385048,37849254,0
1,17218,287200,1954400,3008,966385048,37849254,0
1,17219,1215300,1954400,3008,966385048,37849254,0
1,17220,417000,1954400,3008,966385048,37849254,0
1,17221,1716800,1954400,3008,966385048,37849254,0
1,17222,289500,1954400,3008,966385048,37849254,0
1,17223,1811000,1954400,3008,966385048,37849254,0
1,17224,254300,1954400,3008,966385048,37849254,0
1,17225,1761100,1954400,3008,966385048,37849254,0
1,17226,318600,1954400,3008,966385048,37849254,0
1,17227,1737600,1954400,3008,966385048,37849254,0
1,17228,239200,1954400,3008,966385048,37849254,0
1,17229,1781900,1954400,3008,966385048,37849254,0
1,17230,317400,1954400,3008,966385048,37849254,0
1,17231,1782300,1954400,3008,966385048,37849254,0
1,17232,245800,1954400,3008,966385048,37849254,0
1,17233,1327800,1954400,3008,966385048,37849254,0
1,17234,302300,1954400,3008,966385048,37849254,0
1,17235,1673100,1954400,3008,966385048,37849254,0
1,17236,336900,1954400,3008,966385048,37849254,0
1,17237,1773600,1954400,3008,966385048,37849254,0
1,17238,238300,1954400,3008,966385048,37849254,0
1,17239,1790300,1954400,3008,966385048,37849254,0
1,17240,291200,1954400,3008,966385048,37849254,0
1,17241,1547600,1954400,3008,966385048,37849254,0
1,17242,277100,1954400,3008,966385048,37849254,0
1,17243,1595300,1954400,3008,966385048,37849254,0
1,17244,304700,1954400,3008,966385048,37849254,0
1,17245,1965600,1954400,3008,966385048,37849254,0
1,17246,249700,1954400,3008,966385048,37849254,0
1,17247,1383700,1954400,3008,966385048,37849254,0
1,17248,285200,1954400,3008,966385048,37849254,0
1,17249,1782100,1954400,3008,966385048,37849254,0
1,17250,193000,1954400,3008,966385048,37849254,0
1,17251,1776600,1954400,3008,966385048,37849254,0
1,17252,322800,1954400,3008,966385048,37849254,0
1,17253,1248800,1954400,3008,966385048,37849254,0
1,17254,291500,1954400,3008,966385048,37849254,0
1,17255,1812200,1954400,3008,966385048,37849254,0
1,17256,301500,1954400,3008,966385048,37849254,0
1,17257,1790400,1954400,3008,966385048,37849254,0
1,17258,191600,1954400,3008,966385048,37849254,0
1,17259,1196400,1954400,3008,966385048,37849254,0
1,17260,346000,1954400,3008,966385048,37849254,0
1,17261,1661000,1954400,3008,966385048,37849254,0
1,17262,179300,1954400,3008,966385048,37849254,0
1,17263,1760100,1954400,3008,966385048,37849254,0
1,17264,262800,1954400,3008,966385048,37849254,0
1,17265,1684000,1954400,3008,966385048,37849254,0
1,17266,203200,1954400,3008,966385048,37849254,0
1,17267,1759600,1954400,3008,966385048,37849254,0
1,17268,248400,1954400,3008,966385048,37849254,0
1,17269,1798200,1954400,3008,966385048,37849254,0
1,17270,287600,1954400,3008,966385048,37849254,0
1,17271,1760500,1954400,3008,966385048,37849254,0
1,17272,279700,1954400,3008,966385048,37849254,0
1,17273,1561500,1954400,3008,966385048,37849254,0
1,17274,217800,1954400,3008,966385048,37849254,0
1,17275,1479100,1954400,3008,966385048,37849254,0
1,17276,157300,1954400,3008,966385048,37849254,0
1,17277,1639700,1954400,3008,966385048,37849254,0
1,17278,313900,1954400,3008,966385048,37849254,0
1,17279,1940100,1954400,3008,966385048,37849254,0
1,17280,220800,1954400,3008,966385048,37849254,0
1,17281,1749000,1954400,3008,966385048,37849254,0
1,17282,162400,1954400,3008,966385048,37849254,0
1,17283,1609000,1954400,3008,966385048,37849254,0
1,17284,210300,1954400,3008,966385048,37849254,0
1,17285,1645800,1954400,3008,966385048,37849254,0
1,17286,231200,1954400,3008,966385048,37849254,0
1,17287,1643900,1954400,3008,966385048,37849254,0
1,17288,275100,1954400,3008,966385048,37849254,0
1,17289,1425000,1954400,3008,966385048,37849254,0
1,17290,214500,1954400,3008,966385048,37849254,0
1,17291,1699600,1954400,3008,966385048,37849254,0
1,17292,238500,1954400,3008,966385048,37849254,0
1,17293,1158500,1954400,3008,966385048,37849254,0
1,17294,200900,1954400,3008,966385048,37849254,0
1,17295,1701600,1954400,3008,966385048,37849254,0
1,17296,230000,1954400,3008,966385048,37849254,0
1,17297,1557600,1954400,3008,966385048,37849254,0
1,17298,179400,1954400,3008,966385048,37849254,0
1,17299,1891800,1954400,3008,966385048,37849254,0
1,17300,231900,1954400,3008,966385048,37849254,0
1,17301,1640800,1954400,3008,966385048,37849254,0
1,17302,310000,1954400,3008,966385048,37849254,0
1,17303,1738400,1954400,3008,966385048,37849254,0
1,17304,155400,1954400,3008,966385048,37849254,0
1,17305,1743100,1954400,3008,966385048,37849254,0
1,17306,300900,1954400,3008,966385048,37849254,0
1,17307,1732200,1954400,3008,966385048,37849254,0
1,17308,218200,1954400,3008,966385048,37849254,0
1,17309,1699100,1954400,3008,966385048,37849254,0
1,17310,309000,1954400,3008,966385048,37849254,0
1,17311,1727000,1954400,3008,966385048,37849254,0
1,17312,218100,1954400,3008,966385048,37849254,0
1,17313,1655600,1954400,3008,966385048,37849254,0
1,17314,235800,1954400,3008,966385048,37849254,0
1,17315,1548400,1954400,3008,966385048,37849254,0
1,17316,226700,1954400,3008,966385048,37849254,0
1,17317,1718000,1954400,3008,966385048,37849254,0
1,17318,240400,1954400,3008,966385048,37849254,0
1,17319,1590200,1954400,3008,966385048,37849254,0
1,17320,140800,1954400,3008,966385048,37849254,0
1,17321,1700300,1954400,3008,966385048,37849254,0
1,17322,230900,1954400,3008,966385048,37849254,0
1,17323,1484600,1954400,3008,966385048,37849254,0
1,17324,228400,1954400,3008,966385048,37849254,0
1,17325,1204300,1954400,3008,966385048,37849254,0
1,17326,270500,1954400,3008,966385048,37849254,0
1,17327,1545700,1954400,3008,966385048,37849254,0
1,17328,343700,1954400,3008,966385048,37849254,0
1,17329,1901500,1954400,3008,966385048,37849254,0
1,17330,191900,1954400,3008,966385048,37849254,0
1,17331,1710400,1954400,3008,966385048,37849254,0
1,17332,232200,1954400,3008,966385048,37849254,0
1,17333,1848800,1954400,3008,966385048,37849254,0
1,17334,164200,1954400,3008,966385048,37849254,0
1,17335,1382000,1954400,3008,966385048,37849254,0
1,17336,223600,1954400,3008,966385048,37849254,0
1,17337,1574200,1954400,3008,966385048,37849254,0
1,17338,225700,1954400,3008,966385048,37849254,0
1,17339,1681800,1954400,3008,966385048,37849254,0
1,17340,257600,1954400,3008,966385048,37849254,0
1,17341,1863800,1954400,3008,966385048,37849254,0
1,17342,240600,1954400,3008,966385048,37849254,0
1,17343,1150400,1954400,3008,966385048,37849254,0
1,17344,172000,1954400,3008,966385048,37849254,0
1,17345,1720100,1954400,3008,966385048,37849254,0
1,17346,220700,1954400,3008,966385048,37849254,0
1,17347,1740900,1954400,3008,966385048,37849254,0
1,17348,243700,1954400,3008,966385048,37849254,0
1,17349,1465800,1954400,3008,966385048,37849254,0
1,17350,206000,1954400,3008,966385048,37849254,0
1,17351,1937800,1954400,3008,966385048,37849254,0
1,17352,238300,1954400,3008,966385048,37849254,0
1,17353,1766000,1954400,3008,966385048,37849254,0
1,17354,217000,1954400,3008,966385048,37849254,0
1,17355,1669400,1954400,3008,966385048,37849254,0
1,17356,169200,1954400,3008,966385048,37849254,0
1,17357,1709900,1954400,3008,966385048,37849254,0
1,17358,266300,1954400,3008,966385048,37849254,0
1,17359,1636100,1954400,3008,966385048,37849254,0
1,17360,234800,1954400,3008,966385048,37849254,0
1,17361,1751400,1954400,3008,966385048,37849254,0
1,17362,218700,1954400,3008,966385048,37849254,0
1,17363,1709900,1954400,3008,966385048,37849254,0
1,17364,158700,1954400,3008,966385048,37849254,0
1,17365,1711300,1954400,3008,966385048,37849254,0
1,17366,248500,1954400,3008,966385048,37849254,0
1,17367,1149300,1954400,3008,966385048,37849254,0
1,17368,162200,1954400,3008,966385048,37849254,0
1,17369,1629200,1954400,3008,966385048,37849254,0
1,17370,129100,1954400,3008,966385048,37849254,0
1,17371,1820200,1954400,3008,966385048,37849254,0
1,17372,157300,1954400,3008,966385048,37849254,0
1,17373,1619500,1954400,3008,966385048,37849254,0
1,17374,160000,1954400,3008,966385048,37849254,0
1,17375,1868300,1954400,3008,966385048,37849254,0
1,17376,126700,1954400,3008,966385048,37849254,0
1,17377,1643900,1954400,3008,966385048,37849254,0
1,17378,189700,1954400,3008,966385048,37849254,0
1,17379,1163400,1954400,3008,966385048,37849254,0
1,17380,184200,1954400,3008,966385048,37849254,0
1,17381,1709200,1954400,3008,966385048,37849254,0
1,17382,183900,1954400,3008,966385048,37849254,0
1,17383,1658900,1954400,3008,966385048,37849254,0
1,17384,227500,1954400,3008,966385048,37849254,0
1,17385,1858300,1954400,3008,966385048,37849254,0
1,17386,118300,1954400,3008,966385048,37849254,0
1,17387,1655600,1954400,3008,966385048,37849254,0
1,17388,155400,1954400,3008,966385048,37849254,0
1,17389,1683600,1954400,3008,966385048,37849254,0
1,17390,329400,1954400,3008,966385048,37849254,0
1,17391,1668100,1954400,3008,966385048,37849254,0
1,17392,124200,1954400,3008,966385048,37849254,0
1,17393,1387900,1954400,3008,966385048,37849254,0
1,17394,116100,1954400,3008,966385048,37849254,0
1,17395,1645600,1954400,3008,966385048,37849254,0
1,17396,162000,1954400,3008,966385048,37849254,0
1,17397,1388500,1954400,3008,966385048,37849254,0
1,17398,135500,1954400,3008,966385048,37849254,0
1,17399,1671200,1954400,3008,966385048,37849254,0
1,17400,275100,1954400,3008,966385048,37849254,0
1,17401,1355800,1954400,3008,966385048,37849254,0
1,17402,167400,1954400,3008,966385048,37849254,0
1,17403,1687600,1954400,3008,966385048,37849254,0
1,17404,288300,1954400,3008,966385048,37849254,0
1,17405,1740700,1954400,3008,966385048,37849254,0
1,17406,127400,1954400,3008,966385048,37849254,0
1,17407,1225500,1954400,3008,966385048,37849254,0
1,17408,169800,1954400,3008,966385048,37849254,0
1,17409,1658000,1954400,3008,966385048,37849254,0
1,17410,168800,1954400,3008,966385048,37849254,0
1,17411,1749200,1954400,3008,966385048,37849254,0
1,17412,135100,1954400,3008,966385048,37849254,0
1,17413,1089000,1954400,3008,966385048,37849254,0
1,17414,134900,1954400,3008,966385048,37849254,0
1,17415,1705400,1954400,3008,966385048,37849254,0
1,17416,186300,1954400,3008,966385048,37849254,0
1,17417,1660300,1954400,3008,966385048,37849254,0
1,17418,143600,1954400,3008,966385048,37849254,0
1,17419,1566000,1954400,3008,966385048,37849254,0
1,17420,160400,1954400,3008,966385048,37849254,0
1,17421,1684200,1954400,3008,966385048,37849254,0
1,17422,113800,1954400,3008,966385048,37849254,0
1,17423,1655000,1954400,3008,966385048,37849254,0
1,17424,167800,1954400,3008,966385048,37849254,0
1,17425,1892400,1954400,3008,966385048,37849254,0
1,17426,147100,1954400,3008,966385048,37849254,0
1,17427,1346500,1954400,3008,966385048,37849254,0
1,17428,159900,1954400,3008,966385048,37849254,0
1,17429,1722000,1954400,3008,966385048,37849254,0
